duration_seconds,hnr_mean,jitter_local,mfcc_10_max,mfcc_10_mean,mfcc_10_min,mfcc_10_std,mfcc_11_max,mfcc_11_mean,mfcc_11_min,mfcc_11_std,mfcc_12_max,mfcc_12_mean,mfcc_12_min,mfcc_12_std,mfcc_13_max,mfcc_13_mean,mfcc_13_min,mfcc_13_std,mfcc_1_max,mfcc_1_mean,mfcc_1_min,mfcc_1_std,mfcc_2_max,mfcc_2_mean,mfcc_2_min,mfcc_2_std,mfcc_3_max,mfcc_3_mean,mfcc_3_min,mfcc_3_std,mfcc_4_max,mfcc_4_mean,mfcc_4_min,mfcc_4_std,mfcc_5_max,mfcc_5_mean,mfcc_5_min,mfcc_5_std,mfcc_6_max,mfcc_6_mean,mfcc_6_min,mfcc_6_std,mfcc_7_max,mfcc_7_mean,mfcc_7_min,mfcc_7_std,mfcc_8_max,mfcc_8_mean,mfcc_8_min,mfcc_8_std,mfcc_9_max,mfcc_9_mean,mfcc_9_min,mfcc_9_std,path_depth,pitch_max,pitch_mean,pitch_min,pitch_std,rms_max,rms_mean,rms_min,rms_std,row_index,shimmer_local,signal_energy,signal_std,spectral_bandwidth_max,spectral_bandwidth_mean,spectral_bandwidth_min,spectral_bandwidth_std,spectral_centroid_max,spectral_centroid_mean,spectral_centroid_min,spectral_centroid_std,spectral_flatness_max,spectral_flatness_mean,spectral_flatness_min,spectral_flatness_std,spectral_rolloff_max,spectral_rolloff_mean,spectral_rolloff_min,spectral_rolloff_std,zcr_max,zcr_mean,zcr_min,zcr_std,target
10.0,15.528523385600973,0.0,21.641544342041016,4.048684258134971,-22.28152847290039,7.012292659012578,12.958133697509766,-4.695069982417429,-28.494754791259766,7.372586063907583,24.99132537841797,4.479245256727643,-11.916459083557129,5.3891131718177725,21.715490341186523,3.5838182764063027,-17.05389976501465,7.5901964029508155,-455.7194519042969,-664.1207415587388,-702.2655029296875,32.028184079321285,117.08036041259766,82.591474763202,32.757476806640625,14.796335398268074,93.19813537597656,65.19237310907819,-1.8239890336990356,12.814293166667023,57.380821228027344,33.53125777266695,3.753844738006592,8.266884620907854,32.055946350097656,14.056543806969705,-2.5976626873016357,5.842277862907495,36.10211944580078,13.173339172553815,-0.8222335577011108,6.534476147340288,27.435924530029297,2.5933207207361533,-13.709604263305664,5.692973893723849,30.222049713134766,7.692211500868167,-17.34649658203125,5.479747875965381,17.25806427001953,-1.9185517216209331,-22.21558380126953,5.701590874839179,4.0,501.1363636363636,107.33529301657794,50.0,103.8516880021945,0.007811295334249735,0.0011429058762578933,0.0002697861928027123,0.0009943385236906676,0,0.0,2.2968833945924416e-06,0.0015089884400367737,7423.610853952484,6515.5698186381915,4603.818808023263,464.2418540391897,9489.982780097225,5180.766963998247,1822.6658236623962,1229.581006175062,0.13087329268455505,0.013662019808462815,8.164368773577735e-05,0.015507752234558646,17226.5625,13677.181178400522,2304.052734375,1955.4025000746026,0.19873046875,0.05636929469982599,0.0,0.03369593274421982,0
10.0,15.77783899760408,0.0,26.39063262939453,5.270751712519649,-6.116756916046143,4.480161052086004,6.5900750160217285,-5.195619871437964,-19.894241333007812,4.891647641328438,19.155929565429688,4.449389482850507,-9.440038681030273,4.713717514960178,19.143152236938477,3.712332945507184,-9.404212951660156,4.936057244896124,-570.9486694335938,-681.9913782531313,-710.9644165039062,16.704249940089902,98.11554718017578,78.69466062045706,34.34593963623047,9.49695146810435,83.87161254882812,67.96794402350406,37.19453430175781,7.8498305013861325,53.90681457519531,32.8729039189987,17.163724899291992,5.148107030153577,35.195770263671875,12.195705774384972,-2.069737195968628,5.326700707511734,29.578819274902344,10.659653435333734,-4.691681861877441,5.006008019810305,19.785884857177734,0.9360990016062133,-11.466516494750977,4.807989152617645,23.45005226135254,6.397320485083935,-10.022197723388672,5.200709045238911,23.018003463745117,-1.0196868907833114,-12.977404594421387,4.564122706057687,4.0,501.1363636363636,70.66540740165001,50.0,54.96050470843212,0.005736267194151878,0.0007618895585908286,0.00021325978741515428,0.0007573569005597485,1,0.0,1.1552315299923066e-06,0.0010682984720915556,7287.006715351713,6797.402071844486,4842.392246687363,266.85649612353626,8684.403501032752,5782.680155914919,2051.6685339553305,896.026240794767,0.16922713816165924,0.018725765980743662,0.0002567726478446275,0.018581746891344262,16968.1640625,14561.266551714762,4414.306640625,1100.4993796438703,0.2734375,0.07472798995794663,0.0,0.03429329642905506,0
10.0,7.750728526150394,0.0,27.985692977905273,5.561832663821372,-31.85004234313965,8.15953068703936,20.763046264648438,-1.3585355634090173,-28.385019302368164,7.1620672129859,28.985591888427734,3.5923694398539388,-22.779281616210938,6.6175791759938924,21.70188331604004,0.3025243039871728,-33.049400329589844,7.182942877638375,-155.2371063232422,-550.1575809133578,-670.5145263671875,71.87659577972524,177.04180908203125,60.85739963271779,-25.067405700683594,34.8246688118354,92.98870849609375,38.334376192286506,-40.17158508300781,19.729224955459,94.951416015625,28.18114623178462,-14.89168930053711,16.84010349479296,75.92210388183594,10.83261960896981,-28.134193420410156,12.66178340822798,38.00639343261719,13.394071205983721,-27.212671279907227,9.671449815056377,26.424156188964844,-4.715979146466454,-46.43622970581055,9.79771848700441,33.659393310546875,6.6768823495251395,-28.351848602294922,8.601484932248503,21.454757690429688,-2.9765908008229567,-43.18250274658203,8.488573842356924,4.0,501.1363636363636,129.59403024607028,50.0,124.56620393384104,0.043419864028692245,0.003102393568130945,0.0003469566290732473,0.005793628204264838,2,0.0,4.322913446230814e-05,0.006573105230927467,7430.332712463084,6183.024481936512,2872.8986628150155,798.5601996273139,11516.709748783125,6774.061959707362,759.5485332372606,2096.4097847461558,0.4027636647224426,0.07839314385779213,1.1694378372339997e-05,0.07920141061575144,19143.017578125,14040.173028295389,21.533203125,3280.5823559752716,0.5078125,0.152850157700116,0.0,0.0999025360167449,0
10.0,14.994510987398401,0.0,26.085594177246094,8.286098518480143,-14.04408073425293,5.723612505982227,13.802224159240723,-0.3316318052377889,-24.172500610351562,6.393432361678504,18.623781204223633,3.202533048506299,-20.736412048339844,6.531911181729065,21.308536529541016,9.285123704826749,-10.430450439453125,5.079258827136339,-542.3095703125,-667.1805702439593,-703.7132568359375,25.74287078938413,118.23222351074219,79.89609040682942,3.500308036804199,18.756727370023647,97.24758911132812,68.70583735043377,6.524348258972168,13.373045184035993,46.83875274658203,28.524622486631998,-1.6738314628601074,7.611388675934188,35.494102478027344,12.539882553875309,-6.5548906326293945,6.591415113105981,54.93450164794922,8.04315040796442,-6.542255401611328,6.450108387141107,16.672657012939453,0.9158145466024216,-20.57727813720703,5.545686352457726,27.019906997680664,8.206261796863823,-7.64339542388916,5.240722559031804,17.784360885620117,-0.4724899980557214,-19.611177444458008,5.496950991463666,4.0,501.1363636363636,98.60885025454125,50.0,109.11036294143474,0.006217151880264282,0.0009643953920070843,0.0003509275265969336,0.0006993134004907481,3,0.0,1.4205597835825756e-06,0.0011857165955007076,8037.292473305751,6767.4401585052565,4793.304467648674,606.1788099495752,10799.173200043668,5767.38302429378,1981.7797762000323,1583.5149583750915,0.35726529359817505,0.020494470470877994,0.00019406033970881253,0.040541310376547485,19315.283203125,14591.8427009317,2928.515625,2237.439085641297,0.4736328125,0.07390493583236658,0.0,0.05937463485412621,0
10.0,10.22449637673724,0.0,22.217796325683594,6.63628589700726,-13.976863861083984,4.947131914137741,15.150932312011719,0.6251120912710642,-18.62002944946289,4.787037946217283,19.319046020507812,5.4368818916051955,-19.237056732177734,4.983430406916589,14.167634010314941,1.0685818551881823,-11.369733810424805,4.211151092118833,-477.5746765136719,-674.7783437140304,-718.1903686523438,44.59806415127744,170.3567657470703,73.19061576683947,15.016363143920898,20.34196718474336,83.07579040527344,50.37665398118114,-15.73614501953125,13.68482826951583,81.71498107910156,22.21792972226154,-22.1689395904541,10.03707019502819,40.40522003173828,10.960415937041047,-26.416749954223633,8.156902825717943,40.02729415893555,18.074502357646928,-27.56814193725586,7.865208957623111,28.76276397705078,8.418179935514235,-31.232933044433594,8.879678257537174,34.77671813964844,13.619127484509535,-5.163015365600586,5.860302019443181,21.942726135253906,5.129416822280795,-18.702558517456055,4.982189732188762,4.0,254.89079312872346,75.0420092847614,50.0,33.96657229480542,0.006619105581194162,0.0007414965579186819,0.00018595060100778937,0.0009343696676147194,4,0.0,1.42419014537154e-06,0.001187280286103487,7200.711977052625,6732.707377009173,3960.443106819481,644.0198785232202,10129.019023195833,6323.932390427052,1928.8044599528434,1214.898238187454,0.16924095153808594,0.02796270566345695,0.0002457968075759709,0.023253636636280103,17248.095703125,14533.663083671694,1658.056640625,2481.976509138157,0.279296875,0.09361461807569606,0.0,0.04479189792906349,0
10.0,10.489902862244513,0.0,32.058528900146484,9.35303338058725,-27.91938018798828,7.235191481822107,25.948707580566406,-1.020394547829478,-34.81291961669922,6.206449484143504,21.73868179321289,-0.7477129620787301,-19.152162551879883,6.885158388323966,27.477272033691406,3.4081333617910983,-21.048965454101562,6.071711773169584,-351.9957275390625,-634.4210280841022,-725.5588989257812,72.95854606674358,169.8685760498047,64.65190221441871,-57.57868194580078,31.539235813152818,90.52891540527344,44.863595400117944,-52.652610778808594,20.291327442596927,53.72502136230469,20.61751912005263,-41.46672058105469,13.29540136825568,57.27571105957031,11.568578219546865,-32.81535339355469,10.073092006722657,39.627296447753906,15.466589498443836,-27.4783992767334,7.9020047920908,34.83675765991211,3.350983630338567,-57.496192932128906,11.469612750779913,35.979705810546875,10.673992431737707,-21.7171630859375,6.824141403253175,21.261394500732422,1.9564760361685745,-43.647178649902344,9.828090615792972,4.0,501.1363636363636,117.85883323068366,50.0,100.20249289785757,0.01989646442234516,0.001660443849602591,0.0002550485951360315,0.0028448126716732187,5,0.0,1.0860356269404292e-05,0.0032934630289673805,8110.189713372357,6500.706380579446,3257.7171573204514,783.3619866056864,12178.587300056679,6658.6996819880305,1036.0823617798808,2091.2055215624177,0.3363378942012787,0.04692022358263624,2.5983777959481813e-05,0.05693650132942027,19272.216796875,14678.525084741153,86.1328125,3188.4782328379947,0.54248046875,0.11332543322215777,0.0,0.09349932712020237,0
10.0,15.309126547995824,0.0,26.592796325683594,10.553161525048678,-8.87025260925293,5.674687800684342,21.351390838623047,3.3297702853120605,-17.661815643310547,5.262722477908668,23.17864227294922,7.568387123218061,-11.249946594238281,5.050457602729741,16.555702209472656,2.284002219233878,-13.807106018066406,4.517115390841832,-375.0221252441406,-639.429747543866,-695.4346313476562,52.90154865272877,137.925537109375,85.29270372562232,-36.84618377685547,24.364781930988187,65.78588104248047,41.05813601982981,-0.41696760058403015,9.35652745635136,70.83950805664062,9.24201900236905,-25.538101196289062,14.260574633805835,31.031246185302734,8.146222710592149,-23.820995330810547,6.724484694108624,33.65431213378906,12.00455538700324,-10.086796760559082,5.613705021176295,25.822052001953125,0.12173959181542462,-18.806968688964844,5.780533984078003,40.08983612060547,15.935798433499103,-21.190380096435547,6.748368157510354,25.36893653869629,2.54706239226661,-20.233266830444336,7.148552104594523,4.0,501.1363636363636,109.03539566984749,50.0,97.02813968815192,0.019319823011755943,0.0013551129801849793,0.00029173551592975855,0.002456601588637261,6,0.0,7.877602911321446e-06,0.00280415709130466,7500.528922067784,6497.875659784401,3848.4310716914815,443.00373309029476,13072.222035642848,5664.352033095059,1469.0969108544048,1339.390956929385,0.313846230506897,0.025881174435207214,6.606851820833981e-05,0.037336468895007816,19250.68359375,14051.289357054815,2088.720703125,1653.3913864741155,0.3310546875,0.07621379241589327,0.0,0.046308087202311825,0
10.0,10.341967407991612,0.0,26.125926971435547,7.132884768004208,-6.285508155822754,4.416681314279525,18.53448486328125,1.589842066021848,-12.729347229003906,4.386064907285025,25.231464385986328,5.62766584732814,-10.309732437133789,4.6837340579727895,15.424537658691406,4.6142967786216404,-11.585164070129395,4.268492858731515,-503.5795593261719,-707.4781001327763,-740.8936157226562,37.88807824159983,126.02169036865234,69.74873709291427,2.991011619567871,16.23027706828846,70.60893249511719,52.87452345975867,-15.415325164794922,10.161483699339945,43.13391876220703,20.318844224903255,-2.8733725547790527,6.849846036289575,25.475570678710938,11.150007841084369,-19.962787628173828,5.7183240987756365,31.32986068725586,14.972402217354963,-14.098506927490234,5.075807066476084,27.22433090209961,10.930533051801945,-3.0962092876434326,4.751479068012131,31.347049713134766,11.931679477789839,-15.367026329040527,5.281712568994131,21.519054412841797,4.941861561700494,-17.529743194580078,4.568527210556331,4.0,501.1363636363636,98.40946469657513,50.0,87.73180419900804,0.005669150501489639,0.0005922595137699719,0.00012975053687114269,0.0006806176396499961,7,0.0,8.149081622832455e-07,0.0008947085589170456,7849.748302916919,6941.239329839699,5010.5354830539145,318.03655326083333,10235.073119597497,6310.225098470952,2083.949311311003,1209.1797175425058,0.2998369336128235,0.027118590368924455,9.597477765055373e-05,0.0377842967976291,18583.154296875,15497.111550174013,4801.904296875,1451.4892949779166,0.3193359375,0.0773166736151392,0.0,0.05038409224108802,0
10.0,11.583688749748507,0.0,23.655752182006836,8.11972607622083,-12.992548942565918,5.145353219508577,23.501163482666016,2.2169433587345266,-28.4481201171875,6.128560978537332,18.104740142822266,4.242602966967841,-18.410232543945312,5.243385041449144,21.194927215576172,3.3230271589555485,-12.280691146850586,4.900865945463538,-348.3542785644531,-635.3063430255085,-718.6390380859375,61.81321303421642,143.28353881835938,73.2614877348433,2.4962780475616455,21.146691365572213,69.65571594238281,39.476834039521464,-62.598472595214844,19.84608681492695,61.826839447021484,23.124786938426112,-17.152915954589844,11.233834650699379,52.75819396972656,10.912609202731097,-24.949737548828125,8.312508590485058,40.73375701904297,14.554877043531002,-13.507392883300781,7.126368055706756,32.09404754638672,8.303388879239005,-15.083048820495605,6.615389467681282,41.690032958984375,14.831917708683456,-13.464195251464844,7.193242605827747,19.589950561523438,2.9132459528242904,-17.683195114135742,6.207667550424347,4.0,501.1363636363636,111.46610273801095,50.0,107.99514159750338,0.02203752100467682,0.0017817814801260505,0.0002778189373202622,0.003013165666719943,8,0.0,1.2263715689186938e-05,0.0034998420160263777,7433.8563347748695,6363.020390565123,3067.498564414553,716.1600353146655,10208.104841919368,5599.259189965464,960.4334276724812,1588.5041209880767,0.30493640899658203,0.02959788041904374,2.5471246772212908e-05,0.039837147231890316,17764.892578125,13670.386478574535,64.599609375,3199.8599963675724,0.353515625,0.07271312173723898,0.0,0.054600217000796786,0
10.0,11.846151324369146,0.0,34.840972900390625,10.706051900930996,-10.147974014282227,5.488083266250034,28.01351547241211,3.6826038689389304,-15.085454940795898,5.901481335347337,21.473060607910156,6.509218179847691,-19.51723289489746,5.770206542140688,21.542451858520508,4.826033126130666,-15.757087707519531,5.191542955829467,-364.66302490234375,-647.6134023644255,-719.32666015625,61.71576035728453,136.3927001953125,63.2485967109762,-41.57538604736328,24.612342803633904,87.35904693603516,48.493350029579446,-8.892987251281738,14.954696864826465,74.7041015625,27.656816069321952,3.2564444541931152,9.872999910688288,35.584022521972656,13.48304833350768,-14.572028160095215,6.85714452729193,46.976783752441406,12.060370566310434,-10.313247680664062,6.41587804858697,18.859283447265625,2.1071918641590877,-26.944501876831055,5.486927107094749,30.588233947753906,10.52186141400371,-27.49823760986328,6.9473833318409755,21.307788848876953,3.3011179162349267,-20.695056915283203,5.546084532546226,4.0,501.1363636363636,108.64319263029992,50.0,108.94599707484286,0.016691109165549278,0.0013387401053723026,0.0002935504890047014,0.0022533643836125956,9,0.0,6.87554529577028e-06,0.0026193191297352314,7806.382827938343,6620.817674541128,3264.127841183227,571.9266619394515,13304.611436716428,6601.816969359064,884.2362634209776,1864.8870112372792,0.3442384898662567,0.042187314430504046,1.876403985079378e-05,0.04968594507436355,19681.34765625,14967.274846831497,43.06640625,2358.785910944194,0.4755859375,0.10304377084541763,0.0,0.0774289592165412,0
10.0,13.686744588169882,0.0,28.00143051147461,2.218347222598274,-32.200721740722656,8.411672561586325,20.957015991210938,0.7029299805731688,-34.646827697753906,7.871477452309874,17.316116333007812,-0.338988351253166,-27.175662994384766,6.618670501319633,16.356409072875977,0.4855766526559528,-15.225947380065918,4.871285034961069,-413.1241455078125,-628.2981567736845,-724.8737182617188,46.67256614581135,155.3057861328125,74.04150879632016,-36.16680908203125,22.435393382308394,74.74215698242188,47.74980365704494,0.3531367778778076,8.378542697394918,71.10506439208984,15.81945026966715,-13.243110656738281,11.61521136299772,38.35162353515625,9.24693925329538,-12.751130104064941,6.283186334220781,37.84185791015625,10.384015437898393,-20.77524185180664,6.953437511338916,38.79346466064453,4.871473875735171,-19.69573211669922,8.250569398440211,24.444311141967773,9.16830366330433,-32.73878479003906,7.76501729679924,30.075254440307617,6.9417466258591265,-32.76394271850586,8.715694541568508,4.0,501.1363636363636,110.96146058910145,50.0,113.35047782293331,0.03919006139039993,0.0028197963778873562,0.00020287613733671606,0.007841279194014521,10,0.0,6.999915785854682e-05,0.008362328633666039,7871.26609646713,6799.499342072724,2693.5481881616165,975.2591921572915,10743.790930869562,6610.9276844721035,1205.8675377354616,1710.757177971618,0.3998182415962219,0.04494664281078585,5.626946222037077e-05,0.04505043635999654,19681.34765625,15410.22932225203,581.396484375,3850.903306348454,0.4130859375,0.11101601018706496,0.0,0.0647821889412646,0
10.0,10.890078765798725,0.0,29.956371307373047,7.290208290017744,-37.555965423583984,9.824153409666337,20.928489685058594,-0.6294046980080361,-26.53673553466797,8.14064482224581,21.427898406982422,2.5533135744144495,-32.86920928955078,7.422386972185622,22.37495231628418,0.8972684939471862,-23.49724006652832,7.07124320752994,-359.5172119140625,-553.0773894272381,-692.6730346679688,66.08650999607184,169.134765625,70.66762681744491,-65.0787353515625,36.8489948546372,97.31298065185547,43.714844942957235,-20.529769897460938,20.572618560682265,103.43962860107422,29.925619825254046,-27.58814811706543,16.789732330526675,64.48117065429688,13.327267433696031,-54.94213104248047,14.610346798730127,41.97502517700195,13.471096440354522,-26.366863250732422,10.474575632357126,23.27121925354004,-7.393110022778577,-72.85258483886719,13.245402959051846,31.090944290161133,7.569854760149239,-25.24553108215332,11.939142931914121,26.1142578125,-3.0710420839989823,-39.03532409667969,9.85034786786688,4.0,501.1363636363636,158.98895695997595,50.0,128.9302192932032,0.039126042276620865,0.003861163973341277,0.00036488170735538006,0.005351714818808836,11,0.0,4.3589112465269864e-05,0.006601132918149233,7349.254041728595,6053.087930819824,2920.1890797511733,860.0237804118177,11639.135967318885,5821.642506589937,742.7857661128246,2244.2885768741903,0.3585534989833832,0.039065781932758635,9.232741831510793e-06,0.055003542969251,19422.94921875,12998.860299448956,21.533203125,3664.0090195373446,0.4326171875,0.09412102577581206,0.0,0.08025211171300041,0
10.0,12.208936045265448,0.0,26.006879806518555,8.615612496598137,-16.911354064941406,5.686809373679909,28.45882797241211,2.158483723736003,-17.343624114990234,5.922621202216016,25.563434600830078,6.155770651028079,-15.729301452636719,5.753940814649681,25.919204711914062,7.8881476093299705,-12.30211067199707,5.493608671809999,-369.68988037109375,-622.1150182029211,-709.5511474609375,65.93416427988295,150.92153930664062,55.448839846592215,-43.25432586669922,24.919380632365463,86.80271911621094,37.13814745767349,-39.561309814453125,18.292816359407382,73.42332458496094,23.956655761827726,-26.830093383789062,12.275044865621352,43.82282257080078,9.817530985463524,-28.844085693359375,8.377855393188321,41.84381103515625,15.246989984938274,-12.354673385620117,6.441066492244254,24.483200073242188,5.94174084414808,-16.95489501953125,6.6516160321872455,40.25404357910156,13.6165095842908,-25.66327667236328,8.600758502149205,17.373855590820312,0.9112886393965673,-24.819244384765625,6.32081490520558,4.0,501.1363636363636,151.3680021496173,50.0,157.45876463960462,0.04092598706483841,0.0023886966572065887,0.00023876070918049663,0.005196245727660755,12,0.0,3.2732456020312384e-05,0.005719964858144522,7482.511858923512,6443.436960799701,3424.6513865802103,679.341245760512,11300.473032190877,6469.67409764404,993.1513202586223,1875.1259045836723,0.5342733860015869,0.04479064802096688,1.508843524788972e-05,0.06123963578561631,18690.8203125,14399.317879024073,21.533203125,2942.095029120577,0.3857421875,0.09527715342227379,0.0,0.07700426987144486,0
10.0,12.428000132334498,0.0,30.33009147644043,11.388380659791682,-10.478572845458984,5.897383106443326,24.554473876953125,4.378574454655607,-25.250415802001953,6.311426074791857,23.25774574279785,5.6487057717071885,-28.921602249145508,6.347047767126373,19.820281982421875,3.6291111887858323,-16.564903259277344,5.686717770299579,-374.5355529785156,-587.4395284276551,-688.0421752929688,57.509887898367886,146.3590850830078,57.20041601470479,-12.96479606628418,25.08761833837129,78.42134094238281,36.40269488518033,-27.99576187133789,18.791341069222355,62.88225555419922,29.317209847876477,-11.23275375366211,11.73120854798595,40.385643005371094,12.357042209091844,-12.438814163208008,8.38665626028763,41.73906707763672,17.256555729634247,-7.743620872497559,7.000621338317916,29.95834732055664,4.555497561341579,-24.67632484436035,8.00812561085883,40.52586364746094,15.774330115995939,-13.384592056274414,7.828275392653233,23.41978645324707,2.566607433109784,-21.383235931396484,6.643548547106957,4.0,501.1363636363636,108.6031833763778,50.0,126.55978260565844,0.041421934962272644,0.002802480521765559,0.00022357612033374608,0.005655002774515527,13,0.0,3.986427327618003e-05,0.0063126166351139545,7297.69230017429,6337.316002152585,3619.7821022073754,519.5512048655922,11002.474053852526,6251.291821614926,1162.4852826438814,1666.045969134171,0.3317685127258301,0.04132620020891725,2.3966756998561323e-05,0.054745341964325095,17183.49609375,14063.604750489414,43.06640625,2239.3693047616443,0.3505859375,0.08776487275232019,0.0,0.06906962229419121,0
10.0,9.089142938561292,0.0,25.055126190185547,4.526311859531704,-16.85547637939453,7.680588764437981,21.557369232177734,-0.8172444854009455,-25.402603149414062,8.545409851355595,27.91402816772461,5.700993141310674,-16.22968292236328,7.555602112954059,16.994731903076172,1.0999122291561345,-15.253357887268066,5.803439879378764,-335.76873779296875,-611.4781362794669,-695.978515625,59.44149191459539,165.55584716796875,66.19063469888577,-22.226665496826172,23.554242943840723,89.43070983886719,40.45192308357448,-16.997207641601562,13.18106536248069,66.29118347167969,24.6330073828487,-13.096658706665039,10.573172828542704,30.409563064575195,13.198073999165382,-29.472110748291016,7.454833429871513,40.65280532836914,19.313273417078424,-5.811929702758789,6.8306131601993965,21.265260696411133,3.8206140147478873,-19.55548858642578,7.385896824484094,32.77790069580078,9.185624069177702,-23.530933380126953,7.344646688364884,17.779756546020508,-1.0002020182187417,-24.137775421142578,8.382138998031243,4.0,501.1363636363636,172.55414611741648,50.0,164.684082405539,0.04936904087662697,0.0019376167800699375,0.0003020883013959974,0.004658853045949504,14,0.0,2.5479333999101073e-05,0.005047609098255634,7204.484844704799,6395.463936843408,3398.639983207798,502.25447889274466,11661.617594435824,6013.871372052401,1040.2566056678245,1591.540543158219,0.38729506731033325,0.035708281822178355,2.7702961233444512e-05,0.05368128042893341,18087.890625,14124.55720481076,129.19921875,2054.5818129667514,0.4404296875,0.08756434889791183,0.0,0.06982225616391755,0
10.0,1.4962012970240204,0.0,29.00124740600586,7.239208308871826,-17.885387420654297,5.892111946813289,14.739501953125,3.451729199587607,-15.90542984008789,4.737022682222358,18.81732940673828,5.6636159307995415,-13.112604141235352,4.579831440917555,29.229427337646484,6.597020618565675,-15.819494247436523,5.069515508293861,-93.65440368652344,-559.120702553238,-607.434326171875,62.10275788056051,125.8387222290039,39.456160594253284,-38.673362731933594,21.889677223392095,64.19541931152344,35.73447584089436,-28.4711971282959,10.410450902414675,71.41554260253906,24.324756789580853,-3.441479444503784,10.849010172712925,32.6499137878418,10.07903829296476,-17.278099060058594,7.358061047776858,41.46649169921875,13.187323350900149,-3.5444507598876953,7.070949603585786,24.968307495117188,5.1363320393172325,-33.53176498413086,7.075926972292348,34.48265075683594,10.315788696059771,-7.503129005432129,6.138669085634728,26.692785263061523,2.9069627878059507,-33.540794372558594,6.195546920220638,4.0,501.1363636363636,137.00175371022357,50.0,150.24937561855197,0.15007489919662476,0.003301967496742233,0.0003615696041379124,0.011287845809759667,15,0.0,0.0001384287024848163,0.011765400879085064,7474.869805710156,6378.186665481485,3955.6897513044273,497.8473093762045,13545.589332996966,7207.1436849591755,1347.826322220979,1878.654057013907,0.34862616658210754,0.06775609228959781,3.883915996993892e-05,0.07423714228860501,19875.146484375,14772.776564312646,473.73046875,2018.9651053604975,0.46044921875,0.137948516350058,0.0,0.10010063933708627,0
10.0,10.400907202523333,0.0,23.519582748413086,7.437970301875382,-17.376670837402344,6.755522156035598,19.527990341186523,4.220084425373102,-29.564823150634766,8.061957865966054,22.47833824157715,4.566991408591066,-22.393165588378906,6.7155348907343475,20.97764778137207,5.860524619313653,-7.031732559204102,4.377568527021284,-280.6122741699219,-608.6559635879269,-652.4302978515625,54.06207468926438,95.99597930908203,62.648094787605956,-46.20714569091797,17.227529027657734,74.54237365722656,38.668362822928174,-62.05029296875,10.383859311065672,58.48719787597656,20.079531047536435,-2.698049545288086,8.602313158428139,36.38701248168945,8.538380797703917,-16.936790466308594,6.858335361336827,36.21175765991211,10.149895628754335,-8.407286643981934,6.430726265988317,23.800678253173828,6.433784036151633,-17.75689697265625,6.060776261776632,42.225250244140625,10.736179368851356,-11.452001571655273,6.74011637694636,23.00979232788086,5.823200823881787,-13.488689422607422,6.403968053765878,4.0,501.1363636363636,133.57208238152333,50.0,145.23743545849052,0.08089296519756317,0.002647276896895061,0.0002671650145202875,0.007522263107379222,16,0.0,6.364490400301293e-05,0.007976789027452469,7503.338243678619,6223.906480437499,3384.3274743103925,715.135019743931,12048.78667664489,5269.717595459552,915.7363287929101,1957.5893141570016,0.4317145347595215,0.029198392046490988,1.4850919797027018e-05,0.05686552556342348,18432.421875,12966.33567013486,21.533203125,3503.8970089757977,0.49853515625,0.06910595816415313,0.0,0.07923965051325699,0
10.0,12.246628596287978,0.0,21.467548370361328,5.060540940189029,-22.983016967773438,6.900874504665479,17.663532257080078,-5.884270723451041,-32.9842529296875,7.697236811372511,19.389373779296875,-0.45613250184346105,-21.736526489257812,6.149582663626909,20.987831115722656,2.6751341126522097,-13.886338233947754,4.831946262365099,-383.1993103027344,-614.4043130188696,-693.2086791992188,56.371400323446636,123.92399597167969,73.72107625104435,-1.4281911849975586,20.384063108247556,84.71876525878906,41.210597855481915,-23.212209701538086,19.28565715008212,50.605194091796875,23.95202946057867,-25.348785400390625,10.810104965323818,56.14026641845703,23.159350173759627,-4.871209144592285,10.016352041661277,37.090003967285156,14.671012321646971,-13.909090995788574,7.190921001209044,25.513887405395508,0.46628362289575853,-23.147573471069336,6.318727610043022,34.12631607055664,12.358805139646314,-9.972892761230469,5.922490094672917,11.891386032104492,-4.826594913918568,-31.461536407470703,5.841401503583055,4.0,501.1363636363636,169.69146349268618,50.0,163.92735045630212,0.03404725715517998,0.002266305950327113,0.00027021736605092883,0.004131047804268471,17,0.0,2.221918839495629e-05,0.004712181631475687,8053.135129120782,6451.073990779896,3532.514764125568,605.9470316476352,11127.989815470813,5725.505715955796,1252.460999890634,1763.357789935762,0.37035199999809265,0.031882223962675364,4.5641561882803217e-05,0.05398002841630958,18260.15625,13922.539787558004,1636.5234375,2460.4820180758456,0.39453125,0.08260959704901392,0.0,0.07334088310148401,0
10.0,14.024553399768992,0.0,48.68645095825195,6.342238217436659,-44.689327239990234,12.46105321251233,29.11184310913086,-3.0764987665615338,-37.556373596191406,9.309465954882777,16.738895416259766,-1.6042065072562675,-36.01795959472656,8.68787883918549,25.19613265991211,1.691447292793793,-27.789505004882812,7.122793171708063,-298.16748046875,-576.1190446114596,-700.7127685546875,87.92369360906514,164.604248046875,68.85992513562438,-80.19020080566406,31.43069623101033,78.34251403808594,35.02548603347034,-44.74089813232422,26.438612971650706,97.6053466796875,23.990811719798987,-30.76266860961914,16.707747207785136,56.39794921875,12.074207961675981,-28.224498748779297,12.10039273113118,54.94755554199219,14.185089681332114,-25.85113525390625,12.079279707874706,29.726974487304688,-1.5121473298773274,-38.775733947753906,10.579848232441872,45.333038330078125,11.279921567819477,-27.361459732055664,9.27779477424711,17.481388092041016,-2.3015257270267697,-42.889774322509766,9.212072981245422,4.0,501.1363636363636,142.7144258292431,50.0,125.67896239673355,0.026932405307888985,0.0031920274807346323,0.0002309172268724069,0.005223385872254242,18,0.0,3.750213363673538e-05,0.006122761406004429,7298.70764773454,6138.907805181771,3466.577513801905,923.7591567525297,13143.108288522688,6261.84011367701,1776.5366654562106,2097.1473562070273,0.33315861225128174,0.05181708093452361,0.0002167460334021598,0.0587152744249073,18906.15234375,13561.246612619634,1335.05859375,3330.148293938008,0.5869140625,0.12210543249709976,0.0,0.09482725201841648,0
10.0,7.998708895428503,0.0,25.91287612915039,5.729511963882054,-25.253215789794922,9.261828953856915,25.642253875732422,-0.9982390943741785,-27.337696075439453,8.477198218959087,21.88321304321289,3.212335498584326,-24.241802215576172,7.691423280387305,21.409122467041016,1.7770375582646674,-23.82429313659668,7.860271601961323,-384.8460388183594,-567.2565220879292,-670.1932983398438,56.731931543407846,156.07835388183594,61.06561289184884,-22.29785919189453,32.48726151149155,105.37117004394531,48.37590712972694,-3.356884002685547,15.187796489493376,85.74421691894531,30.371417011088948,0.9972673058509827,11.670337771343018,56.24201965332031,10.638244368948405,-23.309804916381836,10.337056260836585,44.045650482177734,13.837256550495004,-37.07025146484375,9.072052990898747,26.746685028076172,-0.9296544662346143,-30.614900588989258,10.02350178605408,27.773174285888672,9.088500523001924,-14.536413192749023,7.445527220770981,15.999335289001465,-3.854434110984863,-41.40523910522461,10.339710327101573,4.0,501.1363636363636,109.98160544474541,50.0,102.53707481567281,0.011193039827048779,0.002029375120210883,0.00026451615849509835,0.0019728457310245703,19,0.0,8.01705573394429e-06,0.0028287693858146667,7303.921762576041,6342.270072225439,4160.250755562511,640.6826327862628,11740.493677485232,6841.412959756501,1936.825671760495,2159.516069017762,0.3654223680496216,0.06857575634515357,0.0001683738810243085,0.08027496782782308,18712.353515625,14357.150771280452,1765.72265625,2844.245507364333,0.490234375,0.13439233341792342,0.0,0.10307563812347457,0
10.0,5.055838047153201,0.0,23.375961303710938,4.955919913696925,-15.48177719116211,6.453870915564855,12.11807632446289,-5.756108713087793,-29.893339157104492,7.019874556149521,23.917495727539062,0.4540985196638688,-34.26901626586914,8.96129859439983,19.854089736938477,2.997986185612922,-15.037843704223633,5.965972007488188,-242.41531372070312,-634.6348193670923,-719.4195556640625,56.79331815522515,150.26966857910156,69.13535156382763,-7.140986442565918,20.85551747052209,128.40516662597656,54.90107095227717,-58.26641845703125,17.404116194421547,56.711090087890625,28.689670190249686,-43.01896667480469,11.862283408518042,43.99397659301758,9.60750637758359,-12.167593002319336,8.880914356593781,37.914634704589844,12.363209968238309,-8.09145450592041,6.376150899727177,24.461700439453125,2.3856957762257958,-45.34425735473633,8.283640516263649,24.507349014282227,8.243844495450952,-13.626792907714844,5.631932817420639,21.453245162963867,-4.259635610423826,-29.743038177490234,8.183545273024402,4.0,501.1363636363636,114.43653159587647,50.0,127.76772723905651,0.02820337377488613,0.0011458188712710608,0.00014436279889196157,0.0023082948814506315,20,0.0,6.646450401603943e-06,0.0025751926004886627,7848.619237304042,6599.9969540326265,4082.7587468316947,459.56311513567937,15677.391115543067,6568.365888907954,3168.7347306188194,1543.3682484206354,0.3643229305744171,0.044006265037835696,0.0004753221001010388,0.046853354884895955,19767.48046875,14747.321420479264,8074.951171875,1530.0846898004286,0.4296875,0.11358770029727379,0.0,0.06908714493582027,0
10.0,9.362586211473598,0.0,31.80419921875,2.0827702854839942,-35.72209930419922,10.26704585840597,15.741185188293457,-6.297796291569269,-48.737693786621094,12.76087082991026,30.34524154663086,0.6698756325739305,-33.616172790527344,10.173780744868301,31.419727325439453,0.6929069282076475,-28.776371002197266,8.720141154362793,-229.84280395507812,-520.602278335465,-651.9221801757812,127.8179607581324,189.92892456054688,69.909734300422,-75.85570526123047,52.56701794973256,77.45809936523438,35.34022211769202,-43.687686920166016,22.300295486691066,100.89556884765625,34.449123337778445,-21.599578857421875,21.45941546251177,61.703887939453125,11.60738273701369,-43.19032287597656,16.009874198277174,72.73779296875,16.29777310895809,-25.585548400878906,15.068679383848911,34.57011413574219,0.9669810505519058,-43.71536636352539,11.306842470276756,35.734825134277344,2.7168010744653004,-36.689796447753906,11.171314562807053,46.66017532348633,2.4912813827568305,-34.62566375732422,10.26186007759238,4.0,479.9857603215365,97.38244400469846,50.0,55.67314753074519,0.06725768744945526,0.008282019069249226,0.00024115800624713302,0.010917675135534894,21,0.0,0.00018795956566464156,0.013709299266338348,7506.083238322432,5699.218339931383,2533.1124206343143,1251.2184929234554,12091.19258011284,5474.808438583885,1144.6728538955701,2311.3517479616085,0.35817041993141174,0.04151737055287271,5.502960266312584e-05,0.06464364446586549,18733.88671875,11971.611600021752,1248.92578125,4467.524733881311,0.48291015625,0.10510508809454756,0.0,0.1049426623020591,1
10.0,18.86487245766149,0.0,28.779102325439453,7.106041053167421,-14.047794342041016,6.009633230481102,15.855456352233887,0.605114346043814,-16.447973251342773,4.5783896988226145,23.84793472290039,5.00354588546049,-7.879537582397461,5.132637507675797,20.799381256103516,5.31289662144162,-7.7526984214782715,4.670103989691516,-386.5838317871094,-643.0817902602619,-687.094970703125,43.854681233003134,112.780517578125,76.44855580916261,13.414989471435547,14.938528971768287,77.6990737915039,52.245378244504025,-24.98241424560547,15.706583509663428,69.00572204589844,27.19095037791126,2.389815092086792,8.776608572574352,48.48933792114258,11.207848636204433,-14.018378257751465,8.419786112923095,34.129451751708984,11.062164418088173,-3.5910215377807617,6.238375341910505,23.218482971191406,3.466106918681491,-15.910947799682617,5.6311965108486515,34.876625061035156,10.013390571363011,-9.98077392578125,5.479758193154158,21.121564865112305,3.0832239408694257,-19.205284118652344,5.077362549605309,4.0,501.1363636363636,96.09333376500865,50.0,99.45057268544072,0.04251343011856079,0.001706277738957884,0.00033161957981064916,0.0038556934636833962,22,0.0,1.7791839127312414e-05,0.004216135945171118,8527.469710315954,6573.0591323223125,4230.779308026833,556.6941582725681,10556.272528593432,5532.07806393895,1667.2644708452863,1369.5722975623773,0.21952247619628906,0.019312390157839594,0.0001777095312718302,0.023525595347700216,19875.146484375,13959.361065291474,2454.78515625,2109.3611072823273,0.25341796875,0.06460040240719257,0.0,0.042539214011630126,1
10.0,3.24363338338948,0.0,27.921703338623047,1.8676846539752943,-14.22773551940918,6.024877485021227,11.670120239257812,-6.981842140349497,-22.560317993164062,5.21965051944535,24.356374740600586,-3.8435496622631695,-23.048778533935547,6.481389886067384,15.416935920715332,2.284234118122789,-16.68686294555664,4.732097197259833,-359.3208923339844,-659.5161890441469,-712.863037109375,54.14459304998031,113.13239288330078,75.21386392158726,-5.684479713439941,21.523188754997317,80.06591796875,56.231863312613385,-6.787833213806152,12.947150322018881,53.11458969116211,26.69277392683892,-13.56106948852539,6.928978746233383,42.127349853515625,16.103060224562398,-14.951740264892578,6.339065117634164,37.98747253417969,9.574690376367343,-25.343948364257812,6.0850379469104245,20.820819854736328,1.314116348944639,-25.626148223876953,6.595942079142453,21.91370964050293,9.301094919832082,-6.415493965148926,4.855548974665753,14.166587829589844,-3.6004099941654713,-21.04682731628418,5.690164283387736,4.0,501.1363636363636,88.09979573329225,50.0,83.50949169791859,0.006571782287210226,0.0007184502030420279,0.000301206368021667,0.000773117601487188,23,0.0,1.1150586942676455e-06,0.0010490011190995574,7470.31524423634,6812.60444111444,5548.659017965894,263.033038428074,11460.262480851023,6336.523641800311,3918.9045420242123,1431.8994693435177,0.37226152420043945,0.042917065304302095,0.0014432946918532252,0.057946513435715837,18346.2890625,15077.388952834977,11520.263671875,985.9513219823301,0.48828125,0.1047901410237819,0.0,0.07459100189447686,1
10.0,13.892559314709805,0.0,19.95293426513672,5.392821892784809,-6.74091911315918,3.741287429579941,18.857219696044922,-1.5436918850201604,-16.960500717163086,4.167377987883838,18.762928009033203,4.44369093224994,-10.317529678344727,4.547605832705058,18.143320083618164,2.3534878700487574,-10.279698371887207,4.402587082780614,-523.590576171875,-693.4728491975648,-711.3862915039062,19.329672496748238,133.8328094482422,75.49510717723874,49.395042419433594,7.735206541232933,69.32437133789062,57.316325993106425,-16.290639877319336,7.924789644538207,39.24946975708008,23.348324011484046,-5.648272514343262,5.325660187438587,59.23896789550781,8.14530702517854,-5.4874043464660645,5.09709052142442,34.206947326660156,13.496878498045861,-0.665185272693634,4.399145397415942,23.861648559570312,8.301700792013907,-31.47882080078125,4.497815149120027,24.775127410888672,14.011931870210475,-1.6501362323760986,4.052987007102493,35.99472427368164,8.415683033640589,-9.262560844421387,4.015814708634839,4.0,282.9290216026314,84.60548759210067,50.0,34.22961681967687,0.006477432791143656,0.0005784712889782216,0.0002799460489768535,0.0006638876876135267,24,0.0,7.763113671899191e-07,0.0008730028057470918,7365.682928007821,6929.960428199435,4067.8331237316875,365.4136442176271,9022.701984822357,6289.369452985926,1648.9758000542333,843.8575201337887,0.15392690896987915,0.021410920577131325,0.00013509803102351725,0.01219642026825572,17571.09375,14895.23104426479,2454.78515625,1543.7946851803576,0.197265625,0.08047067593532482,0.0,0.030788779036459355,1
10.0,10.535609889980913,0.0,24.006790161132812,8.084755307353014,-11.422746658325195,6.17009226812684,23.21195411682129,0.23760668401392457,-22.04953384399414,5.596107483495202,24.100749969482422,5.064868780203042,-16.88494110107422,6.008098185516672,18.745582580566406,2.0590535217329964,-24.24605369567871,5.569226173914837,-459.3747863769531,-605.6133174320938,-697.3975830078125,48.68886738478107,160.27664184570312,50.597935685944115,-36.59803771972656,33.26883308324684,83.0528564453125,44.116754356642055,-27.894332885742188,15.520740174181029,72.67338562011719,23.74240294682281,-12.110566139221191,11.58710539366018,52.29847717285156,11.970745262519182,-22.046798706054688,9.62032029861662,44.2723388671875,19.081146550755903,-5.866042137145996,7.701398302562107,29.05878448486328,5.2398252323434065,-23.638832092285156,8.0050927975696,36.73870849609375,11.329578946057163,-16.491443634033203,8.027794225789457,20.18227195739746,-0.337851488820154,-32.682464599609375,8.07134323819482,4.0,501.1363636363636,142.49201991174553,50.0,138.53324367106632,0.009602682664990425,0.0014723325812683512,0.0002203668700531125,0.0013859873546598546,25,0.0,4.0921036088548135e-06,0.0020191436633467674,8201.629930208557,6454.6654670396365,3590.6240703516,605.932923719623,12839.647337386004,7243.579600245756,1497.1776135011241,2263.748029318273,0.4056461751461029,0.07225196007886991,0.00027482787845656276,0.08332988063601016,20413.4765625,15012.089889066125,1550.390625,2780.384210104291,0.50390625,0.14003079230713458,0.0,0.11359561734336533,1
10.0,11.989630265289248,0.0,34.298500061035156,4.001812203698672,-26.76083755493164,6.965695619145493,25.49276351928711,0.8326171521278932,-23.167644500732422,6.766748615855863,25.71847915649414,3.163672952651286,-21.47109603881836,6.361293241594158,19.371952056884766,-0.016149501806760332,-31.190549850463867,7.199986210880548,-363.3127746582031,-602.559220387045,-727.2716674804688,72.14594842818845,171.04452514648438,74.89476158184684,-58.514892578125,27.82175650212112,72.09463500976562,36.28097533840867,-32.70140075683594,18.701826921156076,76.57611083984375,21.474289676567796,-21.40947723388672,14.348988680478579,69.09783935546875,12.470279197163206,-32.12091064453125,13.558040276839824,58.01082229614258,16.957749575635813,-22.86202621459961,10.462514895548441,36.89238739013672,6.346813741155193,-40.19239044189453,10.813061137875863,51.751739501953125,14.922023814612364,-14.309457778930664,8.917642520666385,20.19363021850586,-2.815137819449683,-30.164825439453125,7.960889724821391,4.0,501.1363636363636,127.13136663447533,50.0,106.36399272391786,0.030061155557632446,0.0025127773190068738,0.0001235146337421611,0.004031031059887998,26,0.0,2.2624812118010595e-05,0.004754951689392328,7477.141749055015,6189.8607673946435,3112.864100386809,796.8687805710684,10502.707361443787,5653.699743366331,889.9807683128577,1821.5701941690572,0.2983908951282501,0.03554215258813826,2.3346785383182578e-05,0.04761562965293105,17549.560546875,13209.92066279365,129.19921875,3289.1126941880575,0.39453125,0.08268493510730858,0.0,0.06893157469257512,1
10.0,8.627065780501855,0.0,31.690275192260742,2.164638056253405,-29.907306671142578,10.772281768066376,17.99587631225586,-7.347470063724817,-34.319480895996094,9.397276507808838,35.116546630859375,-2.379826730821636,-35.407135009765625,11.607349191098763,31.04937744140625,2.090020436370041,-27.9940242767334,9.722721654669073,-327.9878845214844,-520.9977132350275,-715.4733276367188,95.83391727083186,193.95004272460938,88.11734706827217,-43.49563217163086,47.378479817268335,102.55709838867188,31.893271450376844,-42.73204803466797,23.545675091763034,98.03543090820312,21.366115057689683,-71.62825012207031,26.126979147622805,72.8833999633789,18.269482442906035,-27.21636962890625,17.501569279770845,65.20758056640625,22.649037019412297,-52.34072494506836,17.681039522946207,27.825401306152344,-8.65605477734605,-61.24782943725586,17.026526714304143,39.45207977294922,0.3061982891900495,-47.175262451171875,13.532983946177977,28.125560760498047,-6.2231661187454606,-56.934112548828125,13.98265804849467,4.0,501.1363636363636,154.27522770678235,50.0,91.79286113993253,0.028642719611525536,0.005634742330298154,0.00029553440981544554,0.005026806705921852,27,0.0,5.708295793738216e-05,0.007554456125944853,7131.6049127293745,5479.569922624024,2893.257787532855,949.9051259031517,11359.91084478685,4841.1350302085775,1110.804618668048,2240.694230730152,0.3557317852973938,0.02468307327716884,0.00010508275590837002,0.04130143953030486,18367.822265625,10729.805265280598,473.73046875,4373.436977824819,0.46630859375,0.08402742531902552,0.0,0.08585836520024764,1
10.0,15.427232244307998,0.0,31.53482437133789,6.538498281576863,-45.475711822509766,12.437369886114446,21.203311920166016,1.5295530894550813,-28.97311019897461,6.680201001015103,29.883525848388672,6.997277224924752,-31.56003189086914,8.738382613362072,28.6353759765625,1.8742528137709868,-29.433685302734375,7.594315351548288,-376.7681884765625,-610.7246051620165,-733.8397827148438,84.24205190790312,181.44668579101562,69.55930757681621,-31.596073150634766,37.65007420854924,90.31241607666016,40.77210784656819,-20.553396224975586,16.518474729737317,87.93171691894531,28.592346357462578,-3.5694456100463867,14.248959300945115,81.30403900146484,16.255273911488306,-21.891948699951172,11.987251783287745,54.82448196411133,18.813084829849323,-19.97126579284668,10.057692365800047,34.92033386230469,5.6463057438209825,-65.55315399169922,13.78379466306438,51.13330841064453,7.487048368270049,-66.5953140258789,10.88180010249058,25.476491928100586,3.579125172419694,-30.608436584472656,10.078140432944458,4.0,501.1363636363636,96.29165353458764,50.0,80.11983900599174,0.031067367643117905,0.0037082344956162307,0.00016026978846639395,0.006193636518117847,28,0.0,5.2152929129078984e-05,0.0072206975892186165,8076.7553804543795,6137.215445235772,2820.027258037588,1082.454024654327,11687.36625861333,5743.237099127827,1119.1953051681005,2356.1464127134113,0.3857209086418152,0.03792488272447878,7.925742829684168e-05,0.06254719238291415,19552.1484375,13088.115676207222,645.99609375,4591.248519642252,0.49853515625,0.09164563243184455,0.0,0.090756305735737,1
10.0,15.326108397341708,0.0,27.802135467529297,5.472880735129049,-27.517898559570312,6.155345749991766,20.245676040649414,-0.2813209326172857,-28.95110321044922,5.973912427613512,19.832704544067383,5.631200488604899,-28.845426559448242,5.927103230711879,25.52431869506836,8.37374983854125,-13.387260437011719,5.56041230285258,-295.0415954589844,-646.8542155821197,-699.475830078125,69.00464646081484,167.43057250976562,68.9502999002585,-23.379934310913086,28.315286593272795,80.00810241699219,46.19550216001763,-20.895980834960938,13.956046322022287,67.88471984863281,22.599338633589568,-9.524136543273926,11.076179784212236,41.586971282958984,10.814472428918439,-32.77522277832031,7.771056715203355,37.503082275390625,17.556224044127145,-5.219913482666016,6.925093495802597,23.2197208404541,7.453791729155107,-26.42561149597168,7.41029814619166,34.326820373535156,11.842694587123919,-18.780597686767578,6.970546907616243,28.320281982421875,4.099681157748411,-21.094524383544922,5.935928138620869,4.0,501.1363636363636,109.50826770969857,50.0,121.59343599402128,0.043039966374635696,0.0025278465385477735,0.00022875463764648885,0.006415938176749702,29,0.0,4.759215880767442e-05,0.0068975710310041904,7254.875488094308,6437.329866352681,3503.728544505242,652.347919343531,11451.550292080688,5672.373826880752,1468.7102162619008,1810.2828341799766,0.24263621866703033,0.02285896324134743,3.691474921652116e-05,0.03508805798272249,17807.958984375,13904.528836916328,645.99609375,2854.404605692886,0.42333984375,0.06860011691560325,0.0,0.06340527911676987,1
10.0,11.108290267593562,0.0,32.75176239013672,6.335669319720165,-22.362628936767578,7.459985447703207,16.811010360717773,-1.940294649685342,-30.52112579345703,7.9190111498930245,24.422382354736328,1.495405581073183,-25.44394302368164,7.574535854308427,26.843799591064453,3.560663034737525,-22.29450225830078,6.869734096538352,-310.9687805175781,-576.6210574262933,-663.9346923828125,70.82071582823056,158.79226684570312,63.40450632841847,-31.982421875,30.28880310045241,74.03884887695312,37.25475666604573,-21.37725067138672,16.357944152747656,68.50285339355469,25.521459316951493,-17.019981384277344,14.56425705203834,52.32368469238281,13.11076679497335,-24.94491958618164,9.264859742064443,56.733314514160156,16.394911454545372,-7.317702293395996,9.298797922500809,24.0255126953125,1.5991115313101119,-25.989887237548828,9.021574410018044,34.618614196777344,11.041628037797603,-33.912994384765625,10.57548018778672,25.32530403137207,4.201844684010385,-32.82625198364258,8.00649116863296,4.0,501.1363636363636,149.27925707816522,50.0,147.56665946319154,0.06572744995355606,0.0031643545025745686,0.00037809007335454226,0.0062995815357248615,30,0.0,4.9737413064576685e-05,0.007051432505249977,7828.405115775733,6256.827399663207,3026.9085725276645,698.1226806261645,10828.088758906111,5933.938297077266,778.2619932481541,1857.6197608537982,0.3711092472076416,0.04009438326628277,1.4045122043171432e-05,0.059046050364664426,18970.751953125,13603.688506017981,43.06640625,3025.137339081821,0.3916015625,0.08919516295678655,0.0,0.07583320486830708,1
10.0,9.030995131007987,0.0,21.16159439086914,1.645482868682204,-33.808074951171875,8.967321336095454,22.993515014648438,-4.827117713021326,-38.594444274902344,9.52841830529454,26.03972053527832,1.1843876782156475,-24.882667541503906,7.623911850445664,26.144765853881836,0.4160100286372715,-22.196643829345703,7.538468685643666,-229.68667602539062,-548.302314475075,-665.4552001953125,89.03601247417976,164.73861694335938,68.9858662739154,-11.757610321044922,34.42321253557905,108.69075012207031,48.29869462027627,-10.444221496582031,16.923600197839136,66.4149169921875,27.10145121629581,-20.052274703979492,13.603303474907023,70.15572357177734,19.74035718983035,-16.912643432617188,12.741624042929942,54.061737060546875,19.434276368322063,-42.65753173828125,12.189844886352839,23.33700180053711,-1.9729464571153759,-49.29876708984375,10.060257989936577,43.10820388793945,8.70518429205686,-36.32865524291992,10.073364707028231,13.845937728881836,-5.937450829538973,-51.44162368774414,10.15545316408585,4.0,501.1363636363636,146.09459737726962,50.0,136.23503986661913,0.027504637837409973,0.0032530961350376855,0.0004765233024954796,0.003694016529525034,31,0.0,2.426096580165904e-05,0.004923938307911158,7433.004726180828,6336.71789264375,3515.603930384536,722.7497720669759,12481.895559283386,6386.345855453103,1702.4092175238202,2245.901115964387,0.40085214376449585,0.049774396292177316,0.0004373759147711098,0.06621577856852846,19509.08203125,13964.2822265625,1119.7265625,3277.2461255570934,0.53564453125,0.11721978773926914,0.0,0.09429969222445951,1
10.0,10.227379322167184,0.0,30.63658905029297,8.36134749588723,-16.43308448791504,7.3640403288763014,15.601709365844727,-4.1346999585472926,-45.203575134277344,11.008606875310061,19.73595428466797,3.3013154447873894,-25.808565139770508,7.97032005687057,20.97710609436035,6.141508944375817,-8.518843650817871,5.030737551747279,-391.2992248535156,-585.6280721500689,-666.9534912109375,55.24192235517824,133.0626983642578,68.96864453711808,8.931992530822754,17.28127600711919,82.37152099609375,47.453401879962804,-27.797195434570312,22.493738993729668,66.83866119384766,31.38615588771218,-4.9294281005859375,11.402543875203072,29.80242156982422,2.35193357709147,-25.503433227539062,9.993916482684712,40.70319366455078,9.710278375018085,-12.973339080810547,7.2681788388452375,10.583534240722656,-9.057797299097281,-34.430728912353516,7.01806732354161,27.43029022216797,8.337415591150245,-13.097063064575195,6.6369576350693675,14.251916885375977,-3.269490166565105,-18.844879150390625,4.949117376476857,4.0,501.1363636363636,160.77911443576633,50.0,165.91691882186808,0.03409092128276825,0.002818543330952363,0.0003954702406190336,0.004551839902871199,32,0.0,2.8686108635156415e-05,0.0053545706905424595,7122.832291755907,6227.360747759392,3816.1299057238916,640.405046135873,9532.102375845005,6031.597053973045,1433.2263798355375,1633.799245030675,0.24911907315254211,0.036543348019903915,4.4943597458768636e-05,0.04314123096704382,17226.5625,13482.333168684745,1507.32421875,2465.6050377710458,0.36279296875,0.10036898655017401,0.0,0.06811438434140307,1
10.0,10.630020800382873,0.0,27.39698028564453,3.4630088526539486,-41.774452209472656,10.249087763550127,23.99559783935547,-0.5505412995789347,-28.3795166015625,7.481941695433962,25.720001220703125,5.313072533374804,-30.27251434326172,7.932591363311314,28.901622772216797,4.216657314147031,-32.20109558105469,9.248154427216752,-293.4523620605469,-575.8762089138518,-681.144775390625,87.16404506039478,146.51651000976562,76.76859693322547,-95.02822875976562,34.61215675713742,116.76615905761719,37.0403050642694,-42.185874938964844,23.63762513277573,76.17620849609375,21.35930472612381,-49.452484130859375,15.674349321789801,62.03387451171875,12.647271506419177,-48.88724136352539,15.667970881641477,52.1367073059082,16.89487877536539,-14.0077543258667,9.908466299793869,24.30086898803711,-0.40840006338782486,-57.3969841003418,11.068394614466651,29.38252067565918,4.654499483806904,-42.17007064819336,11.958531723815522,25.505462646484375,-4.328298394280873,-42.6944465637207,9.45622367922303,4.0,501.1363636363636,121.745355050206,50.0,119.98891669022828,0.0428059920668602,0.004108413543857109,0.00027652442804537714,0.008339901594905445,33,0.0,8.6500913312193e-05,0.0093005346134305,8050.748642442646,6078.436082501682,3525.295330918539,842.1750334832097,14231.003323473042,5613.767416156463,1590.7660031768296,1994.5618705996815,0.22464562952518463,0.03187350717832979,0.0001149671952589415,0.04036092863706583,19810.546875,13068.780758320041,1701.123046875,3055.998840779319,0.41552734375,0.0849586716937355,0.0,0.06949281865090277,1
10.0,15.911363404834391,0.0,21.373153686523438,-0.019689984161519118,-38.34193420410156,9.47226820718594,15.612924575805664,-1.8959975312020967,-28.237648010253906,8.496795704418847,21.21579933166504,0.5952001405218638,-22.427518844604492,7.673877744463403,23.81562614440918,3.3193250963174825,-15.154561042785645,5.970330338043396,-214.51121520996094,-564.6807085466495,-616.0340576171875,68.18935191349925,171.44863891601562,64.76061643746502,26.02755355834961,22.934606520912734,66.54986572265625,39.14421007446858,-31.581024169921875,13.43354014560883,64.90164184570312,27.725176325318536,-27.34716033935547,12.979122514709596,45.339935302734375,17.40185835597963,-32.713775634765625,9.219517824099551,38.88200378417969,12.758431655918777,-17.292953491210938,6.980493092566369,24.831806182861328,5.296585068435099,-34.291229248046875,7.652889076001732,40.842891693115234,5.706412310822242,-21.107057571411133,7.257343726260016,33.077850341796875,-0.2898972208229198,-21.167781829833984,7.70919663357177,4.0,501.1363636363636,213.63417822249482,50.0,184.0755133841686,0.13740913569927216,0.005761322176087704,0.0004729037173092365,0.01651161886518617,34,0.0,0.00030606615473516285,0.017494719475507736,7997.9505435380315,6154.494251590773,2912.2313365971772,823.579072186441,9276.667790688361,4875.569393091394,704.8314466885203,1536.9989000612554,0.14128448069095612,0.011823753726828626,2.1992469555698335e-05,0.016054261622403927,19056.884765625,12527.527960049303,107.666015625,3378.6262332643537,0.2705078125,0.04905583852958237,0.0,0.037841866399965944,1
10.0,12.96876690671278,0.0,23.263166427612305,5.206670606219299,-19.6495361328125,7.1195890600265885,17.219680786132812,-6.9607166777734415,-44.69095230102539,10.343437218766406,19.964252471923828,3.461942381067785,-20.42986297607422,8.006805155708411,22.143959045410156,6.1156193170947155,-22.440109252929688,6.716464456193967,-385.19940185546875,-609.6164062924838,-663.1516723632812,50.27400171783955,140.385009765625,68.57803593987379,13.412304878234863,18.333330624449598,92.92709350585938,60.52539041258066,15.704198837280273,13.545947438784031,72.65451049804688,32.42723497969645,-5.509909629821777,9.042710586679988,29.617395401000977,-2.0085970934808874,-25.09893226623535,9.523711425934001,23.08641815185547,5.555388646083614,-41.112403869628906,8.796122436247483,8.855493545532227,-8.983161676873879,-40.65028381347656,7.3077450526390635,32.263668060302734,3.15609284428979,-17.048316955566406,7.285493308778309,23.499113082885742,-2.484931393502725,-36.30373764038086,6.635203744819504,4.0,501.1363636363636,123.43910279182107,50.0,127.14805512924475,0.021236194297671318,0.0018367519703941645,0.00036151742096990347,0.0034532813727994683,35,0.0,1.5311004972318187e-05,0.0039109839126467705,7299.845276606077,6468.529698210163,4119.058155582906,544.6816342616157,9966.216645960896,6680.814945162196,2009.550810445032,1514.7546767499832,0.3311028480529785,0.04925626994566716,0.0003440884465817362,0.04733707178220291,17248.095703125,14169.87185732671,3229.98046875,2083.933773542324,0.38427734375,0.13227380456061485,0.0,0.07110406188204658,1
10.0,9.023700507218843,0.0,30.858871459960938,3.630294804057223,-29.549514770507812,8.880514845059919,17.372066497802734,-4.635963914548577,-32.311920166015625,7.793519085374379,21.220111846923828,-2.0498004427693974,-28.80996322631836,9.126162292358714,20.81053924560547,0.43808297982348643,-25.589202880859375,8.062244225041702,-257.1381530761719,-545.3904327959029,-662.7822875976562,93.45528717562023,168.7420654296875,82.6275126145431,-48.71821212768555,32.455220382082146,103.39073181152344,54.74913271480259,-60.02574920654297,25.475000636679958,85.97921752929688,23.622170099871894,-37.012413024902344,18.752648892456502,34.34860610961914,-0.8986805624559764,-46.76742172241211,13.079772911845756,47.802703857421875,10.542576604118688,-27.48370361328125,11.395082869792036,33.20394515991211,-7.589367430294127,-38.76654052734375,10.636217494965964,45.26656723022461,6.633001067591377,-25.211265563964844,11.176911516919214,16.927047729492188,-8.929502642603284,-45.09382247924805,11.086803501606022,4.0,496.9837540148215,159.50320227366564,50.0,111.29722909221579,0.04125339165329933,0.0040277876049345535,0.0004069055721629411,0.005719590683234187,36,0.0,4.898249972029589e-05,0.006997748743742704,7280.093258514099,6117.466510378051,3330.865608192109,711.8037732885016,13686.278063446542,5817.198437899191,2062.3822743406004,1878.1768115041073,0.2767086625099182,0.03408238306859553,0.0009099247981794178,0.04385183267842077,19422.94921875,13219.638082765372,2906.982421875,2444.2426884602983,0.482421875,0.10978114577291183,0.013671875,0.08293425217529607,1
10.0,8.613343667334547,0.0,26.077232360839844,4.603153452692065,-29.817766189575195,6.885141965674307,15.194005012512207,-5.627926861292525,-42.38605499267578,6.7629969684844164,28.408327102661133,1.7110035707158515,-39.568031311035156,7.4456758677231205,17.759967803955078,-0.7034395861540966,-20.39478302001953,6.091368833381439,-348.2585754394531,-607.9137390207525,-695.60400390625,72.57383941789816,142.96856689453125,62.99984008713416,-51.458866119384766,28.914936664039423,90.49332427978516,48.742081700234294,-30.48529052734375,16.83338634960493,57.36860275268555,33.77855543221786,-2.9758338928222656,9.195203205825488,50.147369384765625,16.90894665327053,-28.706344604492188,9.754686142531071,42.837379455566406,12.919406347080477,-34.70331573486328,9.028919498605143,33.72529602050781,0.9473263534118709,-48.83420944213867,9.71215458228568,27.679889678955078,4.348202996318966,-54.42919158935547,10.732742745404664,23.662914276123047,-0.23322317431186027,-22.424785614013672,6.443193368997131,4.0,501.1363636363636,149.34763308302942,50.0,145.6055782985277,0.03985443338751793,0.0017506138609588284,0.000262355781160295,0.0031322785369407,37,0.0,1.2886551303381566e-05,0.0035876575857400894,7572.51029949823,6509.153463398871,4129.533932269777,412.92981360432447,12156.236516223633,6356.382260485412,2511.3766685281803,1835.3682913744867,0.4509522616863251,0.046424152273652326,0.0005660905735567212,0.06536953521843383,20025.87890625,14597.138569913717,3983.642578125,1916.3695432395214,0.4833984375,0.1049289216574826,0.0,0.08526337817164643,0
10.0,8.203857871729465,0.0,34.46648406982422,7.740630300555663,-19.146095275878906,8.060284357661986,17.893352508544922,-3.405242124715012,-29.053640365600586,7.734996650764127,33.45295333862305,1.454214144398711,-27.369510650634766,8.654339973689646,34.852962493896484,6.278719789692117,-19.34158706665039,7.59554478366662,-455.6882629394531,-636.4698038477355,-696.6248168945312,36.34912912952993,161.47845458984375,94.64228137186674,-21.476299285888672,22.661682903678738,88.86973571777344,42.69094810217377,-31.318069458007812,22.40266976163128,70.21416473388672,19.01453614226281,-42.88884353637695,14.868333394070659,77.760986328125,18.27433175633374,-17.39735984802246,13.213895387938052,51.63428497314453,13.704126971157963,-20.910606384277344,11.161099126809454,20.154403686523438,-4.447786484747745,-46.74846267700195,8.747046374657577,25.009807586669922,-0.8577377188890274,-37.67298889160156,10.09852965535646,30.50177001953125,-4.123259526800598,-35.07737731933594,10.069180363817798,4.0,501.1363636363636,117.02745880697816,50.0,122.45903229752642,0.0020707969088107347,0.0008518841062789121,0.0003904361801687628,0.0002972207330814074,38,0.0,8.151960741997755e-07,0.0009023314923979342,8278.899678997052,6236.1189919458775,4092.6154794624517,672.8995686345305,12155.797813028532,5105.081127865434,2491.2688045697005,1455.5300582235918,0.30767545104026794,0.021836615278571413,0.0020054669585078955,0.029582762828572327,19573.681640625,13063.984499619344,3596.044921875,2764.6416362708096,0.310546875,0.07279355785962877,0.01708984375,0.041495942894847565,0
10.0,9.336861253661562,0.0,25.822280883789062,1.3333998834001215,-20.309635162353516,7.314981354095955,20.36719512939453,-3.995264955081063,-26.764766693115234,7.633773723176489,23.94882583618164,-1.3925955239510521,-23.092878341674805,7.246439346514959,21.197113037109375,0.7343835668884684,-18.712268829345703,7.350378698943273,-550.2024536132812,-643.6680207927376,-716.049560546875,35.519182161365826,149.47396850585938,99.3652374772074,21.84107208251953,22.543625776148236,91.05693054199219,53.44478640292194,-0.7034518122673035,15.193122258890591,36.72776794433594,10.649021514745433,-44.41529846191406,15.383143734080766,50.84794235229492,7.823517828816742,-43.21403121948242,13.46518731421838,40.538055419921875,11.497093026249685,-19.786008834838867,11.218318999364286,20.460098266601562,-3.338324196930551,-35.583885192871094,8.825527341241832,25.552921295166016,2.748410855793759,-34.038848876953125,8.700046366409659,21.569137573242188,-3.4985222702547736,-35.55022430419922,9.272330039040163,4.0,501.1363636363636,132.06100747888073,50.0,132.10879489912142,0.0022172187454998493,0.0007707022224080786,0.00035675003891810775,0.00028594267696656545,39,0.0,6.765908437955659e-07,0.0008219409501180053,7762.087278168734,6479.640090501713,4634.960306056277,547.6183644312317,12201.719775836744,5313.424460516311,2934.4492749445226,1372.5840581907341,0.26540887355804443,0.02355885962235013,0.002333836629986763,0.030454016331969085,19250.68359375,13686.448949119054,4371.240234375,2077.5458066408833,0.3642578125,0.08234563061919954,0.0234375,0.04784345133131979,0
10.0,8.126139602189681,0.0,28.912891387939453,6.413553427325739,-17.641578674316406,8.067214522927964,14.827249526977539,-2.816317284047569,-27.520641326904297,6.840323634777972,23.87122344970703,1.1248076242716711,-33.497703552246094,7.925445976159674,31.811201095581055,7.426029194146395,-11.372695922851562,7.344749385801207,-519.8717041015625,-645.7725006599161,-700.306396484375,35.696364383141265,170.37603759765625,106.4611527073411,29.172096252441406,24.911172891905224,100.72400665283203,48.86068791306627,-14.56096076965332,20.544696869481275,38.427860260009766,11.340056815169527,-50.00550079345703,16.42024263421722,68.036865234375,13.762738284242195,-36.39862060546875,15.129198004123978,46.941009521484375,10.928524762979793,-24.667444229125977,11.923093365980844,30.589298248291016,-1.9618487749637694,-39.376251220703125,10.149551648158758,30.655521392822266,3.5958672436494425,-39.95207977294922,11.108149875818544,28.69921875,-2.88985894654992,-40.244972229003906,11.42263154986511,4.0,501.1363636363636,101.47894124627973,50.0,101.46184258247915,0.0027793992776423693,0.0009054473102667527,0.00025353662203997374,0.0004271642943513786,40,0.0,1.0034383421952953e-06,0.001001304597593844,7843.506192616056,6146.540388414665,3751.478822541501,789.990791893442,11993.445339142494,4726.782849233227,2268.2440516274332,1678.968168669419,0.126803457736969,0.014461434257876889,0.0008722933125682175,0.016769553709355997,19186.083984375,12257.81334967735,2476.318359375,3633.327243586276,0.330078125,0.06643060741734338,0.02001953125,0.048290900601942265,0
10.0,12.937728160848645,0.0,25.101478576660156,1.516946212252442,-27.452129364013672,9.413096267448124,29.667495727539062,-3.7969891496538564,-35.78910827636719,10.582986426862488,26.565723419189453,-1.0066666375422146,-34.65203857421875,9.481392611321676,35.78021240234375,5.154357487867368,-17.887622833251953,7.459105200918756,-237.84910583496094,-613.3940267717755,-700.2132568359375,76.56113898491746,210.20504760742188,84.5029895521372,-16.594213485717773,30.085254445422976,65.56144714355469,31.35454013914717,-66.41590881347656,21.2390958877417,69.37521362304688,19.78044574968776,-35.665252685546875,14.448418746128642,75.99197387695312,13.780871596502836,-30.622907638549805,15.115879911557268,35.604801177978516,7.269827812823646,-47.305152893066406,12.267306050397309,23.852420806884766,-5.8994463430825625,-69.05635833740234,14.812082576802752,45.92920684814453,6.347395099932868,-31.808252334594727,10.655911590061732,44.58282470703125,0.9579125388315824,-48.55863952636719,11.710166113873745,4.0,501.1363636363636,197.94126485784395,50.0,151.6334902278951,0.03615330904722214,0.00229296230513461,0.00022623900440521538,0.005076207421825633,41,0.0,3.1050294637680054e-05,0.005572196561843157,7725.207641800287,6015.429559523201,2487.7013911551785,888.3750473534353,11620.463777949744,5203.896831445141,1603.5306408736153,1679.661537556901,0.3709123134613037,0.028809262368115117,0.00017771591956261545,0.043056192870340265,18798.486328125,12483.961943517981,1550.390625,3535.641058958114,0.310546875,0.0753522195838167,0.0009765625,0.04902258574815174,0
10.0,14.017113533935817,0.0,26.757545471191406,3.275225809995699,-25.287513732910156,8.907136663221571,14.965768814086914,-6.377432544181975,-34.96397018432617,8.343521069351883,27.462081909179688,-0.8714399127691569,-29.630756378173828,8.997877676965947,34.77855682373047,6.09275869945639,-20.357019424438477,8.163763621483238,-407.0332946777344,-639.9191447034513,-725.3599853515625,67.51598648097708,209.2649688720703,100.61267923368379,-51.035011291503906,28.92050685995476,71.58120727539062,38.26869419230939,-37.43838882446289,20.7212502345091,73.03886413574219,11.598311931508531,-45.83098602294922,15.266528910156794,86.12825012207031,13.467917248036219,-44.03909683227539,18.02205118823279,37.66778564453125,12.890171266210604,-33.06520080566406,10.652066949639774,31.702064514160156,3.3942757903872676,-40.933067321777344,10.799942462022074,42.714508056640625,9.205357990389702,-37.25372314453125,11.995298907177549,48.436439514160156,0.6148421416305472,-36.48542785644531,12.209706619185742,4.0,501.1363636363636,163.76456837313728,50.0,145.86829722999536,0.018101433292031288,0.0018619766381618905,0.00034702871926128864,0.0028334200300694683,42,0.0,1.1504425856401213e-05,0.003391693811863661,7632.60226503868,5930.5356333228465,2482.5783905689773,986.5551016202202,11450.844900934353,4413.688316365004,1021.8829965232596,1470.8429956545283,0.5331649780273438,0.014131530952645313,4.218295362079516e-05,0.034567347404936985,18281.689453125,11582.640015498115,301.46484375,4149.985659898659,0.20947265625,0.05265167307134571,0.0,0.034233374365771146,0
10.0,7.9699649860487725,0.0,34.42995834350586,4.521720316494424,-26.227100372314453,9.055055328205928,21.001720428466797,-3.485116256742356,-27.903270721435547,8.071173420682857,33.533485412597656,-0.08331798532169546,-37.84731674194336,9.833282890076214,29.959598541259766,0.8582021143728232,-31.164154052734375,8.651310665242718,-312.2313232421875,-573.9149447837175,-673.9354858398438,68.1488623351598,204.82159423828125,86.78736407629575,-33.777244567871094,35.136008969342214,79.23775482177734,30.452564555421265,-45.462196350097656,21.961113856555453,100.46879577636719,8.362692416751468,-38.68454360961914,15.845642855650992,77.22079467773438,8.729866421252074,-42.031578063964844,15.42959514049027,41.93754196166992,9.478958560633549,-30.788782119750977,11.39196881174913,24.11543083190918,-4.918358654708638,-46.39527130126953,10.552187117890382,44.37427520751953,8.473776102109257,-33.03273010253906,11.491886048653221,36.17128372192383,-1.5310262051819372,-41.18312072753906,11.340778267709648,4.0,501.1363636363636,153.94174673254108,50.0,107.64852286630168,0.03545941412448883,0.0022224174045877673,0.00035685900365933776,0.0041433463253683816,43,0.0,2.2124497263575904e-05,0.004703577607870102,7603.926101075859,6069.908119838309,2589.800497904701,843.918394709059,12480.495507844094,5821.918165251245,1424.0467935294675,2070.6307811798642,0.45994919538497925,0.04754592507308227,0.00029635854298248887,0.061521823872427446,19056.884765625,13169.901879259716,2217.919921875,3446.722459048195,0.56982421875,0.11479934019721577,0.00927734375,0.08842178303867618,0
10.0,10.272058365310727,0.0,30.933361053466797,-2.8681893871628232,-29.519351959228516,9.776540975568391,21.571889877319336,-4.8109629254598,-27.589218139648438,8.171833604937074,29.19375991821289,3.441051707946611,-16.846572875976562,8.056508142687411,22.384235382080078,-0.4617400096422558,-31.800655364990234,7.913379134606947,-548.2249755859375,-674.2207035498387,-725.9478759765625,37.4819823175318,180.88577270507812,105.80038639840836,5.6119256019592285,24.75114459701721,91.4296646118164,41.52758173381785,-20.097145080566406,18.517463709060152,50.0312385559082,5.886838877966882,-43.958984375,14.872929966221248,70.72727966308594,14.664428507922144,-35.53789520263672,15.985761175987557,45.80999755859375,9.793989193308105,-30.23950958251953,13.681103847855498,26.201351165771484,3.920791931951682,-34.03455352783203,11.559169357624706,45.956539154052734,10.037125379400297,-44.82874298095703,11.595270691885117,38.93144989013672,-0.6577717445859914,-45.35356903076172,12.125205067068336,4.0,501.1363636363636,142.63609141166327,50.0,104.19586080282625,0.003028522478416562,0.0007850652510419666,0.00027646441594697535,0.0005091610028207333,44,0.0,8.764591257204302e-07,0.0009356840746477246,8324.31866680976,6164.901731435211,3053.8089929395155,910.3854176114137,12957.35836641921,4634.130258157566,1901.2344157718492,1397.8761573217048,0.25403738021850586,0.012256132831748114,0.0004416030424181372,0.014806595141488025,18927.685546875,12286.790745994054,1722.65625,4018.964478229947,0.1318359375,0.05772311394286543,0.00244140625,0.02367481263040656,0
10.0,9.314575366994376,0.0,32.23331069946289,4.521769626152523,-18.65166473388672,7.340608253794734,22.106870651245117,-2.2367005568092773,-30.263004302978516,7.912446183749156,22.24032211303711,0.07830773567966684,-23.493492126464844,8.10287756473748,23.820640563964844,-1.0005526640203948,-30.016027450561523,7.426912659673284,-557.440185546875,-661.5670243902715,-726.88134765625,35.63093660192287,152.923828125,103.24839500374141,68.33944702148438,19.210945509277433,69.63131713867188,32.7664277598331,-29.21328353881836,22.203356475694296,42.41932678222656,9.472864371303062,-48.54206085205078,15.517327654498793,92.88273620605469,24.885684665007272,-17.624080657958984,17.03783004349558,53.4135627746582,11.58906109149626,-35.13178634643555,12.26533828216018,22.548908233642578,-0.673047165885533,-54.29995346069336,12.33195310223415,37.26036071777344,6.430279337431536,-38.022682189941406,13.486948751723007,48.444297790527344,0.768840166011916,-43.00125503540039,13.576657949742481,4.0,501.1363636363636,134.10367522912676,50.0,131.57527605320058,0.00211542216129601,0.0007527298547906623,0.0003181558276992291,0.0003357834665479876,45,0.0,6.803204541938612e-07,0.000824309594463557,7763.7176184268765,6122.972841608005,3864.5192867031465,823.9955308410385,8737.772945748851,4598.401461409272,2487.2016116127306,1003.4441527408675,0.07125475257635117,0.011589383769925174,0.0016255076043307781,0.008030910341997193,18217.08984375,12203.230926442866,2368.65234375,3635.6065248159443,0.15087890625,0.06283194061774942,0.00732421875,0.023492461775315675,0
10.0,12.618888238709827,0.0,30.40436553955078,4.5852300286241165,-24.507915496826172,9.704888552149347,22.596832275390625,-0.2445452075512116,-30.035484313964844,9.567936122803053,28.73776626586914,3.047009307212626,-34.36537170410156,8.328838004350274,32.33531188964844,3.1512334659099235,-34.09192657470703,9.27440853970848,-346.983642578125,-656.281714136252,-721.0985107421875,63.906794774472246,151.09689331054688,83.33912433161812,-36.95140838623047,25.378506115945697,85.61690521240234,41.02289318180969,-19.573244094848633,19.170176078085078,83.5030517578125,16.356653654934913,-35.00769805908203,14.868670356214375,65.00262451171875,14.792754200453547,-26.86444091796875,14.602316202602653,58.669349670410156,12.638883947444487,-20.8228759765625,11.372858065790552,17.822742462158203,-2.5766410908020014,-48.86589813232422,11.51637643994343,32.473655700683594,6.192972952608028,-34.724456787109375,12.41689873345228,50.935489654541016,5.051357834226087,-25.968734741210938,10.259555845930597,4.0,501.1363636363636,134.50322396605512,50.0,106.15233317322429,0.023682832717895508,0.0012879997647214539,0.0002482577401679009,0.0028813592338345654,46,0.0,1.0071102224173956e-05,0.003173382021486759,8029.411233327583,6421.4086493825125,3467.7849902364574,774.1058336518788,12025.596621928546,5641.488000561103,1490.2413197313317,1649.363899914112,0.523604154586792,0.028822242597163872,9.026689804159105e-05,0.05132658439923833,19573.681640625,13991.311142782048,645.99609375,2846.6816369257103,0.3935546875,0.0787792515588747,0.001953125,0.052207691709680155,0
10.0,13.514688896781605,0.0,12.657694816589355,-11.384889476282172,-47.43312072753906,12.183115386100113,19.042823791503906,-10.535758727977782,-40.51027297973633,13.848351427151398,31.48177719116211,1.4892387573635357,-29.098886489868164,12.224550206634643,38.58965301513672,9.064566372623645,-22.115001678466797,10.689864522148023,-297.8240051269531,-504.18834022468866,-624.3196411132812,83.02509921140083,186.72344970703125,131.09784512619407,43.317806243896484,33.93878922142799,68.3248519897461,22.6475827899392,-73.82217407226562,28.966888414629615,39.213462829589844,-8.069007129652594,-51.657535552978516,19.11865197441619,73.34162902832031,-4.848166673191393,-74.71063232421875,25.00192215504496,57.42009735107422,1.2058609821023354,-56.36558532714844,19.516001614053078,53.40802764892578,0.7553417272131087,-35.947628021240234,14.85304645940553,28.89431381225586,-9.683568293457794,-69.68183898925781,18.110067935966242,49.634056091308594,-13.448884084587377,-67.76350402832031,19.312693346336353,4.0,501.1363636363636,211.969619108998,50.0,152.81889706431153,0.05744728818535805,0.013031918127381453,0.0006220157374627888,0.014719483037905075,47,0.0,0.00038680844590999186,0.01966743916273117,7928.542591965321,4878.054348037334,2297.585668034268,1687.977004102991,8803.887814739359,3452.5054527554034,1207.876925159488,1877.312329814738,0.09199388325214386,0.010165310083588182,6.042722816346213e-05,0.015403404293242523,18712.353515625,7799.516023781903,689.0625,6226.389943096494,0.1494140625,0.05749596686484919,0.00390625,0.03206500581896198,0
10.0,9.404737466686742,0.0,24.70970916748047,2.176453658777209,-27.020830154418945,7.776784730845258,16.215801239013672,-1.4316338956044887,-31.690166473388672,7.059790400244057,37.48478317260742,7.5182216119911445,-14.992427825927734,7.189548220806282,30.033594131469727,6.313081860032339,-17.3287353515625,6.3255655613350585,-526.7495727539062,-693.8984324727423,-730.8385009765625,24.048328143351753,144.88665771484375,92.85165337564774,44.908287048339844,18.87093141221404,76.88517761230469,49.133740472129766,-22.861698150634766,12.44375099512353,37.59504699707031,19.785109713604445,-29.264652252197266,10.298217969469565,49.938594818115234,15.223684593412827,-27.379199981689453,13.427901381840721,30.058727264404297,4.229569916399477,-34.0808219909668,10.844223887541114,26.83661651611328,0.7720342402080649,-24.50054168701172,7.902165870319327,39.33736801147461,11.13711360892121,-29.003185272216797,8.333670672683086,22.320152282714844,1.6264242564528972,-26.934947967529297,7.558060427295218,4.0,501.1363636363636,136.92208094225796,50.0,143.30477452033864,0.0015908477362245321,0.0006518360428439708,0.0002891363692469895,0.00020630721109820766,48,0.0,4.6814130882921745e-07,0.0006835864624008536,7146.187403700715,6436.663098552057,4485.442359377584,483.84234823913414,8378.496645779484,4804.721399265433,2253.224136140354,965.1055474422071,0.07894643396139145,0.009868975233985111,0.0007770394440740347,0.008307519353940427,16343.701171875,13478.461189004496,3466.845703125,1978.577317197849,0.16650390625,0.05107523836281903,0.0,0.0227676488598631,0
10.0,6.959417504990299,0.0,32.431434631347656,4.713184724447346,-21.836334228515625,8.450934003328584,17.399702072143555,-0.6238845680038642,-25.872432708740234,7.7386676218760355,26.75229263305664,5.976855968775578,-16.43807601928711,6.48260694695742,33.95811462402344,6.613900191995494,-21.864131927490234,6.948195386044582,-275.23687744140625,-604.5799398754147,-687.2203979492188,60.81175287627707,178.46640014648438,81.91232652453978,-86.94845581054688,36.32727563055245,107.06459045410156,31.427702413288458,-45.27168655395508,19.930712281404155,74.33547973632812,16.767252361587747,-28.638118743896484,11.951198071571362,52.182640075683594,13.143629396839927,-30.465557098388672,11.298953234921814,42.03202438354492,14.531293507553032,-22.086706161499023,9.355149780987615,22.13277816772461,-1.9262866462881216,-45.70417404174805,8.634518268303822,29.818180084228516,8.529294583756313,-21.67141342163086,7.835670485652809,23.57657241821289,0.7461955445557141,-24.865089416503906,7.743785659405883,4.0,501.1363636363636,104.38690430985915,50.0,110.79837285802908,0.020809244364500046,0.001423811334862726,0.00037581787910312414,0.0017628576115764176,49,0.0,5.1400752454355825e-06,0.0022669914178550243,7717.248274632259,6074.058046658297,3200.27048761461,773.541417066036,14169.7392393673,5587.960695826574,1501.3098688963858,2134.438306198879,0.4441259503364563,0.03756977441024333,0.00030199988395906985,0.06878404036414856,19573.681640625,13080.52159993112,1593.45703125,3068.4367865353915,0.46630859375,0.08210828741299304,0.00146484375,0.07583130906737569,0
10.0,6.212506377936642,0.0,30.80525016784668,7.7487910584721655,-18.398876190185547,7.339601372225609,18.864227294921875,0.018798586491089134,-29.86984634399414,7.0864616719433835,24.60443115234375,1.7924852308292123,-24.20583724975586,8.14495080648815,20.554977416992188,2.7285800381907177,-16.503238677978516,6.066326698354495,-380.6817321777344,-600.2991649158593,-688.5792236328125,40.304842458711704,165.17457580566406,82.48219831056218,-25.06144142150879,35.47315054887691,90.25334167480469,41.52530025355431,-25.491683959960938,18.681546166105964,51.36542510986328,15.549875338157756,-32.980995178222656,12.491355937991884,52.93055725097656,7.4999589214572495,-34.25796127319336,11.580991459220852,38.73973083496094,14.513303935493228,-18.25507926940918,9.691233145823192,26.651630401611328,1.8906253755714943,-29.722431182861328,8.088414423334982,34.31214141845703,5.397178081030636,-37.62177276611328,10.104197555356373,23.83209228515625,-4.599853862202327,-33.28887176513672,8.38922443857902,4.0,501.1363636363636,103.19111417171837,50.0,109.23680470494706,0.0050049275159835815,0.0010598837981757377,0.0004430548578966409,0.0004289268127555987,50,0.0,1.3087277466183878e-06,0.0011436032364144921,7211.948208577809,6206.714729114524,4388.350504395659,582.2947379834094,12848.67979107736,5946.222320506204,2435.4945270347457,2200.2546388443993,0.30746546387672424,0.043342566420162085,0.001466088928282261,0.052684963767302,18992.28515625,13546.158382123695,2605.517578125,2916.588411037063,0.5244140625,0.10514020809164733,0.0068359375,0.09240426760228615,0
10.0,5.639189052380282,0.0,27.767709732055664,5.959266054623365,-21.74529266357422,7.635473902313042,20.504379272460938,-0.7475520201295338,-28.07845687866211,7.75747170274234,37.51546859741211,6.252379909183683,-20.043270111083984,7.950921293447079,27.346969604492188,8.843119238954893,-32.89234161376953,6.246714995641164,-392.5714111328125,-659.3671513887126,-715.1483154296875,47.87175062201494,149.750244140625,88.58726773972855,-28.679170608520508,25.602456094775814,77.79508972167969,37.57548165406055,-30.67599105834961,15.20311675733003,46.664825439453125,14.891348650985831,-32.78822708129883,11.122608300297623,65.83494567871094,14.435574702538222,-37.388084411621094,11.910821181423886,35.0728874206543,9.559161589742398,-33.403663635253906,10.41709115454711,30.546287536621094,0.8144626686146392,-41.417388916015625,9.453142532901968,31.997602462768555,7.902579673084056,-32.581871032714844,8.927060534302363,47.10094451904297,4.343448931450703,-19.42409896850586,8.12947623126532,4.0,501.1363636363636,112.84310839788216,50.0,132.12329909920143,0.003326123347505927,0.000767274778178275,0.0002614233235362917,0.00035391088536936786,51,0.0,7.148954637159477e-07,0.0008449527085758746,8423.104976914985,6336.036811051354,4044.2427966833557,550.3173078810198,11196.319628020583,5231.123034919735,2441.026466304578,1606.622776074948,0.29750823974609375,0.023693129593755493,0.0006126579828560352,0.0381239649889361,19789.013671875,13438.567308040892,3466.845703125,2544.500532971182,0.39306640625,0.0691744988036543,0.00439453125,0.057781490065303705,0
10.0,8.61700320777459,0.0,28.053321838378906,3.1185885384125664,-19.592004776000977,8.301994785464425,15.622692108154297,-4.812682945069505,-31.14336395263672,8.424340573731403,33.36461639404297,3.9685152863387856,-20.842130661010742,8.916524441845334,27.56447982788086,7.193556341936859,-15.332523345947266,6.950558113256567,-472.51849365234375,-631.5526301479118,-708.427001953125,45.79782880714242,162.1577606201172,94.99521714739346,11.126404762268066,30.408197946083195,75.48149871826172,31.19414556150923,-34.919822692871094,19.50163445507959,47.280738830566406,10.650372974055964,-40.841339111328125,13.228706074555484,88.76301574707031,17.13063688967766,-28.981287002563477,17.867604792565473,45.53570556640625,9.468143274795843,-36.28776550292969,13.344816360231869,22.027170181274414,-3.5637297330903897,-48.722808837890625,10.13544982948885,41.75224304199219,7.444685093747353,-38.71076965332031,12.774263893340521,38.35836410522461,2.464027725211982,-35.136966705322266,11.394142556074616,4.0,501.1363636363636,145.66887270342446,50.0,154.01839955408877,0.00453883595764637,0.001091001243419673,0.0003546059306245297,0.0006056731605691488,52,0.0,1.559087081659527e-06,0.0012482620077207685,7591.06889101029,5980.9074448270585,3380.8054119667436,889.7125998747341,11004.96730450487,4955.405370724128,1733.6651740265497,1919.0119536457946,0.34504133462905884,0.02150225716969795,0.0001389051612932235,0.03375041719117544,18475.48828125,11840.988491969983,1701.123046875,4275.171570920185,0.390625,0.0710471876812645,0.0,0.05309688917568889,0
10.0,7.076327973428602,0.0,24.573368072509766,3.5046605264072213,-22.149188995361328,8.257156832249189,26.7041072845459,-0.455274593923457,-27.02988624572754,7.917473621705599,39.34427261352539,8.249443113575085,-16.52573013305664,9.15003404182245,32.51088333129883,8.786635216023004,-10.422343254089355,7.207993067111108,-551.9292602539062,-671.4915713423089,-710.6200561523438,24.93100853333845,171.19598388671875,110.92447314959391,37.182952880859375,18.18806419703379,70.4222412109375,35.3406709220148,-23.749225616455078,15.310398302044758,40.23292541503906,7.941144173217207,-34.689517974853516,10.088163112514783,67.80322265625,17.939747148212867,-17.03938865661621,13.58786992980414,40.52179718017578,7.916531395123895,-21.122203826904297,9.891915701420274,19.719240188598633,-3.771338497973512,-37.32154083251953,9.330983170666284,40.173912048339844,6.6806592229070905,-32.01857376098633,10.913426737000693,45.62892150878906,5.002699585493196,-25.254175186157227,10.081673901866404,4.0,501.1363636363636,116.94908888519868,50.0,123.8162924547766,0.0026985490694642067,0.000749087471547623,0.0002785210672300309,0.0002796802988111734,53,0.0,6.403070642591047e-07,0.0007996566710062325,7878.5716522470475,5948.869670262148,3308.916285274542,617.0550615175932,10081.975679348607,4092.7389689274955,1960.4815712037048,881.3014219240521,0.1872195601463318,0.008237507061591466,0.0006330718169920146,0.008966180230169546,19509.08203125,11415.870103592662,2562.451171875,2962.0018655590893,0.13232421875,0.046357829720127613,0.0029296875,0.020928775579846706,0
10.0,10.110221095696053,0.0,17.591766357421875,-2.6349897156804456,-26.621109008789062,7.4890592319263725,21.082422256469727,-7.628951245525597,-38.77972412109375,8.685609236567515,27.5566463470459,3.2644206462492797,-15.948853492736816,7.534446740828818,29.654964447021484,2.8165438208737674,-26.704986572265625,8.0385248847892,-514.7056884765625,-661.6123796007196,-701.5076293945312,27.172336101010167,151.902099609375,99.69949253038298,-1.342658281326294,18.510969041380434,82.91694641113281,52.74891584682907,-27.534015655517578,14.789942271382861,43.09474182128906,17.047454837787456,-24.748315811157227,11.832852904554787,59.49455261230469,15.960920294586854,-21.535175323486328,12.007993778350281,38.64460372924805,11.450725137167492,-20.15145492553711,10.777385174866808,15.775715827941895,-2.6894401850788197,-34.088478088378906,8.657924830709412,31.27666664123535,10.590925986504748,-12.405143737792969,6.964814445086535,23.771984100341797,-6.515108365971776,-28.779401779174805,8.363017974139881,4.0,501.1363636363636,128.9632839229187,50.0,137.38566873246936,0.0019296862883493304,0.0007177731573590879,0.0003692271711770445,0.00020551913889933266,54,0.0,5.581338200499886e-07,0.0007464605150744319,7599.75086468557,6338.753694762649,4711.520595658806,432.3073954061399,10496.1357585505,4901.409991478081,2818.2924679862235,1068.000909220502,0.23498684167861938,0.014902344029969395,0.0023855571635067463,0.01812642214016719,17635.693359375,13420.581337913283,6869.091796875,1416.0698542096504,0.3515625,0.06479526174593968,0.017578125,0.03177305443853794,0
10.0,13.18694291340916,0.0,28.953933715820312,1.3205301709075539,-29.506153106689453,10.521008097729617,18.732521057128906,-9.147824458704436,-40.9758415222168,9.767033820545091,27.0355224609375,3.5107635725764967,-34.762535095214844,8.52454826612942,41.437984466552734,8.563091812685581,-18.69924545288086,9.186153141741825,-314.9728698730469,-624.4500859873477,-719.5924682617188,60.78595368699773,162.2996063232422,91.68875066531507,-49.525550842285156,26.316883167015906,88.75341033935547,45.831943262895685,-25.90721893310547,18.166467978527468,91.453857421875,22.433741238530025,-36.63978576660156,14.93512821961863,83.23802185058594,12.348752632132124,-31.465574264526367,16.24866560079775,54.99810791015625,4.9833829415024296,-39.06187438964844,13.631812084065608,19.48619842529297,-6.246746020344045,-47.1517448425293,12.101394498623408,41.242523193359375,12.409847486582683,-26.60176658630371,9.199755951061736,42.209617614746094,1.2655894253273299,-24.351055145263672,9.828336083445214,4.0,501.1363636363636,135.11326854411578,50.0,132.65993972561944,0.0350274033844471,0.0017670977869062422,0.000341886596288532,0.00413758233857832,55,0.0,2.026429501711391e-05,0.004501489456743002,7323.097739209818,6117.667256626985,3449.2327509537827,716.4361460911368,12267.34793666358,5042.448303790022,1278.1966796131946,1576.5271202346191,0.24552428722381592,0.02121311080178696,5.308375330059789e-05,0.033433284434648984,19013.818359375,12715.231542742169,473.73046875,2789.2177336362843,0.4365234375,0.07347613199680975,0.0078125,0.0484522456079357,0
10.0,11.137126149762919,0.0,31.833271026611328,3.9126627584335907,-23.34387969970703,8.25097425240613,18.889244079589844,-7.617808401999507,-37.31139373779297,8.360223226349556,28.23342514038086,1.7458932774871796,-40.08917999267578,8.421975781515995,26.55893325805664,2.855516106940443,-28.298992156982422,7.412082649251849,-417.3377990722656,-658.1722184820684,-702.751220703125,44.166448688483484,187.82688903808594,98.34829886274935,8.215633392333984,19.063535696377272,91.11795043945312,58.840840279295385,0.07479757070541382,14.470436515235715,66.79684448242188,28.13705649321981,-22.24140167236328,12.784607788399278,68.0562973022461,17.294006878142774,-37.1948127746582,15.961498820198354,34.820716857910156,7.000557707851696,-41.97843933105469,11.204174153305448,35.57627868652344,-2.8058387961912805,-47.80904006958008,10.649500358526515,39.485321044921875,14.086869568462438,-15.99608039855957,8.424438825573565,43.08625030517578,-1.1569093241336865,-27.255634307861328,9.41597374806881,4.0,501.1363636363636,108.95971904827068,50.0,120.78333976908162,0.013672657310962677,0.0011667744803856605,0.0004216028028167784,0.0013555177810529648,56,0.0,3.202219431841513e-06,0.0017892427276819944,7234.7354681652005,6202.147594647413,3210.8838723053177,576.0936827423099,9873.62955807705,4536.0344525689625,1455.0530762841986,1014.6223909846162,0.2241102010011673,0.009385797643747447,0.0002706173399928957,0.013655021539373348,17571.09375,12825.645414914443,495.263671875,2166.1461692718544,0.1884765625,0.05282444079901392,0.005859375,0.024978108965260735,0
10.0,-0.22314123612378808,0.0,31.84607696533203,3.6470719299380714,-26.842424392700195,8.963266858371911,24.950408935546875,-1.430235971193199,-29.123477935791016,7.101646470360543,29.047687530517578,4.258709485389794,-21.41924285888672,8.43880072311216,30.88446807861328,4.611385954245752,-20.61459732055664,6.768956057390696,-213.5736541748047,-589.6057896625139,-686.4872436523438,72.10474889407351,186.9039764404297,80.46404335241583,-45.09506607055664,31.83893712690799,87.52972412109375,43.86476085433551,-10.118729591369629,17.983388992582938,71.44766998291016,17.820478140166905,-34.4300537109375,13.095908918715898,54.179290771484375,11.443787857215947,-31.00215721130371,12.28531815517526,44.67868423461914,8.698237100836502,-33.177337646484375,10.334465902633278,24.650672912597656,-3.9686814956280583,-39.42779541015625,9.84917198414702,40.24385452270508,10.762683238669918,-24.976375579833984,8.95586042981271,30.168682098388672,-4.392530898137878,-39.310203552246094,9.773305734135,4.0,501.1363636363636,100.04316013850543,50.0,103.40617396819486,0.018188152462244034,0.0015161248636575148,0.0003622701042331755,0.0024336573979821196,57,0.0,8.2281567301834e-06,0.002868334064260125,7733.857018417326,6385.775531408692,3385.3017410854877,611.3733429635911,14023.293104906004,6229.241902207632,1561.7209559485268,1883.0173745425282,0.3974388539791107,0.05697762075382968,0.0006384478183463216,0.07363790787441475,19143.017578125,14247.486314530162,1270.458984375,2583.364533233335,0.5830078125,0.1231856556337007,0.01318359375,0.09284901214939915,0
10.0,13.358510538061955,0.0,28.430252075195312,2.1419719868099745,-19.912094116210938,7.19720012341671,15.214336395263672,-4.650193830774859,-26.369979858398438,6.266347848066297,19.107139587402344,-1.8403761168021338,-27.14008331298828,7.6775874874282275,27.950672149658203,5.3010402131229295,-19.189376831054688,7.793182663926796,-518.3013305664062,-633.0007383696164,-692.181640625,30.62177488436146,148.06369018554688,90.7916482717421,46.46563720703125,17.38422750385245,98.55723571777344,45.61938861005544,1.4784008264541626,16.808533319326433,66.25906372070312,26.029580240044957,-17.587501525878906,11.678227910282095,52.75168228149414,13.272841669186915,-35.17193603515625,10.97171940991106,41.8380241394043,10.424719174982432,-28.287277221679688,12.214361629117697,29.030990600585938,4.1277068188357795,-19.348281860351562,8.56255808155512,31.23393440246582,10.012907735424294,-24.506004333496094,7.54836159846385,17.35091781616211,-7.764702023281402,-33.155029296875,9.559154841388446,4.0,501.1363636363636,133.2732934187095,50.0,142.78022532679705,0.01066785492002964,0.001152803496993255,0.0004290792567189783,0.0010837638825728013,58,0.0,2.5059739527932834e-06,0.0015827229944989085,7480.671738304631,6207.083960466677,2901.6981875856004,564.1481803369867,9809.063653954177,4950.843156091401,777.7611458776618,1201.9851834178444,0.13377711176872253,0.018503352005514527,4.796479333890602e-05,0.01876574119399509,18453.955078125,12945.077252664589,387.59765625,2403.015247226817,0.19873046875,0.0640634063225058,0.00390625,0.03589179060266345,1
10.0,10.832513569170723,0.0,21.003917694091797,3.2846304215750117,-24.36986541748047,7.238476162153917,11.299424171447754,-8.932006833033329,-33.071189880371094,7.1275912451567915,16.697965621948242,-0.9015915380172829,-17.88760757446289,5.735919663128361,29.877368927001953,6.277069311718653,-10.091826438903809,6.730132955017713,-554.1099243164062,-658.7806755473055,-717.9171142578125,23.220892694853493,140.2950439453125,94.81570628845498,52.915122985839844,15.180186568247246,77.13565826416016,55.88899898418418,10.09211254119873,10.577037109631986,61.82141876220703,22.77121397201188,-29.074939727783203,10.871452937258887,55.92010498046875,8.397117655853938,-33.15058135986328,10.638372747200393,24.058609008789062,4.995048504538851,-24.599721908569336,8.130880416232731,19.648977279663086,-2.0311944585708415,-34.06069564819336,7.107927193662018,26.589935302734375,7.909200386716844,-14.703311920166016,6.257558916194941,27.8212890625,-2.037586581705272,-27.782155990600586,6.900432633634495,4.0,501.1363636363636,108.32010484775869,50.0,117.23091636034754,0.002263028174638748,0.0006986834841354679,0.0003375010273884982,0.00020336388991553818,59,0.0,5.304095793690067e-07,0.0007277016411535442,7320.613980709657,6498.720260994073,5022.110072017325,375.5315129885883,8689.00571638602,5179.959577479731,2872.2823523094576,861.1805131215399,0.12092389911413193,0.016563011493518725,0.0029959939420223236,0.012406980665463028,17807.958984375,13798.761340360354,7622.75390625,1081.0067174959768,0.1875,0.06846586789443156,0.009765625,0.024082734186838203,1
10.0,7.983199342763754,0.0,32.182865142822266,-3.6294338695722224,-27.65334129333496,9.017809672673696,28.963708877563477,-6.963566973649847,-40.10187530517578,11.512280695490468,39.12060546875,4.998171121547573,-20.988510131835938,9.062507650445538,36.90492248535156,8.02089350023188,-11.382731437683105,8.008122013395267,-384.8832702636719,-610.6457061059514,-691.7398071289062,51.810803292656786,190.459228515625,112.8877981693728,-2.9993209838867188,21.923569024545017,107.34468078613281,30.473594028373054,-50.512454986572266,20.566659103688377,57.841819763183594,8.033343515235698,-27.935871124267578,14.787640132078302,83.07904052734375,16.09749249056016,-46.890869140625,15.985147229795597,63.42515563964844,5.604066853443908,-39.997222900390625,16.495254160574326,22.05556869506836,-5.750880912067304,-54.12278747558594,11.926391737874265,34.839317321777344,8.657079443525687,-27.309843063354492,9.90156535211281,38.75468063354492,1.439198013490148,-27.680505752563477,10.703835990060742,4.0,501.1363636363636,145.4762685382418,50.0,144.1719717148058,0.020419811829924583,0.00145599209233387,0.0004523910756688565,0.0020860476771966275,60,0.0,6.478333943960024e-06,0.002545109484344721,8045.670281362629,5814.264165648766,3001.5208630056795,831.6171925846511,15702.832271668269,4262.656342090007,1451.7444065269117,1299.5221502598097,0.17310602962970734,0.012739766054825772,0.0002056102966889739,0.017468173815558912,20112.01171875,11043.910249148057,1851.85546875,3484.1379839806577,0.2412109375,0.058266340994779585,0.0068359375,0.03110755100407647,1
10.0,13.358510538061955,0.0,28.430252075195312,2.1419719868099745,-19.912094116210938,7.19720012341671,15.214336395263672,-4.650193830774859,-26.369979858398438,6.266347848066297,19.107139587402344,-1.8403761168021338,-27.14008331298828,7.6775874874282275,27.950672149658203,5.3010402131229295,-19.189376831054688,7.793182663926796,-518.3013305664062,-633.0007383696164,-692.181640625,30.62177488436146,148.06369018554688,90.7916482717421,46.46563720703125,17.38422750385245,98.55723571777344,45.61938861005544,1.4784008264541626,16.808533319326433,66.25906372070312,26.029580240044957,-17.587501525878906,11.678227910282095,52.75168228149414,13.272841669186915,-35.17193603515625,10.97171940991106,41.8380241394043,10.424719174982432,-28.287277221679688,12.214361629117697,29.030990600585938,4.1277068188357795,-19.348281860351562,8.56255808155512,31.23393440246582,10.012907735424294,-24.506004333496094,7.54836159846385,17.35091781616211,-7.764702023281402,-33.155029296875,9.559154841388446,4.0,501.1363636363636,133.2732934187095,50.0,142.78022532679705,0.01066785492002964,0.001152803496993255,0.0004290792567189783,0.0010837638825728013,61,0.0,2.5059739527932834e-06,0.0015827229944989085,7480.671738304631,6207.083960466677,2901.6981875856004,564.1481803369867,9809.063653954177,4950.843156091401,777.7611458776618,1201.9851834178444,0.13377711176872253,0.018503352005514527,4.796479333890602e-05,0.01876574119399509,18453.955078125,12945.077252664589,387.59765625,2403.015247226817,0.19873046875,0.0640634063225058,0.00390625,0.03589179060266345,1
10.0,7.824038345941274,0.0,24.874319076538086,-1.6943916021662564,-29.76807403564453,9.470662187770301,17.070449829101562,-12.306605700705969,-43.912498474121094,10.93541194620979,27.867156982421875,1.2781558625590221,-24.984127044677734,10.02284829578089,29.202014923095703,5.584755502788139,-20.899316787719727,7.351356966182913,-320.9333190917969,-636.3947197013554,-739.9476928710938,65.35411507707745,167.77577209472656,95.61118673697425,-2.1162900924682617,28.785004173896883,68.064453125,30.269043039158852,-31.381103515625,21.44734140817111,65.4117660522461,15.001867360511056,-27.927419662475586,13.309277951647845,86.65956115722656,21.259156516958416,-31.04977035522461,17.937029569109985,38.09108352661133,10.576838730953272,-27.618179321289062,11.451596994147199,29.78414535522461,-6.251625679995165,-50.594947814941406,13.220556068285056,44.45074462890625,11.721147022510419,-30.451309204101562,12.02308268096131,45.5634880065918,6.686655347782193,-28.4827823638916,10.53399643198708,4.0,501.1363636363636,146.99828081121294,50.0,123.71369404872563,0.013226127251982689,0.0011052677737794204,0.00031614626641385257,0.001171543234542992,62,0.0,2.5993024337367387e-06,0.001611943356692791,7330.073739087316,5984.2881124337955,3536.0874827140346,889.7187103537659,10484.400846807252,4922.47040562595,2237.0573545350526,1485.9738854396235,0.2726036310195923,0.021451574981049472,0.000730278086848557,0.032960839597676816,17807.958984375,11936.613899815111,2713.18359375,3886.2179570639214,0.30517578125,0.07536071635730858,0.0,0.04268841748997879,1
10.0,16.44857119468158,0.0,39.328861236572266,12.354203353348575,-12.92066478729248,7.674661348964675,25.55465316772461,8.512935845488185,-19.968910217285156,7.752493323450307,28.449443817138672,7.403467730137145,-21.62659454345703,8.08868872241643,51.87890625,11.831525826433419,-16.429847717285156,8.582323999771958,-244.0663604736328,-501.7448476450626,-549.8313598632812,32.009483639785934,193.156982421875,71.52835414249216,18.65069580078125,29.309690038796173,99.6231918334961,46.808099598038226,-8.424402236938477,14.331617193636054,62.269142150878906,33.41846339497931,-26.617198944091797,12.971296074201804,63.24595642089844,29.224601535329686,-28.780160903930664,13.11633774991242,51.75294494628906,24.59638973895953,-14.930328369140625,10.383550397701521,42.51349639892578,17.70399950042782,-18.403284072875977,11.759688717231189,36.610252380371094,13.732054979179548,-33.63348388671875,13.391062079975256,40.26506805419922,13.236532072145534,-21.799434661865234,10.445048488657616,4.0,501.1363636363636,123.65674686851368,50.0,154.19290964393988,0.22165729105472565,0.03510551250338762,0.0020783785730600357,0.026951673584292537,63,0.0,0.0019659108947962523,0.04433843493461609,6365.100309420994,2387.909896190491,618.0590978805751,880.8635213967488,3939.765669905536,641.7357888462784,71.6543426806692,501.6198530753259,0.0037101879715919495,4.262705184555314e-05,6.637559835098727e-08,0.00017804971773387635,14082.71484375,642.0741530416183,21.533203125,1483.1915656040717,0.01953125,0.0026787494562064964,0.0,0.003111420484865378,1
10.0,8.269951664034974,0.0,15.6365966796875,-7.3740461391684216,-35.020538330078125,9.362081812326107,22.821002960205078,-9.367889423294992,-34.31786346435547,9.808468666406275,29.88733673095703,2.0524291081695436,-25.982845306396484,8.392023404545576,35.94856643676758,2.6497785846277067,-35.249298095703125,8.84959832836403,-369.5467834472656,-647.8053507793807,-721.6356201171875,56.58510185844627,164.7061004638672,97.81772629954699,-19.257883071899414,26.799261991794822,65.51219177246094,29.426836476075678,-36.18141174316406,18.77410001671928,47.78667449951172,10.715605632715326,-46.89992904663086,13.640444336319751,91.69503784179688,20.418372158574808,-27.936765670776367,18.02137972166887,43.94922637939453,8.316544122142574,-35.614349365234375,13.37314249236814,37.89873504638672,-1.8807397180489693,-49.15497589111328,14.185716009378222,38.08250427246094,9.391431900851964,-36.396087646484375,11.671686629785139,42.539119720458984,1.8175030488806092,-26.573820114135742,10.664900965305216,4.0,501.1363636363636,202.81833451042428,50.0,146.39275542868964,0.021964503452181816,0.001259323027439517,0.00021795161592308432,0.0023278106508276774,64,0.0,7.010592980805086e-06,0.002647590124979615,7493.969610723011,6031.715812140017,2927.77723644912,880.7500469688297,11450.56528402109,4784.4989691761775,1902.8673624955993,1567.951665373813,0.29796719551086426,0.01851342907815571,0.0005764934467151761,0.030134189283782253,18023.291015625,11921.225903150376,2928.515625,4081.542240475356,0.41455078125,0.06724289896316706,0.00390625,0.04650596816381559,1
10.0,9.105473086118383,0.0,20.11733627319336,1.2829350611657389,-25.12670135498047,7.860661559411725,20.432266235351562,-1.9549205270865955,-29.595211029052734,8.295625774758292,30.68553352355957,5.754521123166012,-16.331785202026367,7.690996985505573,29.239131927490234,8.243255227942479,-11.878600120544434,6.617135889004897,-607.62890625,-678.8873867380094,-736.017333984375,24.579987525306638,154.32211303710938,100.70550318937013,59.37024688720703,19.262616080529693,80.94651794433594,50.3056057750349,-1.9783059358596802,10.946312486354714,40.13357925415039,13.438665272948914,-26.26214027404785,12.025472372557035,66.14217376708984,8.877893814613952,-35.796485900878906,13.513768562171514,30.339675903320312,5.647352809350065,-33.464012145996094,10.702194412278558,17.626453399658203,-1.8374529861242201,-40.68573760986328,8.187013323030028,34.143821716308594,9.21137300906422,-27.711944580078125,8.080683389835848,27.77021598815918,1.9217963311605137,-25.61658477783203,7.37005462781976,4.0,501.1363636363636,105.56122967171858,50.0,120.01200832215278,0.0018662865040823817,0.0007033930930242551,0.0002599842846393585,0.00022541641287010994,65,0.0,5.463056140797562e-07,0.0007384945056401193,7264.078808579746,6330.399345553872,4509.126236805104,526.1929180114084,8399.536096037138,4700.201444066559,2474.2867218321317,1076.967822750889,0.08975081890821457,0.0112465629299423,0.000742373347748071,0.010608901217807727,17097.36328125,12999.384890244344,3660.64453125,2234.148366768328,0.19677734375,0.05170569895591647,0.0009765625,0.025860357296569988,1
10.0,8.912589881021884,0.0,24.69971466064453,1.7493160077070347,-27.207378387451172,9.322776167783614,25.83318328857422,-0.8684053600456765,-31.54037857055664,7.365887725144185,27.74869728088379,5.860996842660926,-18.260677337646484,8.430215433169836,22.22747802734375,5.218470142138668,-26.362380981445312,7.975428985432878,-527.1868896484375,-643.088670699613,-713.9569091796875,35.33189765015213,159.0999755859375,90.69100209233932,-15.715991973876953,28.01415467999653,74.62855529785156,36.63946260957873,-25.12488555908203,15.981492771533999,34.55659866333008,8.342750998053985,-52.45423889160156,13.41898976748149,64.25105285644531,14.142034375024506,-26.346023559570312,12.75221253416215,52.06229019165039,16.8279076636166,-37.94654083251953,12.75877573544667,19.145509719848633,-1.2411210411541562,-31.211183547973633,8.606164059089716,34.07278823852539,6.997155402694114,-28.880409240722656,10.143245052775113,30.05755615234375,-1.1252087807226623,-40.432273864746094,11.780083005475074,4.0,501.1363636363636,150.19084421029922,50.0,155.35928129627555,0.00340746040455997,0.000926684524364669,0.00023307242372538894,0.0004721114785928279,66,0.0,1.083691927306063e-06,0.0010405394714325666,7298.225460148496,6209.609155214669,3825.522626692713,649.5135260914238,11803.229088761047,5226.401455242065,1940.4665960742652,1735.8010297287153,0.2965993881225586,0.021418417592214477,0.00032402941724285483,0.02905482141016896,19207.6171875,12945.45196037558,2713.18359375,3067.086146193629,0.2783203125,0.07152357344837587,0.0,0.044979834752466356,1
10.0,8.895660598208305,0.0,57.0670051574707,3.02838450862125,-26.606548309326172,10.4762898897756,22.157533645629883,1.2609416240147744,-41.08872604370117,9.216748385286966,35.02692794799805,8.290248997388472,-19.871387481689453,8.67461577152537,30.84576416015625,6.659375968879724,-24.065153121948242,8.786582459908256,-326.3623962402344,-628.0018922314566,-698.7803955078125,80.86953496781807,181.66549682617188,98.85096516852589,-58.83038330078125,28.46959148745042,73.16171264648438,30.0770258082038,-22.009273529052734,16.168530518428756,87.36250305175781,12.062008703996161,-31.77320098876953,16.4026056778972,46.29369354248047,11.978415401985226,-33.98801040649414,11.6282717623139,55.38072967529297,12.585481755759593,-26.934022903442383,9.573487082803128,33.549137115478516,7.26182769830155,-23.339618682861328,8.924714654754993,30.555652618408203,2.2567542807270367,-37.96666717529297,13.202205490145031,22.401456832885742,-2.106659033355193,-48.921592712402344,12.623047990548207,4.0,501.1363636363636,130.30692384359753,50.0,143.4147506821555,0.03728668764233589,0.002281613772692593,0.00030969755607657135,0.0053102886649975005,67,0.0,3.343168646097183e-05,0.0057819378562271595,7568.5827880595525,5955.595839111794,2987.7340943640124,854.7246107413025,11240.556342454718,4546.377067799302,1603.4016544729852,1431.7312322271632,0.29781174659729004,0.016708695066575796,0.00018607641686685383,0.033012845878413376,18195.556640625,11888.626332294083,1959.521484375,3515.940124191164,0.43310546875,0.06095755238544084,0.00732421875,0.05571591643232197,1
10.0,12.914967405333497,0.0,23.29788589477539,0.9392831581115307,-25.792043685913086,8.081080557591477,27.428848266601562,-0.7152611714228123,-28.9257755279541,9.17274045504607,19.857147216796875,-3.052320746164726,-32.992530822753906,8.212458571925003,25.587722778320312,-1.51773483530897,-31.330860137939453,6.951350415184692,-358.01385498046875,-591.770741155142,-690.658935546875,71.90630292927854,164.64610290527344,85.98171061284305,0.06334924697875977,29.88426023344032,84.89230346679688,35.722235568749376,-9.31571102142334,19.851828707926323,47.52044677734375,14.274745003642241,-40.38968276977539,14.722065531324661,70.903076171875,13.503955068762506,-28.848407745361328,15.618297070934407,66.88406372070312,18.59221029236671,-33.4767951965332,12.989843737664142,21.975358963012695,-3.560578827285953,-45.185096740722656,9.143437237654918,29.564233779907227,6.534519276104159,-27.10826873779297,8.067591356487624,35.853660583496094,-7.4501693524126384,-41.66863250732422,9.737949571704638,4.0,501.1363636363636,150.55709267288384,50.0,140.8135600952801,0.03428847715258598,0.0018962650163328219,0.00037512026028707623,0.004365521947118175,68,0.0,2.3126074665924534e-05,0.004808853380382061,7434.704592168766,6159.679432877495,3251.0562841764813,686.8944114122668,10613.756148484092,5630.951887815486,1287.587570044294,1770.8956027990946,0.27488717436790466,0.04131952164268036,0.0002444764249958098,0.05642804861297172,18626.220703125,13208.996383773201,1701.123046875,2997.965664978113,0.50439453125,0.11387659059599768,0.001953125,0.1036969358674123,1
10.0,11.02844339927821,0.0,27.148944854736328,2.149548479513613,-21.71010971069336,7.717588343448463,14.719137191772461,-5.811261089609421,-28.72322654724121,7.372830175966821,28.35626220703125,5.0700032160706,-23.449153900146484,8.281168483252245,29.147855758666992,5.515607724757109,-20.005035400390625,7.01686210181653,-548.0740966796875,-651.4268116962053,-697.4584350585938,30.720954403551584,154.81651306152344,102.0207395929748,50.656883239746094,17.511825218471955,77.9952392578125,49.055632027285284,-16.660110473632812,15.575061503139679,44.93267822265625,18.443100801891628,-38.67393112182617,11.605612055978765,68.83380889892578,11.864787443556116,-31.624727249145508,12.034228017541716,42.85736083984375,5.975646479975804,-30.581401824951172,10.459680905550718,17.240345001220703,-1.5109342749440164,-41.1767578125,7.8720762956989025,36.31659698486328,10.604397926557368,-26.00164031982422,8.794697385496464,25.479965209960938,-6.1475995149238685,-45.25897979736328,10.860622304642154,4.0,501.1363636363636,123.32706903795108,50.0,128.485915731147,0.00256908917799592,0.000839616494487459,0.00033873433130793273,0.000396783250371494,69,0.0,8.646294418213074e-07,0.0009293687180615962,7105.811507811022,6219.910938265005,4165.656001757197,638.6646276546184,8040.723485502316,4785.447299219401,2400.430987985558,1075.0429683024227,0.08256661891937256,0.013453470748711999,0.001778787816874683,0.010069713242628368,15934.5703125,12721.226866118039,4242.041015625,2497.4922731383635,0.1875,0.06337063605713457,0.01953125,0.02592577472370078,1
10.0,14.61771476704233,0.0,25.399978637695312,3.7999182836154772,-26.211891174316406,9.170192153335122,16.02042007446289,-5.27523821702966,-37.825408935546875,11.055081809872549,24.827953338623047,0.6768322784081966,-22.143619537353516,7.669420781672439,20.056396484375,2.119734903758612,-14.867471694946289,5.366964151932456,-393.2591247558594,-627.6447467140144,-694.1622314453125,51.82424680485234,138.69479370117188,90.43189260080077,8.86458969116211,16.53297214817545,81.28981018066406,47.878859675815654,-26.65252685546875,18.195682007765157,68.8074951171875,30.44045318860189,2.1232995986938477,8.77399831792933,54.141441345214844,14.140410374893252,-30.545955657958984,10.247029612322367,41.53723907470703,14.221382252007654,-4.196855545043945,7.068915916557349,23.444427490234375,2.0496067521864605,-26.80706024169922,7.280424075516775,25.236122131347656,8.029586061057387,-31.391517639160156,6.390407253005443,18.654701232910156,-2.4666948996466993,-26.14452362060547,6.108775554549171,4.0,501.1363636363636,146.1654131041828,50.0,154.95402143069165,0.036760006099939346,0.0019165295229013578,0.0004014612059108913,0.003424444742010886,70,0.0,1.5412129869218916e-05,0.003925700671970844,7452.65839179899,6022.1850995645145,3870.2533542001815,721.5824053243128,11325.73575790076,4649.292228625707,1564.1000917808833,1317.230631280574,0.18780909478664398,0.014815593057457523,7.019006443442777e-05,0.02162359364242518,19121.484375,12024.17060161688,1356.591796875,3062.498487057271,0.1796875,0.05899253190255221,0.0,0.03307901943106468,1
10.0,8.309097990363734,0.0,23.330753326416016,1.0214762462869182,-26.182220458984375,9.370936566272954,16.62069320678711,-4.741471802193472,-27.045711517333984,7.264589405887392,25.06439781188965,-0.0705578064247793,-23.338623046875,7.813955106500877,28.06816291809082,1.3002129017770843,-26.8831844329834,9.099232525796394,-386.6620178222656,-522.853958944157,-666.8831787109375,61.427632797328116,184.53622436523438,97.40694834198587,-25.98974609375,41.81479641828651,84.78521728515625,23.950121824502116,-29.65786361694336,20.693086353657087,70.42283630371094,18.015819444681956,-22.527706146240234,17.32241385242083,67.28280639648438,18.47376517123454,-26.079387664794922,14.238873408310182,64.73863983154297,16.8940516633874,-21.497024536132812,14.667068774949467,22.02001953125,-7.118213390633291,-42.00444793701172,11.260322867568307,36.18168640136719,6.85245899646489,-27.479602813720703,10.142163796406042,17.69670867919922,-6.734085777126201,-38.814903259277344,9.121078764605942,4.0,501.1363636363636,177.74012636762646,50.0,112.45005683280924,0.028444891795516014,0.004413405791929277,0.00039978124550543725,0.0037625498395474277,71,0.0,3.366355304024182e-05,0.005800771061331034,7173.122234405451,5432.539488861981,3038.0928784711714,1044.6982373981427,11854.554076353987,4642.20763751563,1482.513174901248,2269.2578712477466,0.3093797266483307,0.030748327769551928,0.0001040074712364003,0.05247404706395813,18776.953125,10415.275612674013,1378.125,4687.339860900919,0.48876953125,0.08098218169953596,0.0,0.08710247232531733,1
10.0,15.836794615731721,0.0,42.92759704589844,7.797487197992696,-20.909000396728516,8.656094323886515,17.636333465576172,-3.6062158696145996,-26.967506408691406,7.675140579836279,16.150039672851562,-5.427359151020819,-54.399330139160156,12.970765827184161,28.804330825805664,0.9480029924096337,-23.96564483642578,6.316576792014369,-244.031982421875,-557.4649848318431,-642.7041015625,91.56791053849112,161.84796142578125,71.43273576533988,-38.600860595703125,25.11577343606009,78.44795227050781,48.47051920484224,-22.060470581054688,12.834998741103284,74.203369140625,24.686584137898723,-20.386545181274414,13.706010893798462,46.28352355957031,12.071778461708755,-19.601892471313477,10.860380508797652,37.799407958984375,8.528119805059342,-32.797706604003906,10.43110163371991,22.65269660949707,-2.8948943291298113,-31.117591857910156,8.772066260272485,35.490962982177734,7.284682673006697,-19.400856018066406,7.831461848382116,24.015628814697266,-0.7949310366189639,-54.4891242980957,9.2005969957129,4.0,501.1363636363636,119.88051946078485,50.0,111.41446454287397,0.10592620819807053,0.006710441502228729,0.00040699049714021385,0.018164659161463783,72,0.0,0.0003752786433324218,0.019372088834643364,7581.034661646134,6514.321989767258,3511.642539448741,728.9142991937925,10870.345456418376,6393.374292609904,1497.1155745651076,1816.9685007762082,0.28178077936172485,0.045322203869982584,0.0001974013284780085,0.051164171140742176,18410.888671875,14446.256264954322,1141.259765625,2869.2299785562827,0.4287109375,0.11891291147041763,0.0,0.07861201204408638,1
10.0,8.026264943142547,0.0,24.253067016601562,4.314574297089692,-23.096378326416016,7.651455674022113,26.855735778808594,-3.8507695481820754,-25.5985107421875,8.20163349996038,19.103425979614258,-0.4633237420043232,-24.610565185546875,7.01724357654169,27.914348602294922,2.2064823869901025,-26.458580017089844,7.2535912197426144,-392.4692077636719,-637.5966160679085,-693.049072265625,36.505013136979905,205.3599090576172,102.32269088961962,-21.842998504638672,20.532232535111838,90.65348815917969,45.57474491947488,-49.18677520751953,17.066451747612625,58.6041259765625,14.04169182799186,-34.54283142089844,12.276470274995873,64.68997192382812,13.665917981977806,-32.62281036376953,12.006778187633406,43.785701751708984,12.705978700895459,-20.013267517089844,10.133950391217951,24.87528419494629,-2.6796029372499466,-44.25284194946289,7.460496069382688,23.201454162597656,1.0587127290130214,-40.56138610839844,8.670912834113686,37.006534576416016,-7.249388400586257,-31.309049606323242,8.415161703250499,4.0,501.1363636363636,131.11892106101266,50.0,138.48125901173947,0.016528213396668434,0.0009495756004301166,0.00039294970338232815,0.0012152770583735296,73,0.0,2.3807465368008707e-06,0.0015426973113790154,8081.385264806481,6272.847101038038,2184.8616639731545,620.3798895424982,13465.999985267053,4924.2469618627765,1373.34122713958,1230.2377531992593,0.30105525255203247,0.01890299092005388,9.11688621272333e-05,0.026230591937221572,19401.416015625,13131.057179886891,1184.326171875,2213.6561921012117,0.28173828125,0.0701442638848608,0.01171875,0.028004229850701647,1
