row_index,model_name,model_family,fold,y_true,y_pred,y_score
26,LogisticRegression,classical,1,1,1,0.9219838554519082
32,LogisticRegression,classical,1,1,1,0.9999999999965041
34,LogisticRegression,classical,1,0,0,5.915331824875731e-06
50,LogisticRegression,classical,1,1,0,0.035219795639138324
51,LogisticRegression,classical,1,1,1,0.9999272744422362
57,LogisticRegression,classical,1,1,1,0.9989913060361115
60,LogisticRegression,classical,1,1,1,0.9996679377727477
97,LogisticRegression,classical,1,1,0,0.020892121017365883
137,LogisticRegression,classical,1,0,1,0.9806558435001299
139,LogisticRegression,classical,1,1,1,0.9999950425305363
147,LogisticRegression,classical,1,0,0,0.003601936236001996
148,LogisticRegression,classical,1,0,0,0.031200177080841166
154,LogisticRegression,classical,1,1,1,0.5179606310816857
158,LogisticRegression,classical,1,1,1,0.9999908293268664
160,LogisticRegression,classical,1,1,1,0.9973935693097041
162,LogisticRegression,classical,1,1,1,0.9998177679419342
171,LogisticRegression,classical,1,1,1,0.9999695323857997
179,LogisticRegression,classical,1,1,1,0.9998594134948511
181,LogisticRegression,classical,1,1,0,0.1570991863861055
228,LogisticRegression,classical,1,1,1,0.9999854715124779
231,LogisticRegression,classical,1,1,1,0.9999792379143486
242,LogisticRegression,classical,1,1,1,0.9999482505507259
246,LogisticRegression,classical,1,1,1,0.9999894827510696
261,LogisticRegression,classical,1,1,1,0.9999951144393137
272,LogisticRegression,classical,1,1,1,0.9946142536715664
273,LogisticRegression,classical,1,1,1,0.9976260393210301
287,LogisticRegression,classical,1,1,1,0.9999999987973147
294,LogisticRegression,classical,1,1,0,0.39369238622534036
296,LogisticRegression,classical,1,1,1,0.8777349560340053
301,LogisticRegression,classical,1,1,1,0.9949133985408835
302,LogisticRegression,classical,1,1,1,0.9999628492548961
305,LogisticRegression,classical,1,1,1,0.9989345438524279
318,LogisticRegression,classical,1,1,1,0.9990577554742821
322,LogisticRegression,classical,1,1,1,0.9350890011911411
323,LogisticRegression,classical,1,1,1,0.6215878700345764
325,LogisticRegression,classical,1,1,1,0.9999997175086185
327,LogisticRegression,classical,1,1,1,0.7478022877473117
333,LogisticRegression,classical,1,0,0,0.36347895939467556
368,LogisticRegression,classical,1,1,1,0.9997547544987347
369,LogisticRegression,classical,1,0,0,0.0011441709849533228
375,LogisticRegression,classical,1,0,0,9.742282982119186e-07
388,LogisticRegression,classical,1,1,1,0.9999942299005278
392,LogisticRegression,classical,1,0,1,0.9999883545189594
393,LogisticRegression,classical,1,0,0,0.009038055939141532
396,LogisticRegression,classical,1,0,0,0.027675573774474292
469,LogisticRegression,classical,1,0,1,0.9999999999941056
501,LogisticRegression,classical,1,1,1,0.999950349253801
510,LogisticRegression,classical,1,1,1,0.9033131285986493
511,LogisticRegression,classical,1,1,1,0.9994842250608721
512,LogisticRegression,classical,1,1,1,0.9996039748542456
520,LogisticRegression,classical,1,0,1,0.9672987539791438
521,LogisticRegression,classical,1,0,1,0.6462145518449243
523,LogisticRegression,classical,1,1,1,0.9999999999999996
530,LogisticRegression,classical,1,1,1,0.9900864543708736
546,LogisticRegression,classical,1,1,1,0.9782359209922142
560,LogisticRegression,classical,1,1,1,0.9809196551081351
564,LogisticRegression,classical,1,1,1,0.9998140217725452
567,LogisticRegression,classical,1,0,0,0.0007757588243765879
573,LogisticRegression,classical,1,1,1,0.7499046696966949
603,LogisticRegression,classical,1,1,1,0.9999999780751336
608,LogisticRegression,classical,1,1,1,0.9999999999999989
613,LogisticRegression,classical,1,1,1,0.9999898320203353
620,LogisticRegression,classical,1,1,0,0.10184257927322406
630,LogisticRegression,classical,1,0,0,1.2397238084750283e-08
641,LogisticRegression,classical,1,0,0,2.207939027968663e-06
646,LogisticRegression,classical,1,1,1,0.9999995569275417
660,LogisticRegression,classical,1,1,0,0.0007992194642301351
662,LogisticRegression,classical,1,1,1,0.9989512780711853
671,LogisticRegression,classical,1,1,1,0.9999996291947717
675,LogisticRegression,classical,1,1,0,0.006726352604248412
684,LogisticRegression,classical,1,1,1,0.9999738764725985
709,LogisticRegression,classical,1,1,1,0.9676666749265556
733,LogisticRegression,classical,1,0,0,9.866486965990489e-10
739,LogisticRegression,classical,1,0,0,0.016931330596826426
744,LogisticRegression,classical,1,1,1,0.999999275393659
755,LogisticRegression,classical,1,0,1,0.9999598768326755
10,LogisticRegression,classical,2,1,1,0.9979088198033388
27,LogisticRegression,classical,2,1,1,0.9975516755172309
31,LogisticRegression,classical,2,1,1,0.9987657828654424
36,LogisticRegression,classical,2,1,1,0.9972066073468234
39,LogisticRegression,classical,2,1,0,0.07903765867540323
40,LogisticRegression,classical,2,1,1,0.922835478193271
44,LogisticRegression,classical,2,0,1,0.9516416385610423
48,LogisticRegression,classical,2,1,1,0.9730319604641885
55,LogisticRegression,classical,2,1,1,0.9999998984186703
59,LogisticRegression,classical,2,1,1,0.9999990780451333
66,LogisticRegression,classical,2,1,1,0.9961799784307778
80,LogisticRegression,classical,2,0,1,0.973221051271185
84,LogisticRegression,classical,2,1,0,0.02786149477483546
86,LogisticRegression,classical,2,1,1,0.8107738612438177
93,LogisticRegression,classical,2,1,1,0.9997217360447089
96,LogisticRegression,classical,2,1,1,0.9996816781545065
113,LogisticRegression,classical,2,1,1,0.9999999995446645
114,LogisticRegression,classical,2,1,1,0.9541062866894776
121,LogisticRegression,classical,2,1,1,0.997659213954358
127,LogisticRegression,classical,2,0,1,0.7910492657542659
131,LogisticRegression,classical,2,1,1,0.9545135031498143
133,LogisticRegression,classical,2,1,0,0.06776260157947708
135,LogisticRegression,classical,2,0,0,0.0335226191184771
146,LogisticRegression,classical,2,0,0,4.527917531236413e-12
151,LogisticRegression,classical,2,1,1,0.99999955351711
167,LogisticRegression,classical,2,1,1,0.9995072139836492
182,LogisticRegression,classical,2,1,1,0.8953738540137112
184,LogisticRegression,classical,2,1,1,0.9998033780209288
198,LogisticRegression,classical,2,1,1,0.7424155040769761
207,LogisticRegression,classical,2,0,0,0.11290928765601704
262,LogisticRegression,classical,2,1,0,0.09768258274586543
268,LogisticRegression,classical,2,0,0,0.0017024599028197583
270,LogisticRegression,classical,2,1,1,0.9999899140974629
275,LogisticRegression,classical,2,1,1,0.9999995649300356
283,LogisticRegression,classical,2,1,1,0.9997363894253174
286,LogisticRegression,classical,2,1,1,0.9999999999364297
308,LogisticRegression,classical,2,1,1,0.9999970150313643
315,LogisticRegression,classical,2,1,1,0.8761979163068447
335,LogisticRegression,classical,2,0,1,0.9997510965170724
339,LogisticRegression,classical,2,1,1,1.0
350,LogisticRegression,classical,2,1,1,0.9540670721166501
352,LogisticRegression,classical,2,1,1,0.9997697525157335
378,LogisticRegression,classical,2,1,1,0.802858348633114
379,LogisticRegression,classical,2,1,1,0.9832343492030085
391,LogisticRegression,classical,2,0,1,0.969386598873041
410,LogisticRegression,classical,2,0,1,0.9978014227770436
415,LogisticRegression,classical,2,1,1,0.9999875701328935
419,LogisticRegression,classical,2,1,1,0.9695549430050201
454,LogisticRegression,classical,2,1,1,0.9992744144048173
459,LogisticRegression,classical,2,0,1,0.9999988188757771
470,LogisticRegression,classical,2,0,0,6.851410207627792e-07
471,LogisticRegression,classical,2,0,0,0.2527134690059852
496,LogisticRegression,classical,2,1,1,0.7848155530521456
503,LogisticRegression,classical,2,1,1,0.9962050908450361
505,LogisticRegression,classical,2,1,1,0.9999996474492705
522,LogisticRegression,classical,2,1,1,0.9999999999959293
542,LogisticRegression,classical,2,0,0,0.0783405121713811
549,LogisticRegression,classical,2,1,1,0.9999477735090686
555,LogisticRegression,classical,2,1,1,0.9976917356840226
558,LogisticRegression,classical,2,1,1,0.9999999101726874
587,LogisticRegression,classical,2,0,0,0.009350299776417529
599,LogisticRegression,classical,2,1,1,0.9589051663469412
606,LogisticRegression,classical,2,1,1,0.999999999796372
611,LogisticRegression,classical,2,0,0,0.20729983172612043
632,LogisticRegression,classical,2,0,1,0.5095400837701702
656,LogisticRegression,classical,2,1,1,0.9999771761165037
673,LogisticRegression,classical,2,1,1,0.9996516600723283
680,LogisticRegression,classical,2,1,1,0.9984249594509463
700,LogisticRegression,classical,2,1,0,0.1155309662747262
704,LogisticRegression,classical,2,0,0,0.012019433773960196
724,LogisticRegression,classical,2,1,1,0.982170660180787
729,LogisticRegression,classical,2,1,1,0.9724388754734608
732,LogisticRegression,classical,2,0,0,5.848361882764067e-17
745,LogisticRegression,classical,2,1,1,0.9999777235386557
746,LogisticRegression,classical,2,1,1,0.9999829430683492
749,LogisticRegression,classical,2,1,1,0.9970660583317463
11,LogisticRegression,classical,3,1,1,0.9949026989716153
15,LogisticRegression,classical,3,1,1,0.9947886025767345
19,LogisticRegression,classical,3,1,0,0.330654002320556
20,LogisticRegression,classical,3,1,1,0.9666151002530469
25,LogisticRegression,classical,3,1,0,4.4542064255144094e-05
33,LogisticRegression,classical,3,0,1,0.9684800547056094
41,LogisticRegression,classical,3,1,1,0.8849071853511327
56,LogisticRegression,classical,3,1,1,0.6214521766626895
65,LogisticRegression,classical,3,1,1,0.9999989450121322
70,LogisticRegression,classical,3,1,0,0.2822033641766664
117,LogisticRegression,classical,3,1,1,0.9997132059944299
125,LogisticRegression,classical,3,0,0,1.1134471627025187e-10
134,LogisticRegression,classical,3,1,1,0.986909725322434
144,LogisticRegression,classical,3,0,0,0.0013114067997938557
145,LogisticRegression,classical,3,0,0,4.964363369444638e-13
156,LogisticRegression,classical,3,1,1,0.9994094573310174
168,LogisticRegression,classical,3,1,1,0.9999999738600438
170,LogisticRegression,classical,3,1,1,0.9999537943367164
200,LogisticRegression,classical,3,1,1,0.999999999994321
203,LogisticRegression,classical,3,1,1,0.9992434248933685
204,LogisticRegression,classical,3,1,1,0.9971347028747579
208,LogisticRegression,classical,3,0,0,6.081202402265457e-05
217,LogisticRegression,classical,3,1,1,0.9999999939154851
218,LogisticRegression,classical,3,1,1,0.9999995806467465
220,LogisticRegression,classical,3,0,1,0.9332302014434828
255,LogisticRegression,classical,3,1,1,0.9915888664801006
256,LogisticRegression,classical,3,1,1,0.9848926884371448
267,LogisticRegression,classical,3,0,0,4.771976858694693e-05
289,LogisticRegression,classical,3,0,0,6.59493624367303e-06
295,LogisticRegression,classical,3,1,1,0.9671059886734356
328,LogisticRegression,classical,3,1,0,0.2525592246653213
341,LogisticRegression,classical,3,1,1,0.999580784912076
345,LogisticRegression,classical,3,1,1,0.9999838041800404
355,LogisticRegression,classical,3,1,1,0.9999138838701681
372,LogisticRegression,classical,3,1,1,0.9999612329755114
377,LogisticRegression,classical,3,0,0,0.0001470698794792354
385,LogisticRegression,classical,3,1,0,0.4494697760829203
394,LogisticRegression,classical,3,0,0,0.03688292567607394
402,LogisticRegression,classical,3,1,1,0.9999697350178576
404,LogisticRegression,classical,3,1,1,0.9978370157422921
413,LogisticRegression,classical,3,1,0,0.041030825963807735
416,LogisticRegression,classical,3,1,1,0.9927403936516944
423,LogisticRegression,classical,3,1,1,0.9999999811205885
434,LogisticRegression,classical,3,1,1,0.9998513542554688
439,LogisticRegression,classical,3,1,1,0.7805172274112049
447,LogisticRegression,classical,3,0,0,0.0005104421221825116
461,LogisticRegression,classical,3,0,1,0.9999780126093865
463,LogisticRegression,classical,3,1,1,0.9999853103555961
472,LogisticRegression,classical,3,0,0,0.0004215495549150357
474,LogisticRegression,classical,3,1,1,0.9999928850024151
476,LogisticRegression,classical,3,1,1,0.9918296215096852
481,LogisticRegression,classical,3,1,1,0.6389634513138989
482,LogisticRegression,classical,3,1,0,0.0001643389158387312
488,LogisticRegression,classical,3,1,1,0.8817131404891064
499,LogisticRegression,classical,3,1,1,0.9999623888007403
502,LogisticRegression,classical,3,1,1,0.9937287806663854
509,LogisticRegression,classical,3,1,1,0.9999999858380042
513,LogisticRegression,classical,3,1,1,0.9997954202895108
514,LogisticRegression,classical,3,1,1,0.9999814653148862
572,LogisticRegression,classical,3,1,1,0.9999982971493482
589,LogisticRegression,classical,3,0,0,0.000593455464297934
592,LogisticRegression,classical,3,1,1,0.998912041537824
598,LogisticRegression,classical,3,1,1,0.9999996491782676
600,LogisticRegression,classical,3,1,1,0.9999999999805653
601,LogisticRegression,classical,3,1,1,0.9998573393684934
612,LogisticRegression,classical,3,1,0,2.1882686206529688e-07
645,LogisticRegression,classical,3,1,1,0.9999875364449038
666,LogisticRegression,classical,3,0,1,0.7738246452003807
668,LogisticRegression,classical,3,0,1,0.9962691084360481
688,LogisticRegression,classical,3,1,1,0.9999371803409467
696,LogisticRegression,classical,3,0,0,5.6676958625510715e-08
702,LogisticRegression,classical,3,0,0,0.2107731827716473
715,LogisticRegression,classical,3,1,1,0.8730506655953619
723,LogisticRegression,classical,3,1,0,0.033098638337686476
727,LogisticRegression,classical,3,0,1,0.8043198176324569
743,LogisticRegression,classical,3,1,1,0.7162060778796198
9,LogisticRegression,classical,4,1,0,0.35233161442202054
13,LogisticRegression,classical,4,1,1,0.9205827013020518
21,LogisticRegression,classical,4,1,1,0.9652916592936214
22,LogisticRegression,classical,4,1,0,0.46633046670623973
28,LogisticRegression,classical,4,1,0,0.01858639580071079
61,LogisticRegression,classical,4,1,1,0.9432832630568455
72,LogisticRegression,classical,4,0,1,0.9866661732485028
77,LogisticRegression,classical,4,1,1,0.943488578706021
100,LogisticRegression,classical,4,0,0,0.012502503296463869
104,LogisticRegression,classical,4,0,0,0.18641502927981807
106,LogisticRegression,classical,4,1,1,0.7784947275471904
116,LogisticRegression,classical,4,1,1,0.9806726063813122
120,LogisticRegression,classical,4,1,1,0.9989575204634643
126,LogisticRegression,classical,4,0,1,0.9906097511498845
150,LogisticRegression,classical,4,1,1,0.9999995426090154
157,LogisticRegression,classical,4,1,1,0.9994902961999818
180,LogisticRegression,classical,4,1,0,0.2879399779149055
191,LogisticRegression,classical,4,1,1,0.9999983614231025
193,LogisticRegression,classical,4,1,1,0.9999792322643285
206,LogisticRegression,classical,4,1,1,0.9998694281111421
211,LogisticRegression,classical,4,1,1,0.9999943335393175
229,LogisticRegression,classical,4,1,1,0.9997941932411989
260,LogisticRegression,classical,4,1,1,0.9819861320019994
264,LogisticRegression,classical,4,1,1,0.926569144136706
269,LogisticRegression,classical,4,0,1,0.9956992853121222
282,LogisticRegression,classical,4,1,1,0.9998294417446073
284,LogisticRegression,classical,4,1,1,0.8684954120282679
290,LogisticRegression,classical,4,0,0,0.06903029238090859
297,LogisticRegression,classical,4,1,1,0.9989809680328289
312,LogisticRegression,classical,4,1,0,0.4737381287698431
320,LogisticRegression,classical,4,1,1,0.9999185276253849
324,LogisticRegression,classical,4,1,1,0.9999999999922822
331,LogisticRegression,classical,4,1,1,0.9999554411808766
337,LogisticRegression,classical,4,1,1,0.9385466388880499
344,LogisticRegression,classical,4,1,1,0.999529440269259
400,LogisticRegression,classical,4,1,1,0.9943592480809799
424,LogisticRegression,classical,4,1,1,0.9978190128405613
425,LogisticRegression,classical,4,1,1,0.9989998776468925
436,LogisticRegression,classical,4,1,1,0.999898717034964
438,LogisticRegression,classical,4,1,1,0.9999651757557341
455,LogisticRegression,classical,4,1,1,0.9848735218059808
477,LogisticRegression,classical,4,1,1,0.9999192710654481
484,LogisticRegression,classical,4,1,1,0.9811487358149283
489,LogisticRegression,classical,4,0,1,0.9999771461896435
507,LogisticRegression,classical,4,1,1,0.9999997773831435
517,LogisticRegression,classical,4,1,1,0.9994977839917891
528,LogisticRegression,classical,4,1,1,0.9606649944421544
533,LogisticRegression,classical,4,1,1,0.9771838459339736
536,LogisticRegression,classical,4,0,0,0.0007702834064797954
540,LogisticRegression,classical,4,0,0,0.0004907221779489507
550,LogisticRegression,classical,4,1,0,0.231678630321209
552,LogisticRegression,classical,4,1,1,0.9999984631774673
554,LogisticRegression,classical,4,1,1,0.999879231906896
557,LogisticRegression,classical,4,1,1,0.8803472244144114
561,LogisticRegression,classical,4,0,0,0.027539709631191542
569,LogisticRegression,classical,4,0,0,2.936540505350981e-05
571,LogisticRegression,classical,4,1,1,0.999991876449483
586,LogisticRegression,classical,4,0,0,0.10626217161218128
590,LogisticRegression,classical,4,0,0,0.018972507443067353
595,LogisticRegression,classical,4,0,0,5.732114373476502e-05
615,LogisticRegression,classical,4,1,1,0.9876663262073703
617,LogisticRegression,classical,4,1,1,0.8177564945743677
624,LogisticRegression,classical,4,1,1,0.9991379939947225
625,LogisticRegression,classical,4,1,1,0.9901925574550048
644,LogisticRegression,classical,4,1,1,0.9999514049397963
647,LogisticRegression,classical,4,1,1,0.9995179616859537
649,LogisticRegression,classical,4,0,0,0.4613738197203463
652,LogisticRegression,classical,4,1,1,0.9999992502289282
659,LogisticRegression,classical,4,0,1,0.8647296566292204
674,LogisticRegression,classical,4,1,1,0.9965962693877497
694,LogisticRegression,classical,4,1,1,0.9999467465422205
707,LogisticRegression,classical,4,0,1,0.5271579060661007
717,LogisticRegression,classical,4,1,1,0.997377255038234
734,LogisticRegression,classical,4,0,0,3.404603851145387e-08
741,LogisticRegression,classical,4,1,1,0.999999366315179
753,LogisticRegression,classical,4,0,0,0.17054028586974537
2,LogisticRegression,classical,5,1,1,0.9999902785922193
6,LogisticRegression,classical,5,1,1,0.9817784750116313
12,LogisticRegression,classical,5,1,1,0.9999688764776495
16,LogisticRegression,classical,5,1,1,0.9999030037110548
23,LogisticRegression,classical,5,1,0,0.03796332989289428
29,LogisticRegression,classical,5,1,1,0.9971812020685483
45,LogisticRegression,classical,5,1,0,0.34417195650967286
64,LogisticRegression,classical,5,1,1,0.9996422297710904
68,LogisticRegression,classical,5,1,1,0.9995264022988953
79,LogisticRegression,classical,5,0,0,0.005926931074501011
81,LogisticRegression,classical,5,0,1,0.9812349065664435
92,LogisticRegression,classical,5,1,1,0.9999993226025973
101,LogisticRegression,classical,5,0,0,0.006056255056126814
105,LogisticRegression,classical,5,1,0,0.06960269594708511
108,LogisticRegression,classical,5,1,1,0.981817123210232
118,LogisticRegression,classical,5,1,1,0.9895904565441669
124,LogisticRegression,classical,5,0,0,0.000190217841365566
130,LogisticRegression,classical,5,1,1,0.9975531395559801
136,LogisticRegression,classical,5,0,1,0.989757825817823
143,LogisticRegression,classical,5,0,0,0.04501751137753815
164,LogisticRegression,classical,5,1,1,0.9999998646811
185,LogisticRegression,classical,5,1,1,0.9999763780141242
196,LogisticRegression,classical,5,0,0,0.4889845257482223
249,LogisticRegression,classical,5,0,1,0.9991843567405091
253,LogisticRegression,classical,5,1,1,0.9998875340200611
257,LogisticRegression,classical,5,1,1,0.9999175082595482
263,LogisticRegression,classical,5,1,1,0.9998003122202003
265,LogisticRegression,classical,5,1,1,0.9250493338582445
274,LogisticRegression,classical,5,1,1,0.9998890770101478
276,LogisticRegression,classical,5,1,1,0.9990940426010796
280,LogisticRegression,classical,5,1,1,0.8701962705653744
293,LogisticRegression,classical,5,1,1,0.9999911939112561
303,LogisticRegression,classical,5,1,1,0.9837794649244836
321,LogisticRegression,classical,5,1,0,0.24647986805152394
326,LogisticRegression,classical,5,1,1,0.999999999822037
329,LogisticRegression,classical,5,1,1,0.9999978802746652
358,LogisticRegression,classical,5,0,0,0.00010487210573335525
370,LogisticRegression,classical,5,0,1,0.9511832712897627
371,LogisticRegression,classical,5,0,0,0.03137237749933761
373,LogisticRegression,classical,5,1,1,0.9999919663879635
382,LogisticRegression,classical,5,1,1,0.9739313572306932
386,LogisticRegression,classical,5,1,1,0.9828708492313019
408,LogisticRegression,classical,5,0,1,0.8526386294366664
409,LogisticRegression,classical,5,0,1,0.9875844588664368
417,LogisticRegression,classical,5,1,1,0.9945321288022223
427,LogisticRegression,classical,5,1,1,0.9999999999963645
465,LogisticRegression,classical,5,1,1,0.9999825518253215
479,LogisticRegression,classical,5,1,1,0.5317279770409215
480,LogisticRegression,classical,5,1,1,0.9996004327779042
504,LogisticRegression,classical,5,1,1,0.9999998950754615
506,LogisticRegression,classical,5,1,1,0.999999873175763
519,LogisticRegression,classical,5,0,0,0.013578946312829002
524,LogisticRegression,classical,5,1,1,0.9999996931781774
538,LogisticRegression,classical,5,1,1,0.9999919163361779
544,LogisticRegression,classical,5,1,1,0.9999025834438796
547,LogisticRegression,classical,5,1,1,0.9445734962417794
562,LogisticRegression,classical,5,0,0,0.002367077246746654
566,LogisticRegression,classical,5,1,1,0.9505718855001793
575,LogisticRegression,classical,5,1,1,0.9926081243233388
579,LogisticRegression,classical,5,1,1,0.999916583215236
582,LogisticRegression,classical,5,0,0,0.1053946333594423
583,LogisticRegression,classical,5,0,1,0.7160580687549501
619,LogisticRegression,classical,5,1,1,0.9999230548736154
623,LogisticRegression,classical,5,1,1,0.9999926388945851
628,LogisticRegression,classical,5,1,0,0.005033295103503833
638,LogisticRegression,classical,5,1,0,0.26770198584955
655,LogisticRegression,classical,5,1,1,0.9999987393211766
683,LogisticRegression,classical,5,1,1,0.999998886563131
687,LogisticRegression,classical,5,1,1,0.9702141589407159
693,LogisticRegression,classical,5,1,1,0.9328376645282661
708,LogisticRegression,classical,5,1,1,0.6978706974457755
716,LogisticRegression,classical,5,1,1,0.9922892909219279
726,LogisticRegression,classical,5,0,0,0.0458156207681239
747,LogisticRegression,classical,5,1,1,0.7541788945583153
750,LogisticRegression,classical,5,0,0,0.0019036091707655203
752,LogisticRegression,classical,5,0,1,0.9982218561398166
5,LogisticRegression,classical,6,1,1,0.6131500313743133
43,LogisticRegression,classical,6,0,1,0.9902292392398154
46,LogisticRegression,classical,6,1,1,0.9999978477051595
67,LogisticRegression,classical,6,1,1,0.9792894465222807
69,LogisticRegression,classical,6,1,1,0.9462601003113794
74,LogisticRegression,classical,6,0,0,0.010859121823422075
76,LogisticRegression,classical,6,1,1,0.9999753967713103
85,LogisticRegression,classical,6,1,1,0.5391798621400695
87,LogisticRegression,classical,6,0,1,0.9365787033918673
95,LogisticRegression,classical,6,1,1,0.9992442987717669
102,LogisticRegression,classical,6,0,0,0.2181714769408553
103,LogisticRegression,classical,6,0,0,0.00015943513952887487
132,LogisticRegression,classical,6,1,0,0.0
140,LogisticRegression,classical,6,1,1,0.9992794611150777
142,LogisticRegression,classical,6,0,0,0.00018942405629873604
155,LogisticRegression,classical,6,1,1,0.9751949922129592
161,LogisticRegression,classical,6,1,1,0.9998159492445494
165,LogisticRegression,classical,6,1,1,0.9999958907954769
166,LogisticRegression,classical,6,1,1,0.9909686746371851
176,LogisticRegression,classical,6,1,1,0.9978091150308078
183,LogisticRegression,classical,6,1,1,0.999668209571951
190,LogisticRegression,classical,6,1,1,0.9999647342942394
197,LogisticRegression,classical,6,0,0,0.14729591982060042
201,LogisticRegression,classical,6,1,0,0.14632363926324232
222,LogisticRegression,classical,6,1,1,0.5780783320577502
232,LogisticRegression,classical,6,1,1,0.9851038392894509
234,LogisticRegression,classical,6,0,1,0.9981279782299984
245,LogisticRegression,classical,6,1,1,0.9830794616764643
258,LogisticRegression,classical,6,1,1,0.9999769163384522
271,LogisticRegression,classical,6,1,1,0.9850414471340913
291,LogisticRegression,classical,6,1,1,0.9999854038532386
300,LogisticRegression,classical,6,1,1,0.9995336574371431
309,LogisticRegression,classical,6,0,0,0.08869101293705134
317,LogisticRegression,classical,6,1,1,0.9999760925727972
342,LogisticRegression,classical,6,1,1,0.7490245104068064
346,LogisticRegression,classical,6,1,1,0.9999971136991838
347,LogisticRegression,classical,6,1,1,0.9999959440309757
363,LogisticRegression,classical,6,1,1,0.9203968758553737
364,LogisticRegression,classical,6,1,1,0.6018690259693189
367,LogisticRegression,classical,6,1,1,0.9974011144492929
380,LogisticRegression,classical,6,1,1,0.9959877736437602
384,LogisticRegression,classical,6,1,1,0.9996904035542861
395,LogisticRegression,classical,6,0,0,3.8785530870317535e-08
399,LogisticRegression,classical,6,1,0,0.12418575635687715
418,LogisticRegression,classical,6,1,0,0.3540668526215384
421,LogisticRegression,classical,6,1,1,0.9999995197368527
426,LogisticRegression,classical,6,1,1,0.9999379711289577
449,LogisticRegression,classical,6,0,0,0.039360770663942515
450,LogisticRegression,classical,6,1,1,0.9488020825207544
462,LogisticRegression,classical,6,1,1,0.9972149949421313
466,LogisticRegression,classical,6,1,1,0.7463606797023788
475,LogisticRegression,classical,6,1,0,0.03361957597705769
493,LogisticRegression,classical,6,1,1,0.9993217783259505
535,LogisticRegression,classical,6,0,0,0.0039010956508323804
556,LogisticRegression,classical,6,1,1,0.8474895960750313
563,LogisticRegression,classical,6,0,0,3.0016540104083126e-05
570,LogisticRegression,classical,6,1,1,0.996870689719528
581,LogisticRegression,classical,6,1,1,0.9997173148296483
584,LogisticRegression,classical,6,0,0,1.4902079970251544e-06
604,LogisticRegression,classical,6,1,1,0.9967943195634685
607,LogisticRegression,classical,6,1,1,0.9996255199250559
622,LogisticRegression,classical,6,1,1,0.999984053724803
626,LogisticRegression,classical,6,1,1,0.9971952495008523
636,LogisticRegression,classical,6,1,1,0.9602299942187088
654,LogisticRegression,classical,6,1,1,0.9999092778237816
667,LogisticRegression,classical,6,0,0,0.25784709745391965
681,LogisticRegression,classical,6,1,1,0.9999994240444312
685,LogisticRegression,classical,6,1,1,0.9999695240493425
706,LogisticRegression,classical,6,0,0,0.07560795160587888
710,LogisticRegression,classical,6,1,1,0.968716037454409
713,LogisticRegression,classical,6,0,1,0.9512519139119985
722,LogisticRegression,classical,6,1,1,0.9871619491355278
731,LogisticRegression,classical,6,1,1,0.9993434056991171
737,LogisticRegression,classical,6,0,1,0.7137278304035518
751,LogisticRegression,classical,6,0,0,0.0018050927686358573
754,LogisticRegression,classical,6,0,0,0.03904738182107101
8,LogisticRegression,classical,7,1,0,0.12240370319152799
35,LogisticRegression,classical,7,0,0,0.3440252564166791
49,LogisticRegression,classical,7,1,1,0.9999693963269922
53,LogisticRegression,classical,7,1,1,0.9997395895517771
54,LogisticRegression,classical,7,1,1,0.9998725925867191
63,LogisticRegression,classical,7,1,1,0.9999875937174862
82,LogisticRegression,classical,7,0,1,0.532372746078352
98,LogisticRegression,classical,7,1,1,0.9999245372549982
110,LogisticRegression,classical,7,1,1,0.9700292440718941
129,LogisticRegression,classical,7,1,1,0.9999931056736396
138,LogisticRegression,classical,7,1,1,0.9999999999990081
153,LogisticRegression,classical,7,1,1,0.9842062664142367
178,LogisticRegression,classical,7,1,1,0.9869270083766207
189,LogisticRegression,classical,7,1,1,0.9999716899358644
192,LogisticRegression,classical,7,1,1,0.9999999999504572
214,LogisticRegression,classical,7,1,1,0.9999863164372229
225,LogisticRegression,classical,7,0,0,0.15755449223188242
226,LogisticRegression,classical,7,0,1,0.9993659927363986
238,LogisticRegression,classical,7,1,1,0.999710046965751
241,LogisticRegression,classical,7,1,1,0.9981760685745525
247,LogisticRegression,classical,7,1,1,0.9999962877431064
259,LogisticRegression,classical,7,1,1,0.9999827742594484
292,LogisticRegression,classical,7,1,1,0.9999768757952104
299,LogisticRegression,classical,7,1,1,0.683807939878555
310,LogisticRegression,classical,7,0,1,0.9967604245153726
313,LogisticRegression,classical,7,1,1,0.9997933025841993
316,LogisticRegression,classical,7,1,1,0.9928893042332592
340,LogisticRegression,classical,7,1,1,0.9999351294644581
353,LogisticRegression,classical,7,1,1,0.9999857872476546
356,LogisticRegression,classical,7,1,1,0.9998221416355507
357,LogisticRegression,classical,7,0,0,4.620569080891051e-05
360,LogisticRegression,classical,7,1,0,0.015085517295431929
365,LogisticRegression,classical,7,1,1,0.9999999055319231
389,LogisticRegression,classical,7,1,1,0.9999961762810604
398,LogisticRegression,classical,7,0,1,0.804195762663895
401,LogisticRegression,classical,7,1,1,0.6140829709670544
405,LogisticRegression,classical,7,0,0,0.0003057635734440321
406,LogisticRegression,classical,7,0,0,0.028337504944014717
411,LogisticRegression,classical,7,1,1,0.9909663666177354
412,LogisticRegression,classical,7,1,1,0.9999997590330337
428,LogisticRegression,classical,7,1,1,0.9999999888788412
431,LogisticRegression,classical,7,1,1,0.9999923250383792
435,LogisticRegression,classical,7,1,1,0.9634420781827296
441,LogisticRegression,classical,7,1,1,0.9527956625233258
446,LogisticRegression,classical,7,1,1,0.975708009086755
453,LogisticRegression,classical,7,1,1,0.9999990596543947
460,LogisticRegression,classical,7,0,1,0.9936070487805576
467,LogisticRegression,classical,7,1,1,0.9999259211193636
468,LogisticRegression,classical,7,0,0,2.4771025422201675e-08
487,LogisticRegression,classical,7,1,1,0.9992252982403619
491,LogisticRegression,classical,7,0,0,0.007764678760432173
498,LogisticRegression,classical,7,1,1,0.9980936796973238
526,LogisticRegression,classical,7,1,1,0.9470357981824038
537,LogisticRegression,classical,7,1,1,0.9999889655832579
539,LogisticRegression,classical,7,1,1,0.9997094482298626
576,LogisticRegression,classical,7,0,0,4.603613752316362e-07
580,LogisticRegression,classical,7,1,1,0.9967160765842872
588,LogisticRegression,classical,7,0,0,0.005409339027076925
593,LogisticRegression,classical,7,1,1,0.9995929819449584
605,LogisticRegression,classical,7,1,1,0.9999314763117836
614,LogisticRegression,classical,7,1,1,0.9999407267778927
637,LogisticRegression,classical,7,1,1,0.999476867452811
661,LogisticRegression,classical,7,1,1,0.9999772351544017
663,LogisticRegression,classical,7,0,0,0.0036440016735998456
664,LogisticRegression,classical,7,0,1,0.9668817702291361
670,LogisticRegression,classical,7,1,1,0.9999999984068695
679,LogisticRegression,classical,7,1,1,0.9989976530031275
682,LogisticRegression,classical,7,1,1,0.9999999867868234
686,LogisticRegression,classical,7,1,1,0.9999970826190718
703,LogisticRegression,classical,7,0,1,0.6704769702014611
711,LogisticRegression,classical,7,0,0,3.148280152060217e-05
718,LogisticRegression,classical,7,1,1,0.9858570496738055
721,LogisticRegression,classical,7,1,1,0.979306253841479
725,LogisticRegression,classical,7,1,1,0.9899629185200105
728,LogisticRegression,classical,7,0,1,0.8895942962962088
14,LogisticRegression,classical,8,1,1,0.9975184781772217
17,LogisticRegression,classical,8,1,1,0.9996373491883069
42,LogisticRegression,classical,8,0,1,0.997206393703463
47,LogisticRegression,classical,8,1,1,0.999970090753208
73,LogisticRegression,classical,8,0,1,0.8496565975017577
78,LogisticRegression,classical,8,0,0,0.021446968838148665
88,LogisticRegression,classical,8,0,0,0.004530093866469194
90,LogisticRegression,classical,8,1,1,0.9998675383394351
91,LogisticRegression,classical,8,1,1,0.9999999980119876
107,LogisticRegression,classical,8,1,1,0.8389313010561079
112,LogisticRegression,classical,8,1,1,0.9998939522683645
159,LogisticRegression,classical,8,1,1,0.9999078914715479
172,LogisticRegression,classical,8,1,1,0.9999909056582019
173,LogisticRegression,classical,8,1,1,0.999998015427222
177,LogisticRegression,classical,8,1,0,0.22116900731829883
187,LogisticRegression,classical,8,1,1,0.9919481566175671
199,LogisticRegression,classical,8,1,1,0.9997547242859411
213,LogisticRegression,classical,8,1,1,0.9998402491381976
216,LogisticRegression,classical,8,1,1,0.9996613439821386
221,LogisticRegression,classical,8,0,1,0.5291851903699146
223,LogisticRegression,classical,8,1,1,0.9986092111411018
230,LogisticRegression,classical,8,1,1,0.9991287507989682
235,LogisticRegression,classical,8,0,1,0.6170037019480415
237,LogisticRegression,classical,8,1,1,0.9885129639941646
248,LogisticRegression,classical,8,1,1,0.9999950926244231
266,LogisticRegression,classical,8,1,1,0.8076485252126004
277,LogisticRegression,classical,8,1,1,0.5879219476002739
285,LogisticRegression,classical,8,1,1,0.9999257025825979
288,LogisticRegression,classical,8,0,0,5.889632590172213e-06
304,LogisticRegression,classical,8,1,1,0.9998683568660987
307,LogisticRegression,classical,8,1,1,0.9997453615945828
332,LogisticRegression,classical,8,1,1,0.9999998807749242
338,LogisticRegression,classical,8,1,1,0.9995293216493067
348,LogisticRegression,classical,8,1,1,0.9999998452783367
351,LogisticRegression,classical,8,1,1,0.9965687682970549
359,LogisticRegression,classical,8,0,0,0.0029252514925427976
361,LogisticRegression,classical,8,1,0,0.016223228287285292
422,LogisticRegression,classical,8,1,1,0.9823295814836032
429,LogisticRegression,classical,8,1,1,0.8139895014397985
430,LogisticRegression,classical,8,1,0,0.45498933029181426
442,LogisticRegression,classical,8,1,1,0.5805712529888499
445,LogisticRegression,classical,8,1,1,0.9890976797391132
451,LogisticRegression,classical,8,1,1,0.9435447143854129
457,LogisticRegression,classical,8,1,1,0.9980122393293314
458,LogisticRegression,classical,8,1,1,0.999999211246331
464,LogisticRegression,classical,8,1,0,4.205911215824987e-09
478,LogisticRegression,classical,8,1,1,0.9999754159228916
483,LogisticRegression,classical,8,1,1,0.9999634613904279
486,LogisticRegression,classical,8,1,1,0.9998795634446304
497,LogisticRegression,classical,8,1,1,0.9967525785372107
500,LogisticRegression,classical,8,1,1,0.9997813918241202
516,LogisticRegression,classical,8,1,1,0.9996364794227944
525,LogisticRegression,classical,8,1,0,0.2975428264960816
543,LogisticRegression,classical,8,1,1,0.8912056626343248
559,LogisticRegression,classical,8,1,1,0.9999931510934212
565,LogisticRegression,classical,8,1,1,0.9999820331135839
568,LogisticRegression,classical,8,0,0,0.0341358310155905
591,LogisticRegression,classical,8,1,1,0.9537026083248282
609,LogisticRegression,classical,8,0,0,0.0933973555640062
618,LogisticRegression,classical,8,1,1,0.9943963530621864
639,LogisticRegression,classical,8,0,0,0.0012646409473013808
643,LogisticRegression,classical,8,1,1,0.9999999881493996
648,LogisticRegression,classical,8,0,0,0.09530588597839619
651,LogisticRegression,classical,8,1,1,0.9999971513117609
658,LogisticRegression,classical,8,0,0,0.019779684023829815
665,LogisticRegression,classical,8,0,0,0.11586336492503728
672,LogisticRegression,classical,8,1,1,0.97801418779215
677,LogisticRegression,classical,8,1,1,0.8702092761799376
698,LogisticRegression,classical,8,0,0,0.0003079747242777973
712,LogisticRegression,classical,8,0,1,0.9901455208081752
719,LogisticRegression,classical,8,1,1,0.9081908671683119
735,LogisticRegression,classical,8,0,1,0.6022933906452896
736,LogisticRegression,classical,8,0,1,0.9865712814685191
740,LogisticRegression,classical,8,0,1,0.5962340239730672
748,LogisticRegression,classical,8,1,0,0.43983873348027896
4,LogisticRegression,classical,9,1,1,0.9999672561682127
7,LogisticRegression,classical,9,1,1,0.9930714343838323
24,LogisticRegression,classical,9,1,1,0.9910586435066303
75,LogisticRegression,classical,9,1,1,0.9990200883086554
89,LogisticRegression,classical,9,0,0,0.0005499450587613299
94,LogisticRegression,classical,9,1,1,0.9981420297177604
115,LogisticRegression,classical,9,1,1,0.9986807978596474
123,LogisticRegression,classical,9,0,0,2.1718168373970448e-05
128,LogisticRegression,classical,9,0,1,0.8361841236452429
149,LogisticRegression,classical,9,0,0,0.00031003545603412486
163,LogisticRegression,classical,9,1,1,0.9999999065869573
169,LogisticRegression,classical,9,1,1,0.9999988729852481
174,LogisticRegression,classical,9,1,1,0.9482237052339101
194,LogisticRegression,classical,9,1,1,0.9999990009741941
195,LogisticRegression,classical,9,0,1,0.5885048276912338
202,LogisticRegression,classical,9,1,0,0.40346615458761725
212,LogisticRegression,classical,9,1,1,0.979249492655096
219,LogisticRegression,classical,9,0,1,0.6432237161969534
224,LogisticRegression,classical,9,1,1,0.9999412998309575
227,LogisticRegression,classical,9,0,0,0.003468682564520612
233,LogisticRegression,classical,9,1,0,0.2222773725161291
243,LogisticRegression,classical,9,1,1,0.6412218765398041
244,LogisticRegression,classical,9,1,1,0.9999278018987824
251,LogisticRegression,classical,9,0,0,0.2168339671865726
254,LogisticRegression,classical,9,1,1,0.9999383123146629
278,LogisticRegression,classical,9,1,1,0.901169185550365
279,LogisticRegression,classical,9,1,1,0.9985447791985391
281,LogisticRegression,classical,9,1,1,0.9997544979364908
298,LogisticRegression,classical,9,1,0,0.0024572180183503782
306,LogisticRegression,classical,9,1,1,0.9999996793526771
349,LogisticRegression,classical,9,1,1,0.9938963840438899
362,LogisticRegression,classical,9,1,1,0.9860021776327751
366,LogisticRegression,classical,9,1,1,0.963032381444606
374,LogisticRegression,classical,9,1,1,0.9996099623519104
387,LogisticRegression,classical,9,1,1,0.9998882953751763
390,LogisticRegression,classical,9,0,0,0.010385102160930386
397,LogisticRegression,classical,9,0,1,0.954372232699694
403,LogisticRegression,classical,9,1,1,0.999979899944077
407,LogisticRegression,classical,9,0,0,0.02358568461031971
414,LogisticRegression,classical,9,1,1,0.685321313135374
432,LogisticRegression,classical,9,1,1,0.9934413967259376
433,LogisticRegression,classical,9,1,1,0.9983932778847456
440,LogisticRegression,classical,9,1,1,0.9959408798789132
443,LogisticRegression,classical,9,1,1,0.9993325057677053
444,LogisticRegression,classical,9,1,1,0.9678736781129101
448,LogisticRegression,classical,9,0,0,9.286681596021166e-05
473,LogisticRegression,classical,9,0,1,0.521930964024297
485,LogisticRegression,classical,9,1,0,0.008397647593778786
495,LogisticRegression,classical,9,1,1,0.9998171641774005
508,LogisticRegression,classical,9,1,1,0.9999998717840841
515,LogisticRegression,classical,9,1,1,0.9999639424022226
518,LogisticRegression,classical,9,1,0,0.2772282243178979
529,LogisticRegression,classical,9,1,1,0.6526344557571153
532,LogisticRegression,classical,9,1,1,0.9999861707774512
541,LogisticRegression,classical,9,0,0,0.0009281583269093591
545,LogisticRegression,classical,9,1,1,0.9998533848909636
574,LogisticRegression,classical,9,1,1,0.9454919084151282
577,LogisticRegression,classical,9,0,0,3.911143784036254e-05
578,LogisticRegression,classical,9,0,0,1.0231752044393345e-05
596,LogisticRegression,classical,9,0,0,2.2778535714365016e-06
631,LogisticRegression,classical,9,0,0,7.319998495086037e-14
633,LogisticRegression,classical,9,1,1,0.9999777036550517
634,LogisticRegression,classical,9,1,1,0.999909434793476
642,LogisticRegression,classical,9,1,1,0.9988665939687493
653,LogisticRegression,classical,9,1,1,0.9999999725396495
678,LogisticRegression,classical,9,1,1,0.9999261693665653
690,LogisticRegression,classical,9,1,1,0.950899237911474
692,LogisticRegression,classical,9,1,1,0.9990434008753433
695,LogisticRegression,classical,9,1,1,0.9367855133967211
697,LogisticRegression,classical,9,0,0,4.825293297836655e-08
701,LogisticRegression,classical,9,1,0,0.13135375479963968
714,LogisticRegression,classical,9,1,1,0.927538249356691
720,LogisticRegression,classical,9,1,1,0.9909669909365046
730,LogisticRegression,classical,9,1,1,0.9669729999773271
742,LogisticRegression,classical,9,1,1,0.9997393001090781
0,LogisticRegression,classical,10,1,1,0.999329172148476
1,LogisticRegression,classical,10,1,1,0.995742364504391
3,LogisticRegression,classical,10,1,0,0.017499023782624783
18,LogisticRegression,classical,10,1,1,0.6201222734360986
30,LogisticRegression,classical,10,1,1,0.9999967234344204
37,LogisticRegression,classical,10,1,1,0.9173122131712552
38,LogisticRegression,classical,10,1,1,0.9519071713357942
52,LogisticRegression,classical,10,1,1,0.9998400319396388
58,LogisticRegression,classical,10,1,1,0.9999996171279453
62,LogisticRegression,classical,10,1,0,0.06141345988870226
71,LogisticRegression,classical,10,1,1,0.99999987918655
83,LogisticRegression,classical,10,0,1,0.9911768084701428
99,LogisticRegression,classical,10,0,0,0.05573196399911793
109,LogisticRegression,classical,10,1,1,0.869847829814882
111,LogisticRegression,classical,10,1,1,0.9999999999944229
119,LogisticRegression,classical,10,1,1,0.9961676413861426
122,LogisticRegression,classical,10,1,1,0.9777327738920466
141,LogisticRegression,classical,10,0,0,0.036666432930605876
152,LogisticRegression,classical,10,1,1,0.9972653281929503
175,LogisticRegression,classical,10,1,1,0.9990825150653408
186,LogisticRegression,classical,10,1,1,0.9968912524934586
188,LogisticRegression,classical,10,1,1,0.9967691254846569
205,LogisticRegression,classical,10,1,0,0.2610682148573685
209,LogisticRegression,classical,10,0,0,0.05045697131016646
210,LogisticRegression,classical,10,1,1,0.9997382424187268
215,LogisticRegression,classical,10,1,1,0.9999998811927538
236,LogisticRegression,classical,10,0,1,0.8559012630358055
239,LogisticRegression,classical,10,1,0,0.14957254780690613
240,LogisticRegression,classical,10,1,1,0.9993009781127976
250,LogisticRegression,classical,10,0,1,0.9998884129705926
252,LogisticRegression,classical,10,1,1,0.9995134258982007
311,LogisticRegression,classical,10,0,0,0.11074905813942722
314,LogisticRegression,classical,10,1,1,0.9999993312896389
319,LogisticRegression,classical,10,1,1,0.9999941204278818
330,LogisticRegression,classical,10,1,1,0.999991544019415
334,LogisticRegression,classical,10,0,1,0.9842684054378547
336,LogisticRegression,classical,10,1,1,0.9996917257023122
343,LogisticRegression,classical,10,1,1,0.999933417958957
354,LogisticRegression,classical,10,1,1,0.992268478334082
376,LogisticRegression,classical,10,0,0,0.010347747908792072
381,LogisticRegression,classical,10,1,1,0.9960613403872312
383,LogisticRegression,classical,10,1,1,0.7900444769300882
420,LogisticRegression,classical,10,1,1,0.8185849503432927
437,LogisticRegression,classical,10,1,1,0.9975486354567734
452,LogisticRegression,classical,10,1,0,0.03157485908110803
456,LogisticRegression,classical,10,1,1,0.998117567198508
490,LogisticRegression,classical,10,0,1,0.5722577388573222
492,LogisticRegression,classical,10,1,1,0.9426522159299139
494,LogisticRegression,classical,10,1,1,0.9951281765858061
527,LogisticRegression,classical,10,1,0,0.41222085874520376
531,LogisticRegression,classical,10,1,0,0.009771114157657556
534,LogisticRegression,classical,10,0,1,0.6148476027324006
548,LogisticRegression,classical,10,1,1,0.9335741212883379
551,LogisticRegression,classical,10,1,1,0.9709510465643723
553,LogisticRegression,classical,10,1,1,0.9995991605558852
585,LogisticRegression,classical,10,0,0,0.0023171849824627304
594,LogisticRegression,classical,10,0,0,2.1299542655010067e-12
597,LogisticRegression,classical,10,1,1,0.9999008580433316
602,LogisticRegression,classical,10,1,1,0.9999765498417861
610,LogisticRegression,classical,10,0,1,0.9722951578519146
616,LogisticRegression,classical,10,1,0,0.1391352829277222
621,LogisticRegression,classical,10,1,1,0.9996577000984865
627,LogisticRegression,classical,10,1,1,0.9997672812567486
629,LogisticRegression,classical,10,1,1,0.8597256507048214
635,LogisticRegression,classical,10,1,1,0.9999995184993868
640,LogisticRegression,classical,10,0,0,0.0002711840477643279
650,LogisticRegression,classical,10,0,0,0.05700814501033303
657,LogisticRegression,classical,10,0,0,0.22855207009651124
669,LogisticRegression,classical,10,1,1,0.9999705045773972
676,LogisticRegression,classical,10,1,1,0.7460533902987896
689,LogisticRegression,classical,10,1,1,0.9994329322966146
691,LogisticRegression,classical,10,1,1,0.7556903970989629
699,LogisticRegression,classical,10,1,0,3.2622208114633335e-05
705,LogisticRegression,classical,10,0,0,0.011924377041722474
738,LogisticRegression,classical,10,0,0,1.9772806894799433e-09
26,SVM,classical,1,1,1,0.7056204221530691
32,SVM,classical,1,1,1,0.6773747122104562
34,SVM,classical,1,0,0,0.1995655488760074
50,SVM,classical,1,1,1,0.5265563844241582
51,SVM,classical,1,1,1,0.9677764020908289
57,SVM,classical,1,1,1,0.9776320734882078
60,SVM,classical,1,1,1,0.9545713073002597
97,SVM,classical,1,1,1,0.8140336675928745
137,SVM,classical,1,0,0,0.2499347538325665
139,SVM,classical,1,1,1,0.9808044834915094
147,SVM,classical,1,0,0,0.03349752815310066
148,SVM,classical,1,0,0,0.07604397143012695
154,SVM,classical,1,1,1,0.8680180546391849
158,SVM,classical,1,1,1,0.9889707777646645
160,SVM,classical,1,1,1,0.9638215421718852
162,SVM,classical,1,1,1,0.9565439134233127
171,SVM,classical,1,1,1,0.9823527440677053
179,SVM,classical,1,1,1,0.9473617297322489
181,SVM,classical,1,1,1,0.7663246431839532
228,SVM,classical,1,1,1,0.9367263731465629
231,SVM,classical,1,1,1,0.920866483542263
242,SVM,classical,1,1,1,0.9149707905714346
246,SVM,classical,1,1,1,0.8544439887199344
261,SVM,classical,1,1,1,0.6670888313529127
272,SVM,classical,1,1,1,0.8204134148731087
273,SVM,classical,1,1,1,0.9260795143165458
287,SVM,classical,1,1,1,0.8380707217617492
294,SVM,classical,1,1,1,0.8330090048510217
296,SVM,classical,1,1,1,0.8838489027546118
301,SVM,classical,1,1,1,0.9779116588234755
302,SVM,classical,1,1,1,0.9843128053249476
305,SVM,classical,1,1,1,0.9754781734627508
318,SVM,classical,1,1,1,0.9237885366793375
322,SVM,classical,1,1,1,0.8906377342878868
323,SVM,classical,1,1,1,0.7876962966656054
325,SVM,classical,1,1,1,0.8716246715116426
327,SVM,classical,1,1,1,0.8599743546933181
333,SVM,classical,1,0,1,0.6834770546897131
368,SVM,classical,1,1,1,0.9637497715851854
369,SVM,classical,1,0,0,0.11431662369912965
375,SVM,classical,1,0,0,0.03581359917189087
388,SVM,classical,1,1,1,0.9732890991042397
392,SVM,classical,1,0,1,0.8381153825687617
393,SVM,classical,1,0,0,0.09275896514107365
396,SVM,classical,1,0,0,0.057355789050312515
469,SVM,classical,1,0,1,0.520460310126547
501,SVM,classical,1,1,1,0.9461004003586421
510,SVM,classical,1,1,1,0.8354174672920959
511,SVM,classical,1,1,1,0.9780222993321466
512,SVM,classical,1,1,1,0.8848710717933697
520,SVM,classical,1,0,1,0.35938548913136253
521,SVM,classical,1,0,0,0.17928792463517848
523,SVM,classical,1,1,1,0.6851208039901954
530,SVM,classical,1,1,1,0.8076556647732134
546,SVM,classical,1,1,1,0.898147433647185
560,SVM,classical,1,1,1,0.940612951144542
564,SVM,classical,1,1,1,0.8987553161146165
567,SVM,classical,1,0,0,0.04360978713676189
573,SVM,classical,1,1,1,0.8954487284704861
603,SVM,classical,1,1,1,0.7689009363877479
608,SVM,classical,1,1,1,0.5204603130127512
613,SVM,classical,1,1,1,0.9873140684009843
620,SVM,classical,1,1,1,0.7871201696297686
630,SVM,classical,1,0,1,0.46509641683246566
641,SVM,classical,1,0,0,0.154623599091266
646,SVM,classical,1,1,1,0.96685816855518
660,SVM,classical,1,1,1,0.8058497350113794
662,SVM,classical,1,1,1,0.9337749533904149
671,SVM,classical,1,1,1,0.9679619193628436
675,SVM,classical,1,1,1,0.7237781826168053
684,SVM,classical,1,1,1,0.989254642741742
709,SVM,classical,1,1,1,0.6900477858079367
733,SVM,classical,1,0,0,0.08066168584404361
739,SVM,classical,1,0,0,0.10056721204992099
744,SVM,classical,1,1,1,0.9456006444336278
755,SVM,classical,1,0,1,0.9206224858628673
10,SVM,classical,2,1,1,0.8590432025860341
27,SVM,classical,2,1,1,0.9344232826037665
31,SVM,classical,2,1,1,0.8406859058282783
36,SVM,classical,2,1,1,0.9686059050315887
39,SVM,classical,2,1,1,0.59919699207185
40,SVM,classical,2,1,1,0.6921254638883191
44,SVM,classical,2,0,1,0.9424492904524945
48,SVM,classical,2,1,1,0.9093927455463638
55,SVM,classical,2,1,1,0.9518708396177744
59,SVM,classical,2,1,1,0.9316389573519139
66,SVM,classical,2,1,1,0.7502343151481781
80,SVM,classical,2,0,1,0.7557110830735987
84,SVM,classical,2,1,1,0.4818826735559472
86,SVM,classical,2,1,1,0.5113828285032725
93,SVM,classical,2,1,1,0.9568890162772592
96,SVM,classical,2,1,1,0.924723322547116
113,SVM,classical,2,1,1,0.9173117989679701
114,SVM,classical,2,1,1,0.8535311207722651
121,SVM,classical,2,1,1,0.9667515126774655
127,SVM,classical,2,0,1,0.8305521252164192
131,SVM,classical,2,1,1,0.7807909582957531
133,SVM,classical,2,1,1,0.8225606581638703
135,SVM,classical,2,0,0,0.29119619326782664
146,SVM,classical,2,0,0,0.11019885567807954
151,SVM,classical,2,1,1,0.9272765744210617
167,SVM,classical,2,1,1,0.9468517750205123
182,SVM,classical,2,1,1,0.5848648358406795
184,SVM,classical,2,1,1,0.9831293213100017
198,SVM,classical,2,1,1,0.9378709249048737
207,SVM,classical,2,0,0,0.23323921983436668
262,SVM,classical,2,1,1,0.5126130791285157
268,SVM,classical,2,0,0,0.12398946497005478
270,SVM,classical,2,1,1,0.9667407884043356
275,SVM,classical,2,1,1,0.9684984490776523
283,SVM,classical,2,1,1,0.9674067386620956
286,SVM,classical,2,1,1,0.9857911203516537
308,SVM,classical,2,1,1,0.9656431320069812
315,SVM,classical,2,1,1,0.8153170817255861
335,SVM,classical,2,0,1,0.8643276464839704
339,SVM,classical,2,1,1,0.552581867494023
350,SVM,classical,2,1,1,0.9588532055170548
352,SVM,classical,2,1,1,0.9638850553558383
378,SVM,classical,2,1,1,0.7511239719200633
379,SVM,classical,2,1,1,0.8788547443305808
391,SVM,classical,2,0,1,0.8356906002710709
410,SVM,classical,2,0,1,0.8617300963878533
415,SVM,classical,2,1,1,0.9516146630088422
419,SVM,classical,2,1,1,0.8737309744868177
454,SVM,classical,2,1,1,0.9822702480073431
459,SVM,classical,2,0,1,0.5438555777985541
470,SVM,classical,2,0,1,0.5423981650805629
471,SVM,classical,2,0,1,0.6508135557979234
496,SVM,classical,2,1,1,0.7991118464468682
503,SVM,classical,2,1,1,0.8625101393478495
505,SVM,classical,2,1,1,0.9574885791543373
522,SVM,classical,2,1,1,0.7137855252756723
542,SVM,classical,2,0,0,0.16010671813709032
549,SVM,classical,2,1,1,0.9722655932326814
555,SVM,classical,2,1,1,0.7245301314949283
558,SVM,classical,2,1,1,0.980941699626548
587,SVM,classical,2,0,1,0.375815238337892
599,SVM,classical,2,1,1,0.9430116745234639
606,SVM,classical,2,1,1,0.5424535358931621
611,SVM,classical,2,0,1,0.9122756239166362
632,SVM,classical,2,0,1,0.8173376274901205
656,SVM,classical,2,1,1,0.9667106792587326
673,SVM,classical,2,1,1,0.8973199565793802
680,SVM,classical,2,1,1,0.6034510653732267
700,SVM,classical,2,1,0,0.20590754862420033
704,SVM,classical,2,0,0,0.08964328775313457
724,SVM,classical,2,1,0,0.08815884208284051
729,SVM,classical,2,1,1,0.9252585731343732
732,SVM,classical,2,0,1,0.5423981644823265
745,SVM,classical,2,1,1,0.8934234861527589
746,SVM,classical,2,1,1,0.968569779572321
749,SVM,classical,2,1,1,0.9067047483716849
11,SVM,classical,3,1,1,0.7409268197363226
15,SVM,classical,3,1,1,0.8830720024921421
19,SVM,classical,3,1,1,0.9220726716974819
20,SVM,classical,3,1,1,0.7909640133083451
25,SVM,classical,3,1,1,0.6265138286562658
33,SVM,classical,3,0,1,0.6058700589951338
41,SVM,classical,3,1,1,0.7791653960598954
56,SVM,classical,3,1,1,0.9492184489073614
65,SVM,classical,3,1,1,0.9761432667370806
70,SVM,classical,3,1,1,0.9143174713698723
117,SVM,classical,3,1,1,0.9437534270571903
125,SVM,classical,3,0,0,0.07202252768030636
134,SVM,classical,3,1,1,0.9641271427077549
144,SVM,classical,3,0,0,0.29529209036881476
145,SVM,classical,3,0,0,0.15799548071536254
156,SVM,classical,3,1,1,0.9754799985485202
168,SVM,classical,3,1,1,0.9944362629451247
170,SVM,classical,3,1,1,0.9822231165361451
200,SVM,classical,3,1,1,0.5
203,SVM,classical,3,1,1,0.7060591413565211
204,SVM,classical,3,1,1,0.7371235196750673
208,SVM,classical,3,0,0,0.03510764112736579
217,SVM,classical,3,1,1,0.8290926969719226
218,SVM,classical,3,1,1,0.8198206424428055
220,SVM,classical,3,0,1,0.9039288789348692
255,SVM,classical,3,1,1,0.7534683179598729
256,SVM,classical,3,1,1,0.9147840900159429
267,SVM,classical,3,0,0,0.02618784241127718
289,SVM,classical,3,0,0,0.04478399953719995
295,SVM,classical,3,1,1,0.9420935437180397
328,SVM,classical,3,1,1,0.8442655980725672
341,SVM,classical,3,1,1,0.9516894311828193
345,SVM,classical,3,1,1,0.9640883687886582
355,SVM,classical,3,1,1,0.977678886918475
372,SVM,classical,3,1,1,0.8443743443578176
377,SVM,classical,3,0,1,0.5295293047478159
385,SVM,classical,3,1,1,0.7748013750454175
394,SVM,classical,3,0,0,0.11743428825230726
402,SVM,classical,3,1,1,0.9864556610728517
404,SVM,classical,3,1,1,0.9560616170371888
413,SVM,classical,3,1,1,0.891244444606125
416,SVM,classical,3,1,1,0.930769264581619
423,SVM,classical,3,1,1,0.9196589550311746
434,SVM,classical,3,1,1,0.9310452807398032
439,SVM,classical,3,1,1,0.8846571451171449
447,SVM,classical,3,0,0,0.03798455564529487
461,SVM,classical,3,0,1,0.8739004871914975
463,SVM,classical,3,1,1,0.7211543912101841
472,SVM,classical,3,0,1,0.6606204474201711
474,SVM,classical,3,1,1,0.9233845659555993
476,SVM,classical,3,1,1,0.8945736186811051
481,SVM,classical,3,1,1,0.8193665340646011
482,SVM,classical,3,1,1,0.6690586296608616
488,SVM,classical,3,1,1,0.9047587355399678
499,SVM,classical,3,1,1,0.9876230184893523
502,SVM,classical,3,1,1,0.9239072831855836
509,SVM,classical,3,1,1,0.5
513,SVM,classical,3,1,1,0.9600019184726233
514,SVM,classical,3,1,1,0.9461986865564216
572,SVM,classical,3,1,1,0.9821253179063403
589,SVM,classical,3,0,0,0.009748366198187055
592,SVM,classical,3,1,1,0.9386994308220623
598,SVM,classical,3,1,1,0.992927824034135
600,SVM,classical,3,1,1,0.9463872244961894
601,SVM,classical,3,1,1,0.9651076362005871
612,SVM,classical,3,1,1,0.5
645,SVM,classical,3,1,1,0.9017505182485304
666,SVM,classical,3,0,1,0.9059485859601141
668,SVM,classical,3,0,1,0.9405274734835131
688,SVM,classical,3,1,1,0.9590171994644784
696,SVM,classical,3,0,0,0.006042736546749916
702,SVM,classical,3,0,1,0.8382553975649357
715,SVM,classical,3,1,1,0.8989000471477756
723,SVM,classical,3,1,0,0.02519555540517591
727,SVM,classical,3,0,1,0.953106788627188
743,SVM,classical,3,1,1,0.9561275345519411
9,SVM,classical,4,1,1,0.5353346399609038
13,SVM,classical,4,1,1,0.8880148655483677
21,SVM,classical,4,1,1,0.7341071103499299
22,SVM,classical,4,1,1,0.757177868125263
28,SVM,classical,4,1,1,0.5791917109436638
61,SVM,classical,4,1,1,0.8745955902230719
72,SVM,classical,4,0,1,0.6549307818245003
77,SVM,classical,4,1,1,0.9186408848599193
100,SVM,classical,4,0,1,0.6447954907091447
104,SVM,classical,4,0,1,0.41134055664656144
106,SVM,classical,4,1,1,0.6947559346681537
116,SVM,classical,4,1,1,0.8601180131394943
120,SVM,classical,4,1,1,0.9273083570790334
126,SVM,classical,4,0,1,0.8042367234830992
150,SVM,classical,4,1,1,0.9362277142884201
157,SVM,classical,4,1,1,0.9675203580092602
180,SVM,classical,4,1,1,0.7498888175367344
191,SVM,classical,4,1,1,0.9514265449151397
193,SVM,classical,4,1,1,0.9342106434882187
206,SVM,classical,4,1,1,0.842896656699255
211,SVM,classical,4,1,1,0.8849712129954306
229,SVM,classical,4,1,1,0.9329400085288658
260,SVM,classical,4,1,1,0.9692324052967758
264,SVM,classical,4,1,1,0.7976751176349951
269,SVM,classical,4,0,0,0.07503426479326994
282,SVM,classical,4,1,1,0.9092895310990442
284,SVM,classical,4,1,1,0.9249364582411789
290,SVM,classical,4,0,1,0.49469845951482044
297,SVM,classical,4,1,1,0.8454153600187537
312,SVM,classical,4,1,1,0.7082340232793641
320,SVM,classical,4,1,1,0.9165205071791604
324,SVM,classical,4,1,1,0.9130766408638373
331,SVM,classical,4,1,1,0.9572521866859657
337,SVM,classical,4,1,1,0.646304669864499
344,SVM,classical,4,1,1,0.9635118779314875
400,SVM,classical,4,1,1,0.9158161620909685
424,SVM,classical,4,1,1,0.9022082819502849
425,SVM,classical,4,1,1,0.7361381572457455
436,SVM,classical,4,1,1,0.7803501313484911
438,SVM,classical,4,1,1,0.9101143223351563
455,SVM,classical,4,1,1,0.8791935925985402
477,SVM,classical,4,1,1,0.9281054499842601
484,SVM,classical,4,1,1,0.8673598127197485
489,SVM,classical,4,0,1,0.9740011893101569
507,SVM,classical,4,1,1,0.784757801534263
517,SVM,classical,4,1,1,0.7098323316088442
528,SVM,classical,4,1,1,0.44688407442841294
533,SVM,classical,4,1,1,0.6872029353927487
536,SVM,classical,4,0,0,0.2877600714855038
540,SVM,classical,4,0,0,0.19883107389009308
550,SVM,classical,4,1,1,0.5358429179853489
552,SVM,classical,4,1,1,0.9513201668440437
554,SVM,classical,4,1,1,0.9114713427464163
557,SVM,classical,4,1,1,0.8001362185790825
561,SVM,classical,4,0,0,0.2162641404566736
569,SVM,classical,4,0,0,0.011651312062974229
571,SVM,classical,4,1,1,0.9633130512626219
586,SVM,classical,4,0,1,0.7100965231649976
590,SVM,classical,4,0,0,0.048871627609123544
595,SVM,classical,4,0,1,0.5268196488399991
615,SVM,classical,4,1,1,0.9216565879258866
617,SVM,classical,4,1,1,0.9250234260329527
624,SVM,classical,4,1,1,0.8737468594927674
625,SVM,classical,4,1,1,0.8800016020814658
644,SVM,classical,4,1,1,0.9352511386310219
647,SVM,classical,4,1,1,0.9379909442505309
649,SVM,classical,4,0,0,0.1009639330097229
652,SVM,classical,4,1,1,0.9135705274812269
659,SVM,classical,4,0,1,0.7264457779995328
674,SVM,classical,4,1,1,0.7622648802837583
694,SVM,classical,4,1,1,0.9559682875328892
707,SVM,classical,4,0,1,0.3946535835745072
717,SVM,classical,4,1,1,0.9332511455658722
734,SVM,classical,4,0,0,0.011274981826990115
741,SVM,classical,4,1,1,0.9915380217215924
753,SVM,classical,4,0,0,0.26822595265210164
2,SVM,classical,5,1,1,0.9638819738545176
6,SVM,classical,5,1,1,0.858669599549702
12,SVM,classical,5,1,1,0.9052343730604493
16,SVM,classical,5,1,1,0.9126444336466618
23,SVM,classical,5,1,1,0.6867048721213234
29,SVM,classical,5,1,1,0.9253620966231489
45,SVM,classical,5,1,1,0.8824475854549119
64,SVM,classical,5,1,1,0.9614293443261586
68,SVM,classical,5,1,1,0.5050249576786527
79,SVM,classical,5,0,1,0.40850180857695356
81,SVM,classical,5,0,1,0.8542853079869588
92,SVM,classical,5,1,1,0.9824138739382942
101,SVM,classical,5,0,1,0.4328319655000858
105,SVM,classical,5,1,1,0.6489787293131811
108,SVM,classical,5,1,1,0.747162882328438
118,SVM,classical,5,1,1,0.9380889675178696
124,SVM,classical,5,0,0,0.049696690896415624
130,SVM,classical,5,1,1,0.965082625259115
136,SVM,classical,5,0,1,0.5524946258491992
143,SVM,classical,5,0,0,0.09259574726874809
164,SVM,classical,5,1,1,0.9757830475203914
185,SVM,classical,5,1,1,0.9641370559114343
196,SVM,classical,5,0,1,0.6859120426921217
249,SVM,classical,5,0,1,0.8796159253846745
253,SVM,classical,5,1,1,0.9568079691786593
257,SVM,classical,5,1,1,0.9336359797203431
263,SVM,classical,5,1,1,0.9595682677192842
265,SVM,classical,5,1,1,0.9342579978628056
274,SVM,classical,5,1,1,0.9499436200703968
276,SVM,classical,5,1,1,0.9646760101272863
280,SVM,classical,5,1,1,0.7805415794940012
293,SVM,classical,5,1,1,0.97990192634562
303,SVM,classical,5,1,1,0.9706755335343681
321,SVM,classical,5,1,1,0.8218278490803684
326,SVM,classical,5,1,1,0.9365746789089086
329,SVM,classical,5,1,1,0.9827927540115338
358,SVM,classical,5,0,0,0.02183270286253582
370,SVM,classical,5,0,1,0.6904751683257027
371,SVM,classical,5,0,0,0.31142317820841176
373,SVM,classical,5,1,1,0.9562019462656607
382,SVM,classical,5,1,1,0.9618581512476446
386,SVM,classical,5,1,1,0.8358236699090532
408,SVM,classical,5,0,1,0.5
409,SVM,classical,5,0,0,0.2712565881538757
417,SVM,classical,5,1,1,0.930407834011646
427,SVM,classical,5,1,1,0.6842122274241456
465,SVM,classical,5,1,1,0.8018821257365953
479,SVM,classical,5,1,1,0.8247115130823752
480,SVM,classical,5,1,1,0.9176972290783064
504,SVM,classical,5,1,1,0.9583882489243563
506,SVM,classical,5,1,1,0.9434718317143361
519,SVM,classical,5,0,0,0.09217072254227278
524,SVM,classical,5,1,1,0.876188941090684
538,SVM,classical,5,1,1,0.9088737520127753
544,SVM,classical,5,1,1,0.8573379912667988
547,SVM,classical,5,1,1,0.9294805438437043
562,SVM,classical,5,0,0,0.16496024045653504
566,SVM,classical,5,1,1,0.8985136847453773
575,SVM,classical,5,1,1,0.950273740607422
579,SVM,classical,5,1,1,0.9687167868733334
582,SVM,classical,5,0,0,0.12804114571291877
583,SVM,classical,5,0,0,0.20361059158420217
619,SVM,classical,5,1,1,0.9746339000719789
623,SVM,classical,5,1,1,0.9711615004280646
628,SVM,classical,5,1,1,0.7453074639832602
638,SVM,classical,5,1,1,0.693027182589391
655,SVM,classical,5,1,1,0.9602351838550326
683,SVM,classical,5,1,1,0.9736599720554643
687,SVM,classical,5,1,1,0.8545124556462843
693,SVM,classical,5,1,1,0.8017039510431007
708,SVM,classical,5,1,1,0.6900157607608938
716,SVM,classical,5,1,1,0.9187485669989294
726,SVM,classical,5,0,1,0.6518252970253458
747,SVM,classical,5,1,1,0.8868828887278721
750,SVM,classical,5,0,0,0.03164071313975428
752,SVM,classical,5,0,0,0.2761804582898645
5,SVM,classical,6,1,1,0.8333183851002243
43,SVM,classical,6,0,1,0.953091545130694
46,SVM,classical,6,1,1,0.8496788120705685
67,SVM,classical,6,1,1,0.3861350782712536
69,SVM,classical,6,1,1,0.9360125413396418
74,SVM,classical,6,0,1,0.4632645085313301
76,SVM,classical,6,1,1,0.9449086636837273
85,SVM,classical,6,1,1,0.6510839372826314
87,SVM,classical,6,0,0,0.07137836375244169
95,SVM,classical,6,1,1,0.9645711493429943
102,SVM,classical,6,0,1,0.5555521636111679
103,SVM,classical,6,0,0,0.3013173754823669
132,SVM,classical,6,1,1,0.47773857084517773
140,SVM,classical,6,1,1,0.9737926647439361
142,SVM,classical,6,0,0,0.03247125844950729
155,SVM,classical,6,1,1,0.9272649996962127
161,SVM,classical,6,1,1,0.9750756221210376
165,SVM,classical,6,1,1,0.9528674946534234
166,SVM,classical,6,1,1,0.9316242842865062
176,SVM,classical,6,1,1,0.9526501634085756
183,SVM,classical,6,1,1,0.9870844026813268
190,SVM,classical,6,1,1,0.9473491232349623
197,SVM,classical,6,0,1,0.4199246480281017
201,SVM,classical,6,1,1,0.39297892483228913
222,SVM,classical,6,1,1,0.8731271428742504
232,SVM,classical,6,1,1,0.6572172443357751
234,SVM,classical,6,0,1,0.9208027880870902
245,SVM,classical,6,1,1,0.4893349592718033
258,SVM,classical,6,1,1,0.977660099946522
271,SVM,classical,6,1,1,0.9471084705196521
291,SVM,classical,6,1,1,0.9725124506038778
300,SVM,classical,6,1,1,0.9791374840515884
309,SVM,classical,6,0,0,0.18341045776829518
317,SVM,classical,6,1,1,0.9799404819177221
342,SVM,classical,6,1,1,0.5756180135787071
346,SVM,classical,6,1,1,0.9803406064928684
347,SVM,classical,6,1,1,0.956433580718551
363,SVM,classical,6,1,1,0.7124674016892443
364,SVM,classical,6,1,1,0.8126693043345694
367,SVM,classical,6,1,1,0.9552477849598228
380,SVM,classical,6,1,1,0.914117549446843
384,SVM,classical,6,1,1,0.8262942739615338
395,SVM,classical,6,0,0,0.08558357339767804
399,SVM,classical,6,1,1,0.6296218754758043
418,SVM,classical,6,1,1,0.6279104500042962
421,SVM,classical,6,1,1,0.9763984017815384
426,SVM,classical,6,1,1,0.4934164597885847
449,SVM,classical,6,0,1,0.3769314990990977
450,SVM,classical,6,1,1,0.9414211273350024
462,SVM,classical,6,1,1,0.7579628785151402
466,SVM,classical,6,1,1,0.9041567513083899
475,SVM,classical,6,1,1,0.4233398399930548
493,SVM,classical,6,1,1,0.9482421206684459
535,SVM,classical,6,0,0,0.16761248994930103
556,SVM,classical,6,1,1,0.905799231483686
563,SVM,classical,6,0,0,0.03445222387150741
570,SVM,classical,6,1,1,0.9482255221541803
581,SVM,classical,6,1,1,0.9826305299013204
584,SVM,classical,6,0,0,0.007710467196386796
604,SVM,classical,6,1,1,0.7384680457002071
607,SVM,classical,6,1,1,0.7935554866711975
622,SVM,classical,6,1,1,0.9907466461588658
626,SVM,classical,6,1,1,0.9056295661806482
636,SVM,classical,6,1,1,0.52436146324225
654,SVM,classical,6,1,1,0.968624993450679
667,SVM,classical,6,0,1,0.8260024324649432
681,SVM,classical,6,1,1,0.9649088542847551
685,SVM,classical,6,1,1,0.9690453768187448
706,SVM,classical,6,0,1,0.349737572121771
710,SVM,classical,6,1,1,0.799610777193735
713,SVM,classical,6,0,1,0.7487796628269102
722,SVM,classical,6,1,1,0.9552611946448852
731,SVM,classical,6,1,1,0.9232087630857949
737,SVM,classical,6,0,1,0.7631899875509918
751,SVM,classical,6,0,0,0.13301410191859708
754,SVM,classical,6,0,1,0.6451549943945011
8,SVM,classical,7,1,1,0.836325895398649
35,SVM,classical,7,0,1,0.46983109599578887
49,SVM,classical,7,1,1,0.9478626001669077
53,SVM,classical,7,1,1,0.6472655229820365
54,SVM,classical,7,1,1,0.9738333978728643
63,SVM,classical,7,1,1,0.983613252504486
82,SVM,classical,7,0,1,0.8539943121708331
98,SVM,classical,7,1,1,0.9202122713288888
110,SVM,classical,7,1,1,0.81200631402414
129,SVM,classical,7,1,1,0.9918108859030792
138,SVM,classical,7,1,1,0.9544712970130076
153,SVM,classical,7,1,1,0.9578433827291829
178,SVM,classical,7,1,1,0.9483144042591832
189,SVM,classical,7,1,1,0.9239542009854211
192,SVM,classical,7,1,1,0.9471569719769272
214,SVM,classical,7,1,1,0.9831694270457683
225,SVM,classical,7,0,1,0.8176286821142668
226,SVM,classical,7,0,1,0.9442571292348737
238,SVM,classical,7,1,1,0.9273817495879411
241,SVM,classical,7,1,1,0.9383500336923801
247,SVM,classical,7,1,1,0.9397614835258454
259,SVM,classical,7,1,1,0.9866641365240596
292,SVM,classical,7,1,1,0.9628483251270082
299,SVM,classical,7,1,1,0.5464255613244947
310,SVM,classical,7,0,1,0.7142806788472048
313,SVM,classical,7,1,1,0.9514493195539668
316,SVM,classical,7,1,1,0.9714132788125392
340,SVM,classical,7,1,1,0.9283678969431012
353,SVM,classical,7,1,1,0.9351487380334448
356,SVM,classical,7,1,1,0.960160511835146
357,SVM,classical,7,0,0,0.015744050094806134
360,SVM,classical,7,1,1,0.7055033160895263
365,SVM,classical,7,1,1,0.9482894017633478
389,SVM,classical,7,1,1,0.9831818356962062
398,SVM,classical,7,0,0,0.05887197989796649
401,SVM,classical,7,1,1,0.5
405,SVM,classical,7,0,0,0.051920841571555805
406,SVM,classical,7,0,0,0.0530911843553685
411,SVM,classical,7,1,1,0.8530256470400458
412,SVM,classical,7,1,1,0.7345803684591021
428,SVM,classical,7,1,1,0.5624382074129033
431,SVM,classical,7,1,1,0.9560824006395037
435,SVM,classical,7,1,1,0.8767960617077966
441,SVM,classical,7,1,1,0.794162680560734
446,SVM,classical,7,1,1,0.8784090377883729
453,SVM,classical,7,1,1,0.9920844586550788
460,SVM,classical,7,0,1,0.8289251452881227
467,SVM,classical,7,1,1,0.8835359059515907
468,SVM,classical,7,0,1,0.5527951316780839
487,SVM,classical,7,1,1,0.9047612470797549
491,SVM,classical,7,0,1,0.7846701929984617
498,SVM,classical,7,1,1,0.9824383034470001
526,SVM,classical,7,1,1,0.8750763660637718
537,SVM,classical,7,1,1,0.964019547232546
539,SVM,classical,7,1,1,0.9591708050056237
576,SVM,classical,7,0,0,0.016344977996418403
580,SVM,classical,7,1,1,0.8486606942903713
588,SVM,classical,7,0,0,0.07132816724256141
593,SVM,classical,7,1,1,0.7353528271819075
605,SVM,classical,7,1,1,0.8965317363167528
614,SVM,classical,7,1,1,0.9851579032119777
637,SVM,classical,7,1,1,0.9165816720213589
661,SVM,classical,7,1,1,0.9492717833186992
663,SVM,classical,7,0,1,0.5593485512112684
664,SVM,classical,7,0,1,0.39121786142019777
670,SVM,classical,7,1,1,0.9701971566004411
679,SVM,classical,7,1,1,0.8618942190109202
682,SVM,classical,7,1,1,0.9760901977788251
686,SVM,classical,7,1,1,0.9900449757277106
703,SVM,classical,7,0,1,0.7575794148364134
711,SVM,classical,7,0,0,0.026817013388551185
718,SVM,classical,7,1,1,0.8504653827771517
721,SVM,classical,7,1,1,0.9250531356141833
725,SVM,classical,7,1,1,0.46161985697988545
728,SVM,classical,7,0,1,0.7137783177754825
14,SVM,classical,8,1,1,0.91505636878709
17,SVM,classical,8,1,1,0.8529627273745071
42,SVM,classical,8,0,1,0.9035433906131816
47,SVM,classical,8,1,1,0.9232826749006934
73,SVM,classical,8,0,0,0.35110977339739363
78,SVM,classical,8,0,1,0.54018676510677
88,SVM,classical,8,0,0,0.09995297192854123
90,SVM,classical,8,1,1,0.9418521287631075
91,SVM,classical,8,1,1,0.9310158278465517
107,SVM,classical,8,1,1,0.7577555991396414
112,SVM,classical,8,1,1,0.9435989924061365
159,SVM,classical,8,1,1,0.9758773841388424
172,SVM,classical,8,1,1,0.9932550157612554
173,SVM,classical,8,1,1,0.9840240215568751
177,SVM,classical,8,1,1,0.8626985860466512
187,SVM,classical,8,1,1,0.9711417629504148
199,SVM,classical,8,1,1,0.9314909469829863
213,SVM,classical,8,1,1,0.6642945352254344
216,SVM,classical,8,1,1,0.8149108420324939
221,SVM,classical,8,0,1,0.7438213079303
223,SVM,classical,8,1,1,0.8718326802898165
230,SVM,classical,8,1,1,0.9682137892817682
235,SVM,classical,8,0,1,0.8896598045838847
237,SVM,classical,8,1,1,0.9347988711456282
248,SVM,classical,8,1,1,0.9364956448536735
266,SVM,classical,8,1,1,0.8943049431579246
277,SVM,classical,8,1,1,0.7744245545490162
285,SVM,classical,8,1,1,0.9840089097929163
288,SVM,classical,8,0,0,0.046150869282644336
304,SVM,classical,8,1,1,0.9713324591479695
307,SVM,classical,8,1,1,0.899336469426742
332,SVM,classical,8,1,1,0.9672532397667637
338,SVM,classical,8,1,1,0.9706094732358506
348,SVM,classical,8,1,1,0.9160278462459734
351,SVM,classical,8,1,1,0.9068361269061607
359,SVM,classical,8,0,0,0.05398768728597634
361,SVM,classical,8,1,1,0.831178390199953
422,SVM,classical,8,1,1,0.930026942129889
429,SVM,classical,8,1,1,0.899063758126965
430,SVM,classical,8,1,1,0.7507514596530941
442,SVM,classical,8,1,1,0.5699653578346638
445,SVM,classical,8,1,1,0.9216433581900543
451,SVM,classical,8,1,1,0.7638411612772258
457,SVM,classical,8,1,1,0.9503452769816071
458,SVM,classical,8,1,1,0.862656189146146
464,SVM,classical,8,1,1,0.5122582358589408
478,SVM,classical,8,1,1,0.8419447329467971
483,SVM,classical,8,1,1,0.9840645200448441
486,SVM,classical,8,1,1,0.9169248519916066
497,SVM,classical,8,1,1,0.854710719306133
500,SVM,classical,8,1,1,0.9739432282200811
516,SVM,classical,8,1,1,0.5772455737149265
525,SVM,classical,8,1,1,0.4700550687995014
543,SVM,classical,8,1,1,0.6225582570395121
559,SVM,classical,8,1,1,0.9733138083507298
565,SVM,classical,8,1,1,0.7892681393276738
568,SVM,classical,8,0,0,0.06269975363480114
591,SVM,classical,8,1,1,0.7183462147560913
609,SVM,classical,8,0,1,0.9040232944909771
618,SVM,classical,8,1,1,0.9428426144724431
639,SVM,classical,8,0,0,0.1384563439549613
643,SVM,classical,8,1,1,0.9404343509521205
648,SVM,classical,8,0,0,0.17903061936698628
651,SVM,classical,8,1,1,0.6155296178343732
658,SVM,classical,8,0,1,0.6090186558664813
665,SVM,classical,8,0,1,0.4806968162547611
672,SVM,classical,8,1,1,0.9082203872328579
677,SVM,classical,8,1,1,0.9200646936003586
698,SVM,classical,8,0,0,0.01712452786032295
712,SVM,classical,8,0,0,0.194498891572434
719,SVM,classical,8,1,1,0.8710638399494433
735,SVM,classical,8,0,1,0.6871193685015501
736,SVM,classical,8,0,1,0.8725479463890842
740,SVM,classical,8,0,1,0.5365583298060731
748,SVM,classical,8,1,1,0.82051622282393
4,SVM,classical,9,1,1,0.9396049184588384
7,SVM,classical,9,1,1,0.8665323008805284
24,SVM,classical,9,1,1,0.7106093972789597
75,SVM,classical,9,1,1,0.9155347410320934
89,SVM,classical,9,0,0,0.04536156243379793
94,SVM,classical,9,1,1,0.9370279064465644
115,SVM,classical,9,1,1,0.9611055773075419
123,SVM,classical,9,0,0,0.010207401089725671
128,SVM,classical,9,0,1,0.8950087858411585
149,SVM,classical,9,0,0,0.008594509657794493
163,SVM,classical,9,1,1,0.9832381322055567
169,SVM,classical,9,1,1,0.9724634541732828
174,SVM,classical,9,1,1,0.729530708313486
194,SVM,classical,9,1,1,0.9439865393022584
195,SVM,classical,9,0,1,0.6418569515822004
202,SVM,classical,9,1,1,0.5318843216383012
212,SVM,classical,9,1,1,0.8451401280599785
219,SVM,classical,9,0,1,0.7936318609323257
224,SVM,classical,9,1,1,0.8491963947070329
227,SVM,classical,9,0,1,0.7676176892943802
233,SVM,classical,9,1,1,0.6825735606805432
243,SVM,classical,9,1,1,0.5458884248993524
244,SVM,classical,9,1,1,0.542693048427773
251,SVM,classical,9,0,1,0.8152165049350789
254,SVM,classical,9,1,1,0.9485288414997856
278,SVM,classical,9,1,0,0.12618342413964903
279,SVM,classical,9,1,1,0.8098367764989578
281,SVM,classical,9,1,1,0.9351874791377349
298,SVM,classical,9,1,1,0.7412224326414376
306,SVM,classical,9,1,1,0.8626121354995623
349,SVM,classical,9,1,1,0.9553696211348586
362,SVM,classical,9,1,1,0.8193229069158706
366,SVM,classical,9,1,1,0.9092724430737928
374,SVM,classical,9,1,1,0.7713884386765755
387,SVM,classical,9,1,1,0.966088784013794
390,SVM,classical,9,0,1,0.868572128676559
397,SVM,classical,9,0,0,0.04085120814995897
403,SVM,classical,9,1,1,0.9842372983748748
407,SVM,classical,9,0,0,0.20851795517798474
414,SVM,classical,9,1,1,0.7438341381719638
432,SVM,classical,9,1,1,0.8985974490066898
433,SVM,classical,9,1,1,0.906093505295353
440,SVM,classical,9,1,1,0.9176787994381715
443,SVM,classical,9,1,1,0.9387628350751697
444,SVM,classical,9,1,1,0.8666421313329149
448,SVM,classical,9,0,0,0.011964291994946035
473,SVM,classical,9,0,1,0.7226254338630814
485,SVM,classical,9,1,1,0.6070740051816758
495,SVM,classical,9,1,1,0.9613706993841973
508,SVM,classical,9,1,1,0.9711156202649108
515,SVM,classical,9,1,1,0.9027107058811623
518,SVM,classical,9,1,0,0.03175840411011086
529,SVM,classical,9,1,1,0.5711906997539189
532,SVM,classical,9,1,1,0.9487344405577975
541,SVM,classical,9,0,1,0.457765910210759
545,SVM,classical,9,1,1,0.9187159872158753
574,SVM,classical,9,1,1,0.9003058991531804
577,SVM,classical,9,0,0,0.22716666115155373
578,SVM,classical,9,0,0,0.018297764091480352
596,SVM,classical,9,0,1,0.524077667455699
631,SVM,classical,9,0,1,0.44596147653177337
633,SVM,classical,9,1,1,0.8775675889293123
634,SVM,classical,9,1,1,0.8889781823903794
642,SVM,classical,9,1,1,0.960410567597552
653,SVM,classical,9,1,1,0.9833363798796675
678,SVM,classical,9,1,1,0.979380440598601
690,SVM,classical,9,1,1,0.750314083948838
692,SVM,classical,9,1,1,0.9325144330618723
695,SVM,classical,9,1,1,0.9512944510285639
697,SVM,classical,9,0,0,0.12897777563005977
701,SVM,classical,9,1,0,0.07523709600672769
714,SVM,classical,9,1,1,0.8957103917157686
720,SVM,classical,9,1,1,0.9211433467197813
730,SVM,classical,9,1,1,0.9434277378307737
742,SVM,classical,9,1,1,0.9842599128485873
0,SVM,classical,10,1,1,0.9095358233550619
1,SVM,classical,10,1,1,0.8467117245928149
3,SVM,classical,10,1,1,0.8839855792975037
18,SVM,classical,10,1,1,0.8908614763041507
30,SVM,classical,10,1,1,0.9050485476411778
37,SVM,classical,10,1,1,0.9459861440905596
38,SVM,classical,10,1,1,0.8545078710598126
52,SVM,classical,10,1,1,0.8050528883298766
58,SVM,classical,10,1,1,0.9867915226231654
62,SVM,classical,10,1,1,0.8678921528406855
71,SVM,classical,10,1,1,0.8918181699015678
83,SVM,classical,10,0,1,0.77538129564284
99,SVM,classical,10,0,1,0.6644831210818801
109,SVM,classical,10,1,1,0.6073451011130421
111,SVM,classical,10,1,1,0.9152732639492824
119,SVM,classical,10,1,1,0.8682748998144388
122,SVM,classical,10,1,1,0.8329919848102443
141,SVM,classical,10,0,0,0.09062046542169756
152,SVM,classical,10,1,1,0.9442982375790516
175,SVM,classical,10,1,1,0.9280920097474396
186,SVM,classical,10,1,1,0.9568919150522034
188,SVM,classical,10,1,1,0.9125373031087303
205,SVM,classical,10,1,1,0.4710772316738956
209,SVM,classical,10,0,0,0.03802419186255277
210,SVM,classical,10,1,1,0.8942500438117583
215,SVM,classical,10,1,1,0.9894154936351949
236,SVM,classical,10,0,1,0.5821472116143215
239,SVM,classical,10,1,1,0.800118770207494
240,SVM,classical,10,1,1,0.9533885846831323
250,SVM,classical,10,0,1,0.9060664354163969
252,SVM,classical,10,1,1,0.9386264010604263
311,SVM,classical,10,0,0,0.046461365790813586
314,SVM,classical,10,1,1,0.9692381176713464
319,SVM,classical,10,1,1,0.8905784355794327
330,SVM,classical,10,1,1,0.9621866773145739
334,SVM,classical,10,0,1,0.7889798943326662
336,SVM,classical,10,1,1,0.9733661930575545
343,SVM,classical,10,1,1,0.9672921821388485
354,SVM,classical,10,1,1,0.9728614316836836
376,SVM,classical,10,0,0,0.11846084028123048
381,SVM,classical,10,1,1,0.9446065596885884
383,SVM,classical,10,1,1,0.8968766320134832
420,SVM,classical,10,1,1,0.8143934712144805
437,SVM,classical,10,1,1,0.9613585319490285
452,SVM,classical,10,1,1,0.5931232621990797
456,SVM,classical,10,1,1,0.938278529075723
490,SVM,classical,10,0,1,0.9218842471142078
492,SVM,classical,10,1,1,0.8142248690551761
494,SVM,classical,10,1,1,0.8993695482204667
527,SVM,classical,10,1,0,0.08917884660141917
531,SVM,classical,10,1,1,0.7389797728166471
534,SVM,classical,10,0,1,0.48354148800420715
548,SVM,classical,10,1,1,0.923871520186359
551,SVM,classical,10,1,1,0.9532621398640099
553,SVM,classical,10,1,1,0.9587358981507252
585,SVM,classical,10,0,1,0.4441410182551958
594,SVM,classical,10,0,1,0.372657788721483
597,SVM,classical,10,1,1,0.9711793608411924
602,SVM,classical,10,1,1,0.9709628104134913
610,SVM,classical,10,0,1,0.9304490131144746
616,SVM,classical,10,1,1,0.9068675886001627
621,SVM,classical,10,1,1,0.9797940453378977
627,SVM,classical,10,1,1,0.8010146684510818
629,SVM,classical,10,1,1,0.8580875053557084
635,SVM,classical,10,1,1,0.8802359412837484
640,SVM,classical,10,0,0,0.20342855933471513
650,SVM,classical,10,0,0,0.11438722764170527
657,SVM,classical,10,0,1,0.7828956123049285
669,SVM,classical,10,1,1,0.9755580201015813
676,SVM,classical,10,1,1,0.7192428857472264
689,SVM,classical,10,1,1,0.9409109281164336
691,SVM,classical,10,1,1,0.8507489719284663
699,SVM,classical,10,1,0,0.061663194144699805
705,SVM,classical,10,0,1,0.38513771743637887
738,SVM,classical,10,0,0,0.03279069856758301
26,RandomForest,classical,1,1,1,0.7
32,RandomForest,classical,1,1,1,0.9166666666666666
34,RandomForest,classical,1,0,1,0.53
50,RandomForest,classical,1,1,1,0.82
51,RandomForest,classical,1,1,1,0.79
57,RandomForest,classical,1,1,1,0.96
60,RandomForest,classical,1,1,1,0.88
97,RandomForest,classical,1,1,1,0.9766666666666667
137,RandomForest,classical,1,0,0,0.4
139,RandomForest,classical,1,1,1,0.99
147,RandomForest,classical,1,0,0,0.15333333333333332
148,RandomForest,classical,1,0,0,0.15
154,RandomForest,classical,1,1,1,0.93
158,RandomForest,classical,1,1,1,0.9533333333333334
160,RandomForest,classical,1,1,1,0.9166666666666666
162,RandomForest,classical,1,1,1,0.9566666666666667
171,RandomForest,classical,1,1,1,0.9333333333333333
179,RandomForest,classical,1,1,1,0.8333333333333334
181,RandomForest,classical,1,1,1,0.75
228,RandomForest,classical,1,1,1,0.8433333333333334
231,RandomForest,classical,1,1,1,0.8533333333333334
242,RandomForest,classical,1,1,1,0.8933333333333333
246,RandomForest,classical,1,1,1,0.89
261,RandomForest,classical,1,1,1,0.7766666666666666
272,RandomForest,classical,1,1,1,0.8166666666666667
273,RandomForest,classical,1,1,1,0.9466666666666667
287,RandomForest,classical,1,1,1,0.97
294,RandomForest,classical,1,1,1,0.8066666666666666
296,RandomForest,classical,1,1,1,0.8566666666666667
301,RandomForest,classical,1,1,1,0.9933333333333333
302,RandomForest,classical,1,1,1,0.97
305,RandomForest,classical,1,1,1,0.8366666666666667
318,RandomForest,classical,1,1,1,0.96
322,RandomForest,classical,1,1,1,0.8033333333333333
323,RandomForest,classical,1,1,1,0.8233333333333334
325,RandomForest,classical,1,1,1,0.87
327,RandomForest,classical,1,1,1,0.7833333333333333
333,RandomForest,classical,1,0,1,0.6833333333333333
368,RandomForest,classical,1,1,1,0.9433333333333334
369,RandomForest,classical,1,0,0,0.16666666666666666
375,RandomForest,classical,1,0,0,0.16333333333333333
388,RandomForest,classical,1,1,1,0.96
392,RandomForest,classical,1,0,1,0.5233333333333333
393,RandomForest,classical,1,0,0,0.36
396,RandomForest,classical,1,0,0,0.31333333333333335
469,RandomForest,classical,1,0,0,0.25666666666666665
501,RandomForest,classical,1,1,1,0.9466666666666667
510,RandomForest,classical,1,1,1,0.6933333333333334
511,RandomForest,classical,1,1,1,0.8866666666666667
512,RandomForest,classical,1,1,1,0.6033333333333334
520,RandomForest,classical,1,0,0,0.42333333333333334
521,RandomForest,classical,1,0,0,0.46
523,RandomForest,classical,1,1,1,0.7933333333333333
530,RandomForest,classical,1,1,1,0.7833333333333333
546,RandomForest,classical,1,1,1,0.9366666666666666
560,RandomForest,classical,1,1,1,0.9833333333333333
564,RandomForest,classical,1,1,1,0.8133333333333334
567,RandomForest,classical,1,0,0,0.2
573,RandomForest,classical,1,1,1,0.86
603,RandomForest,classical,1,1,1,0.5666666666666667
608,RandomForest,classical,1,1,1,0.8233333333333334
613,RandomForest,classical,1,1,1,0.98
620,RandomForest,classical,1,1,1,0.73
630,RandomForest,classical,1,0,0,0.4033333333333333
641,RandomForest,classical,1,0,0,0.42333333333333334
646,RandomForest,classical,1,1,1,0.8566666666666667
660,RandomForest,classical,1,1,1,0.9366666666666666
662,RandomForest,classical,1,1,1,0.9833333333333333
671,RandomForest,classical,1,1,1,0.97
675,RandomForest,classical,1,1,1,0.71
684,RandomForest,classical,1,1,1,0.9566666666666667
709,RandomForest,classical,1,1,1,0.8333333333333334
733,RandomForest,classical,1,0,0,0.27666666666666667
739,RandomForest,classical,1,0,0,0.3433333333333333
744,RandomForest,classical,1,1,1,0.8566666666666667
755,RandomForest,classical,1,0,1,0.7133333333333334
10,RandomForest,classical,2,1,1,0.8066666666666666
27,RandomForest,classical,2,1,1,0.89
31,RandomForest,classical,2,1,1,0.9133333333333333
36,RandomForest,classical,2,1,1,0.92
39,RandomForest,classical,2,1,1,0.69
40,RandomForest,classical,2,1,1,0.8333333333333334
44,RandomForest,classical,2,0,1,0.7233333333333334
48,RandomForest,classical,2,1,1,0.8133333333333334
55,RandomForest,classical,2,1,1,0.9866666666666667
59,RandomForest,classical,2,1,1,0.91
66,RandomForest,classical,2,1,1,0.6566666666666666
80,RandomForest,classical,2,0,1,0.6333333333333333
84,RandomForest,classical,2,1,1,0.5933333333333334
86,RandomForest,classical,2,1,1,0.6433333333333333
93,RandomForest,classical,2,1,1,0.9833333333333333
96,RandomForest,classical,2,1,1,0.9866666666666667
113,RandomForest,classical,2,1,1,0.9333333333333333
114,RandomForest,classical,2,1,1,0.8333333333333334
121,RandomForest,classical,2,1,1,0.9866666666666667
127,RandomForest,classical,2,0,1,0.6733333333333333
131,RandomForest,classical,2,1,1,0.83
133,RandomForest,classical,2,1,1,0.75
135,RandomForest,classical,2,0,0,0.37666666666666665
146,RandomForest,classical,2,0,0,0.31
151,RandomForest,classical,2,1,1,0.7266666666666667
167,RandomForest,classical,2,1,1,0.9466666666666667
182,RandomForest,classical,2,1,1,0.8233333333333334
184,RandomForest,classical,2,1,1,0.8966666666666666
198,RandomForest,classical,2,1,1,0.8866666666666667
207,RandomForest,classical,2,0,0,0.15666666666666668
262,RandomForest,classical,2,1,1,0.7133333333333334
268,RandomForest,classical,2,0,0,0.16
270,RandomForest,classical,2,1,1,0.91
275,RandomForest,classical,2,1,1,0.9833333333333333
283,RandomForest,classical,2,1,1,0.9866666666666667
286,RandomForest,classical,2,1,1,0.9966666666666667
308,RandomForest,classical,2,1,1,0.9233333333333333
315,RandomForest,classical,2,1,1,0.7733333333333333
335,RandomForest,classical,2,0,1,0.6033333333333334
339,RandomForest,classical,2,1,1,0.9633333333333334
350,RandomForest,classical,2,1,1,0.84
352,RandomForest,classical,2,1,1,0.9533333333333334
378,RandomForest,classical,2,1,1,0.78
379,RandomForest,classical,2,1,1,0.8
391,RandomForest,classical,2,0,1,0.66
410,RandomForest,classical,2,0,1,0.7966666666666666
415,RandomForest,classical,2,1,1,0.8533333333333334
419,RandomForest,classical,2,1,1,0.8433333333333334
454,RandomForest,classical,2,1,1,0.9733333333333334
459,RandomForest,classical,2,0,1,0.66
470,RandomForest,classical,2,0,0,0.4766666666666667
471,RandomForest,classical,2,0,1,0.5733333333333334
496,RandomForest,classical,2,1,1,0.83
503,RandomForest,classical,2,1,1,0.97
505,RandomForest,classical,2,1,1,0.9066666666666666
522,RandomForest,classical,2,1,1,0.6666666666666666
542,RandomForest,classical,2,0,0,0.33666666666666667
549,RandomForest,classical,2,1,1,0.9533333333333334
555,RandomForest,classical,2,1,1,0.7466666666666667
558,RandomForest,classical,2,1,1,0.9666666666666667
587,RandomForest,classical,2,0,1,0.52
599,RandomForest,classical,2,1,1,0.8133333333333334
606,RandomForest,classical,2,1,1,0.87
611,RandomForest,classical,2,0,1,0.9133333333333333
632,RandomForest,classical,2,0,1,0.5233333333333333
656,RandomForest,classical,2,1,1,0.9033333333333333
673,RandomForest,classical,2,1,1,0.6733333333333333
680,RandomForest,classical,2,1,1,0.5866666666666667
700,RandomForest,classical,2,1,0,0.24666666666666667
704,RandomForest,classical,2,0,0,0.35
724,RandomForest,classical,2,1,0,0.4766666666666667
729,RandomForest,classical,2,1,1,0.9566666666666667
732,RandomForest,classical,2,0,0,0.30666666666666664
745,RandomForest,classical,2,1,1,0.7766666666666666
746,RandomForest,classical,2,1,1,0.9666666666666667
749,RandomForest,classical,2,1,1,0.7766666666666666
11,RandomForest,classical,3,1,1,0.7366666666666667
15,RandomForest,classical,3,1,1,0.6366666666666667
19,RandomForest,classical,3,1,1,0.8
20,RandomForest,classical,3,1,1,0.71
25,RandomForest,classical,3,1,1,0.7133333333333334
33,RandomForest,classical,3,0,1,0.5533333333333333
41,RandomForest,classical,3,1,1,0.8066666666666666
56,RandomForest,classical,3,1,1,0.9566666666666667
65,RandomForest,classical,3,1,1,0.98
70,RandomForest,classical,3,1,1,0.7933333333333333
117,RandomForest,classical,3,1,1,0.9
125,RandomForest,classical,3,0,0,0.23666666666666666
134,RandomForest,classical,3,1,1,0.8533333333333334
144,RandomForest,classical,3,0,0,0.31
145,RandomForest,classical,3,0,0,0.33666666666666667
156,RandomForest,classical,3,1,1,0.8833333333333333
168,RandomForest,classical,3,1,1,0.9733333333333334
170,RandomForest,classical,3,1,1,0.9566666666666667
200,RandomForest,classical,3,1,1,0.8833333333333333
203,RandomForest,classical,3,1,1,0.59
204,RandomForest,classical,3,1,1,0.8333333333333334
208,RandomForest,classical,3,0,0,0.23
217,RandomForest,classical,3,1,1,0.9
218,RandomForest,classical,3,1,1,0.96
220,RandomForest,classical,3,0,1,0.8233333333333334
255,RandomForest,classical,3,1,1,0.8233333333333334
256,RandomForest,classical,3,1,1,0.7333333333333333
267,RandomForest,classical,3,0,0,0.25333333333333335
289,RandomForest,classical,3,0,0,0.2866666666666667
295,RandomForest,classical,3,1,1,0.8066666666666666
328,RandomForest,classical,3,1,1,0.8733333333333333
341,RandomForest,classical,3,1,1,0.9733333333333334
345,RandomForest,classical,3,1,1,0.9333333333333333
355,RandomForest,classical,3,1,1,0.9766666666666667
372,RandomForest,classical,3,1,1,0.9633333333333334
377,RandomForest,classical,3,0,1,0.7666666666666667
385,RandomForest,classical,3,1,1,0.8533333333333334
394,RandomForest,classical,3,0,0,0.29
402,RandomForest,classical,3,1,1,0.8666666666666667
404,RandomForest,classical,3,1,1,0.84
413,RandomForest,classical,3,1,1,0.9266666666666666
416,RandomForest,classical,3,1,1,0.8933333333333333
423,RandomForest,classical,3,1,1,0.83
434,RandomForest,classical,3,1,1,0.82
439,RandomForest,classical,3,1,1,0.83
447,RandomForest,classical,3,0,0,0.23666666666666666
461,RandomForest,classical,3,0,1,0.6933333333333334
463,RandomForest,classical,3,1,1,0.8066666666666666
472,RandomForest,classical,3,0,1,0.5966666666666667
474,RandomForest,classical,3,1,1,0.78
476,RandomForest,classical,3,1,1,0.64
481,RandomForest,classical,3,1,1,0.78
482,RandomForest,classical,3,1,1,0.7933333333333333
488,RandomForest,classical,3,1,1,0.8533333333333334
499,RandomForest,classical,3,1,1,0.9766666666666667
502,RandomForest,classical,3,1,1,0.9233333333333333
509,RandomForest,classical,3,1,1,0.9633333333333334
513,RandomForest,classical,3,1,1,0.9766666666666667
514,RandomForest,classical,3,1,1,0.96
572,RandomForest,classical,3,1,1,0.99
589,RandomForest,classical,3,0,0,0.14333333333333334
592,RandomForest,classical,3,1,1,0.6166666666666667
598,RandomForest,classical,3,1,1,0.9366666666666666
600,RandomForest,classical,3,1,1,0.98
601,RandomForest,classical,3,1,1,0.88
612,RandomForest,classical,3,1,1,0.99
645,RandomForest,classical,3,1,1,0.7666666666666667
666,RandomForest,classical,3,0,1,0.76
668,RandomForest,classical,3,0,1,0.8166666666666667
688,RandomForest,classical,3,1,1,0.9666666666666667
696,RandomForest,classical,3,0,0,0.16333333333333333
702,RandomForest,classical,3,0,1,0.8
715,RandomForest,classical,3,1,1,0.66
723,RandomForest,classical,3,1,0,0.35333333333333333
727,RandomForest,classical,3,0,1,0.86
743,RandomForest,classical,3,1,1,0.9333333333333333
9,RandomForest,classical,4,1,1,0.8266666666666667
13,RandomForest,classical,4,1,1,0.8766666666666667
21,RandomForest,classical,4,1,1,0.6733333333333333
22,RandomForest,classical,4,1,1,0.7233333333333334
28,RandomForest,classical,4,1,1,0.7033333333333334
61,RandomForest,classical,4,1,1,0.9233333333333333
72,RandomForest,classical,4,0,0,0.4666666666666667
77,RandomForest,classical,4,1,1,0.8366666666666667
100,RandomForest,classical,4,0,1,0.57
104,RandomForest,classical,4,0,1,0.5633333333333334
106,RandomForest,classical,4,1,1,0.55
116,RandomForest,classical,4,1,1,0.9266666666666666
120,RandomForest,classical,4,1,1,0.9666666666666667
126,RandomForest,classical,4,0,1,0.62
150,RandomForest,classical,4,1,1,0.7566666666666667
157,RandomForest,classical,4,1,1,0.9166666666666666
180,RandomForest,classical,4,1,1,0.7933333333333333
191,RandomForest,classical,4,1,1,0.9933333333333333
193,RandomForest,classical,4,1,1,0.9733333333333334
206,RandomForest,classical,4,1,1,0.8766666666666667
211,RandomForest,classical,4,1,1,0.8066666666666666
229,RandomForest,classical,4,1,1,0.8333333333333334
260,RandomForest,classical,4,1,1,0.9266666666666666
264,RandomForest,classical,4,1,1,0.71
269,RandomForest,classical,4,0,0,0.11
282,RandomForest,classical,4,1,1,0.9466666666666667
284,RandomForest,classical,4,1,1,0.9566666666666667
290,RandomForest,classical,4,0,0,0.43333333333333335
297,RandomForest,classical,4,1,1,0.56
312,RandomForest,classical,4,1,1,0.74
320,RandomForest,classical,4,1,1,0.84
324,RandomForest,classical,4,1,1,0.8033333333333333
331,RandomForest,classical,4,1,1,0.9966666666666667
337,RandomForest,classical,4,1,1,0.93
344,RandomForest,classical,4,1,1,0.8366666666666667
400,RandomForest,classical,4,1,1,0.7433333333333333
424,RandomForest,classical,4,1,1,0.9133333333333333
425,RandomForest,classical,4,1,1,0.8333333333333334
436,RandomForest,classical,4,1,1,0.7733333333333333
438,RandomForest,classical,4,1,1,0.8
455,RandomForest,classical,4,1,1,0.9466666666666667
477,RandomForest,classical,4,1,1,0.9666666666666667
484,RandomForest,classical,4,1,1,0.82
489,RandomForest,classical,4,0,1,0.6933333333333334
507,RandomForest,classical,4,1,1,0.8633333333333333
517,RandomForest,classical,4,1,1,0.7466666666666667
528,RandomForest,classical,4,1,1,0.5233333333333333
533,RandomForest,classical,4,1,1,0.7066666666666667
536,RandomForest,classical,4,0,0,0.4166666666666667
540,RandomForest,classical,4,0,0,0.31666666666666665
550,RandomForest,classical,4,1,1,0.8966666666666666
552,RandomForest,classical,4,1,1,0.8733333333333333
554,RandomForest,classical,4,1,1,0.8766666666666667
557,RandomForest,classical,4,1,1,0.7066666666666667
561,RandomForest,classical,4,0,0,0.27666666666666667
569,RandomForest,classical,4,0,0,0.13333333333333333
571,RandomForest,classical,4,1,1,0.9933333333333333
586,RandomForest,classical,4,0,1,0.67
590,RandomForest,classical,4,0,0,0.23333333333333334
595,RandomForest,classical,4,0,0,0.42
615,RandomForest,classical,4,1,1,0.5766666666666667
617,RandomForest,classical,4,1,1,0.7633333333333333
624,RandomForest,classical,4,1,1,0.84
625,RandomForest,classical,4,1,1,0.88
644,RandomForest,classical,4,1,1,0.9533333333333334
647,RandomForest,classical,4,1,1,0.82
649,RandomForest,classical,4,0,0,0.30333333333333334
652,RandomForest,classical,4,1,1,0.8933333333333333
659,RandomForest,classical,4,0,0,0.46
674,RandomForest,classical,4,1,1,0.5866666666666667
694,RandomForest,classical,4,1,1,0.8166666666666667
707,RandomForest,classical,4,0,0,0.45
717,RandomForest,classical,4,1,1,0.93
734,RandomForest,classical,4,0,0,0.22333333333333333
741,RandomForest,classical,4,1,1,0.9033333333333333
753,RandomForest,classical,4,0,0,0.3933333333333333
2,RandomForest,classical,5,1,1,0.93
6,RandomForest,classical,5,1,1,0.7833333333333333
12,RandomForest,classical,5,1,1,0.9066666666666666
16,RandomForest,classical,5,1,1,0.8266666666666667
23,RandomForest,classical,5,1,1,0.5433333333333333
29,RandomForest,classical,5,1,1,0.9133333333333333
45,RandomForest,classical,5,1,1,0.9833333333333333
64,RandomForest,classical,5,1,1,0.9833333333333333
68,RandomForest,classical,5,1,1,0.6166666666666667
79,RandomForest,classical,5,0,1,0.5933333333333334
81,RandomForest,classical,5,0,1,0.7433333333333333
92,RandomForest,classical,5,1,1,0.8566666666666667
101,RandomForest,classical,5,0,0,0.38
105,RandomForest,classical,5,1,1,0.7266666666666667
108,RandomForest,classical,5,1,1,0.5466666666666666
118,RandomForest,classical,5,1,1,0.9033333333333333
124,RandomForest,classical,5,0,0,0.17
130,RandomForest,classical,5,1,1,0.7433333333333333
136,RandomForest,classical,5,0,1,0.68
143,RandomForest,classical,5,0,0,0.35
164,RandomForest,classical,5,1,1,0.93
185,RandomForest,classical,5,1,1,0.97
196,RandomForest,classical,5,0,1,0.5866666666666667
249,RandomForest,classical,5,0,1,0.6866666666666666
253,RandomForest,classical,5,1,1,0.9166666666666666
257,RandomForest,classical,5,1,1,0.7133333333333334
263,RandomForest,classical,5,1,1,0.88
265,RandomForest,classical,5,1,1,0.8966666666666666
274,RandomForest,classical,5,1,1,0.9633333333333334
276,RandomForest,classical,5,1,1,0.8566666666666667
280,RandomForest,classical,5,1,1,0.8
293,RandomForest,classical,5,1,1,0.91
303,RandomForest,classical,5,1,1,0.93
321,RandomForest,classical,5,1,1,0.6666666666666666
326,RandomForest,classical,5,1,1,0.8633333333333333
329,RandomForest,classical,5,1,1,0.8766666666666667
358,RandomForest,classical,5,0,0,0.27
370,RandomForest,classical,5,0,0,0.4533333333333333
371,RandomForest,classical,5,0,0,0.4033333333333333
373,RandomForest,classical,5,1,1,0.9466666666666667
382,RandomForest,classical,5,1,1,0.9833333333333333
386,RandomForest,classical,5,1,1,0.7866666666666666
408,RandomForest,classical,5,0,0,0.36
409,RandomForest,classical,5,0,0,0.44666666666666666
417,RandomForest,classical,5,1,1,0.9
427,RandomForest,classical,5,1,1,0.8733333333333333
465,RandomForest,classical,5,1,1,0.8733333333333333
479,RandomForest,classical,5,1,1,0.99
480,RandomForest,classical,5,1,1,0.75
504,RandomForest,classical,5,1,1,0.8833333333333333
506,RandomForest,classical,5,1,1,0.93
519,RandomForest,classical,5,0,0,0.29333333333333333
524,RandomForest,classical,5,1,1,0.8366666666666667
538,RandomForest,classical,5,1,1,0.8866666666666667
544,RandomForest,classical,5,1,1,0.6933333333333334
547,RandomForest,classical,5,1,1,0.9566666666666667
562,RandomForest,classical,5,0,0,0.23
566,RandomForest,classical,5,1,1,0.86
575,RandomForest,classical,5,1,1,0.93
579,RandomForest,classical,5,1,1,0.8833333333333333
582,RandomForest,classical,5,0,0,0.22333333333333333
583,RandomForest,classical,5,0,0,0.30666666666666664
619,RandomForest,classical,5,1,1,0.9066666666666666
623,RandomForest,classical,5,1,1,0.9866666666666667
628,RandomForest,classical,5,1,1,0.7166666666666667
638,RandomForest,classical,5,1,1,0.75
655,RandomForest,classical,5,1,1,0.9633333333333334
683,RandomForest,classical,5,1,1,0.9533333333333334
687,RandomForest,classical,5,1,1,0.9366666666666666
693,RandomForest,classical,5,1,1,0.7633333333333333
708,RandomForest,classical,5,1,1,0.75
716,RandomForest,classical,5,1,1,0.75
726,RandomForest,classical,5,0,1,0.7
747,RandomForest,classical,5,1,1,0.7466666666666667
750,RandomForest,classical,5,0,0,0.26
752,RandomForest,classical,5,0,1,0.5266666666666666
5,RandomForest,classical,6,1,1,0.8866666666666667
43,RandomForest,classical,6,0,1,0.68
46,RandomForest,classical,6,1,1,0.9766666666666667
67,RandomForest,classical,6,1,1,0.51
69,RandomForest,classical,6,1,1,0.9466666666666667
74,RandomForest,classical,6,0,0,0.30333333333333334
76,RandomForest,classical,6,1,1,0.8166666666666667
85,RandomForest,classical,6,1,1,0.7233333333333334
87,RandomForest,classical,6,0,0,0.32666666666666666
95,RandomForest,classical,6,1,1,0.9733333333333334
102,RandomForest,classical,6,0,1,0.72
103,RandomForest,classical,6,0,1,0.6833333333333333
132,RandomForest,classical,6,1,1,0.66
140,RandomForest,classical,6,1,1,0.9766666666666667
142,RandomForest,classical,6,0,0,0.31666666666666665
155,RandomForest,classical,6,1,1,0.96
161,RandomForest,classical,6,1,1,0.97
165,RandomForest,classical,6,1,1,0.9566666666666667
166,RandomForest,classical,6,1,1,0.9733333333333334
176,RandomForest,classical,6,1,1,0.9866666666666667
183,RandomForest,classical,6,1,1,0.98
190,RandomForest,classical,6,1,1,0.95
197,RandomForest,classical,6,0,1,0.5166666666666667
201,RandomForest,classical,6,1,1,0.64
222,RandomForest,classical,6,1,1,0.8533333333333334
232,RandomForest,classical,6,1,1,0.78
234,RandomForest,classical,6,0,1,0.7366666666666667
245,RandomForest,classical,6,1,1,0.7333333333333333
258,RandomForest,classical,6,1,1,0.9733333333333334
271,RandomForest,classical,6,1,1,0.91
291,RandomForest,classical,6,1,1,0.9733333333333334
300,RandomForest,classical,6,1,1,0.9566666666666667
309,RandomForest,classical,6,0,0,0.33666666666666667
317,RandomForest,classical,6,1,1,0.98
342,RandomForest,classical,6,1,1,0.6966666666666667
346,RandomForest,classical,6,1,1,0.91
347,RandomForest,classical,6,1,1,0.9133333333333333
363,RandomForest,classical,6,1,1,0.7866666666666666
364,RandomForest,classical,6,1,1,0.8366666666666667
367,RandomForest,classical,6,1,1,0.9366666666666666
380,RandomForest,classical,6,1,1,0.85
384,RandomForest,classical,6,1,1,0.7033333333333334
395,RandomForest,classical,6,0,0,0.38
399,RandomForest,classical,6,1,1,0.57
418,RandomForest,classical,6,1,1,0.8166666666666667
421,RandomForest,classical,6,1,1,0.92
426,RandomForest,classical,6,1,1,0.8433333333333334
449,RandomForest,classical,6,0,0,0.15666666666666668
450,RandomForest,classical,6,1,1,0.79
462,RandomForest,classical,6,1,1,0.86
466,RandomForest,classical,6,1,1,0.7533333333333333
475,RandomForest,classical,6,1,1,0.71
493,RandomForest,classical,6,1,1,0.98
535,RandomForest,classical,6,0,0,0.41
556,RandomForest,classical,6,1,1,0.8766666666666667
563,RandomForest,classical,6,0,0,0.26
570,RandomForest,classical,6,1,1,0.9833333333333333
581,RandomForest,classical,6,1,1,0.9233333333333333
584,RandomForest,classical,6,0,0,0.15333333333333332
604,RandomForest,classical,6,1,1,0.6433333333333333
607,RandomForest,classical,6,1,1,0.91
622,RandomForest,classical,6,1,1,0.9933333333333333
626,RandomForest,classical,6,1,1,0.9
636,RandomForest,classical,6,1,1,0.5733333333333334
654,RandomForest,classical,6,1,1,0.9566666666666667
667,RandomForest,classical,6,0,1,0.6
681,RandomForest,classical,6,1,1,0.99
685,RandomForest,classical,6,1,1,0.9833333333333333
706,RandomForest,classical,6,0,0,0.36
710,RandomForest,classical,6,1,1,0.6966666666666667
713,RandomForest,classical,6,0,1,0.6833333333333333
722,RandomForest,classical,6,1,1,0.9666666666666667
731,RandomForest,classical,6,1,1,0.93
737,RandomForest,classical,6,0,1,0.59
751,RandomForest,classical,6,0,0,0.2633333333333333
754,RandomForest,classical,6,0,1,0.51
8,RandomForest,classical,7,1,1,0.8033333333333333
35,RandomForest,classical,7,0,1,0.6466666666666666
49,RandomForest,classical,7,1,1,0.8166666666666667
53,RandomForest,classical,7,1,1,0.7066666666666667
54,RandomForest,classical,7,1,1,0.97
63,RandomForest,classical,7,1,1,0.9766666666666667
82,RandomForest,classical,7,0,1,0.7166666666666667
98,RandomForest,classical,7,1,1,0.99
110,RandomForest,classical,7,1,1,0.85
129,RandomForest,classical,7,1,1,0.96
138,RandomForest,classical,7,1,1,0.9633333333333334
153,RandomForest,classical,7,1,1,0.99
178,RandomForest,classical,7,1,1,0.8066666666666666
189,RandomForest,classical,7,1,1,0.9033333333333333
192,RandomForest,classical,7,1,1,0.9966666666666667
214,RandomForest,classical,7,1,1,0.8966666666666666
225,RandomForest,classical,7,0,1,0.5566666666666666
226,RandomForest,classical,7,0,1,0.77
238,RandomForest,classical,7,1,1,0.9266666666666666
241,RandomForest,classical,7,1,1,0.7633333333333333
247,RandomForest,classical,7,1,1,0.8966666666666666
259,RandomForest,classical,7,1,1,0.9933333333333333
292,RandomForest,classical,7,1,1,0.9866666666666667
299,RandomForest,classical,7,1,0,0.44
310,RandomForest,classical,7,0,1,0.62
313,RandomForest,classical,7,1,1,0.9433333333333334
316,RandomForest,classical,7,1,1,0.9366666666666666
340,RandomForest,classical,7,1,1,0.9733333333333334
353,RandomForest,classical,7,1,1,0.9633333333333334
356,RandomForest,classical,7,1,1,0.97
357,RandomForest,classical,7,0,0,0.25
360,RandomForest,classical,7,1,1,0.7033333333333334
365,RandomForest,classical,7,1,1,0.8666666666666667
389,RandomForest,classical,7,1,1,0.9566666666666667
398,RandomForest,classical,7,0,0,0.22
401,RandomForest,classical,7,1,1,0.5233333333333333
405,RandomForest,classical,7,0,0,0.21
406,RandomForest,classical,7,0,0,0.37
411,RandomForest,classical,7,1,1,0.8966666666666666
412,RandomForest,classical,7,1,1,0.8733333333333333
428,RandomForest,classical,7,1,1,0.83
431,RandomForest,classical,7,1,1,0.92
435,RandomForest,classical,7,1,1,0.7766666666666666
441,RandomForest,classical,7,1,1,0.8066666666666666
446,RandomForest,classical,7,1,1,0.84
453,RandomForest,classical,7,1,1,0.9966666666666667
460,RandomForest,classical,7,0,1,0.6666666666666666
467,RandomForest,classical,7,1,1,0.75
468,RandomForest,classical,7,0,0,0.3433333333333333
487,RandomForest,classical,7,1,1,0.8333333333333334
491,RandomForest,classical,7,0,1,0.6433333333333333
498,RandomForest,classical,7,1,1,0.9733333333333334
526,RandomForest,classical,7,1,1,0.7533333333333333
537,RandomForest,classical,7,1,1,0.94
539,RandomForest,classical,7,1,1,0.9
576,RandomForest,classical,7,0,0,0.22666666666666666
580,RandomForest,classical,7,1,1,0.7966666666666666
588,RandomForest,classical,7,0,0,0.11333333333333333
593,RandomForest,classical,7,1,1,0.5633333333333334
605,RandomForest,classical,7,1,1,0.64
614,RandomForest,classical,7,1,1,0.9533333333333334
637,RandomForest,classical,7,1,1,0.7966666666666666
661,RandomForest,classical,7,1,1,0.9233333333333333
663,RandomForest,classical,7,0,0,0.4166666666666667
664,RandomForest,classical,7,0,0,0.39
670,RandomForest,classical,7,1,1,0.9733333333333334
679,RandomForest,classical,7,1,1,0.8466666666666667
682,RandomForest,classical,7,1,1,0.9933333333333333
686,RandomForest,classical,7,1,1,0.9866666666666667
703,RandomForest,classical,7,0,1,0.6333333333333333
711,RandomForest,classical,7,0,0,0.11333333333333333
718,RandomForest,classical,7,1,1,0.8633333333333333
721,RandomForest,classical,7,1,1,0.87
725,RandomForest,classical,7,1,0,0.4766666666666667
728,RandomForest,classical,7,0,1,0.7166666666666667
14,RandomForest,classical,8,1,1,0.9333333333333333
17,RandomForest,classical,8,1,1,0.77
42,RandomForest,classical,8,0,1,0.5566666666666666
47,RandomForest,classical,8,1,1,0.97
73,RandomForest,classical,8,0,0,0.3933333333333333
78,RandomForest,classical,8,0,1,0.6166666666666667
88,RandomForest,classical,8,0,0,0.38333333333333336
90,RandomForest,classical,8,1,1,0.96
91,RandomForest,classical,8,1,1,0.9233333333333333
107,RandomForest,classical,8,1,1,0.57
112,RandomForest,classical,8,1,1,0.8266666666666667
159,RandomForest,classical,8,1,1,0.9133333333333333
172,RandomForest,classical,8,1,1,0.92
173,RandomForest,classical,8,1,1,0.9466666666666667
177,RandomForest,classical,8,1,1,0.79
187,RandomForest,classical,8,1,1,0.9833333333333333
199,RandomForest,classical,8,1,1,0.9266666666666666
213,RandomForest,classical,8,1,1,0.6733333333333333
216,RandomForest,classical,8,1,1,0.9133333333333333
221,RandomForest,classical,8,0,0,0.48333333333333334
223,RandomForest,classical,8,1,1,0.8333333333333334
230,RandomForest,classical,8,1,1,0.88
235,RandomForest,classical,8,0,1,0.6266666666666667
237,RandomForest,classical,8,1,1,0.8933333333333333
248,RandomForest,classical,8,1,1,0.9566666666666667
266,RandomForest,classical,8,1,1,0.8266666666666667
277,RandomForest,classical,8,1,1,0.73
285,RandomForest,classical,8,1,1,0.9933333333333333
288,RandomForest,classical,8,0,0,0.3
304,RandomForest,classical,8,1,1,0.94
307,RandomForest,classical,8,1,1,0.75
332,RandomForest,classical,8,1,1,0.9966666666666667
338,RandomForest,classical,8,1,1,0.9466666666666667
348,RandomForest,classical,8,1,1,0.8133333333333334
351,RandomForest,classical,8,1,1,0.8666666666666667
359,RandomForest,classical,8,0,0,0.2866666666666667
361,RandomForest,classical,8,1,1,0.79
422,RandomForest,classical,8,1,1,0.92
429,RandomForest,classical,8,1,1,0.8766666666666667
430,RandomForest,classical,8,1,1,0.81
442,RandomForest,classical,8,1,1,0.69
445,RandomForest,classical,8,1,1,0.9233333333333333
451,RandomForest,classical,8,1,1,0.7133333333333334
457,RandomForest,classical,8,1,1,0.8866666666666667
458,RandomForest,classical,8,1,1,0.91
464,RandomForest,classical,8,1,1,0.8733333333333333
478,RandomForest,classical,8,1,1,0.9866666666666667
483,RandomForest,classical,8,1,1,0.8933333333333333
486,RandomForest,classical,8,1,1,0.8733333333333333
497,RandomForest,classical,8,1,1,0.7733333333333333
500,RandomForest,classical,8,1,1,0.9733333333333334
516,RandomForest,classical,8,1,1,0.6266666666666667
525,RandomForest,classical,8,1,1,0.5833333333333334
543,RandomForest,classical,8,1,1,0.72
559,RandomForest,classical,8,1,1,0.98
565,RandomForest,classical,8,1,1,0.7433333333333333
568,RandomForest,classical,8,0,0,0.20666666666666667
591,RandomForest,classical,8,1,1,0.5066666666666667
609,RandomForest,classical,8,0,1,0.7833333333333333
618,RandomForest,classical,8,1,1,0.7666666666666667
639,RandomForest,classical,8,0,0,0.3933333333333333
643,RandomForest,classical,8,1,1,0.97
648,RandomForest,classical,8,0,0,0.41
651,RandomForest,classical,8,1,1,0.7633333333333333
658,RandomForest,classical,8,0,0,0.43666666666666665
665,RandomForest,classical,8,0,0,0.49
672,RandomForest,classical,8,1,1,0.8366666666666667
677,RandomForest,classical,8,1,1,0.7133333333333334
698,RandomForest,classical,8,0,0,0.18666666666666668
712,RandomForest,classical,8,0,0,0.22
719,RandomForest,classical,8,1,1,0.9166666666666666
735,RandomForest,classical,8,0,1,0.71
736,RandomForest,classical,8,0,1,0.63
740,RandomForest,classical,8,0,0,0.48333333333333334
748,RandomForest,classical,8,1,1,0.85
4,RandomForest,classical,9,1,1,0.9
7,RandomForest,classical,9,1,1,0.78
24,RandomForest,classical,9,1,1,0.6566666666666666
75,RandomForest,classical,9,1,1,0.8133333333333334
89,RandomForest,classical,9,0,0,0.19
94,RandomForest,classical,9,1,1,0.9633333333333334
115,RandomForest,classical,9,1,1,0.9466666666666667
123,RandomForest,classical,9,0,0,0.14
128,RandomForest,classical,9,0,1,0.6533333333333333
149,RandomForest,classical,9,0,0,0.1
163,RandomForest,classical,9,1,1,0.94
169,RandomForest,classical,9,1,1,0.96
174,RandomForest,classical,9,1,1,0.6866666666666666
194,RandomForest,classical,9,1,1,0.99
195,RandomForest,classical,9,0,0,0.47333333333333333
202,RandomForest,classical,9,1,1,0.51
212,RandomForest,classical,9,1,1,0.86
219,RandomForest,classical,9,0,1,0.7133333333333334
224,RandomForest,classical,9,1,1,0.7066666666666667
227,RandomForest,classical,9,0,1,0.6166666666666667
233,RandomForest,classical,9,1,1,0.87
243,RandomForest,classical,9,1,1,0.6833333333333333
244,RandomForest,classical,9,1,1,0.6966666666666667
251,RandomForest,classical,9,0,1,0.54
254,RandomForest,classical,9,1,1,0.88
278,RandomForest,classical,9,1,0,0.44333333333333336
279,RandomForest,classical,9,1,1,0.7933333333333333
281,RandomForest,classical,9,1,1,0.8233333333333334
298,RandomForest,classical,9,1,1,0.58
306,RandomForest,classical,9,1,1,0.8466666666666667
349,RandomForest,classical,9,1,1,0.9433333333333334
362,RandomForest,classical,9,1,1,0.8
366,RandomForest,classical,9,1,1,0.9
374,RandomForest,classical,9,1,1,0.9033333333333333
387,RandomForest,classical,9,1,1,0.9766666666666667
390,RandomForest,classical,9,0,1,0.6666666666666666
397,RandomForest,classical,9,0,0,0.22666666666666666
403,RandomForest,classical,9,1,1,0.91
407,RandomForest,classical,9,0,0,0.38
414,RandomForest,classical,9,1,1,0.6033333333333334
432,RandomForest,classical,9,1,1,0.9033333333333333
433,RandomForest,classical,9,1,1,0.7833333333333333
440,RandomForest,classical,9,1,1,0.8266666666666667
443,RandomForest,classical,9,1,1,0.8466666666666667
444,RandomForest,classical,9,1,1,0.8366666666666667
448,RandomForest,classical,9,0,0,0.24666666666666667
473,RandomForest,classical,9,0,1,0.57
485,RandomForest,classical,9,1,1,0.5933333333333334
495,RandomForest,classical,9,1,1,0.9033333333333333
508,RandomForest,classical,9,1,1,0.8966666666666666
515,RandomForest,classical,9,1,1,0.9666666666666667
518,RandomForest,classical,9,1,0,0.29333333333333333
529,RandomForest,classical,9,1,1,0.6466666666666666
532,RandomForest,classical,9,1,1,0.6966666666666667
541,RandomForest,classical,9,0,0,0.22333333333333333
545,RandomForest,classical,9,1,1,0.9033333333333333
574,RandomForest,classical,9,1,1,0.9233333333333333
577,RandomForest,classical,9,0,0,0.48
578,RandomForest,classical,9,0,0,0.20333333333333334
596,RandomForest,classical,9,0,0,0.4
631,RandomForest,classical,9,0,0,0.41333333333333333
633,RandomForest,classical,9,1,1,0.9533333333333334
634,RandomForest,classical,9,1,1,0.9466666666666667
642,RandomForest,classical,9,1,1,0.9333333333333333
653,RandomForest,classical,9,1,1,0.9366666666666666
678,RandomForest,classical,9,1,1,0.9366666666666666
690,RandomForest,classical,9,1,1,0.7833333333333333
692,RandomForest,classical,9,1,1,0.8733333333333333
695,RandomForest,classical,9,1,1,0.81
697,RandomForest,classical,9,0,0,0.19333333333333333
701,RandomForest,classical,9,1,0,0.3566666666666667
714,RandomForest,classical,9,1,1,0.7233333333333334
720,RandomForest,classical,9,1,1,0.9166666666666666
730,RandomForest,classical,9,1,1,0.9433333333333334
742,RandomForest,classical,9,1,1,0.98
0,RandomForest,classical,10,1,1,0.91
1,RandomForest,classical,10,1,1,0.9433333333333334
3,RandomForest,classical,10,1,1,0.88
18,RandomForest,classical,10,1,1,0.8666666666666667
30,RandomForest,classical,10,1,1,0.98
37,RandomForest,classical,10,1,1,0.83
38,RandomForest,classical,10,1,1,0.86
52,RandomForest,classical,10,1,1,0.65
58,RandomForest,classical,10,1,1,0.95
62,RandomForest,classical,10,1,1,0.9066666666666666
71,RandomForest,classical,10,1,1,0.9333333333333333
83,RandomForest,classical,10,0,1,0.59
99,RandomForest,classical,10,0,0,0.49333333333333335
109,RandomForest,classical,10,1,1,0.76
111,RandomForest,classical,10,1,1,0.9133333333333333
119,RandomForest,classical,10,1,1,0.81
122,RandomForest,classical,10,1,1,0.9033333333333333
141,RandomForest,classical,10,0,0,0.39
152,RandomForest,classical,10,1,1,0.83
175,RandomForest,classical,10,1,1,0.8566666666666667
186,RandomForest,classical,10,1,1,0.9466666666666667
188,RandomForest,classical,10,1,1,0.89
205,RandomForest,classical,10,1,1,0.7133333333333334
209,RandomForest,classical,10,0,0,0.13333333333333333
210,RandomForest,classical,10,1,1,0.77
215,RandomForest,classical,10,1,1,0.91
236,RandomForest,classical,10,0,1,0.79
239,RandomForest,classical,10,1,1,0.83
240,RandomForest,classical,10,1,1,0.8733333333333333
250,RandomForest,classical,10,0,1,0.61
252,RandomForest,classical,10,1,1,0.9566666666666667
311,RandomForest,classical,10,0,0,0.20333333333333334
314,RandomForest,classical,10,1,1,0.9633333333333334
319,RandomForest,classical,10,1,1,0.8366666666666667
330,RandomForest,classical,10,1,1,0.99
334,RandomForest,classical,10,0,1,0.6533333333333333
336,RandomForest,classical,10,1,1,0.96
343,RandomForest,classical,10,1,1,0.8033333333333333
354,RandomForest,classical,10,1,1,0.9133333333333333
376,RandomForest,classical,10,0,0,0.2833333333333333
381,RandomForest,classical,10,1,1,0.9633333333333334
383,RandomForest,classical,10,1,1,0.95
420,RandomForest,classical,10,1,1,0.81
437,RandomForest,classical,10,1,1,0.82
452,RandomForest,classical,10,1,1,0.6266666666666667
456,RandomForest,classical,10,1,1,0.9266666666666666
490,RandomForest,classical,10,0,1,0.6266666666666667
492,RandomForest,classical,10,1,1,0.8266666666666667
494,RandomForest,classical,10,1,1,0.9466666666666667
527,RandomForest,classical,10,1,0,0.49333333333333335
531,RandomForest,classical,10,1,1,0.7033333333333334
534,RandomForest,classical,10,0,0,0.4033333333333333
548,RandomForest,classical,10,1,1,0.94
551,RandomForest,classical,10,1,1,0.9633333333333334
553,RandomForest,classical,10,1,1,0.9233333333333333
585,RandomForest,classical,10,0,1,0.5066666666666667
594,RandomForest,classical,10,0,0,0.4266666666666667
597,RandomForest,classical,10,1,1,0.92
602,RandomForest,classical,10,1,1,0.97
610,RandomForest,classical,10,0,1,0.6666666666666666
616,RandomForest,classical,10,1,1,0.7133333333333334
621,RandomForest,classical,10,1,1,0.9633333333333334
627,RandomForest,classical,10,1,1,0.7466666666666667
629,RandomForest,classical,10,1,1,0.79
635,RandomForest,classical,10,1,1,0.8933333333333333
640,RandomForest,classical,10,0,0,0.39
650,RandomForest,classical,10,0,0,0.36333333333333334
657,RandomForest,classical,10,0,1,0.6633333333333333
669,RandomForest,classical,10,1,1,0.9433333333333334
676,RandomForest,classical,10,1,1,0.7466666666666667
689,RandomForest,classical,10,1,1,0.99
691,RandomForest,classical,10,1,1,0.7633333333333333
699,RandomForest,classical,10,1,0,0.32
705,RandomForest,classical,10,0,0,0.47333333333333333
738,RandomForest,classical,10,0,0,0.29333333333333333
26,XGBoost,classical,1,1,1,0.9468716979026794
32,XGBoost,classical,1,1,1,0.9976487755775452
34,XGBoost,classical,1,0,0,0.07812736928462982
50,XGBoost,classical,1,1,1,0.9784621000289917
51,XGBoost,classical,1,1,1,0.989541232585907
57,XGBoost,classical,1,1,1,0.9970837235450745
60,XGBoost,classical,1,1,1,0.9381473660469055
97,XGBoost,classical,1,1,1,0.9895069003105164
137,XGBoost,classical,1,0,1,0.6074580550193787
139,XGBoost,classical,1,1,1,0.9983431100845337
147,XGBoost,classical,1,0,0,0.006146656349301338
148,XGBoost,classical,1,0,0,0.005415810272097588
154,XGBoost,classical,1,1,1,0.9769531488418579
158,XGBoost,classical,1,1,1,0.997232973575592
160,XGBoost,classical,1,1,1,0.9944664835929871
162,XGBoost,classical,1,1,1,0.9944643378257751
171,XGBoost,classical,1,1,1,0.9966233968734741
179,XGBoost,classical,1,1,1,0.9864394664764404
181,XGBoost,classical,1,1,1,0.9896071553230286
228,XGBoost,classical,1,1,1,0.9895293116569519
231,XGBoost,classical,1,1,1,0.9893231987953186
242,XGBoost,classical,1,1,1,0.9850966334342957
246,XGBoost,classical,1,1,1,0.998630166053772
261,XGBoost,classical,1,1,1,0.9779285192489624
272,XGBoost,classical,1,1,1,0.9735314249992371
273,XGBoost,classical,1,1,1,0.9989141225814819
287,XGBoost,classical,1,1,1,0.9978626370429993
294,XGBoost,classical,1,1,1,0.692069947719574
296,XGBoost,classical,1,1,1,0.8768807649612427
301,XGBoost,classical,1,1,1,0.9976412057876587
302,XGBoost,classical,1,1,1,0.9973132014274597
305,XGBoost,classical,1,1,1,0.9942111372947693
318,XGBoost,classical,1,1,1,0.9947584271430969
322,XGBoost,classical,1,1,1,0.9468370676040649
323,XGBoost,classical,1,1,1,0.9764068126678467
325,XGBoost,classical,1,1,1,0.9969283938407898
327,XGBoost,classical,1,1,1,0.9680305123329163
333,XGBoost,classical,1,0,0,0.32562822103500366
368,XGBoost,classical,1,1,1,0.9925097227096558
369,XGBoost,classical,1,0,0,0.07670313119888306
375,XGBoost,classical,1,0,0,0.018812865018844604
388,XGBoost,classical,1,1,1,0.9971959590911865
392,XGBoost,classical,1,0,1,0.7538576126098633
393,XGBoost,classical,1,0,0,0.4419575035572052
396,XGBoost,classical,1,0,0,0.4350225627422333
469,XGBoost,classical,1,0,0,0.09150354564189911
501,XGBoost,classical,1,1,1,0.9956361651420593
510,XGBoost,classical,1,1,1,0.892524242401123
511,XGBoost,classical,1,1,1,0.9821276664733887
512,XGBoost,classical,1,1,1,0.7866256833076477
520,XGBoost,classical,1,0,0,0.14365409314632416
521,XGBoost,classical,1,0,0,0.21639177203178406
523,XGBoost,classical,1,1,1,0.9969084858894348
530,XGBoost,classical,1,1,1,0.9484419822692871
546,XGBoost,classical,1,1,1,0.9791406393051147
560,XGBoost,classical,1,1,1,0.995154619216919
564,XGBoost,classical,1,1,1,0.968996524810791
567,XGBoost,classical,1,0,0,0.006759847514331341
573,XGBoost,classical,1,1,1,0.9845960736274719
603,XGBoost,classical,1,1,1,0.9251453876495361
608,XGBoost,classical,1,1,1,0.982731282711029
613,XGBoost,classical,1,1,1,0.9981514811515808
620,XGBoost,classical,1,1,1,0.5673485994338989
630,XGBoost,classical,1,0,1,0.6591916680335999
641,XGBoost,classical,1,0,0,0.038891054689884186
646,XGBoost,classical,1,1,1,0.9956573247909546
660,XGBoost,classical,1,1,1,0.9812414050102234
662,XGBoost,classical,1,1,1,0.9982615113258362
671,XGBoost,classical,1,1,1,0.9960218071937561
675,XGBoost,classical,1,1,1,0.5725171566009521
684,XGBoost,classical,1,1,1,0.9980078339576721
709,XGBoost,classical,1,1,1,0.9119466543197632
733,XGBoost,classical,1,0,0,0.03555656224489212
739,XGBoost,classical,1,0,0,0.20740725100040436
744,XGBoost,classical,1,1,1,0.9975317716598511
755,XGBoost,classical,1,0,1,0.9470906257629395
10,XGBoost,classical,2,1,1,0.9927005171775818
27,XGBoost,classical,2,1,1,0.992987334728241
31,XGBoost,classical,2,1,1,0.9977914094924927
36,XGBoost,classical,2,1,1,0.98526531457901
39,XGBoost,classical,2,1,1,0.8277847766876221
40,XGBoost,classical,2,1,1,0.9685755372047424
44,XGBoost,classical,2,0,1,0.9560528993606567
48,XGBoost,classical,2,1,1,0.988021194934845
55,XGBoost,classical,2,1,1,0.9986109733581543
59,XGBoost,classical,2,1,1,0.9926194548606873
66,XGBoost,classical,2,1,1,0.8451284170150757
80,XGBoost,classical,2,0,0,0.231093168258667
84,XGBoost,classical,2,1,1,0.8638675808906555
86,XGBoost,classical,2,1,1,0.7246053218841553
93,XGBoost,classical,2,1,1,0.9978893399238586
96,XGBoost,classical,2,1,1,0.9985003471374512
113,XGBoost,classical,2,1,1,0.9971211552619934
114,XGBoost,classical,2,1,1,0.9821495413780212
121,XGBoost,classical,2,1,1,0.9973856806755066
127,XGBoost,classical,2,0,0,0.46719345450401306
131,XGBoost,classical,2,1,1,0.7477836608886719
133,XGBoost,classical,2,1,1,0.6094748973846436
135,XGBoost,classical,2,0,0,0.23338095843791962
146,XGBoost,classical,2,0,0,0.15201245248317719
151,XGBoost,classical,2,1,1,0.9985881447792053
167,XGBoost,classical,2,1,1,0.9983506202697754
182,XGBoost,classical,2,1,1,0.9415193796157837
184,XGBoost,classical,2,1,1,0.9928337335586548
198,XGBoost,classical,2,1,1,0.9861446619033813
207,XGBoost,classical,2,0,0,0.010555926710367203
262,XGBoost,classical,2,1,1,0.957676887512207
268,XGBoost,classical,2,0,0,0.005550306756049395
270,XGBoost,classical,2,1,1,0.9980515241622925
275,XGBoost,classical,2,1,1,0.9980510473251343
283,XGBoost,classical,2,1,1,0.9969172477722168
286,XGBoost,classical,2,1,1,0.9992693066596985
308,XGBoost,classical,2,1,1,0.9944926500320435
315,XGBoost,classical,2,1,1,0.9677822589874268
335,XGBoost,classical,2,0,0,0.45136356353759766
339,XGBoost,classical,2,1,1,0.9971006512641907
350,XGBoost,classical,2,1,1,0.9902269840240479
352,XGBoost,classical,2,1,1,0.9966315627098083
378,XGBoost,classical,2,1,1,0.9634983539581299
379,XGBoost,classical,2,1,1,0.9892899394035339
391,XGBoost,classical,2,0,1,0.5458622574806213
410,XGBoost,classical,2,0,1,0.8518729209899902
415,XGBoost,classical,2,1,1,0.9803118705749512
419,XGBoost,classical,2,1,1,0.9573746919631958
454,XGBoost,classical,2,1,1,0.9947245717048645
459,XGBoost,classical,2,0,1,0.9411552548408508
470,XGBoost,classical,2,0,0,0.4044201076030731
471,XGBoost,classical,2,0,1,0.5999459028244019
496,XGBoost,classical,2,1,1,0.9730116724967957
503,XGBoost,classical,2,1,1,0.99069744348526
505,XGBoost,classical,2,1,1,0.997113823890686
522,XGBoost,classical,2,1,1,0.9968968629837036
542,XGBoost,classical,2,0,0,0.320938378572464
549,XGBoost,classical,2,1,1,0.998729407787323
555,XGBoost,classical,2,1,1,0.9521276354789734
558,XGBoost,classical,2,1,1,0.9973356127738953
587,XGBoost,classical,2,0,0,0.052709080278873444
599,XGBoost,classical,2,1,1,0.9898812174797058
606,XGBoost,classical,2,1,1,0.9974823594093323
611,XGBoost,classical,2,0,1,0.9325173497200012
632,XGBoost,classical,2,0,1,0.8541763424873352
656,XGBoost,classical,2,1,1,0.9979548454284668
673,XGBoost,classical,2,1,1,0.972631573677063
680,XGBoost,classical,2,1,1,0.8441680669784546
700,XGBoost,classical,2,1,0,0.028361044824123383
704,XGBoost,classical,2,0,0,0.0734323263168335
724,XGBoost,classical,2,1,0,0.3092615306377411
729,XGBoost,classical,2,1,1,0.9740748405456543
732,XGBoost,classical,2,0,0,0.03065105341374874
745,XGBoost,classical,2,1,1,0.9943222999572754
746,XGBoost,classical,2,1,1,0.9989023208618164
749,XGBoost,classical,2,1,1,0.9251542687416077
11,XGBoost,classical,3,1,1,0.9857149720191956
15,XGBoost,classical,3,1,1,0.8821121454238892
19,XGBoost,classical,3,1,1,0.9711880683898926
20,XGBoost,classical,3,1,1,0.9335132837295532
25,XGBoost,classical,3,1,1,0.9531745314598083
33,XGBoost,classical,3,0,1,0.727703332901001
41,XGBoost,classical,3,1,1,0.9083326458930969
56,XGBoost,classical,3,1,1,0.9954230189323425
65,XGBoost,classical,3,1,1,0.9984649419784546
70,XGBoost,classical,3,1,1,0.9393425583839417
117,XGBoost,classical,3,1,1,0.996494710445404
125,XGBoost,classical,3,0,0,0.017923209816217422
134,XGBoost,classical,3,1,1,0.8903182744979858
144,XGBoost,classical,3,0,0,0.09543130546808243
145,XGBoost,classical,3,0,0,0.01657109521329403
156,XGBoost,classical,3,1,1,0.9928991794586182
168,XGBoost,classical,3,1,1,0.9944087862968445
170,XGBoost,classical,3,1,1,0.9947879314422607
200,XGBoost,classical,3,1,1,0.9966347813606262
203,XGBoost,classical,3,1,1,0.6827702522277832
204,XGBoost,classical,3,1,1,0.9800392985343933
208,XGBoost,classical,3,0,0,0.023104257881641388
217,XGBoost,classical,3,1,1,0.9989344477653503
218,XGBoost,classical,3,1,1,0.9968271851539612
220,XGBoost,classical,3,0,1,0.9388867020606995
255,XGBoost,classical,3,1,1,0.9569697976112366
256,XGBoost,classical,3,1,1,0.9443773031234741
267,XGBoost,classical,3,0,0,0.026515915989875793
289,XGBoost,classical,3,0,0,0.09578517079353333
295,XGBoost,classical,3,1,1,0.912735104560852
328,XGBoost,classical,3,1,1,0.972984790802002
341,XGBoost,classical,3,1,1,0.9882959723472595
345,XGBoost,classical,3,1,1,0.9924235343933105
355,XGBoost,classical,3,1,1,0.9945459365844727
372,XGBoost,classical,3,1,1,0.9985010623931885
377,XGBoost,classical,3,0,1,0.7494536638259888
385,XGBoost,classical,3,1,1,0.9970335960388184
394,XGBoost,classical,3,0,0,0.1027587503194809
402,XGBoost,classical,3,1,1,0.9937468767166138
404,XGBoost,classical,3,1,1,0.9925938248634338
413,XGBoost,classical,3,1,1,0.9514515995979309
416,XGBoost,classical,3,1,1,0.9927541613578796
423,XGBoost,classical,3,1,1,0.9906496405601501
434,XGBoost,classical,3,1,1,0.9811443090438843
439,XGBoost,classical,3,1,1,0.9515494704246521
447,XGBoost,classical,3,0,0,0.05926469713449478
461,XGBoost,classical,3,0,1,0.9049602746963501
463,XGBoost,classical,3,1,1,0.9699033498764038
472,XGBoost,classical,3,0,0,0.46533989906311035
474,XGBoost,classical,3,1,1,0.9843611717224121
476,XGBoost,classical,3,1,1,0.7103177309036255
481,XGBoost,classical,3,1,1,0.9364524483680725
482,XGBoost,classical,3,1,1,0.9025291800498962
488,XGBoost,classical,3,1,1,0.9306007027626038
499,XGBoost,classical,3,1,1,0.9962912797927856
502,XGBoost,classical,3,1,1,0.9917750358581543
509,XGBoost,classical,3,1,1,0.9983072280883789
513,XGBoost,classical,3,1,1,0.9989227652549744
514,XGBoost,classical,3,1,1,0.9987661838531494
572,XGBoost,classical,3,1,1,0.9951891899108887
589,XGBoost,classical,3,0,0,0.006781980395317078
592,XGBoost,classical,3,1,1,0.6441407799720764
598,XGBoost,classical,3,1,1,0.9992697834968567
600,XGBoost,classical,3,1,1,0.9983124732971191
601,XGBoost,classical,3,1,1,0.9965318441390991
612,XGBoost,classical,3,1,1,0.995124876499176
645,XGBoost,classical,3,1,1,0.9697431325912476
666,XGBoost,classical,3,0,1,0.9058169722557068
668,XGBoost,classical,3,0,1,0.9833008050918579
688,XGBoost,classical,3,1,1,0.9967292547225952
696,XGBoost,classical,3,0,0,0.028928402811288834
702,XGBoost,classical,3,0,1,0.9696254730224609
715,XGBoost,classical,3,1,1,0.9312361478805542
723,XGBoost,classical,3,1,0,0.33083376288414
727,XGBoost,classical,3,0,1,0.9943792223930359
743,XGBoost,classical,3,1,1,0.9973205924034119
9,XGBoost,classical,4,1,1,0.9370735883712769
13,XGBoost,classical,4,1,1,0.9601591229438782
21,XGBoost,classical,4,1,1,0.764122724533081
22,XGBoost,classical,4,1,1,0.7901930212974548
28,XGBoost,classical,4,1,1,0.9164596199989319
61,XGBoost,classical,4,1,1,0.9439983367919922
72,XGBoost,classical,4,0,0,0.4492778182029724
77,XGBoost,classical,4,1,1,0.8957807421684265
100,XGBoost,classical,4,0,0,0.12553274631500244
104,XGBoost,classical,4,0,1,0.5606738328933716
106,XGBoost,classical,4,1,1,0.5000532865524292
116,XGBoost,classical,4,1,1,0.97897869348526
120,XGBoost,classical,4,1,1,0.9863909482955933
126,XGBoost,classical,4,0,0,0.2761327028274536
150,XGBoost,classical,4,1,1,0.9941129088401794
157,XGBoost,classical,4,1,1,0.9945617318153381
180,XGBoost,classical,4,1,1,0.8502219915390015
191,XGBoost,classical,4,1,1,0.9974476099014282
193,XGBoost,classical,4,1,1,0.9990142583847046
206,XGBoost,classical,4,1,1,0.9961944818496704
211,XGBoost,classical,4,1,1,0.9959050416946411
229,XGBoost,classical,4,1,1,0.9981538653373718
260,XGBoost,classical,4,1,1,0.997722327709198
264,XGBoost,classical,4,1,1,0.9286145567893982
269,XGBoost,classical,4,0,0,0.005016635172069073
282,XGBoost,classical,4,1,1,0.9848086833953857
284,XGBoost,classical,4,1,1,0.9461745023727417
290,XGBoost,classical,4,0,0,0.16786804795265198
297,XGBoost,classical,4,1,1,0.9145374894142151
312,XGBoost,classical,4,1,1,0.8347174525260925
320,XGBoost,classical,4,1,1,0.9965447783470154
324,XGBoost,classical,4,1,1,0.9931990504264832
331,XGBoost,classical,4,1,1,0.9986141920089722
337,XGBoost,classical,4,1,1,0.993324339389801
344,XGBoost,classical,4,1,1,0.9939085245132446
400,XGBoost,classical,4,1,1,0.8850107192993164
424,XGBoost,classical,4,1,1,0.955893874168396
425,XGBoost,classical,4,1,1,0.9909222722053528
436,XGBoost,classical,4,1,1,0.9823871850967407
438,XGBoost,classical,4,1,1,0.9941864013671875
455,XGBoost,classical,4,1,1,0.9927785992622375
477,XGBoost,classical,4,1,1,0.9975771307945251
484,XGBoost,classical,4,1,1,0.9768754243850708
489,XGBoost,classical,4,0,1,0.6903667449951172
507,XGBoost,classical,4,1,1,0.9968185424804688
517,XGBoost,classical,4,1,1,0.9863392114639282
528,XGBoost,classical,4,1,1,0.805449366569519
533,XGBoost,classical,4,1,1,0.7392188310623169
536,XGBoost,classical,4,0,0,0.4200699031352997
540,XGBoost,classical,4,0,0,0.4091010093688965
550,XGBoost,classical,4,1,1,0.9811627864837646
552,XGBoost,classical,4,1,1,0.9969785213470459
554,XGBoost,classical,4,1,1,0.9882204532623291
557,XGBoost,classical,4,1,1,0.774160623550415
561,XGBoost,classical,4,0,0,0.016931477934122086
569,XGBoost,classical,4,0,0,0.004899275954812765
571,XGBoost,classical,4,1,1,0.9966208934783936
586,XGBoost,classical,4,0,1,0.8190062642097473
590,XGBoost,classical,4,0,0,0.0062287673354148865
595,XGBoost,classical,4,0,0,0.09717216342687607
615,XGBoost,classical,4,1,1,0.8539906740188599
617,XGBoost,classical,4,1,1,0.9766934514045715
624,XGBoost,classical,4,1,1,0.9709650874137878
625,XGBoost,classical,4,1,1,0.9777607321739197
644,XGBoost,classical,4,1,1,0.994145393371582
647,XGBoost,classical,4,1,1,0.9922453761100769
649,XGBoost,classical,4,0,0,0.29046523571014404
652,XGBoost,classical,4,1,1,0.9967349171638489
659,XGBoost,classical,4,0,0,0.1270218789577484
674,XGBoost,classical,4,1,1,0.9236042499542236
694,XGBoost,classical,4,1,1,0.9740592241287231
707,XGBoost,classical,4,0,0,0.22487111389636993
717,XGBoost,classical,4,1,1,0.9956306219100952
734,XGBoost,classical,4,0,0,0.02077646367251873
741,XGBoost,classical,4,1,1,0.9988778233528137
753,XGBoost,classical,4,0,0,0.3703214228153229
2,XGBoost,classical,5,1,1,0.9970397353172302
6,XGBoost,classical,5,1,1,0.9208803176879883
12,XGBoost,classical,5,1,1,0.987014651298523
16,XGBoost,classical,5,1,1,0.9930563569068909
23,XGBoost,classical,5,1,1,0.8359512686729431
29,XGBoost,classical,5,1,1,0.996591329574585
45,XGBoost,classical,5,1,1,0.9978320002555847
64,XGBoost,classical,5,1,1,0.9929680228233337
68,XGBoost,classical,5,1,1,0.9093291759490967
79,XGBoost,classical,5,0,0,0.3308366537094116
81,XGBoost,classical,5,0,0,0.49854031205177307
92,XGBoost,classical,5,1,1,0.998439610004425
101,XGBoost,classical,5,0,0,0.15701304376125336
105,XGBoost,classical,5,1,1,0.954587459564209
108,XGBoost,classical,5,1,1,0.6023215651512146
118,XGBoost,classical,5,1,1,0.9813184142112732
124,XGBoost,classical,5,0,0,0.010532250627875328
130,XGBoost,classical,5,1,1,0.9696974158287048
136,XGBoost,classical,5,0,1,0.8809902667999268
143,XGBoost,classical,5,0,0,0.09595955163240433
164,XGBoost,classical,5,1,1,0.9986188411712646
185,XGBoost,classical,5,1,1,0.9968696236610413
196,XGBoost,classical,5,0,1,0.530685544013977
249,XGBoost,classical,5,0,1,0.9644985198974609
253,XGBoost,classical,5,1,1,0.9965232610702515
257,XGBoost,classical,5,1,1,0.7778691053390503
263,XGBoost,classical,5,1,1,0.9844347834587097
265,XGBoost,classical,5,1,1,0.9883614182472229
274,XGBoost,classical,5,1,1,0.996537446975708
276,XGBoost,classical,5,1,1,0.9948758482933044
280,XGBoost,classical,5,1,1,0.8952725529670715
293,XGBoost,classical,5,1,1,0.9949466586112976
303,XGBoost,classical,5,1,1,0.9936872124671936
321,XGBoost,classical,5,1,1,0.9115536212921143
326,XGBoost,classical,5,1,1,0.9973741769790649
329,XGBoost,classical,5,1,1,0.9965780377388
358,XGBoost,classical,5,0,0,0.021396515890955925
370,XGBoost,classical,5,0,0,0.1430421769618988
371,XGBoost,classical,5,0,0,0.04246044158935547
373,XGBoost,classical,5,1,1,0.9984694123268127
382,XGBoost,classical,5,1,1,0.9973287582397461
386,XGBoost,classical,5,1,1,0.9903643727302551
408,XGBoost,classical,5,0,0,0.19605709612369537
409,XGBoost,classical,5,0,0,0.2891418933868408
417,XGBoost,classical,5,1,1,0.9915762543678284
427,XGBoost,classical,5,1,1,0.9953733086585999
465,XGBoost,classical,5,1,1,0.9838716983795166
479,XGBoost,classical,5,1,1,0.997850775718689
480,XGBoost,classical,5,1,1,0.8184561729431152
504,XGBoost,classical,5,1,1,0.9989526271820068
506,XGBoost,classical,5,1,1,0.9986170530319214
519,XGBoost,classical,5,0,0,0.18505460023880005
524,XGBoost,classical,5,1,1,0.994767427444458
538,XGBoost,classical,5,1,1,0.9980040192604065
544,XGBoost,classical,5,1,1,0.9712591767311096
547,XGBoost,classical,5,1,1,0.9896944761276245
562,XGBoost,classical,5,0,0,0.02727210521697998
566,XGBoost,classical,5,1,1,0.9820475578308105
575,XGBoost,classical,5,1,1,0.9937703013420105
579,XGBoost,classical,5,1,1,0.9647155404090881
582,XGBoost,classical,5,0,0,0.0939251258969307
583,XGBoost,classical,5,0,0,0.13070550560951233
619,XGBoost,classical,5,1,1,0.994918167591095
623,XGBoost,classical,5,1,1,0.99893718957901
628,XGBoost,classical,5,1,1,0.609048068523407
638,XGBoost,classical,5,1,1,0.9474805593490601
655,XGBoost,classical,5,1,1,0.9976957440376282
683,XGBoost,classical,5,1,1,0.9984056353569031
687,XGBoost,classical,5,1,1,0.9951924085617065
693,XGBoost,classical,5,1,1,0.7643328309059143
708,XGBoost,classical,5,1,1,0.8527109622955322
716,XGBoost,classical,5,1,1,0.9345923066139221
726,XGBoost,classical,5,0,1,0.5795671939849854
747,XGBoost,classical,5,1,1,0.9267393946647644
750,XGBoost,classical,5,0,0,0.017439542338252068
752,XGBoost,classical,5,0,1,0.7121375203132629
5,XGBoost,classical,6,1,1,0.9454235434532166
43,XGBoost,classical,6,0,1,0.9040471911430359
46,XGBoost,classical,6,1,1,0.9979854822158813
67,XGBoost,classical,6,1,1,0.9414193034172058
69,XGBoost,classical,6,1,1,0.9860771894454956
74,XGBoost,classical,6,0,0,0.4460517466068268
76,XGBoost,classical,6,1,1,0.9308234453201294
85,XGBoost,classical,6,1,1,0.8523167371749878
87,XGBoost,classical,6,0,0,0.12741892039775848
95,XGBoost,classical,6,1,1,0.9950002431869507
102,XGBoost,classical,6,0,1,0.915871262550354
103,XGBoost,classical,6,0,1,0.5893198251724243
132,XGBoost,classical,6,1,1,0.666214108467102
140,XGBoost,classical,6,1,1,0.9982500672340393
142,XGBoost,classical,6,0,0,0.04117580130696297
155,XGBoost,classical,6,1,1,0.9970771074295044
161,XGBoost,classical,6,1,1,0.9941146969795227
165,XGBoost,classical,6,1,1,0.9994057416915894
166,XGBoost,classical,6,1,1,0.9987442493438721
176,XGBoost,classical,6,1,1,0.9880874156951904
183,XGBoost,classical,6,1,1,0.9931051135063171
190,XGBoost,classical,6,1,1,0.9961264729499817
197,XGBoost,classical,6,0,0,0.41657835245132446
201,XGBoost,classical,6,1,1,0.9122593402862549
222,XGBoost,classical,6,1,1,0.8591441512107849
232,XGBoost,classical,6,1,1,0.9949670433998108
234,XGBoost,classical,6,0,1,0.8161353468894958
245,XGBoost,classical,6,1,1,0.9839847683906555
258,XGBoost,classical,6,1,1,0.9964646100997925
271,XGBoost,classical,6,1,1,0.9801608920097351
291,XGBoost,classical,6,1,1,0.9948370456695557
300,XGBoost,classical,6,1,1,0.9980592131614685
309,XGBoost,classical,6,0,0,0.22248253226280212
317,XGBoost,classical,6,1,1,0.9868683815002441
342,XGBoost,classical,6,1,1,0.9638441205024719
346,XGBoost,classical,6,1,1,0.9979127049446106
347,XGBoost,classical,6,1,1,0.995079517364502
363,XGBoost,classical,6,1,1,0.961961030960083
364,XGBoost,classical,6,1,1,0.977679431438446
367,XGBoost,classical,6,1,1,0.9968967437744141
380,XGBoost,classical,6,1,1,0.9655778408050537
384,XGBoost,classical,6,1,1,0.9873664379119873
395,XGBoost,classical,6,0,0,0.16865183413028717
399,XGBoost,classical,6,1,1,0.6724531054496765
418,XGBoost,classical,6,1,1,0.9846951365470886
421,XGBoost,classical,6,1,1,0.9881550073623657
426,XGBoost,classical,6,1,1,0.9899846315383911
449,XGBoost,classical,6,0,0,0.010120040737092495
450,XGBoost,classical,6,1,1,0.9851126074790955
462,XGBoost,classical,6,1,1,0.989510715007782
466,XGBoost,classical,6,1,1,0.9598527550697327
475,XGBoost,classical,6,1,1,0.9446778297424316
493,XGBoost,classical,6,1,1,0.9978644251823425
535,XGBoost,classical,6,0,0,0.4396367073059082
556,XGBoost,classical,6,1,1,0.9433435797691345
563,XGBoost,classical,6,0,0,0.020264538004994392
570,XGBoost,classical,6,1,1,0.9976091384887695
581,XGBoost,classical,6,1,1,0.9888289570808411
584,XGBoost,classical,6,0,0,0.16418948769569397
604,XGBoost,classical,6,1,1,0.8547960519790649
607,XGBoost,classical,6,1,1,0.9948898553848267
622,XGBoost,classical,6,1,1,0.9994502663612366
626,XGBoost,classical,6,1,1,0.9862890243530273
636,XGBoost,classical,6,1,1,0.689590573310852
654,XGBoost,classical,6,1,1,0.9974036812782288
667,XGBoost,classical,6,0,1,0.6191132664680481
681,XGBoost,classical,6,1,1,0.9985530972480774
685,XGBoost,classical,6,1,1,0.9963153004646301
706,XGBoost,classical,6,0,0,0.03953050449490547
710,XGBoost,classical,6,1,1,0.8460312485694885
713,XGBoost,classical,6,0,1,0.9070335030555725
722,XGBoost,classical,6,1,1,0.9971176385879517
731,XGBoost,classical,6,1,1,0.9964956641197205
737,XGBoost,classical,6,0,1,0.9805728793144226
751,XGBoost,classical,6,0,0,0.061380043625831604
754,XGBoost,classical,6,0,0,0.4847491979598999
8,XGBoost,classical,7,1,1,0.9094703793525696
35,XGBoost,classical,7,0,0,0.4858663082122803
49,XGBoost,classical,7,1,1,0.9611973762512207
53,XGBoost,classical,7,1,1,0.9797532558441162
54,XGBoost,classical,7,1,1,0.99832683801651
63,XGBoost,classical,7,1,1,0.9992881417274475
82,XGBoost,classical,7,0,0,0.3377826511859894
98,XGBoost,classical,7,1,1,0.998602569103241
110,XGBoost,classical,7,1,1,0.9849923849105835
129,XGBoost,classical,7,1,1,0.997992753982544
138,XGBoost,classical,7,1,1,0.9991482496261597
153,XGBoost,classical,7,1,1,0.9976751208305359
178,XGBoost,classical,7,1,1,0.9900741577148438
189,XGBoost,classical,7,1,1,0.9947417974472046
192,XGBoost,classical,7,1,1,0.9991938471794128
214,XGBoost,classical,7,1,1,0.9982113838195801
225,XGBoost,classical,7,0,1,0.5900360941886902
226,XGBoost,classical,7,0,1,0.8104019165039062
238,XGBoost,classical,7,1,1,0.9911715388298035
241,XGBoost,classical,7,1,1,0.8702166080474854
247,XGBoost,classical,7,1,1,0.9980522394180298
259,XGBoost,classical,7,1,1,0.997259259223938
292,XGBoost,classical,7,1,1,0.9963793158531189
299,XGBoost,classical,7,1,0,0.4688701331615448
310,XGBoost,classical,7,0,1,0.9258660078048706
313,XGBoost,classical,7,1,1,0.964306116104126
316,XGBoost,classical,7,1,1,0.9843706488609314
340,XGBoost,classical,7,1,1,0.9976436495780945
353,XGBoost,classical,7,1,1,0.9956948757171631
356,XGBoost,classical,7,1,1,0.9973159432411194
357,XGBoost,classical,7,0,0,0.16287359595298767
360,XGBoost,classical,7,1,1,0.7201408743858337
365,XGBoost,classical,7,1,1,0.9784284234046936
389,XGBoost,classical,7,1,1,0.9976595640182495
398,XGBoost,classical,7,0,0,0.05674862489104271
401,XGBoost,classical,7,1,1,0.6554335355758667
405,XGBoost,classical,7,0,0,0.005551395937800407
406,XGBoost,classical,7,0,0,0.2031877189874649
411,XGBoost,classical,7,1,1,0.921249508857727
412,XGBoost,classical,7,1,1,0.9828048348426819
428,XGBoost,classical,7,1,1,0.992265522480011
431,XGBoost,classical,7,1,1,0.9961038827896118
435,XGBoost,classical,7,1,1,0.9245523810386658
441,XGBoost,classical,7,1,1,0.9909760355949402
446,XGBoost,classical,7,1,1,0.9641391038894653
453,XGBoost,classical,7,1,1,0.9981642365455627
460,XGBoost,classical,7,0,1,0.6151347160339355
467,XGBoost,classical,7,1,1,0.8464260101318359
468,XGBoost,classical,7,0,0,0.2318257987499237
487,XGBoost,classical,7,1,1,0.9881852865219116
491,XGBoost,classical,7,0,0,0.27082496881484985
498,XGBoost,classical,7,1,1,0.998874843120575
526,XGBoost,classical,7,1,1,0.9664036631584167
537,XGBoost,classical,7,1,1,0.9891197681427002
539,XGBoost,classical,7,1,1,0.9909927845001221
576,XGBoost,classical,7,0,0,0.0137685127556324
580,XGBoost,classical,7,1,1,0.9822606444358826
588,XGBoost,classical,7,0,0,0.01351619977504015
593,XGBoost,classical,7,1,1,0.8010742664337158
605,XGBoost,classical,7,1,1,0.9324246644973755
614,XGBoost,classical,7,1,1,0.993618369102478
637,XGBoost,classical,7,1,1,0.9809550642967224
661,XGBoost,classical,7,1,1,0.9968950748443604
663,XGBoost,classical,7,0,0,0.2378479540348053
664,XGBoost,classical,7,0,0,0.06787651032209396
670,XGBoost,classical,7,1,1,0.9975162744522095
679,XGBoost,classical,7,1,1,0.9728569388389587
682,XGBoost,classical,7,1,1,0.9989352822303772
686,XGBoost,classical,7,1,1,0.9986740350723267
703,XGBoost,classical,7,0,1,0.922451913356781
711,XGBoost,classical,7,0,0,0.003727746196091175
718,XGBoost,classical,7,1,1,0.966929018497467
721,XGBoost,classical,7,1,1,0.9870240688323975
725,XGBoost,classical,7,1,1,0.8846494555473328
728,XGBoost,classical,7,0,1,0.8631341457366943
14,XGBoost,classical,8,1,1,0.9649289846420288
17,XGBoost,classical,8,1,1,0.9712370038032532
42,XGBoost,classical,8,0,1,0.7502579092979431
47,XGBoost,classical,8,1,1,0.9974627494812012
73,XGBoost,classical,8,0,0,0.3330441117286682
78,XGBoost,classical,8,0,0,0.4839157462120056
88,XGBoost,classical,8,0,0,0.38961198925971985
90,XGBoost,classical,8,1,1,0.9980522394180298
91,XGBoost,classical,8,1,1,0.998207688331604
107,XGBoost,classical,8,1,1,0.8494784235954285
112,XGBoost,classical,8,1,1,0.9849902987480164
159,XGBoost,classical,8,1,1,0.993736743927002
172,XGBoost,classical,8,1,1,0.9988576173782349
173,XGBoost,classical,8,1,1,0.9989783763885498
177,XGBoost,classical,8,1,1,0.9478038549423218
187,XGBoost,classical,8,1,1,0.9976576566696167
199,XGBoost,classical,8,1,1,0.9921227097511292
213,XGBoost,classical,8,1,1,0.9928405284881592
216,XGBoost,classical,8,1,1,0.9924518465995789
221,XGBoost,classical,8,0,0,0.09142307192087173
223,XGBoost,classical,8,1,1,0.9714682698249817
230,XGBoost,classical,8,1,1,0.9949960708618164
235,XGBoost,classical,8,0,1,0.5334840416908264
237,XGBoost,classical,8,1,1,0.9849254488945007
248,XGBoost,classical,8,1,1,0.9978708028793335
266,XGBoost,classical,8,1,1,0.9750277996063232
277,XGBoost,classical,8,1,1,0.9859383702278137
285,XGBoost,classical,8,1,1,0.9984564781188965
288,XGBoost,classical,8,0,0,0.06532920897006989
304,XGBoost,classical,8,1,1,0.9964389801025391
307,XGBoost,classical,8,1,1,0.9851319193840027
332,XGBoost,classical,8,1,1,0.9984642267227173
338,XGBoost,classical,8,1,1,0.9968956708908081
348,XGBoost,classical,8,1,1,0.9964343309402466
351,XGBoost,classical,8,1,1,0.995425283908844
359,XGBoost,classical,8,0,0,0.037445612251758575
361,XGBoost,classical,8,1,1,0.9501349925994873
422,XGBoost,classical,8,1,1,0.9541062712669373
429,XGBoost,classical,8,1,1,0.9917024970054626
430,XGBoost,classical,8,1,1,0.9328377842903137
442,XGBoost,classical,8,1,1,0.982231855392456
445,XGBoost,classical,8,1,1,0.9857311844825745
451,XGBoost,classical,8,1,1,0.9766755700111389
457,XGBoost,classical,8,1,1,0.9935693740844727
458,XGBoost,classical,8,1,1,0.9963732361793518
464,XGBoost,classical,8,1,1,0.9957439303398132
478,XGBoost,classical,8,1,1,0.9987105131149292
483,XGBoost,classical,8,1,1,0.9890144467353821
486,XGBoost,classical,8,1,1,0.9735530018806458
497,XGBoost,classical,8,1,1,0.9832602143287659
500,XGBoost,classical,8,1,1,0.9840025305747986
516,XGBoost,classical,8,1,1,0.9640272259712219
525,XGBoost,classical,8,1,1,0.843612015247345
543,XGBoost,classical,8,1,1,0.5942108035087585
559,XGBoost,classical,8,1,1,0.9938536882400513
565,XGBoost,classical,8,1,1,0.9758376479148865
568,XGBoost,classical,8,0,0,0.014290676452219486
591,XGBoost,classical,8,1,0,0.37621361017227173
609,XGBoost,classical,8,0,1,0.8188450336456299
618,XGBoost,classical,8,1,1,0.8971338868141174
639,XGBoost,classical,8,0,0,0.02311624400317669
643,XGBoost,classical,8,1,1,0.998394787311554
648,XGBoost,classical,8,0,0,0.1884833127260208
651,XGBoost,classical,8,1,1,0.9855411648750305
658,XGBoost,classical,8,0,0,0.37353411316871643
665,XGBoost,classical,8,0,0,0.18662214279174805
672,XGBoost,classical,8,1,1,0.9621050357818604
677,XGBoost,classical,8,1,1,0.6437919735908508
698,XGBoost,classical,8,0,0,0.05353815481066704
712,XGBoost,classical,8,0,0,0.03736244887113571
719,XGBoost,classical,8,1,1,0.9928102493286133
735,XGBoost,classical,8,0,1,0.9051778316497803
736,XGBoost,classical,8,0,1,0.9286588430404663
740,XGBoost,classical,8,0,0,0.23332497477531433
748,XGBoost,classical,8,1,1,0.909893274307251
4,XGBoost,classical,9,1,1,0.9901354908943176
7,XGBoost,classical,9,1,1,0.8302921652793884
24,XGBoost,classical,9,1,1,0.9458993077278137
75,XGBoost,classical,9,1,1,0.9097499847412109
89,XGBoost,classical,9,0,0,0.030563293024897575
94,XGBoost,classical,9,1,1,0.9931190013885498
115,XGBoost,classical,9,1,1,0.9983785152435303
123,XGBoost,classical,9,0,0,0.011185644194483757
128,XGBoost,classical,9,0,1,0.9147961139678955
149,XGBoost,classical,9,0,0,0.003172115655615926
163,XGBoost,classical,9,1,1,0.9980400204658508
169,XGBoost,classical,9,1,1,0.9925563931465149
174,XGBoost,classical,9,1,1,0.9337130784988403
194,XGBoost,classical,9,1,1,0.9994972944259644
195,XGBoost,classical,9,0,0,0.38813966512680054
202,XGBoost,classical,9,1,1,0.757483184337616
212,XGBoost,classical,9,1,1,0.9887378215789795
219,XGBoost,classical,9,0,0,0.44282659888267517
224,XGBoost,classical,9,1,1,0.9054390788078308
227,XGBoost,classical,9,0,0,0.4251076281070709
233,XGBoost,classical,9,1,1,0.9980060458183289
243,XGBoost,classical,9,1,1,0.9945308566093445
244,XGBoost,classical,9,1,1,0.9937520623207092
251,XGBoost,classical,9,0,1,0.6539294123649597
254,XGBoost,classical,9,1,1,0.9968072175979614
278,XGBoost,classical,9,1,1,0.7410518527030945
279,XGBoost,classical,9,1,1,0.9518834352493286
281,XGBoost,classical,9,1,1,0.9845026135444641
298,XGBoost,classical,9,1,1,0.8889122605323792
306,XGBoost,classical,9,1,1,0.9873995780944824
349,XGBoost,classical,9,1,1,0.9950699806213379
362,XGBoost,classical,9,1,1,0.9690961837768555
366,XGBoost,classical,9,1,1,0.989618718624115
374,XGBoost,classical,9,1,1,0.9989005327224731
387,XGBoost,classical,9,1,1,0.9973114728927612
390,XGBoost,classical,9,0,1,0.8820270895957947
397,XGBoost,classical,9,0,0,0.028078895062208176
403,XGBoost,classical,9,1,1,0.9983168840408325
407,XGBoost,classical,9,0,0,0.03811759874224663
414,XGBoost,classical,9,1,1,0.790678858757019
432,XGBoost,classical,9,1,1,0.981376051902771
433,XGBoost,classical,9,1,1,0.983916699886322
440,XGBoost,classical,9,1,1,0.9620128870010376
443,XGBoost,classical,9,1,1,0.997680127620697
444,XGBoost,classical,9,1,1,0.9587956070899963
448,XGBoost,classical,9,0,0,0.011503121815621853
473,XGBoost,classical,9,0,1,0.7223592400550842
485,XGBoost,classical,9,1,1,0.803353488445282
495,XGBoost,classical,9,1,1,0.9967836141586304
508,XGBoost,classical,9,1,1,0.9984670281410217
515,XGBoost,classical,9,1,1,0.998699426651001
518,XGBoost,classical,9,1,0,0.012166278436779976
529,XGBoost,classical,9,1,1,0.7429914474487305
532,XGBoost,classical,9,1,1,0.9458796977996826
541,XGBoost,classical,9,0,0,0.17934156954288483
545,XGBoost,classical,9,1,1,0.9951158761978149
574,XGBoost,classical,9,1,1,0.9923151731491089
577,XGBoost,classical,9,0,0,0.474460244178772
578,XGBoost,classical,9,0,0,0.07455026358366013
596,XGBoost,classical,9,0,0,0.20944233238697052
631,XGBoost,classical,9,0,0,0.3459303081035614
633,XGBoost,classical,9,1,1,0.9981899857521057
634,XGBoost,classical,9,1,1,0.9956067204475403
642,XGBoost,classical,9,1,1,0.9970855116844177
653,XGBoost,classical,9,1,1,0.9983131885528564
678,XGBoost,classical,9,1,1,0.9964512586593628
690,XGBoost,classical,9,1,0,0.2643950283527374
692,XGBoost,classical,9,1,1,0.9905181527137756
695,XGBoost,classical,9,1,1,0.9351770281791687
697,XGBoost,classical,9,0,0,0.04122472181916237
701,XGBoost,classical,9,1,0,0.19224447011947632
714,XGBoost,classical,9,1,1,0.9181930422782898
720,XGBoost,classical,9,1,1,0.9971729516983032
730,XGBoost,classical,9,1,1,0.9951545000076294
742,XGBoost,classical,9,1,1,0.9988428354263306
0,XGBoost,classical,10,1,1,0.9840458631515503
1,XGBoost,classical,10,1,1,0.9944373369216919
3,XGBoost,classical,10,1,1,0.9788699150085449
18,XGBoost,classical,10,1,1,0.9643571376800537
30,XGBoost,classical,10,1,1,0.9990068078041077
37,XGBoost,classical,10,1,1,0.9729041457176208
38,XGBoost,classical,10,1,1,0.8935443758964539
52,XGBoost,classical,10,1,1,0.9380576014518738
58,XGBoost,classical,10,1,1,0.9983036518096924
62,XGBoost,classical,10,1,1,0.8787365555763245
71,XGBoost,classical,10,1,1,0.9945530891418457
83,XGBoost,classical,10,0,0,0.0887669175863266
99,XGBoost,classical,10,0,0,0.10041870176792145
109,XGBoost,classical,10,1,1,0.8665177226066589
111,XGBoost,classical,10,1,1,0.9919120073318481
119,XGBoost,classical,10,1,1,0.9900175929069519
122,XGBoost,classical,10,1,1,0.9512706398963928
141,XGBoost,classical,10,0,0,0.012390966527163982
152,XGBoost,classical,10,1,1,0.993974506855011
175,XGBoost,classical,10,1,1,0.9900805354118347
186,XGBoost,classical,10,1,1,0.9979648590087891
188,XGBoost,classical,10,1,1,0.986143946647644
205,XGBoost,classical,10,1,1,0.973773717880249
209,XGBoost,classical,10,0,0,0.009504696354269981
210,XGBoost,classical,10,1,1,0.9942629933357239
215,XGBoost,classical,10,1,1,0.9969449639320374
236,XGBoost,classical,10,0,1,0.9912475943565369
239,XGBoost,classical,10,1,1,0.9797871112823486
240,XGBoost,classical,10,1,1,0.9491395354270935
250,XGBoost,classical,10,0,1,0.7945327758789062
252,XGBoost,classical,10,1,1,0.993847668170929
311,XGBoost,classical,10,0,0,0.042826563119888306
314,XGBoost,classical,10,1,1,0.9955470561981201
319,XGBoost,classical,10,1,1,0.9883748292922974
330,XGBoost,classical,10,1,1,0.9990596175193787
334,XGBoost,classical,10,0,1,0.8837302327156067
336,XGBoost,classical,10,1,1,0.9972553849220276
343,XGBoost,classical,10,1,1,0.9941166639328003
354,XGBoost,classical,10,1,1,0.9977898597717285
376,XGBoost,classical,10,0,0,0.021671684458851814
381,XGBoost,classical,10,1,1,0.9972732663154602
383,XGBoost,classical,10,1,1,0.9851354956626892
420,XGBoost,classical,10,1,1,0.9925147891044617
437,XGBoost,classical,10,1,1,0.9700531363487244
452,XGBoost,classical,10,1,1,0.9601709246635437
456,XGBoost,classical,10,1,1,0.9810618758201599
490,XGBoost,classical,10,0,1,0.5291042923927307
492,XGBoost,classical,10,1,1,0.9367319345474243
494,XGBoost,classical,10,1,1,0.9933983087539673
527,XGBoost,classical,10,1,1,0.7955666184425354
531,XGBoost,classical,10,1,1,0.9628452062606812
534,XGBoost,classical,10,0,0,0.19450154900550842
548,XGBoost,classical,10,1,1,0.9919117093086243
551,XGBoost,classical,10,1,1,0.9969035983085632
553,XGBoost,classical,10,1,1,0.997934103012085
585,XGBoost,classical,10,0,0,0.09079630672931671
594,XGBoost,classical,10,0,0,0.18029332160949707
597,XGBoost,classical,10,1,1,0.9988946318626404
602,XGBoost,classical,10,1,1,0.9980064034461975
610,XGBoost,classical,10,0,0,0.4216648042201996
616,XGBoost,classical,10,1,1,0.9125473499298096
621,XGBoost,classical,10,1,1,0.9988580942153931
627,XGBoost,classical,10,1,0,0.3889971375465393
629,XGBoost,classical,10,1,1,0.8015068769454956
635,XGBoost,classical,10,1,1,0.9961621761322021
640,XGBoost,classical,10,0,0,0.03192906454205513
650,XGBoost,classical,10,0,0,0.05952093377709389
657,XGBoost,classical,10,0,1,0.5259723663330078
669,XGBoost,classical,10,1,1,0.9976992011070251
676,XGBoost,classical,10,1,1,0.8026893138885498
689,XGBoost,classical,10,1,1,0.9981915354728699
691,XGBoost,classical,10,1,1,0.9730344414710999
699,XGBoost,classical,10,1,0,0.07911833375692368
705,XGBoost,classical,10,0,0,0.16668948531150818
738,XGBoost,classical,10,0,0,0.057259779423475266
26,KNN,classical,1,1,1,0.6
32,KNN,classical,1,1,1,1.0
34,KNN,classical,1,0,0,0.4
50,KNN,classical,1,1,1,0.8
51,KNN,classical,1,1,1,0.8
57,KNN,classical,1,1,1,1.0
60,KNN,classical,1,1,1,1.0
97,KNN,classical,1,1,1,1.0
137,KNN,classical,1,0,0,0.2
139,KNN,classical,1,1,1,1.0
147,KNN,classical,1,0,0,0.4
148,KNN,classical,1,0,0,0.4
154,KNN,classical,1,1,1,1.0
158,KNN,classical,1,1,1,1.0
160,KNN,classical,1,1,1,1.0
162,KNN,classical,1,1,1,1.0
171,KNN,classical,1,1,1,1.0
179,KNN,classical,1,1,1,0.8
181,KNN,classical,1,1,1,0.8
228,KNN,classical,1,1,1,0.8
231,KNN,classical,1,1,1,0.8
242,KNN,classical,1,1,1,0.8
246,KNN,classical,1,1,1,1.0
261,KNN,classical,1,1,1,0.8
272,KNN,classical,1,1,1,0.8
273,KNN,classical,1,1,1,1.0
287,KNN,classical,1,1,1,1.0
294,KNN,classical,1,1,1,1.0
296,KNN,classical,1,1,1,1.0
301,KNN,classical,1,1,1,1.0
302,KNN,classical,1,1,1,1.0
305,KNN,classical,1,1,1,1.0
318,KNN,classical,1,1,1,1.0
322,KNN,classical,1,1,1,1.0
323,KNN,classical,1,1,1,0.6
325,KNN,classical,1,1,1,1.0
327,KNN,classical,1,1,1,0.6
333,KNN,classical,1,0,0,0.2
368,KNN,classical,1,1,1,1.0
369,KNN,classical,1,0,1,0.6
375,KNN,classical,1,0,0,0.2
388,KNN,classical,1,1,1,1.0
392,KNN,classical,1,0,1,0.6
393,KNN,classical,1,0,0,0.0
396,KNN,classical,1,0,0,0.2
469,KNN,classical,1,0,1,0.8
501,KNN,classical,1,1,1,1.0
510,KNN,classical,1,1,1,0.8
511,KNN,classical,1,1,1,1.0
512,KNN,classical,1,1,1,0.8
520,KNN,classical,1,0,1,0.6
521,KNN,classical,1,0,0,0.4
523,KNN,classical,1,1,1,1.0
530,KNN,classical,1,1,1,0.8
546,KNN,classical,1,1,1,1.0
560,KNN,classical,1,1,1,1.0
564,KNN,classical,1,1,1,1.0
567,KNN,classical,1,0,0,0.4
573,KNN,classical,1,1,1,1.0
603,KNN,classical,1,1,1,0.8
608,KNN,classical,1,1,1,1.0
613,KNN,classical,1,1,1,1.0
620,KNN,classical,1,1,1,0.8
630,KNN,classical,1,0,1,0.6
641,KNN,classical,1,0,0,0.0
646,KNN,classical,1,1,1,1.0
660,KNN,classical,1,1,1,1.0
662,KNN,classical,1,1,1,1.0
671,KNN,classical,1,1,1,1.0
675,KNN,classical,1,1,1,0.8
684,KNN,classical,1,1,1,1.0
709,KNN,classical,1,1,1,0.8
733,KNN,classical,1,0,0,0.0
739,KNN,classical,1,0,0,0.4
744,KNN,classical,1,1,1,1.0
755,KNN,classical,1,0,1,0.8
10,KNN,classical,2,1,1,1.0
27,KNN,classical,2,1,1,1.0
31,KNN,classical,2,1,1,1.0
36,KNN,classical,2,1,1,1.0
39,KNN,classical,2,1,1,0.8
40,KNN,classical,2,1,1,0.8
44,KNN,classical,2,0,0,0.2
48,KNN,classical,2,1,1,1.0
55,KNN,classical,2,1,1,1.0
59,KNN,classical,2,1,1,1.0
66,KNN,classical,2,1,1,0.8
80,KNN,classical,2,0,1,0.6
84,KNN,classical,2,1,1,0.6
86,KNN,classical,2,1,1,1.0
93,KNN,classical,2,1,1,1.0
96,KNN,classical,2,1,1,1.0
113,KNN,classical,2,1,1,1.0
114,KNN,classical,2,1,1,1.0
121,KNN,classical,2,1,1,1.0
127,KNN,classical,2,0,0,0.4
131,KNN,classical,2,1,1,0.8
133,KNN,classical,2,1,1,0.6
135,KNN,classical,2,0,0,0.4
146,KNN,classical,2,0,0,0.4
151,KNN,classical,2,1,1,1.0
167,KNN,classical,2,1,1,1.0
182,KNN,classical,2,1,1,0.8
184,KNN,classical,2,1,1,0.8
198,KNN,classical,2,1,1,1.0
207,KNN,classical,2,0,1,0.8
262,KNN,classical,2,1,1,0.6
268,KNN,classical,2,0,0,0.4
270,KNN,classical,2,1,1,1.0
275,KNN,classical,2,1,1,1.0
283,KNN,classical,2,1,1,1.0
286,KNN,classical,2,1,1,1.0
308,KNN,classical,2,1,1,1.0
315,KNN,classical,2,1,1,1.0
335,KNN,classical,2,0,1,0.6
339,KNN,classical,2,1,1,1.0
350,KNN,classical,2,1,1,0.8
352,KNN,classical,2,1,1,1.0
378,KNN,classical,2,1,1,0.8
379,KNN,classical,2,1,1,1.0
391,KNN,classical,2,0,1,0.8
410,KNN,classical,2,0,1,1.0
415,KNN,classical,2,1,1,1.0
419,KNN,classical,2,1,1,1.0
454,KNN,classical,2,1,1,1.0
459,KNN,classical,2,0,1,0.8
470,KNN,classical,2,0,1,0.8
471,KNN,classical,2,0,0,0.4
496,KNN,classical,2,1,1,0.6
503,KNN,classical,2,1,1,1.0
505,KNN,classical,2,1,1,1.0
522,KNN,classical,2,1,1,1.0
542,KNN,classical,2,0,1,0.6
549,KNN,classical,2,1,1,1.0
555,KNN,classical,2,1,1,1.0
558,KNN,classical,2,1,1,1.0
587,KNN,classical,2,0,0,0.4
599,KNN,classical,2,1,1,1.0
606,KNN,classical,2,1,1,1.0
611,KNN,classical,2,0,1,0.6
632,KNN,classical,2,0,1,0.8
656,KNN,classical,2,1,1,1.0
673,KNN,classical,2,1,1,0.6
680,KNN,classical,2,1,1,0.6
700,KNN,classical,2,1,1,0.6
704,KNN,classical,2,0,1,0.6
724,KNN,classical,2,1,0,0.4
729,KNN,classical,2,1,1,1.0
732,KNN,classical,2,0,0,0.2
745,KNN,classical,2,1,1,1.0
746,KNN,classical,2,1,1,1.0
749,KNN,classical,2,1,1,0.8
11,KNN,classical,3,1,1,0.8
15,KNN,classical,3,1,1,1.0
19,KNN,classical,3,1,1,1.0
20,KNN,classical,3,1,1,1.0
25,KNN,classical,3,1,1,0.8
33,KNN,classical,3,0,0,0.4
41,KNN,classical,3,1,1,0.6
56,KNN,classical,3,1,1,1.0
65,KNN,classical,3,1,1,1.0
70,KNN,classical,3,1,1,0.8
117,KNN,classical,3,1,1,1.0
125,KNN,classical,3,0,0,0.0
134,KNN,classical,3,1,1,0.8
144,KNN,classical,3,0,1,0.8
145,KNN,classical,3,0,0,0.2
156,KNN,classical,3,1,1,1.0
168,KNN,classical,3,1,1,1.0
170,KNN,classical,3,1,1,1.0
200,KNN,classical,3,1,1,1.0
203,KNN,classical,3,1,1,0.8
204,KNN,classical,3,1,1,0.6
208,KNN,classical,3,0,0,0.2
217,KNN,classical,3,1,1,1.0
218,KNN,classical,3,1,1,1.0
220,KNN,classical,3,0,1,0.8
255,KNN,classical,3,1,1,1.0
256,KNN,classical,3,1,1,1.0
267,KNN,classical,3,0,0,0.0
289,KNN,classical,3,0,0,0.2
295,KNN,classical,3,1,1,1.0
328,KNN,classical,3,1,1,1.0
341,KNN,classical,3,1,1,1.0
345,KNN,classical,3,1,1,1.0
355,KNN,classical,3,1,1,1.0
372,KNN,classical,3,1,1,1.0
377,KNN,classical,3,0,1,0.6
385,KNN,classical,3,1,1,1.0
394,KNN,classical,3,0,0,0.4
402,KNN,classical,3,1,1,1.0
404,KNN,classical,3,1,1,0.8
413,KNN,classical,3,1,1,1.0
416,KNN,classical,3,1,1,0.8
423,KNN,classical,3,1,1,0.8
434,KNN,classical,3,1,1,1.0
439,KNN,classical,3,1,1,0.8
447,KNN,classical,3,0,0,0.4
461,KNN,classical,3,0,1,0.8
463,KNN,classical,3,1,1,1.0
472,KNN,classical,3,0,0,0.2
474,KNN,classical,3,1,1,0.8
476,KNN,classical,3,1,1,0.8
481,KNN,classical,3,1,1,0.6
482,KNN,classical,3,1,1,0.8
488,KNN,classical,3,1,1,1.0
499,KNN,classical,3,1,1,1.0
502,KNN,classical,3,1,1,1.0
509,KNN,classical,3,1,1,1.0
513,KNN,classical,3,1,1,1.0
514,KNN,classical,3,1,1,1.0
572,KNN,classical,3,1,1,1.0
589,KNN,classical,3,0,0,0.2
592,KNN,classical,3,1,1,0.8
598,KNN,classical,3,1,1,1.0
600,KNN,classical,3,1,1,0.8
601,KNN,classical,3,1,1,1.0
612,KNN,classical,3,1,1,1.0
645,KNN,classical,3,1,1,1.0
666,KNN,classical,3,0,1,0.6
668,KNN,classical,3,0,1,0.8
688,KNN,classical,3,1,1,1.0
696,KNN,classical,3,0,0,0.2
702,KNN,classical,3,0,1,0.6
715,KNN,classical,3,1,1,0.8
723,KNN,classical,3,1,0,0.4
727,KNN,classical,3,0,1,0.8
743,KNN,classical,3,1,1,1.0
9,KNN,classical,4,1,1,0.8
13,KNN,classical,4,1,1,1.0
21,KNN,classical,4,1,1,1.0
22,KNN,classical,4,1,1,1.0
28,KNN,classical,4,1,1,0.6
61,KNN,classical,4,1,1,1.0
72,KNN,classical,4,0,0,0.4
77,KNN,classical,4,1,0,0.4
100,KNN,classical,4,0,1,0.8
104,KNN,classical,4,0,1,0.8
106,KNN,classical,4,1,1,0.6
116,KNN,classical,4,1,1,1.0
120,KNN,classical,4,1,1,1.0
126,KNN,classical,4,0,1,0.8
150,KNN,classical,4,1,1,1.0
157,KNN,classical,4,1,1,1.0
180,KNN,classical,4,1,1,0.6
191,KNN,classical,4,1,1,1.0
193,KNN,classical,4,1,1,1.0
206,KNN,classical,4,1,1,1.0
211,KNN,classical,4,1,1,1.0
229,KNN,classical,4,1,1,1.0
260,KNN,classical,4,1,1,1.0
264,KNN,classical,4,1,1,1.0
269,KNN,classical,4,0,0,0.0
282,KNN,classical,4,1,1,1.0
284,KNN,classical,4,1,1,0.8
290,KNN,classical,4,0,1,0.8
297,KNN,classical,4,1,1,0.6
312,KNN,classical,4,1,1,1.0
320,KNN,classical,4,1,1,0.8
324,KNN,classical,4,1,1,1.0
331,KNN,classical,4,1,1,1.0
337,KNN,classical,4,1,1,1.0
344,KNN,classical,4,1,1,0.8
400,KNN,classical,4,1,1,0.8
424,KNN,classical,4,1,1,1.0
425,KNN,classical,4,1,1,1.0
436,KNN,classical,4,1,1,0.6
438,KNN,classical,4,1,1,1.0
455,KNN,classical,4,1,1,1.0
477,KNN,classical,4,1,1,1.0
484,KNN,classical,4,1,1,0.8
489,KNN,classical,4,0,1,0.6
507,KNN,classical,4,1,1,1.0
517,KNN,classical,4,1,1,0.6
528,KNN,classical,4,1,1,0.6
533,KNN,classical,4,1,1,1.0
536,KNN,classical,4,0,0,0.4
540,KNN,classical,4,0,1,0.6
550,KNN,classical,4,1,1,1.0
552,KNN,classical,4,1,1,1.0
554,KNN,classical,4,1,1,1.0
557,KNN,classical,4,1,1,1.0
561,KNN,classical,4,0,1,0.8
569,KNN,classical,4,0,0,0.4
571,KNN,classical,4,1,1,1.0
586,KNN,classical,4,0,1,0.6
590,KNN,classical,4,0,0,0.0
595,KNN,classical,4,0,1,0.6
615,KNN,classical,4,1,1,0.8
617,KNN,classical,4,1,1,0.8
624,KNN,classical,4,1,1,0.8
625,KNN,classical,4,1,1,0.8
644,KNN,classical,4,1,1,1.0
647,KNN,classical,4,1,1,1.0
649,KNN,classical,4,0,0,0.0
652,KNN,classical,4,1,1,1.0
659,KNN,classical,4,0,0,0.4
674,KNN,classical,4,1,1,0.6
694,KNN,classical,4,1,1,1.0
707,KNN,classical,4,0,0,0.4
717,KNN,classical,4,1,1,0.6
734,KNN,classical,4,0,0,0.2
741,KNN,classical,4,1,1,1.0
753,KNN,classical,4,0,1,0.8
2,KNN,classical,5,1,1,1.0
6,KNN,classical,5,1,1,1.0
12,KNN,classical,5,1,1,1.0
16,KNN,classical,5,1,1,0.8
23,KNN,classical,5,1,1,0.8
29,KNN,classical,5,1,1,0.6
45,KNN,classical,5,1,1,1.0
64,KNN,classical,5,1,1,1.0
68,KNN,classical,5,1,1,0.6
79,KNN,classical,5,0,1,0.6
81,KNN,classical,5,0,1,0.8
92,KNN,classical,5,1,1,1.0
101,KNN,classical,5,0,0,0.4
105,KNN,classical,5,1,1,0.8
108,KNN,classical,5,1,1,0.8
118,KNN,classical,5,1,1,1.0
124,KNN,classical,5,0,0,0.0
130,KNN,classical,5,1,1,0.6
136,KNN,classical,5,0,0,0.2
143,KNN,classical,5,0,0,0.0
164,KNN,classical,5,1,1,1.0
185,KNN,classical,5,1,1,1.0
196,KNN,classical,5,0,1,0.6
249,KNN,classical,5,0,1,0.6
253,KNN,classical,5,1,1,1.0
257,KNN,classical,5,1,1,1.0
263,KNN,classical,5,1,1,1.0
265,KNN,classical,5,1,1,1.0
274,KNN,classical,5,1,1,1.0
276,KNN,classical,5,1,1,1.0
280,KNN,classical,5,1,1,0.8
293,KNN,classical,5,1,1,1.0
303,KNN,classical,5,1,1,1.0
321,KNN,classical,5,1,1,1.0
326,KNN,classical,5,1,1,1.0
329,KNN,classical,5,1,1,1.0
358,KNN,classical,5,0,1,0.6
370,KNN,classical,5,0,1,0.6
371,KNN,classical,5,0,1,0.6
373,KNN,classical,5,1,1,1.0
382,KNN,classical,5,1,1,1.0
386,KNN,classical,5,1,1,1.0
408,KNN,classical,5,0,1,0.6
409,KNN,classical,5,0,1,0.8
417,KNN,classical,5,1,1,1.0
427,KNN,classical,5,1,1,1.0
465,KNN,classical,5,1,1,1.0
479,KNN,classical,5,1,1,1.0
480,KNN,classical,5,1,1,1.0
504,KNN,classical,5,1,1,1.0
506,KNN,classical,5,1,1,1.0
519,KNN,classical,5,0,0,0.2
524,KNN,classical,5,1,1,1.0
538,KNN,classical,5,1,1,0.8
544,KNN,classical,5,1,1,0.8
547,KNN,classical,5,1,1,1.0
562,KNN,classical,5,0,0,0.2
566,KNN,classical,5,1,1,1.0
575,KNN,classical,5,1,1,1.0
579,KNN,classical,5,1,1,1.0
582,KNN,classical,5,0,0,0.2
583,KNN,classical,5,0,0,0.4
619,KNN,classical,5,1,1,1.0
623,KNN,classical,5,1,1,1.0
628,KNN,classical,5,1,1,0.8
638,KNN,classical,5,1,1,1.0
655,KNN,classical,5,1,1,1.0
683,KNN,classical,5,1,1,1.0
687,KNN,classical,5,1,1,1.0
693,KNN,classical,5,1,1,1.0
708,KNN,classical,5,1,1,0.6
716,KNN,classical,5,1,1,0.6
726,KNN,classical,5,0,1,0.8
747,KNN,classical,5,1,1,1.0
750,KNN,classical,5,0,0,0.2
752,KNN,classical,5,0,1,0.6
5,KNN,classical,6,1,1,1.0
43,KNN,classical,6,0,0,0.2
46,KNN,classical,6,1,1,1.0
67,KNN,classical,6,1,1,0.6
69,KNN,classical,6,1,1,1.0
74,KNN,classical,6,0,1,0.6
76,KNN,classical,6,1,1,1.0
85,KNN,classical,6,1,1,1.0
87,KNN,classical,6,0,0,0.2
95,KNN,classical,6,1,1,1.0
102,KNN,classical,6,0,1,0.8
103,KNN,classical,6,0,0,0.4
132,KNN,classical,6,1,1,1.0
140,KNN,classical,6,1,1,1.0
142,KNN,classical,6,0,0,0.0
155,KNN,classical,6,1,1,1.0
161,KNN,classical,6,1,1,1.0
165,KNN,classical,6,1,1,1.0
166,KNN,classical,6,1,1,1.0
176,KNN,classical,6,1,1,1.0
183,KNN,classical,6,1,1,1.0
190,KNN,classical,6,1,1,1.0
197,KNN,classical,6,0,1,0.6
201,KNN,classical,6,1,1,0.6
222,KNN,classical,6,1,1,0.8
232,KNN,classical,6,1,1,1.0
234,KNN,classical,6,0,1,0.6
245,KNN,classical,6,1,0,0.4
258,KNN,classical,6,1,1,1.0
271,KNN,classical,6,1,1,0.8
291,KNN,classical,6,1,1,1.0
300,KNN,classical,6,1,1,1.0
309,KNN,classical,6,0,0,0.4
317,KNN,classical,6,1,1,1.0
342,KNN,classical,6,1,1,1.0
346,KNN,classical,6,1,1,1.0
347,KNN,classical,6,1,1,1.0
363,KNN,classical,6,1,1,0.6
364,KNN,classical,6,1,1,0.8
367,KNN,classical,6,1,1,1.0
380,KNN,classical,6,1,1,0.8
384,KNN,classical,6,1,1,0.8
395,KNN,classical,6,0,0,0.4
399,KNN,classical,6,1,0,0.4
418,KNN,classical,6,1,1,0.6
421,KNN,classical,6,1,1,1.0
426,KNN,classical,6,1,1,1.0
449,KNN,classical,6,0,0,0.4
450,KNN,classical,6,1,1,1.0
462,KNN,classical,6,1,1,1.0
466,KNN,classical,6,1,1,1.0
475,KNN,classical,6,1,1,0.6
493,KNN,classical,6,1,1,1.0
535,KNN,classical,6,0,0,0.4
556,KNN,classical,6,1,1,1.0
563,KNN,classical,6,0,0,0.4
570,KNN,classical,6,1,1,1.0
581,KNN,classical,6,1,1,0.8
584,KNN,classical,6,0,0,0.0
604,KNN,classical,6,1,1,1.0
607,KNN,classical,6,1,1,1.0
622,KNN,classical,6,1,1,1.0
626,KNN,classical,6,1,1,1.0
636,KNN,classical,6,1,1,0.6
654,KNN,classical,6,1,1,1.0
667,KNN,classical,6,0,1,0.6
681,KNN,classical,6,1,1,1.0
685,KNN,classical,6,1,1,1.0
706,KNN,classical,6,0,1,0.6
710,KNN,classical,6,1,1,0.8
713,KNN,classical,6,0,1,0.8
722,KNN,classical,6,1,1,1.0
731,KNN,classical,6,1,1,1.0
737,KNN,classical,6,0,0,0.2
751,KNN,classical,6,0,0,0.4
754,KNN,classical,6,0,1,0.8
8,KNN,classical,7,1,1,0.8
35,KNN,classical,7,0,1,0.6
49,KNN,classical,7,1,1,0.6
53,KNN,classical,7,1,1,0.8
54,KNN,classical,7,1,1,1.0
63,KNN,classical,7,1,1,1.0
82,KNN,classical,7,0,1,0.6
98,KNN,classical,7,1,1,1.0
110,KNN,classical,7,1,1,1.0
129,KNN,classical,7,1,1,1.0
138,KNN,classical,7,1,1,1.0
153,KNN,classical,7,1,1,1.0
178,KNN,classical,7,1,1,0.8
189,KNN,classical,7,1,1,1.0
192,KNN,classical,7,1,1,1.0
214,KNN,classical,7,1,1,0.8
225,KNN,classical,7,0,1,0.6
226,KNN,classical,7,0,1,0.8
238,KNN,classical,7,1,1,1.0
241,KNN,classical,7,1,1,1.0
247,KNN,classical,7,1,1,1.0
259,KNN,classical,7,1,1,1.0
292,KNN,classical,7,1,1,1.0
299,KNN,classical,7,1,1,0.8
310,KNN,classical,7,0,1,0.6
313,KNN,classical,7,1,1,1.0
316,KNN,classical,7,1,1,1.0
340,KNN,classical,7,1,1,1.0
353,KNN,classical,7,1,1,1.0
356,KNN,classical,7,1,1,0.8
357,KNN,classical,7,0,0,0.0
360,KNN,classical,7,1,1,0.8
365,KNN,classical,7,1,1,0.8
389,KNN,classical,7,1,1,1.0
398,KNN,classical,7,0,0,0.0
401,KNN,classical,7,1,0,0.4
405,KNN,classical,7,0,0,0.0
406,KNN,classical,7,0,0,0.2
411,KNN,classical,7,1,1,1.0
412,KNN,classical,7,1,1,0.8
428,KNN,classical,7,1,1,0.8
431,KNN,classical,7,1,1,1.0
435,KNN,classical,7,1,1,1.0
441,KNN,classical,7,1,1,1.0
446,KNN,classical,7,1,1,0.8
453,KNN,classical,7,1,1,1.0
460,KNN,classical,7,0,1,0.8
467,KNN,classical,7,1,1,1.0
468,KNN,classical,7,0,0,0.4
487,KNN,classical,7,1,1,1.0
491,KNN,classical,7,0,1,0.6
498,KNN,classical,7,1,1,1.0
526,KNN,classical,7,1,1,0.8
537,KNN,classical,7,1,1,1.0
539,KNN,classical,7,1,1,1.0
576,KNN,classical,7,0,0,0.0
580,KNN,classical,7,1,1,1.0
588,KNN,classical,7,0,0,0.2
593,KNN,classical,7,1,1,0.8
605,KNN,classical,7,1,1,1.0
614,KNN,classical,7,1,1,1.0
637,KNN,classical,7,1,1,0.8
661,KNN,classical,7,1,1,1.0
663,KNN,classical,7,0,0,0.4
664,KNN,classical,7,0,0,0.2
670,KNN,classical,7,1,1,1.0
679,KNN,classical,7,1,1,0.6
682,KNN,classical,7,1,1,1.0
686,KNN,classical,7,1,1,1.0
703,KNN,classical,7,0,1,0.8
711,KNN,classical,7,0,0,0.2
718,KNN,classical,7,1,1,0.6
721,KNN,classical,7,1,1,1.0
725,KNN,classical,7,1,1,0.8
728,KNN,classical,7,0,1,0.6
14,KNN,classical,8,1,1,1.0
17,KNN,classical,8,1,1,1.0
42,KNN,classical,8,0,0,0.2
47,KNN,classical,8,1,1,1.0
73,KNN,classical,8,0,1,0.6
78,KNN,classical,8,0,1,0.6
88,KNN,classical,8,0,0,0.2
90,KNN,classical,8,1,1,1.0
91,KNN,classical,8,1,1,1.0
107,KNN,classical,8,1,1,0.8
112,KNN,classical,8,1,1,1.0
159,KNN,classical,8,1,1,1.0
172,KNN,classical,8,1,1,1.0
173,KNN,classical,8,1,1,1.0
177,KNN,classical,8,1,1,0.8
187,KNN,classical,8,1,1,1.0
199,KNN,classical,8,1,1,1.0
213,KNN,classical,8,1,1,1.0
216,KNN,classical,8,1,1,1.0
221,KNN,classical,8,0,0,0.2
223,KNN,classical,8,1,1,0.8
230,KNN,classical,8,1,1,0.8
235,KNN,classical,8,0,1,0.6
237,KNN,classical,8,1,1,1.0
248,KNN,classical,8,1,1,1.0
266,KNN,classical,8,1,1,1.0
277,KNN,classical,8,1,1,1.0
285,KNN,classical,8,1,1,1.0
288,KNN,classical,8,0,0,0.2
304,KNN,classical,8,1,1,0.8
307,KNN,classical,8,1,1,1.0
332,KNN,classical,8,1,1,1.0
338,KNN,classical,8,1,1,0.8
348,KNN,classical,8,1,1,1.0
351,KNN,classical,8,1,1,1.0
359,KNN,classical,8,0,0,0.0
361,KNN,classical,8,1,1,0.8
422,KNN,classical,8,1,1,1.0
429,KNN,classical,8,1,1,1.0
430,KNN,classical,8,1,1,1.0
442,KNN,classical,8,1,1,1.0
445,KNN,classical,8,1,1,0.8
451,KNN,classical,8,1,1,1.0
457,KNN,classical,8,1,1,1.0
458,KNN,classical,8,1,1,1.0
464,KNN,classical,8,1,1,0.8
478,KNN,classical,8,1,1,1.0
483,KNN,classical,8,1,1,0.8
486,KNN,classical,8,1,1,1.0
497,KNN,classical,8,1,1,0.8
500,KNN,classical,8,1,1,1.0
516,KNN,classical,8,1,0,0.2
525,KNN,classical,8,1,1,0.6
543,KNN,classical,8,1,1,0.8
559,KNN,classical,8,1,1,1.0
565,KNN,classical,8,1,1,0.8
568,KNN,classical,8,0,0,0.2
591,KNN,classical,8,1,1,1.0
609,KNN,classical,8,0,1,0.6
618,KNN,classical,8,1,1,1.0
639,KNN,classical,8,0,1,0.6
643,KNN,classical,8,1,1,1.0
648,KNN,classical,8,0,0,0.0
651,KNN,classical,8,1,1,0.6
658,KNN,classical,8,0,1,0.6
665,KNN,classical,8,0,1,1.0
672,KNN,classical,8,1,1,1.0
677,KNN,classical,8,1,1,1.0
698,KNN,classical,8,0,0,0.0
712,KNN,classical,8,0,0,0.2
719,KNN,classical,8,1,1,0.6
735,KNN,classical,8,0,0,0.4
736,KNN,classical,8,0,1,0.6
740,KNN,classical,8,0,1,0.6
748,KNN,classical,8,1,1,0.8
4,KNN,classical,9,1,1,0.8
7,KNN,classical,9,1,1,1.0
24,KNN,classical,9,1,1,0.8
75,KNN,classical,9,1,1,1.0
89,KNN,classical,9,0,0,0.0
94,KNN,classical,9,1,1,1.0
115,KNN,classical,9,1,1,1.0
123,KNN,classical,9,0,0,0.4
128,KNN,classical,9,0,1,0.6
149,KNN,classical,9,0,0,0.0
163,KNN,classical,9,1,1,1.0
169,KNN,classical,9,1,1,1.0
174,KNN,classical,9,1,1,1.0
194,KNN,classical,9,1,1,1.0
195,KNN,classical,9,0,1,0.6
202,KNN,classical,9,1,1,0.6
212,KNN,classical,9,1,1,1.0
219,KNN,classical,9,0,0,0.4
224,KNN,classical,9,1,1,0.8
227,KNN,classical,9,0,1,0.8
233,KNN,classical,9,1,1,0.8
243,KNN,classical,9,1,0,0.4
244,KNN,classical,9,1,0,0.4
251,KNN,classical,9,0,0,0.4
254,KNN,classical,9,1,1,1.0
278,KNN,classical,9,1,0,0.2
279,KNN,classical,9,1,1,0.8
281,KNN,classical,9,1,1,0.8
298,KNN,classical,9,1,1,0.8
306,KNN,classical,9,1,1,1.0
349,KNN,classical,9,1,1,1.0
362,KNN,classical,9,1,1,1.0
366,KNN,classical,9,1,1,0.8
374,KNN,classical,9,1,1,1.0
387,KNN,classical,9,1,1,1.0
390,KNN,classical,9,0,1,1.0
397,KNN,classical,9,0,0,0.0
403,KNN,classical,9,1,1,1.0
407,KNN,classical,9,0,0,0.4
414,KNN,classical,9,1,1,0.8
432,KNN,classical,9,1,1,1.0
433,KNN,classical,9,1,1,1.0
440,KNN,classical,9,1,1,1.0
443,KNN,classical,9,1,1,1.0
444,KNN,classical,9,1,1,1.0
448,KNN,classical,9,0,0,0.2
473,KNN,classical,9,0,0,0.4
485,KNN,classical,9,1,1,0.6
495,KNN,classical,9,1,1,1.0
508,KNN,classical,9,1,1,1.0
515,KNN,classical,9,1,1,1.0
518,KNN,classical,9,1,0,0.4
529,KNN,classical,9,1,1,1.0
532,KNN,classical,9,1,1,1.0
541,KNN,classical,9,0,0,0.2
545,KNN,classical,9,1,1,1.0
574,KNN,classical,9,1,1,1.0
577,KNN,classical,9,0,1,0.6
578,KNN,classical,9,0,0,0.2
596,KNN,classical,9,0,0,0.4
631,KNN,classical,9,0,0,0.4
633,KNN,classical,9,1,1,1.0
634,KNN,classical,9,1,1,1.0
642,KNN,classical,9,1,1,1.0
653,KNN,classical,9,1,1,1.0
678,KNN,classical,9,1,1,1.0
690,KNN,classical,9,1,1,1.0
692,KNN,classical,9,1,1,1.0
695,KNN,classical,9,1,1,1.0
697,KNN,classical,9,0,0,0.0
701,KNN,classical,9,1,1,0.6
714,KNN,classical,9,1,1,0.6
720,KNN,classical,9,1,1,1.0
730,KNN,classical,9,1,1,1.0
742,KNN,classical,9,1,1,1.0
0,KNN,classical,10,1,1,0.6
1,KNN,classical,10,1,1,1.0
3,KNN,classical,10,1,1,1.0
18,KNN,classical,10,1,1,0.6
30,KNN,classical,10,1,1,1.0
37,KNN,classical,10,1,1,1.0
38,KNN,classical,10,1,1,0.8
52,KNN,classical,10,1,0,0.4
58,KNN,classical,10,1,1,1.0
62,KNN,classical,10,1,1,1.0
71,KNN,classical,10,1,1,1.0
83,KNN,classical,10,0,1,0.6
99,KNN,classical,10,0,0,0.4
109,KNN,classical,10,1,1,0.8
111,KNN,classical,10,1,1,1.0
119,KNN,classical,10,1,1,1.0
122,KNN,classical,10,1,1,1.0
141,KNN,classical,10,0,1,0.6
152,KNN,classical,10,1,1,1.0
175,KNN,classical,10,1,1,1.0
186,KNN,classical,10,1,1,1.0
188,KNN,classical,10,1,1,1.0
205,KNN,classical,10,1,1,0.6
209,KNN,classical,10,0,0,0.0
210,KNN,classical,10,1,1,1.0
215,KNN,classical,10,1,1,0.8
236,KNN,classical,10,0,1,1.0
239,KNN,classical,10,1,1,1.0
240,KNN,classical,10,1,1,1.0
250,KNN,classical,10,0,1,0.6
252,KNN,classical,10,1,1,1.0
311,KNN,classical,10,0,0,0.2
314,KNN,classical,10,1,1,1.0
319,KNN,classical,10,1,1,1.0
330,KNN,classical,10,1,1,1.0
334,KNN,classical,10,0,1,0.6
336,KNN,classical,10,1,1,0.8
343,KNN,classical,10,1,1,1.0
354,KNN,classical,10,1,1,1.0
376,KNN,classical,10,0,0,0.2
381,KNN,classical,10,1,1,1.0
383,KNN,classical,10,1,1,1.0
420,KNN,classical,10,1,1,0.8
437,KNN,classical,10,1,1,1.0
452,KNN,classical,10,1,1,0.8
456,KNN,classical,10,1,1,1.0
490,KNN,classical,10,0,1,0.6
492,KNN,classical,10,1,1,1.0
494,KNN,classical,10,1,1,1.0
527,KNN,classical,10,1,0,0.2
531,KNN,classical,10,1,1,1.0
534,KNN,classical,10,0,0,0.2
548,KNN,classical,10,1,1,1.0
551,KNN,classical,10,1,1,1.0
553,KNN,classical,10,1,1,1.0
585,KNN,classical,10,0,0,0.4
594,KNN,classical,10,0,0,0.4
597,KNN,classical,10,1,1,1.0
602,KNN,classical,10,1,1,1.0
610,KNN,classical,10,0,0,0.4
616,KNN,classical,10,1,1,1.0
621,KNN,classical,10,1,1,1.0
627,KNN,classical,10,1,1,0.8
629,KNN,classical,10,1,1,0.6
635,KNN,classical,10,1,1,1.0
640,KNN,classical,10,0,1,0.8
650,KNN,classical,10,0,0,0.2
657,KNN,classical,10,0,1,0.8
669,KNN,classical,10,1,1,0.8
676,KNN,classical,10,1,1,0.8
689,KNN,classical,10,1,1,1.0
691,KNN,classical,10,1,1,0.8
699,KNN,classical,10,1,0,0.4
705,KNN,classical,10,0,0,0.4
738,KNN,classical,10,0,0,0.4
26,QSVM,quantum,1,1,1,3.8900529546437113e-22
32,QSVM,quantum,1,1,1,2.6529421633409482e-21
34,QSVM,quantum,1,0,1,2.193574884612061e-21
50,QSVM,quantum,1,1,1,4.416945949056008e-21
51,QSVM,quantum,1,1,1,5.1792545887729726e-21
57,QSVM,quantum,1,1,1,5.718869740280312e-22
60,QSVM,quantum,1,1,1,1.9486005121631997e-21
97,QSVM,quantum,1,1,1,7.80541508216657e-22
137,QSVM,quantum,1,0,1,1.3504240500869262e-21
139,QSVM,quantum,1,1,1,1.0373409959627412e-21
147,QSVM,quantum,1,0,1,6.55762434589974e-21
148,QSVM,quantum,1,0,1,1.0137477253489743e-20
154,QSVM,quantum,1,1,1,6.152598143084059e-23
158,QSVM,quantum,1,1,1,4.242560577941183e-22
160,QSVM,quantum,1,1,1,7.1526472852009155e-22
162,QSVM,quantum,1,1,1,4.690386436481948e-21
171,QSVM,quantum,1,1,1,1.5314467590299395e-21
179,QSVM,quantum,1,1,1,3.675536871386751e-21
181,QSVM,quantum,1,1,1,5.150304082552224e-21
228,QSVM,quantum,1,1,1,2.8017522678755673e-21
231,QSVM,quantum,1,1,1,1.0046872350581717e-20
242,QSVM,quantum,1,1,1,6.172777652403492e-21
246,QSVM,quantum,1,1,1,3.1317761091172043e-21
261,QSVM,quantum,1,1,1,1.0203280504487283e-20
272,QSVM,quantum,1,1,1,7.623887021380486e-21
273,QSVM,quantum,1,1,1,2.9097639332451745e-21
287,QSVM,quantum,1,1,1,5.219728900904429e-21
294,QSVM,quantum,1,1,1,3.0450652415590393e-22
296,QSVM,quantum,1,1,1,1.446432545643098e-22
301,QSVM,quantum,1,1,1,7.423303444653763e-22
302,QSVM,quantum,1,1,1,2.848613154831541e-22
305,QSVM,quantum,1,1,1,4.587191519058892e-22
318,QSVM,quantum,1,1,1,7.173684998082394e-21
322,QSVM,quantum,1,1,1,5.242262037475034e-22
323,QSVM,quantum,1,1,1,2.2287131170612633e-22
325,QSVM,quantum,1,1,1,5.207392493519397e-21
327,QSVM,quantum,1,1,1,4.5055155768241e-21
333,QSVM,quantum,1,0,1,1.3465316805584526e-21
368,QSVM,quantum,1,1,1,5.925332899962513e-22
369,QSVM,quantum,1,0,1,4.685790593122122e-21
375,QSVM,quantum,1,0,1,7.354274444257915e-21
388,QSVM,quantum,1,1,1,9.31933543616266e-22
392,QSVM,quantum,1,0,1,1.3522773001527427e-21
393,QSVM,quantum,1,0,1,2.6919663377913508e-21
396,QSVM,quantum,1,0,1,4.177262860786727e-21
469,QSVM,quantum,1,0,1,1.5389561510417145e-21
501,QSVM,quantum,1,1,1,7.299467342627821e-22
510,QSVM,quantum,1,1,1,2.460393064395537e-21
511,QSVM,quantum,1,1,1,4.542757846076046e-22
512,QSVM,quantum,1,1,1,1.7728879696632022e-21
520,QSVM,quantum,1,0,1,3.958081294643248e-21
521,QSVM,quantum,1,0,1,2.7663990947994583e-21
523,QSVM,quantum,1,1,1,5.863281825205223e-21
530,QSVM,quantum,1,1,1,2.646865192784644e-21
546,QSVM,quantum,1,1,1,8.0083325174742e-23
560,QSVM,quantum,1,1,1,6.22148971398542e-22
564,QSVM,quantum,1,1,1,5.179889675147878e-21
567,QSVM,quantum,1,0,1,5.847326925659261e-21
573,QSVM,quantum,1,1,1,5.83288009802159e-21
603,QSVM,quantum,1,1,1,5.900044334853158e-21
608,QSVM,quantum,1,1,1,1.6979037090516796e-21
613,QSVM,quantum,1,1,1,5.734850581691379e-22
620,QSVM,quantum,1,1,1,4.3133906315674214e-21
630,QSVM,quantum,1,0,1,9.659368360439171e-21
641,QSVM,quantum,1,0,1,5.051047970754873e-21
646,QSVM,quantum,1,1,1,2.772516472799695e-21
660,QSVM,quantum,1,1,1,2.2344638488559277e-21
662,QSVM,quantum,1,1,1,2.638707548607268e-22
671,QSVM,quantum,1,1,1,4.226215113487474e-21
675,QSVM,quantum,1,1,1,2.055526315378574e-22
684,QSVM,quantum,1,1,1,6.520144196740061e-22
709,QSVM,quantum,1,1,1,2.1555924272500483e-22
733,QSVM,quantum,1,0,1,9.369522454671316e-21
739,QSVM,quantum,1,0,1,5.690049982895656e-22
744,QSVM,quantum,1,1,1,7.86842608376812e-21
755,QSVM,quantum,1,0,1,4.14145488318307e-22
10,QSVM,quantum,2,1,1,1.4659778234654057e-13
27,QSVM,quantum,2,1,1,8.103244226218997e-13
31,QSVM,quantum,2,1,1,1.7187302024689409e-12
36,QSVM,quantum,2,1,1,4.809533864344373e-14
39,QSVM,quantum,2,1,1,2.666217640974503e-13
40,QSVM,quantum,2,1,1,1.3515041959612495e-12
44,QSVM,quantum,2,0,1,8.073565024324816e-13
48,QSVM,quantum,2,1,1,5.117190839851194e-14
55,QSVM,quantum,2,1,1,1.4123981882906888e-12
59,QSVM,quantum,2,1,1,3.167188162938849e-14
66,QSVM,quantum,2,1,1,1.8318195810439554e-12
80,QSVM,quantum,2,0,1,3.632195685258616e-12
84,QSVM,quantum,2,1,1,9.894684840037678e-13
86,QSVM,quantum,2,1,1,8.396541791021129e-13
93,QSVM,quantum,2,1,1,1.2057940343303174e-13
96,QSVM,quantum,2,1,1,9.869299576179474e-13
113,QSVM,quantum,2,1,1,1.2890083710894375e-12
114,QSVM,quantum,2,1,1,4.4860133192521676e-13
121,QSVM,quantum,2,1,1,1.924094883308453e-13
127,QSVM,quantum,2,0,1,1.4061463885328598e-12
131,QSVM,quantum,2,1,1,1.0824316967795201e-13
133,QSVM,quantum,2,1,1,1.2536487090855807e-13
135,QSVM,quantum,2,0,1,2.4112329275176475e-12
146,QSVM,quantum,2,0,1,2.7209747633261036e-13
151,QSVM,quantum,2,1,1,6.352045564856964e-13
167,QSVM,quantum,2,1,1,8.293552897652235e-13
182,QSVM,quantum,2,1,1,2.059057737617928e-13
184,QSVM,quantum,2,1,1,3.180062027845253e-14
198,QSVM,quantum,2,1,1,1.9571778792772082e-13
207,QSVM,quantum,2,0,1,5.558136265104692e-13
262,QSVM,quantum,2,1,1,1.8546282347946464e-13
268,QSVM,quantum,2,0,1,8.509452920532793e-13
270,QSVM,quantum,2,1,1,1.2484086362121308e-12
275,QSVM,quantum,2,1,1,7.077362022197852e-13
283,QSVM,quantum,2,1,1,2.9697040353021836e-13
286,QSVM,quantum,2,1,1,7.727011764514378e-13
308,QSVM,quantum,2,1,1,6.224815207842938e-14
315,QSVM,quantum,2,1,1,4.5097384970756796e-14
335,QSVM,quantum,2,0,1,1.4283010129600968e-13
339,QSVM,quantum,2,1,1,9.987759607870825e-14
350,QSVM,quantum,2,1,1,7.308184010362029e-13
352,QSVM,quantum,2,1,1,1.1828078998453292e-12
378,QSVM,quantum,2,1,1,4.812302263531506e-13
379,QSVM,quantum,2,1,1,8.983427880276902e-14
391,QSVM,quantum,2,0,1,9.534305664780447e-13
410,QSVM,quantum,2,0,1,4.1742702576847865e-12
415,QSVM,quantum,2,1,1,2.605079390509242e-12
419,QSVM,quantum,2,1,1,1.3881764429561822e-13
454,QSVM,quantum,2,1,1,1.2782362939091347e-13
459,QSVM,quantum,2,0,1,4.691418921766157e-12
470,QSVM,quantum,2,0,1,3.2003592297066796e-13
471,QSVM,quantum,2,0,1,1.479439735351636e-13
496,QSVM,quantum,2,1,1,2.011935326624126e-13
503,QSVM,quantum,2,1,1,6.679462890241912e-14
505,QSVM,quantum,2,1,1,9.601664156278784e-13
522,QSVM,quantum,2,1,1,9.993034820164331e-13
542,QSVM,quantum,2,0,1,8.25402573168601e-13
549,QSVM,quantum,2,1,1,2.986134657832471e-14
555,QSVM,quantum,2,1,1,6.090564676649842e-13
558,QSVM,quantum,2,1,1,4.2119800271693856e-13
587,QSVM,quantum,2,0,1,2.045235821189974e-12
599,QSVM,quantum,2,1,1,5.292379150807135e-14
606,QSVM,quantum,2,1,1,7.715238512192194e-13
611,QSVM,quantum,2,0,1,1.6561114493450905e-13
632,QSVM,quantum,2,0,1,3.1009113061802104e-12
656,QSVM,quantum,2,1,1,6.046472767805285e-14
673,QSVM,quantum,2,1,1,4.0301726339817155e-13
680,QSVM,quantum,2,1,1,1.9355212451382448e-13
700,QSVM,quantum,2,1,1,1.505275427539399e-12
704,QSVM,quantum,2,0,1,1.165701131346225e-12
724,QSVM,quantum,2,1,1,2.813215918967978e-12
729,QSVM,quantum,2,1,1,8.512625715619112e-13
732,QSVM,quantum,2,0,1,2.106371713583935e-12
745,QSVM,quantum,2,1,1,5.104758586702488e-13
746,QSVM,quantum,2,1,1,1.2824476527927177e-13
749,QSVM,quantum,2,1,1,5.934995527411483e-13
11,QSVM,quantum,3,1,1,3.6090917091763276e-15
15,QSVM,quantum,3,1,1,8.163226258995772e-15
19,QSVM,quantum,3,1,1,6.644823741887679e-15
20,QSVM,quantum,3,1,1,2.0896290669863065e-14
25,QSVM,quantum,3,1,1,8.001540632664098e-16
33,QSVM,quantum,3,0,1,3.581178343144002e-15
41,QSVM,quantum,3,1,1,1.4811774940889628e-14
56,QSVM,quantum,3,1,1,1.597378893337868e-16
65,QSVM,quantum,3,1,1,2.7690365368483566e-16
70,QSVM,quantum,3,1,1,6.763241424788671e-16
117,QSVM,quantum,3,1,1,5.883352347235578e-16
125,QSVM,quantum,3,0,1,1.994850599461894e-15
134,QSVM,quantum,3,1,1,2.27933747484239e-15
144,QSVM,quantum,3,0,1,1.8648843770094074e-15
145,QSVM,quantum,3,0,1,2.5100625350344637e-15
156,QSVM,quantum,3,1,1,6.327811324453005e-16
168,QSVM,quantum,3,1,1,2.87366528929397e-15
170,QSVM,quantum,3,1,1,2.552713311205826e-15
200,QSVM,quantum,3,1,1,1.2987106748326903e-15
203,QSVM,quantum,3,1,1,4.601014184589957e-15
204,QSVM,quantum,3,1,1,4.7739201617104356e-17
208,QSVM,quantum,3,0,1,8.61414590885403e-15
217,QSVM,quantum,3,1,1,6.231102822503999e-15
218,QSVM,quantum,3,1,1,4.357966494060427e-15
220,QSVM,quantum,3,0,1,9.353326284037993e-15
255,QSVM,quantum,3,1,1,9.600176995864095e-16
256,QSVM,quantum,3,1,1,1.4199947959709765e-15
267,QSVM,quantum,3,0,1,4.001618673414406e-16
289,QSVM,quantum,3,0,1,1.6205319329255603e-15
295,QSVM,quantum,3,1,1,6.019791871337145e-15
328,QSVM,quantum,3,1,1,1.7469329517898738e-15
341,QSVM,quantum,3,1,1,2.978917195417607e-15
345,QSVM,quantum,3,1,1,7.409495190498557e-16
355,QSVM,quantum,3,1,1,6.272296484462093e-17
372,QSVM,quantum,3,1,1,3.66028350401446e-15
377,QSVM,quantum,3,0,1,8.280369807210655e-18
385,QSVM,quantum,3,1,1,3.0088858373747646e-15
394,QSVM,quantum,3,0,1,3.62754767751937e-15
402,QSVM,quantum,3,1,1,2.5372720252829876e-15
404,QSVM,quantum,3,1,1,2.2695829605974726e-15
413,QSVM,quantum,3,1,1,3.3153377965991867e-15
416,QSVM,quantum,3,1,1,1.2594887348826624e-15
423,QSVM,quantum,3,1,1,2.993646484813516e-15
434,QSVM,quantum,3,1,1,2.6763911114384223e-15
439,QSVM,quantum,3,1,1,2.396584628824579e-15
447,QSVM,quantum,3,0,1,1.7171730548111813e-15
461,QSVM,quantum,3,0,1,1.5303033590004148e-15
463,QSVM,quantum,3,1,1,1.8110517363081667e-15
472,QSVM,quantum,3,0,1,4.030668955102462e-15
474,QSVM,quantum,3,1,1,1.378868378542225e-16
476,QSVM,quantum,3,1,1,3.85641930046078e-16
481,QSVM,quantum,3,1,1,1.853876030458518e-15
482,QSVM,quantum,3,1,1,3.366238154532123e-15
488,QSVM,quantum,3,1,1,1.1423568414314204e-16
499,QSVM,quantum,3,1,1,4.026823238543181e-15
502,QSVM,quantum,3,1,1,1.5803525210077223e-15
509,QSVM,quantum,3,1,1,1.923010368173052e-16
513,QSVM,quantum,3,1,1,1.106156930856229e-15
514,QSVM,quantum,3,1,1,1.1449074090101458e-15
572,QSVM,quantum,3,1,1,1.0312665999718405e-16
589,QSVM,quantum,3,0,1,2.822196164633562e-16
592,QSVM,quantum,3,1,1,3.753856134922506e-16
598,QSVM,quantum,3,1,1,1.4429673856137643e-15
600,QSVM,quantum,3,1,1,1.3846231657966419e-15
601,QSVM,quantum,3,1,1,3.8213558758332525e-16
612,QSVM,quantum,3,1,1,1.1124835611322194e-15
645,QSVM,quantum,3,1,1,1.1229253237255135e-15
666,QSVM,quantum,3,0,1,4.427383101858668e-16
668,QSVM,quantum,3,0,1,2.1693367756490317e-16
688,QSVM,quantum,3,1,1,8.592328064755117e-16
696,QSVM,quantum,3,0,1,5.310816805881644e-15
702,QSVM,quantum,3,0,1,4.351280227126257e-15
715,QSVM,quantum,3,1,1,4.988657539012703e-15
723,QSVM,quantum,3,1,1,3.374549028738724e-15
727,QSVM,quantum,3,0,1,8.157957572391437e-15
743,QSVM,quantum,3,1,1,1.5770297180725753e-15
9,QSVM,quantum,4,1,1,8.730113103328052e-12
13,QSVM,quantum,4,1,1,2.7029942133175114e-11
21,QSVM,quantum,4,1,1,1.3958910532011215e-12
22,QSVM,quantum,4,1,1,1.2862351197724599e-11
28,QSVM,quantum,4,1,1,1.026661879672594e-12
61,QSVM,quantum,4,1,1,5.2868877828607945e-12
72,QSVM,quantum,4,0,1,1.3445601618597135e-12
77,QSVM,quantum,4,1,1,3.558671448857939e-13
100,QSVM,quantum,4,0,1,2.106381523027384e-12
104,QSVM,quantum,4,0,1,8.752660422087039e-13
106,QSVM,quantum,4,1,1,3.660360235024936e-12
116,QSVM,quantum,4,1,1,7.511014191800565e-15
120,QSVM,quantum,4,1,1,1.5537941305610562e-12
126,QSVM,quantum,4,0,1,6.916995596633414e-12
150,QSVM,quantum,4,1,1,1.183594213900944e-12
157,QSVM,quantum,4,1,1,2.685234814471995e-13
180,QSVM,quantum,4,1,1,9.175459276367357e-13
191,QSVM,quantum,4,1,1,4.300026207057135e-12
193,QSVM,quantum,4,1,1,1.2872082418589938e-11
206,QSVM,quantum,4,1,1,3.4036351848645443e-12
211,QSVM,quantum,4,1,1,2.0266959729184605e-13
229,QSVM,quantum,4,1,1,3.5978626004900036e-12
260,QSVM,quantum,4,1,1,1.28634701794597e-13
264,QSVM,quantum,4,1,1,1.1269144742871126e-11
269,QSVM,quantum,4,0,1,3.839715584170217e-11
282,QSVM,quantum,4,1,1,2.285531986483307e-12
284,QSVM,quantum,4,1,1,8.491999024840094e-13
290,QSVM,quantum,4,0,1,1.3954649452940485e-11
297,QSVM,quantum,4,1,1,6.334736345688618e-12
312,QSVM,quantum,4,1,1,1.357770335359304e-11
320,QSVM,quantum,4,1,1,1.734480558576876e-12
324,QSVM,quantum,4,1,1,2.2131337040524362e-11
331,QSVM,quantum,4,1,1,3.705222182827679e-12
337,QSVM,quantum,4,1,1,3.332781801145023e-13
344,QSVM,quantum,4,1,1,1.222226131238789e-12
400,QSVM,quantum,4,1,1,3.17547383636018e-13
424,QSVM,quantum,4,1,1,7.59624390410308e-12
425,QSVM,quantum,4,1,1,7.298254372571333e-12
436,QSVM,quantum,4,1,1,1.1191013863935128e-11
438,QSVM,quantum,4,1,1,3.0646807477200078e-12
455,QSVM,quantum,4,1,1,3.6665985370748327e-13
477,QSVM,quantum,4,1,1,5.507183529021788e-12
484,QSVM,quantum,4,1,1,1.1786028446909816e-12
489,QSVM,quantum,4,0,1,1.421875363965819e-12
507,QSVM,quantum,4,1,1,1.4423807036622432e-12
517,QSVM,quantum,4,1,1,9.689070330592804e-11
528,QSVM,quantum,4,1,1,1.26958319810315e-12
533,QSVM,quantum,4,1,1,2.7192019685105503e-11
536,QSVM,quantum,4,0,1,5.946858195559182e-12
540,QSVM,quantum,4,0,1,3.247117558780514e-12
550,QSVM,quantum,4,1,1,5.529507045202921e-13
552,QSVM,quantum,4,1,1,2.894877115489234e-12
554,QSVM,quantum,4,1,1,1.6730522410899868e-12
557,QSVM,quantum,4,1,1,9.805040148062878e-12
561,QSVM,quantum,4,0,1,3.3582216817492403e-11
569,QSVM,quantum,4,0,1,2.2981772275643308e-11
571,QSVM,quantum,4,1,1,3.817744909745467e-12
586,QSVM,quantum,4,0,1,7.02313313061206e-12
590,QSVM,quantum,4,0,1,6.27525293331628e-11
595,QSVM,quantum,4,0,1,6.293245078695834e-12
615,QSVM,quantum,4,1,1,1.8487484146959616e-11
617,QSVM,quantum,4,1,1,3.1216380042064655e-11
624,QSVM,quantum,4,1,1,2.6829835777430505e-12
625,QSVM,quantum,4,1,1,6.513601898041162e-12
644,QSVM,quantum,4,1,1,1.6124957354604174e-12
647,QSVM,quantum,4,1,1,4.1236859680229976e-12
649,QSVM,quantum,4,0,1,3.0790564631652804e-13
652,QSVM,quantum,4,1,1,2.8866658228454e-11
659,QSVM,quantum,4,0,1,8.920682515892925e-12
674,QSVM,quantum,4,1,1,1.0526785299948697e-11
694,QSVM,quantum,4,1,1,4.6708674814474924e-12
707,QSVM,quantum,4,0,1,7.343662001079122e-12
717,QSVM,quantum,4,1,1,1.555944376452374e-11
734,QSVM,quantum,4,0,1,9.819553026554666e-12
741,QSVM,quantum,4,1,1,1.1117924221944938e-12
753,QSVM,quantum,4,0,1,1.0067442966629366e-12
2,QSVM,quantum,5,1,1,1.4244949559474223e-12
6,QSVM,quantum,5,1,1,9.442618908882663e-11
12,QSVM,quantum,5,1,1,1.6272348138824098e-11
16,QSVM,quantum,5,1,1,3.412307453763475e-11
23,QSVM,quantum,5,1,1,1.0508187464028602e-11
29,QSVM,quantum,5,1,1,1.9976495029037622e-13
45,QSVM,quantum,5,1,1,3.4855160197184268e-12
64,QSVM,quantum,5,1,1,1.2999192381453258e-12
68,QSVM,quantum,5,1,1,1.8377145370421313e-12
79,QSVM,quantum,5,0,1,7.698772630255642e-11
81,QSVM,quantum,5,0,1,1.1218766855562609e-11
92,QSVM,quantum,5,1,1,5.748383540151204e-12
101,QSVM,quantum,5,0,1,3.2506243186086475e-11
105,QSVM,quantum,5,1,1,6.470526352959633e-11
108,QSVM,quantum,5,1,1,6.342803313161586e-13
118,QSVM,quantum,5,1,1,2.55831190067341e-12
124,QSVM,quantum,5,0,1,8.854614386398775e-13
130,QSVM,quantum,5,1,1,6.337204886218184e-12
136,QSVM,quantum,5,0,1,2.882258079539341e-11
143,QSVM,quantum,5,0,1,2.4504547636280317e-11
164,QSVM,quantum,5,1,1,9.673781342619431e-13
185,QSVM,quantum,5,1,1,1.9123297429706086e-11
196,QSVM,quantum,5,0,1,4.0602450423343565e-13
249,QSVM,quantum,5,0,1,2.2808352774159898e-11
253,QSVM,quantum,5,1,1,7.457428153894955e-12
257,QSVM,quantum,5,1,1,2.1147287408727305e-11
263,QSVM,quantum,5,1,1,1.1142877615063636e-11
265,QSVM,quantum,5,1,1,3.9987622893683844e-12
274,QSVM,quantum,5,1,1,3.4747183340803612e-12
276,QSVM,quantum,5,1,1,1.6330779254136914e-13
280,QSVM,quantum,5,1,1,3.5031477823664646e-10
293,QSVM,quantum,5,1,1,6.605138259028529e-11
303,QSVM,quantum,5,1,1,7.552176537559082e-14
321,QSVM,quantum,5,1,1,2.012203073052055e-12
326,QSVM,quantum,5,1,1,7.1284880447288935e-12
329,QSVM,quantum,5,1,1,5.157431911420456e-12
358,QSVM,quantum,5,0,1,9.120011407699772e-12
370,QSVM,quantum,5,0,1,3.133654691505702e-12
371,QSVM,quantum,5,0,1,7.713081890651376e-12
373,QSVM,quantum,5,1,1,5.053804794506381e-12
382,QSVM,quantum,5,1,1,5.029462017068704e-13
386,QSVM,quantum,5,1,1,6.922111956201598e-11
408,QSVM,quantum,5,0,1,1.500256869936625e-11
409,QSVM,quantum,5,0,1,3.7027866858507456e-12
417,QSVM,quantum,5,1,1,5.21601596068919e-12
427,QSVM,quantum,5,1,1,4.102845568919729e-11
465,QSVM,quantum,5,1,1,2.7621850449952826e-11
479,QSVM,quantum,5,1,1,9.871116988020058e-13
480,QSVM,quantum,5,1,1,3.728692887811845e-11
504,QSVM,quantum,5,1,1,3.637669525309074e-12
506,QSVM,quantum,5,1,1,3.132500348529754e-12
519,QSVM,quantum,5,0,1,2.2214464852610012e-10
524,QSVM,quantum,5,1,1,1.4758120732047177e-11
538,QSVM,quantum,5,1,1,2.277547075113123e-11
544,QSVM,quantum,5,1,1,2.2797241693023068e-10
547,QSVM,quantum,5,1,1,1.8871207852892124e-13
562,QSVM,quantum,5,0,1,1.2666962908636458e-10
566,QSVM,quantum,5,1,1,2.0868010535252537e-12
575,QSVM,quantum,5,1,1,2.389432556901064e-13
579,QSVM,quantum,5,1,1,1.9920971989918857e-13
582,QSVM,quantum,5,0,1,1.3669852920444249e-11
583,QSVM,quantum,5,0,1,7.746345602572702e-12
619,QSVM,quantum,5,1,1,1.1891899355692032e-11
623,QSVM,quantum,5,1,1,4.439498678099581e-12
628,QSVM,quantum,5,1,1,3.342250478443401e-11
638,QSVM,quantum,5,1,1,7.969381234392229e-11
655,QSVM,quantum,5,1,1,1.5420956611796204e-12
683,QSVM,quantum,5,1,1,7.883511797272554e-12
687,QSVM,quantum,5,1,1,1.992629872139795e-12
693,QSVM,quantum,5,1,1,1.3760060794984609e-11
708,QSVM,quantum,5,1,1,7.02680989169466e-12
716,QSVM,quantum,5,1,1,2.2142810810960755e-12
726,QSVM,quantum,5,0,1,5.022320126246519e-12
747,QSVM,quantum,5,1,1,3.7266948410699606e-12
750,QSVM,quantum,5,0,1,6.84442416947947e-11
752,QSVM,quantum,5,0,1,3.3593568243569153e-12
5,QSVM,quantum,6,1,1,3.476215792684375e-18
43,QSVM,quantum,6,0,1,1.5396678034871771e-18
46,QSVM,quantum,6,1,1,1.8670751575277206e-18
67,QSVM,quantum,6,1,1,7.480569218697104e-18
69,QSVM,quantum,6,1,1,7.783006789552223e-18
74,QSVM,quantum,6,0,1,1.2345941344726796e-18
76,QSVM,quantum,6,1,1,1.4978309993589222e-18
85,QSVM,quantum,6,1,1,1.8639920615939366e-18
87,QSVM,quantum,6,0,1,2.16890990600831e-18
95,QSVM,quantum,6,1,1,4.516476342373325e-19
102,QSVM,quantum,6,0,1,4.0733343756146864e-18
103,QSVM,quantum,6,0,1,1.1775176537071477e-18
132,QSVM,quantum,6,1,1,6.979923327468125e-18
140,QSVM,quantum,6,1,1,6.894828161778309e-19
142,QSVM,quantum,6,0,1,2.6806150823767463e-18
155,QSVM,quantum,6,1,1,4.016717097208681e-18
161,QSVM,quantum,6,1,1,5.008762818256434e-19
165,QSVM,quantum,6,1,1,5.780870895015155e-18
166,QSVM,quantum,6,1,1,6.973709343446385e-18
176,QSVM,quantum,6,1,1,7.097268430631021e-19
183,QSVM,quantum,6,1,1,4.636448740063027e-19
190,QSVM,quantum,6,1,1,2.0203941287443164e-18
197,QSVM,quantum,6,0,1,8.433993325874374e-19
201,QSVM,quantum,6,1,1,6.282209562321239e-19
222,QSVM,quantum,6,1,1,2.2975247147686736e-19
232,QSVM,quantum,6,1,1,1.9079685417474299e-19
234,QSVM,quantum,6,0,1,2.0807649529599754e-19
245,QSVM,quantum,6,1,1,8.277841053949439e-19
258,QSVM,quantum,6,1,1,1.3980592880780723e-20
271,QSVM,quantum,6,1,1,1.9363073430809497e-18
291,QSVM,quantum,6,1,1,4.076578700143858e-18
300,QSVM,quantum,6,1,1,8.559063711418539e-19
309,QSVM,quantum,6,0,1,8.387336864617092e-18
317,QSVM,quantum,6,1,1,4.70022791032583e-18
342,QSVM,quantum,6,1,1,5.7650991514345426e-18
346,QSVM,quantum,6,1,1,5.964974674407568e-19
347,QSVM,quantum,6,1,1,4.438861928797046e-19
363,QSVM,quantum,6,1,1,3.371803451278936e-19
364,QSVM,quantum,6,1,1,1.156602366470112e-18
367,QSVM,quantum,6,1,1,7.145610687190968e-19
380,QSVM,quantum,6,1,1,4.185484170232855e-19
384,QSVM,quantum,6,1,1,1.275653496828135e-18
395,QSVM,quantum,6,0,1,3.3317394610448954e-18
399,QSVM,quantum,6,1,1,1.8063864370503083e-18
418,QSVM,quantum,6,1,1,4.870559527303655e-18
421,QSVM,quantum,6,1,1,3.5350830435351614e-18
426,QSVM,quantum,6,1,1,7.669847416316086e-18
449,QSVM,quantum,6,0,1,3.697706229990155e-18
450,QSVM,quantum,6,1,1,1.1287007164083008e-17
462,QSVM,quantum,6,1,1,4.030598091653209e-18
466,QSVM,quantum,6,1,1,5.596281085751951e-19
475,QSVM,quantum,6,1,1,2.284432659430108e-18
493,QSVM,quantum,6,1,1,1.7017889868884855e-19
535,QSVM,quantum,6,0,1,6.5875495869296224e-18
556,QSVM,quantum,6,1,1,1.400060425607589e-18
563,QSVM,quantum,6,0,1,1.7536225239019063e-18
570,QSVM,quantum,6,1,1,1.2810632691510929e-18
581,QSVM,quantum,6,1,1,4.224988932226253e-19
584,QSVM,quantum,6,0,1,1.1844630865893227e-18
604,QSVM,quantum,6,1,1,9.631223107332615e-19
607,QSVM,quantum,6,1,1,7.397474657532554e-18
622,QSVM,quantum,6,1,1,2.9793928599111354e-18
626,QSVM,quantum,6,1,1,8.948073655114854e-19
636,QSVM,quantum,6,1,1,9.43019707380232e-19
654,QSVM,quantum,6,1,1,9.128661756219413e-19
667,QSVM,quantum,6,0,1,1.4122482984165879e-18
681,QSVM,quantum,6,1,1,1.8950793909780832e-18
685,QSVM,quantum,6,1,1,1.0197387023033334e-18
706,QSVM,quantum,6,0,1,5.7914436381983505e-18
710,QSVM,quantum,6,1,1,2.328527491999405e-18
713,QSVM,quantum,6,0,1,6.22508072595205e-19
722,QSVM,quantum,6,1,1,2.2500688788724843e-18
731,QSVM,quantum,6,1,1,9.939823020967515e-19
737,QSVM,quantum,6,0,1,2.7445252969006274e-19
751,QSVM,quantum,6,0,1,1.0190992193798937e-18
754,QSVM,quantum,6,0,1,9.540142800600558e-19
8,QSVM,quantum,7,1,1,3.649083105528166e-14
35,QSVM,quantum,7,0,1,1.7133993290766274e-13
49,QSVM,quantum,7,1,1,3.960061137160764e-13
53,QSVM,quantum,7,1,1,2.8570523564049397e-13
54,QSVM,quantum,7,1,1,1.1797744599911379e-13
63,QSVM,quantum,7,1,1,1.2173107118763255e-14
82,QSVM,quantum,7,0,1,1.0103901667125926e-14
98,QSVM,quantum,7,1,1,2.3422054954563036e-13
110,QSVM,quantum,7,1,1,8.876070147208986e-14
129,QSVM,quantum,7,1,1,2.2002685335013494e-14
138,QSVM,quantum,7,1,1,4.9309537738672326e-14
153,QSVM,quantum,7,1,1,2.3347499804589888e-14
178,QSVM,quantum,7,1,1,6.8708134205668e-15
189,QSVM,quantum,7,1,1,1.3188319308297283e-13
192,QSVM,quantum,7,1,1,5.04270540406247e-14
214,QSVM,quantum,7,1,1,1.6132747299975e-13
225,QSVM,quantum,7,0,1,1.0066733364713447e-13
226,QSVM,quantum,7,0,1,1.892778899342198e-13
238,QSVM,quantum,7,1,1,1.8480042292589616e-13
241,QSVM,quantum,7,1,1,5.933220024157953e-14
247,QSVM,quantum,7,1,1,1.1086488660646695e-13
259,QSVM,quantum,7,1,1,7.24843808895259e-15
292,QSVM,quantum,7,1,1,5.271137939312893e-13
299,QSVM,quantum,7,1,1,7.0211562157131545e-15
310,QSVM,quantum,7,0,1,1.1598272958259022e-13
313,QSVM,quantum,7,1,1,2.956902116317716e-13
316,QSVM,quantum,7,1,1,3.024533541103431e-14
340,QSVM,quantum,7,1,1,1.8600538996168066e-13
353,QSVM,quantum,7,1,1,3.780749170814736e-13
356,QSVM,quantum,7,1,1,7.084048877502333e-14
357,QSVM,quantum,7,0,1,8.927752042495199e-14
360,QSVM,quantum,7,1,1,2.735717008745741e-13
365,QSVM,quantum,7,1,1,8.275356266888338e-14
389,QSVM,quantum,7,1,1,5.2355761184355434e-14
398,QSVM,quantum,7,0,1,2.121678021657956e-13
401,QSVM,quantum,7,1,1,2.1825148062962673e-13
405,QSVM,quantum,7,0,1,1.8091443243945726e-13
406,QSVM,quantum,7,0,1,1.3183580750636128e-13
411,QSVM,quantum,7,1,1,1.1328602180390677e-13
412,QSVM,quantum,7,1,1,1.7018946208687182e-13
428,QSVM,quantum,7,1,1,1.4301107246409792e-13
431,QSVM,quantum,7,1,1,5.3359237197663365e-15
435,QSVM,quantum,7,1,1,1.5623900802526748e-13
441,QSVM,quantum,7,1,1,9.524891909342347e-14
446,QSVM,quantum,7,1,1,2.0043188433703886e-13
453,QSVM,quantum,7,1,1,5.710613079788954e-14
460,QSVM,quantum,7,0,1,1.6226182040725025e-13
467,QSVM,quantum,7,1,1,1.45001681790412e-13
468,QSVM,quantum,7,0,1,3.6454577744201613e-13
487,QSVM,quantum,7,1,1,2.6417704118142077e-14
491,QSVM,quantum,7,0,1,3.707913579533988e-13
498,QSVM,quantum,7,1,1,1.0731362805725169e-13
526,QSVM,quantum,7,1,1,1.3181378858923378e-14
537,QSVM,quantum,7,1,1,3.670672859059335e-13
539,QSVM,quantum,7,1,1,3.275429866886686e-13
576,QSVM,quantum,7,0,1,5.527616409415486e-14
580,QSVM,quantum,7,1,1,4.5984758145550414e-14
588,QSVM,quantum,7,0,1,6.245666337096133e-13
593,QSVM,quantum,7,1,1,1.2538940667580593e-13
605,QSVM,quantum,7,1,1,7.507731989689555e-14
614,QSVM,quantum,7,1,1,4.689981349390286e-16
637,QSVM,quantum,7,1,1,2.2580652292928467e-14
661,QSVM,quantum,7,1,1,1.272279518155364e-13
663,QSVM,quantum,7,0,1,7.653668601423725e-14
664,QSVM,quantum,7,0,1,2.6693770940512657e-13
670,QSVM,quantum,7,1,1,1.5585279434738687e-14
679,QSVM,quantum,7,1,1,4.623058516200518e-14
682,QSVM,quantum,7,1,1,1.8549233571352948e-13
686,QSVM,quantum,7,1,1,3.169820696942152e-14
703,QSVM,quantum,7,0,1,2.0262401902724953e-14
711,QSVM,quantum,7,0,1,2.0959294357734094e-13
718,QSVM,quantum,7,1,1,6.747015908621697e-14
721,QSVM,quantum,7,1,1,2.024516095626575e-15
725,QSVM,quantum,7,1,1,3.751542172028224e-13
728,QSVM,quantum,7,0,1,2.8791703073161287e-13
14,QSVM,quantum,8,1,1,1.0967985119460905e-10
17,QSVM,quantum,8,1,1,7.829276133593312e-14
42,QSVM,quantum,8,0,1,4.1533042577420464e-10
47,QSVM,quantum,8,1,1,5.766404736222711e-12
73,QSVM,quantum,8,0,1,5.950668562354163e-11
78,QSVM,quantum,8,0,1,1.0866628567468075e-11
88,QSVM,quantum,8,0,1,5.561763462378084e-09
90,QSVM,quantum,8,1,1,2.748217840590189e-11
91,QSVM,quantum,8,1,1,5.79733271817796e-11
107,QSVM,quantum,8,1,1,5.319054273513905e-09
112,QSVM,quantum,8,1,1,1.1285646697878938e-12
159,QSVM,quantum,8,1,1,1.008802410234052e-10
172,QSVM,quantum,8,1,1,1.3251584348613351e-11
173,QSVM,quantum,8,1,1,3.0750512867692637e-12
177,QSVM,quantum,8,1,1,5.5391483840365715e-11
187,QSVM,quantum,8,1,1,2.676867478675384e-11
199,QSVM,quantum,8,1,1,5.943295771192803e-12
213,QSVM,quantum,8,1,1,1.7381247014745297e-11
216,QSVM,quantum,8,1,1,9.315020790235796e-11
221,QSVM,quantum,8,0,1,1.0623009303090827e-13
223,QSVM,quantum,8,1,1,3.7395411450233776e-11
230,QSVM,quantum,8,1,1,9.731710536438374e-11
235,QSVM,quantum,8,0,1,1.7233356347234042e-12
237,QSVM,quantum,8,1,1,5.2957930426634866e-15
248,QSVM,quantum,8,1,1,4.186247949845469e-12
266,QSVM,quantum,8,1,1,5.813257037326912e-11
277,QSVM,quantum,8,1,1,3.0703133843275195e-10
285,QSVM,quantum,8,1,1,1.1786159809927512e-11
288,QSVM,quantum,8,0,1,7.537952643197618e-11
304,QSVM,quantum,8,1,1,1.911659736331796e-10
307,QSVM,quantum,8,1,1,5.632069954868674e-11
332,QSVM,quantum,8,1,1,4.195663227884936e-12
338,QSVM,quantum,8,1,1,1.5545808740869444e-10
348,QSVM,quantum,8,1,1,9.380442167308295e-11
351,QSVM,quantum,8,1,1,1.0183199766990136e-10
359,QSVM,quantum,8,0,1,7.027391401007993e-10
361,QSVM,quantum,8,1,1,7.698475680629967e-11
422,QSVM,quantum,8,1,1,2.63529895358425e-10
429,QSVM,quantum,8,1,1,2.512792167604153e-15
430,QSVM,quantum,8,1,1,2.2828613135834656e-16
442,QSVM,quantum,8,1,1,4.535853076920781e-11
445,QSVM,quantum,8,1,1,1.3912375077440258e-14
451,QSVM,quantum,8,1,1,5.745623345641947e-11
457,QSVM,quantum,8,1,1,1.1406917354938796e-13
458,QSVM,quantum,8,1,1,1.1015741666767529e-10
464,QSVM,quantum,8,1,1,4.5692816054194725e-11
478,QSVM,quantum,8,1,1,7.992318613309911e-11
483,QSVM,quantum,8,1,1,6.558627271637781e-13
486,QSVM,quantum,8,1,1,1.89255147635877e-11
497,QSVM,quantum,8,1,1,3.6422095277902917e-11
500,QSVM,quantum,8,1,1,4.747205892529586e-13
516,QSVM,quantum,8,1,1,7.877639727622089e-11
525,QSVM,quantum,8,1,1,4.945826186137345e-12
543,QSVM,quantum,8,1,1,1.1507732788967861e-08
559,QSVM,quantum,8,1,1,1.2361110518826864e-12
565,QSVM,quantum,8,1,1,9.779145491581098e-12
568,QSVM,quantum,8,0,1,3.4791260053162436e-09
591,QSVM,quantum,8,1,1,1.384949984136424e-08
609,QSVM,quantum,8,0,1,7.210771899805976e-11
618,QSVM,quantum,8,1,1,8.712636958599623e-11
639,QSVM,quantum,8,0,1,1.3122583228332703e-10
643,QSVM,quantum,8,1,1,1.7849980341752468e-11
648,QSVM,quantum,8,0,1,1.7078610651343778e-09
651,QSVM,quantum,8,1,1,3.6771433231475557e-10
658,QSVM,quantum,8,0,1,4.3617961259271926e-10
665,QSVM,quantum,8,0,1,3.6161861555383186e-11
672,QSVM,quantum,8,1,1,2.5378203008142935e-09
677,QSVM,quantum,8,1,1,1.5730393441383154e-12
698,QSVM,quantum,8,0,1,1.8108062688999505e-09
712,QSVM,quantum,8,0,1,3.7850786183822005e-09
719,QSVM,quantum,8,1,1,2.112014477283129e-11
735,QSVM,quantum,8,0,1,1.38202539427856e-11
736,QSVM,quantum,8,0,1,2.751251519478961e-16
740,QSVM,quantum,8,0,1,3.1893183840945946e-12
748,QSVM,quantum,8,1,1,6.786229907128413e-11
4,QSVM,quantum,9,1,1,2.277304500417276e-16
7,QSVM,quantum,9,1,1,9.435947366288665e-18
24,QSVM,quantum,9,1,1,1.9050594242699357e-16
75,QSVM,quantum,9,1,1,1.402385923939376e-17
89,QSVM,quantum,9,0,1,9.58025678793172e-17
94,QSVM,quantum,9,1,1,8.704832834654527e-18
115,QSVM,quantum,9,1,1,7.68385201468421e-17
123,QSVM,quantum,9,0,1,6.086702975837306e-16
128,QSVM,quantum,9,0,1,2.0500243139417225e-16
149,QSVM,quantum,9,0,1,1.6846325569494974e-16
163,QSVM,quantum,9,1,1,4.133831595863906e-17
169,QSVM,quantum,9,1,1,5.420660860011091e-18
174,QSVM,quantum,9,1,1,1.8305942974801874e-16
194,QSVM,quantum,9,1,1,3.475402496538512e-16
195,QSVM,quantum,9,0,1,1.1543637730068058e-17
202,QSVM,quantum,9,1,1,8.790186924776504e-18
212,QSVM,quantum,9,1,1,2.3084764843763033e-16
219,QSVM,quantum,9,0,1,2.1716704817251848e-17
224,QSVM,quantum,9,1,1,2.0835231682097873e-17
227,QSVM,quantum,9,0,1,1.4652854077972387e-17
233,QSVM,quantum,9,1,1,1.6634637570522574e-16
243,QSVM,quantum,9,1,1,6.594622687708759e-17
244,QSVM,quantum,9,1,1,5.2924550201501156e-17
251,QSVM,quantum,9,0,1,5.651696645997577e-17
254,QSVM,quantum,9,1,1,2.2634406868561244e-16
278,QSVM,quantum,9,1,1,4.624574149044193e-17
279,QSVM,quantum,9,1,1,9.121207762087e-18
281,QSVM,quantum,9,1,1,5.2809869383796083e-17
298,QSVM,quantum,9,1,1,2.0875139539718817e-16
306,QSVM,quantum,9,1,1,1.5597639404575214e-16
349,QSVM,quantum,9,1,1,7.081225247087312e-17
362,QSVM,quantum,9,1,1,2.0167343888034204e-16
366,QSVM,quantum,9,1,1,6.132605869931648e-18
374,QSVM,quantum,9,1,1,4.519587001680014e-16
387,QSVM,quantum,9,1,1,1.4302163431251138e-17
390,QSVM,quantum,9,0,1,1.901052754560688e-17
397,QSVM,quantum,9,0,1,8.214029933284872e-18
403,QSVM,quantum,9,1,1,2.3765370914647434e-16
407,QSVM,quantum,9,0,1,1.987091024192713e-15
414,QSVM,quantum,9,1,1,1.4959145806165286e-16
432,QSVM,quantum,9,1,1,2.61241286229253e-16
433,QSVM,quantum,9,1,1,9.171665370437767e-17
440,QSVM,quantum,9,1,1,2.689390244304428e-16
443,QSVM,quantum,9,1,1,1.402132156054596e-16
444,QSVM,quantum,9,1,1,5.5979772665331e-17
448,QSVM,quantum,9,0,1,4.092652326113902e-16
473,QSVM,quantum,9,0,1,1.066377462994796e-17
485,QSVM,quantum,9,1,1,1.0733905012923867e-16
495,QSVM,quantum,9,1,1,4.517807638222169e-18
508,QSVM,quantum,9,1,1,5.095796921210715e-17
515,QSVM,quantum,9,1,1,1.2120020562121264e-16
518,QSVM,quantum,9,1,1,4.488833739092448e-17
529,QSVM,quantum,9,1,1,6.629024947540941e-17
532,QSVM,quantum,9,1,1,7.517383637859386e-17
541,QSVM,quantum,9,0,1,6.823355013583152e-16
545,QSVM,quantum,9,1,1,6.08266898556565e-17
574,QSVM,quantum,9,1,1,4.5408631220951665e-17
577,QSVM,quantum,9,0,1,1.1127921802936008e-16
578,QSVM,quantum,9,0,1,5.495632262059685e-16
596,QSVM,quantum,9,0,1,3.4961421604001904e-16
631,QSVM,quantum,9,0,1,7.347252541899988e-16
633,QSVM,quantum,9,1,1,3.4159681178372475e-16
634,QSVM,quantum,9,1,1,3.4356781733808855e-16
642,QSVM,quantum,9,1,1,1.8222955709720983e-18
653,QSVM,quantum,9,1,1,1.1435251788917303e-16
678,QSVM,quantum,9,1,1,4.511387269450401e-16
690,QSVM,quantum,9,1,1,5.839337772692619e-17
692,QSVM,quantum,9,1,1,1.0434298315175526e-16
695,QSVM,quantum,9,1,1,1.3803378349982265e-16
697,QSVM,quantum,9,0,1,9.57591029432348e-17
701,QSVM,quantum,9,1,1,7.494549458328134e-18
714,QSVM,quantum,9,1,1,1.3683487745306051e-16
720,QSVM,quantum,9,1,1,1.76446517063872e-16
730,QSVM,quantum,9,1,1,2.518324015936188e-17
742,QSVM,quantum,9,1,1,3.001832301259923e-16
0,QSVM,quantum,10,1,1,5.472556728353209e-11
1,QSVM,quantum,10,1,1,3.253050649216236e-11
3,QSVM,quantum,10,1,1,3.266064302381236e-10
18,QSVM,quantum,10,1,1,6.947515990920106e-12
30,QSVM,quantum,10,1,1,2.296453462109189e-09
37,QSVM,quantum,10,1,1,2.885010970869512e-11
38,QSVM,quantum,10,1,1,5.1533347562424095e-12
52,QSVM,quantum,10,1,1,1.5369579520956498e-07
58,QSVM,quantum,10,1,1,4.87839329599795e-10
62,QSVM,quantum,10,1,1,8.410650005582691e-10
71,QSVM,quantum,10,1,1,9.488630271090155e-11
83,QSVM,quantum,10,0,1,2.8214841035935228e-08
99,QSVM,quantum,10,0,1,7.8889406398764e-12
109,QSVM,quantum,10,1,1,1.116796062976768e-09
111,QSVM,quantum,10,1,1,4.4444625481116115e-10
119,QSVM,quantum,10,1,1,1.232970397365746e-11
122,QSVM,quantum,10,1,1,9.737128931754834e-12
141,QSVM,quantum,10,0,1,1.3713476746863336e-09
152,QSVM,quantum,10,1,1,5.331055628550367e-10
175,QSVM,quantum,10,1,1,1.9920322505570822e-09
186,QSVM,quantum,10,1,1,3.075367304882279e-10
188,QSVM,quantum,10,1,1,2.188158956565317e-09
205,QSVM,quantum,10,1,1,2.674446177488792e-10
209,QSVM,quantum,10,0,1,4.698641066116778e-10
210,QSVM,quantum,10,1,1,3.033750061086327e-10
215,QSVM,quantum,10,1,1,1.2500070669608943e-12
236,QSVM,quantum,10,0,1,9.656908060067125e-10
239,QSVM,quantum,10,1,1,7.71399957754687e-11
240,QSVM,quantum,10,1,1,4.260242513054561e-11
250,QSVM,quantum,10,0,1,3.264427109065811e-09
252,QSVM,quantum,10,1,1,4.3683185582848065e-10
311,QSVM,quantum,10,0,1,3.529919120076202e-10
314,QSVM,quantum,10,1,1,6.722325115980052e-10
319,QSVM,quantum,10,1,1,1.0538952009899302e-09
330,QSVM,quantum,10,1,1,2.8781009748434817e-10
334,QSVM,quantum,10,0,1,5.839112709816743e-10
336,QSVM,quantum,10,1,1,3.090586002830497e-09
343,QSVM,quantum,10,1,1,3.912412493933827e-12
354,QSVM,quantum,10,1,1,2.3085564082457358e-10
376,QSVM,quantum,10,0,1,9.792044002002077e-11
381,QSVM,quantum,10,1,1,5.2973171056801976e-11
383,QSVM,quantum,10,1,1,3.8002085490461997e-11
420,QSVM,quantum,10,1,1,2.6301856463345893e-11
437,QSVM,quantum,10,1,1,7.703015415463648e-13
452,QSVM,quantum,10,1,1,1.0242491842241026e-09
456,QSVM,quantum,10,1,1,5.627526012142652e-11
490,QSVM,quantum,10,0,1,1.2535264662888711e-11
492,QSVM,quantum,10,1,1,3.543022507444847e-11
494,QSVM,quantum,10,1,1,1.7002879415702348e-10
527,QSVM,quantum,10,1,1,1.4728110087537481e-09
531,QSVM,quantum,10,1,1,5.788004642182682e-10
534,QSVM,quantum,10,0,1,2.349531253292567e-09
548,QSVM,quantum,10,1,1,1.425207219857186e-09
551,QSVM,quantum,10,1,1,6.875806322221902e-11
553,QSVM,quantum,10,1,1,2.2471918128125132e-10
585,QSVM,quantum,10,0,1,9.255399646738937e-13
594,QSVM,quantum,10,0,1,3.7203589181413916e-10
597,QSVM,quantum,10,1,1,8.783192190867207e-12
602,QSVM,quantum,10,1,1,1.184460299744942e-09
610,QSVM,quantum,10,0,1,2.186690459373563e-10
616,QSVM,quantum,10,1,1,2.456133655646848e-10
621,QSVM,quantum,10,1,1,5.203857138404515e-11
627,QSVM,quantum,10,1,1,2.729951033408526e-10
629,QSVM,quantum,10,1,1,7.531358969931245e-12
635,QSVM,quantum,10,1,1,4.6052074504514185e-12
640,QSVM,quantum,10,0,1,4.929963178601648e-08
650,QSVM,quantum,10,0,1,1.1417539529799404e-11
657,QSVM,quantum,10,0,1,1.1363000698010093e-09
669,QSVM,quantum,10,1,1,1.9377727122563094e-10
676,QSVM,quantum,10,1,1,1.6392941910600565e-11
689,QSVM,quantum,10,1,1,1.465942661146141e-09
691,QSVM,quantum,10,1,1,9.451132611791682e-10
699,QSVM,quantum,10,1,1,3.398710678591073e-10
705,QSVM,quantum,10,0,1,3.285888590850128e-09
738,QSVM,quantum,10,0,1,9.204312424709052e-13
26,VQC,quantum,1,1,0,0.4619140625
32,VQC,quantum,1,1,0,0.484375
34,VQC,quantum,1,0,1,0.5498046875
50,VQC,quantum,1,1,1,0.517578125
51,VQC,quantum,1,1,1,0.59375
57,VQC,quantum,1,1,1,0.5087890625
60,VQC,quantum,1,1,0,0.5087890625
97,VQC,quantum,1,1,0,0.3876953125
137,VQC,quantum,1,0,0,0.4873046875
139,VQC,quantum,1,1,0,0.3759765625
147,VQC,quantum,1,0,1,0.5751953125
148,VQC,quantum,1,0,1,0.53125
154,VQC,quantum,1,1,1,0.5625
158,VQC,quantum,1,1,0,0.427734375
160,VQC,quantum,1,1,0,0.5390625
162,VQC,quantum,1,1,0,0.466796875
171,VQC,quantum,1,1,1,0.64453125
179,VQC,quantum,1,1,1,0.599609375
181,VQC,quantum,1,1,0,0.4658203125
228,VQC,quantum,1,1,1,0.5400390625
231,VQC,quantum,1,1,1,0.587890625
242,VQC,quantum,1,1,0,0.3896484375
246,VQC,quantum,1,1,0,0.4580078125
261,VQC,quantum,1,1,0,0.369140625
272,VQC,quantum,1,1,1,0.546875
273,VQC,quantum,1,1,1,0.5322265625
287,VQC,quantum,1,1,1,0.54296875
294,VQC,quantum,1,1,0,0.392578125
296,VQC,quantum,1,1,0,0.39453125
301,VQC,quantum,1,1,0,0.3759765625
302,VQC,quantum,1,1,0,0.4912109375
305,VQC,quantum,1,1,1,0.6083984375
318,VQC,quantum,1,1,0,0.46875
322,VQC,quantum,1,1,1,0.544921875
323,VQC,quantum,1,1,1,0.583984375
325,VQC,quantum,1,1,0,0.4580078125
327,VQC,quantum,1,1,1,0.4833984375
333,VQC,quantum,1,0,1,0.4951171875
368,VQC,quantum,1,1,1,0.5986328125
369,VQC,quantum,1,0,1,0.5087890625
375,VQC,quantum,1,0,1,0.6455078125
388,VQC,quantum,1,1,0,0.4638671875
392,VQC,quantum,1,0,0,0.4072265625
393,VQC,quantum,1,0,0,0.427734375
396,VQC,quantum,1,0,1,0.6142578125
469,VQC,quantum,1,0,1,0.498046875
501,VQC,quantum,1,1,1,0.5146484375
510,VQC,quantum,1,1,0,0.4423828125
511,VQC,quantum,1,1,1,0.5263671875
512,VQC,quantum,1,1,0,0.4609375
520,VQC,quantum,1,0,0,0.3037109375
521,VQC,quantum,1,0,0,0.4150390625
523,VQC,quantum,1,1,1,0.6376953125
530,VQC,quantum,1,1,1,0.6025390625
546,VQC,quantum,1,1,1,0.6357421875
560,VQC,quantum,1,1,0,0.498046875
564,VQC,quantum,1,1,1,0.544921875
567,VQC,quantum,1,0,1,0.599609375
573,VQC,quantum,1,1,1,0.4990234375
603,VQC,quantum,1,1,1,0.537109375
608,VQC,quantum,1,1,1,0.5546875
613,VQC,quantum,1,1,1,0.607421875
620,VQC,quantum,1,1,1,0.470703125
630,VQC,quantum,1,0,0,0.4365234375
641,VQC,quantum,1,0,1,0.5283203125
646,VQC,quantum,1,1,0,0.4658203125
660,VQC,quantum,1,1,0,0.4462890625
662,VQC,quantum,1,1,0,0.390625
671,VQC,quantum,1,1,0,0.4677734375
675,VQC,quantum,1,1,1,0.6650390625
684,VQC,quantum,1,1,0,0.4677734375
709,VQC,quantum,1,1,0,0.423828125
733,VQC,quantum,1,0,0,0.373046875
739,VQC,quantum,1,0,1,0.546875
744,VQC,quantum,1,1,0,0.3447265625
755,VQC,quantum,1,0,0,0.470703125
10,VQC,quantum,2,1,1,0.498046875
27,VQC,quantum,2,1,0,0.455078125
31,VQC,quantum,2,1,1,0.5166015625
36,VQC,quantum,2,1,0,0.4462890625
39,VQC,quantum,2,1,0,0.3779296875
40,VQC,quantum,2,1,1,0.57421875
44,VQC,quantum,2,0,0,0.484375
48,VQC,quantum,2,1,1,0.5380859375
55,VQC,quantum,2,1,1,0.58984375
59,VQC,quantum,2,1,0,0.5263671875
66,VQC,quantum,2,1,1,0.48828125
80,VQC,quantum,2,0,1,0.5146484375
84,VQC,quantum,2,1,0,0.4169921875
86,VQC,quantum,2,1,0,0.310546875
93,VQC,quantum,2,1,0,0.37109375
96,VQC,quantum,2,1,1,0.5517578125
113,VQC,quantum,2,1,1,0.6962890625
114,VQC,quantum,2,1,1,0.537109375
121,VQC,quantum,2,1,1,0.5263671875
127,VQC,quantum,2,0,0,0.28125
131,VQC,quantum,2,1,1,0.5966796875
133,VQC,quantum,2,1,1,0.5283203125
135,VQC,quantum,2,0,0,0.5048828125
146,VQC,quantum,2,0,1,0.8251953125
151,VQC,quantum,2,1,0,0.3251953125
167,VQC,quantum,2,1,1,0.501953125
182,VQC,quantum,2,1,0,0.4482421875
184,VQC,quantum,2,1,0,0.5048828125
198,VQC,quantum,2,1,1,0.525390625
207,VQC,quantum,2,0,0,0.4423828125
262,VQC,quantum,2,1,1,0.4775390625
268,VQC,quantum,2,0,1,0.546875
270,VQC,quantum,2,1,0,0.45703125
275,VQC,quantum,2,1,0,0.2431640625
283,VQC,quantum,2,1,1,0.59375
286,VQC,quantum,2,1,1,0.7373046875
308,VQC,quantum,2,1,0,0.505859375
315,VQC,quantum,2,1,1,0.669921875
335,VQC,quantum,2,0,0,0.3828125
339,VQC,quantum,2,1,0,0.4423828125
350,VQC,quantum,2,1,1,0.537109375
352,VQC,quantum,2,1,0,0.39453125
378,VQC,quantum,2,1,1,0.5185546875
379,VQC,quantum,2,1,0,0.4658203125
391,VQC,quantum,2,0,1,0.7802734375
410,VQC,quantum,2,0,0,0.45703125
415,VQC,quantum,2,1,1,0.64453125
419,VQC,quantum,2,1,0,0.341796875
454,VQC,quantum,2,1,0,0.421875
459,VQC,quantum,2,0,1,0.5556640625
470,VQC,quantum,2,0,0,0.3798828125
471,VQC,quantum,2,0,1,0.51171875
496,VQC,quantum,2,1,0,0.2783203125
503,VQC,quantum,2,1,1,0.5400390625
505,VQC,quantum,2,1,1,0.5341796875
522,VQC,quantum,2,1,0,0.3818359375
542,VQC,quantum,2,0,1,0.5654296875
549,VQC,quantum,2,1,0,0.4296875
555,VQC,quantum,2,1,0,0.5
558,VQC,quantum,2,1,0,0.3955078125
587,VQC,quantum,2,0,1,0.5029296875
599,VQC,quantum,2,1,0,0.404296875
606,VQC,quantum,2,1,1,0.802734375
611,VQC,quantum,2,0,0,0.435546875
632,VQC,quantum,2,0,0,0.4677734375
656,VQC,quantum,2,1,0,0.3544921875
673,VQC,quantum,2,1,0,0.4541015625
680,VQC,quantum,2,1,0,0.44140625
700,VQC,quantum,2,1,0,0.43359375
704,VQC,quantum,2,0,1,0.5576171875
724,VQC,quantum,2,1,1,0.7265625
729,VQC,quantum,2,1,1,0.6103515625
732,VQC,quantum,2,0,1,0.5693359375
745,VQC,quantum,2,1,1,0.5029296875
746,VQC,quantum,2,1,0,0.4794921875
749,VQC,quantum,2,1,1,0.5703125
11,VQC,quantum,3,1,1,0.4931640625
15,VQC,quantum,3,1,1,0.5830078125
19,VQC,quantum,3,1,1,0.705078125
20,VQC,quantum,3,1,1,0.705078125
25,VQC,quantum,3,1,1,0.5244140625
33,VQC,quantum,3,0,0,0.4892578125
41,VQC,quantum,3,1,1,0.525390625
56,VQC,quantum,3,1,1,0.5888671875
65,VQC,quantum,3,1,1,0.6318359375
70,VQC,quantum,3,1,0,0.48828125
117,VQC,quantum,3,1,1,0.59765625
125,VQC,quantum,3,0,0,0.208984375
134,VQC,quantum,3,1,1,0.6572265625
144,VQC,quantum,3,0,1,0.7294921875
145,VQC,quantum,3,0,1,0.63671875
156,VQC,quantum,3,1,1,0.7353515625
168,VQC,quantum,3,1,1,0.5322265625
170,VQC,quantum,3,1,1,0.63671875
200,VQC,quantum,3,1,1,0.6201171875
203,VQC,quantum,3,1,1,0.462890625
204,VQC,quantum,3,1,1,0.744140625
208,VQC,quantum,3,0,0,0.4697265625
217,VQC,quantum,3,1,0,0.2470703125
218,VQC,quantum,3,1,0,0.314453125
220,VQC,quantum,3,0,1,0.55859375
255,VQC,quantum,3,1,1,0.9169921875
256,VQC,quantum,3,1,1,0.5859375
267,VQC,quantum,3,0,1,0.64453125
289,VQC,quantum,3,0,0,0.3837890625
295,VQC,quantum,3,1,0,0.4658203125
328,VQC,quantum,3,1,1,0.728515625
341,VQC,quantum,3,1,1,0.6708984375
345,VQC,quantum,3,1,1,0.7216796875
355,VQC,quantum,3,1,1,0.607421875
372,VQC,quantum,3,1,1,0.6337890625
377,VQC,quantum,3,0,1,0.7109375
385,VQC,quantum,3,1,1,0.751953125
394,VQC,quantum,3,0,0,0.4814453125
402,VQC,quantum,3,1,0,0.4658203125
404,VQC,quantum,3,1,1,0.6708984375
413,VQC,quantum,3,1,0,0.4326171875
416,VQC,quantum,3,1,1,0.7265625
423,VQC,quantum,3,1,0,0.529296875
434,VQC,quantum,3,1,1,0.64453125
439,VQC,quantum,3,1,0,0.3095703125
447,VQC,quantum,3,0,0,0.4208984375
461,VQC,quantum,3,0,1,0.5830078125
463,VQC,quantum,3,1,0,0.3369140625
472,VQC,quantum,3,0,0,0.4921875
474,VQC,quantum,3,1,1,0.6533203125
476,VQC,quantum,3,1,1,0.724609375
481,VQC,quantum,3,1,1,0.826171875
482,VQC,quantum,3,1,1,0.65234375
488,VQC,quantum,3,1,0,0.4130859375
499,VQC,quantum,3,1,0,0.4013671875
502,VQC,quantum,3,1,0,0.203125
509,VQC,quantum,3,1,1,0.65234375
513,VQC,quantum,3,1,1,0.5771484375
514,VQC,quantum,3,1,1,0.51171875
572,VQC,quantum,3,1,1,0.5380859375
589,VQC,quantum,3,0,1,0.5810546875
592,VQC,quantum,3,1,0,0.3232421875
598,VQC,quantum,3,1,0,0.466796875
600,VQC,quantum,3,1,0,0.30078125
601,VQC,quantum,3,1,0,0.26953125
612,VQC,quantum,3,1,1,0.51171875
645,VQC,quantum,3,1,1,0.6513671875
666,VQC,quantum,3,0,1,0.595703125
668,VQC,quantum,3,0,0,0.4541015625
688,VQC,quantum,3,1,0,0.5166015625
696,VQC,quantum,3,0,0,0.427734375
702,VQC,quantum,3,0,1,0.7412109375
715,VQC,quantum,3,1,1,0.58203125
723,VQC,quantum,3,1,0,0.423828125
727,VQC,quantum,3,0,1,0.6025390625
743,VQC,quantum,3,1,0,0.3251953125
9,VQC,quantum,4,1,1,0.5673828125
13,VQC,quantum,4,1,0,0.46484375
21,VQC,quantum,4,1,0,0.4833984375
22,VQC,quantum,4,1,1,0.564453125
28,VQC,quantum,4,1,1,0.4853515625
61,VQC,quantum,4,1,0,0.3134765625
72,VQC,quantum,4,0,0,0.505859375
77,VQC,quantum,4,1,0,0.4970703125
100,VQC,quantum,4,0,0,0.5146484375
104,VQC,quantum,4,0,0,0.447265625
106,VQC,quantum,4,1,0,0.4765625
116,VQC,quantum,4,1,1,0.494140625
120,VQC,quantum,4,1,1,0.515625
126,VQC,quantum,4,0,1,0.5712890625
150,VQC,quantum,4,1,0,0.5048828125
157,VQC,quantum,4,1,0,0.3271484375
180,VQC,quantum,4,1,1,0.48046875
191,VQC,quantum,4,1,1,0.501953125
193,VQC,quantum,4,1,0,0.4638671875
206,VQC,quantum,4,1,0,0.4873046875
211,VQC,quantum,4,1,0,0.4794921875
229,VQC,quantum,4,1,1,0.587890625
260,VQC,quantum,4,1,1,0.595703125
264,VQC,quantum,4,1,1,0.5244140625
269,VQC,quantum,4,0,1,0.5458984375
282,VQC,quantum,4,1,0,0.4443359375
284,VQC,quantum,4,1,0,0.392578125
290,VQC,quantum,4,0,0,0.4296875
297,VQC,quantum,4,1,0,0.3544921875
312,VQC,quantum,4,1,0,0.455078125
320,VQC,quantum,4,1,1,0.48828125
324,VQC,quantum,4,1,0,0.4833984375
331,VQC,quantum,4,1,0,0.4775390625
337,VQC,quantum,4,1,0,0.42578125
344,VQC,quantum,4,1,0,0.30859375
400,VQC,quantum,4,1,1,0.5810546875
424,VQC,quantum,4,1,0,0.39453125
425,VQC,quantum,4,1,1,0.560546875
436,VQC,quantum,4,1,0,0.208984375
438,VQC,quantum,4,1,0,0.375
455,VQC,quantum,4,1,0,0.3076171875
477,VQC,quantum,4,1,0,0.4931640625
484,VQC,quantum,4,1,0,0.5234375
489,VQC,quantum,4,0,0,0.4658203125
507,VQC,quantum,4,1,1,0.505859375
517,VQC,quantum,4,1,0,0.4140625
528,VQC,quantum,4,1,0,0.474609375
533,VQC,quantum,4,1,0,0.34765625
536,VQC,quantum,4,0,1,0.525390625
540,VQC,quantum,4,0,1,0.47265625
550,VQC,quantum,4,1,0,0.3037109375
552,VQC,quantum,4,1,1,0.5751953125
554,VQC,quantum,4,1,1,0.578125
557,VQC,quantum,4,1,1,0.548828125
561,VQC,quantum,4,0,1,0.5234375
569,VQC,quantum,4,0,0,0.4287109375
571,VQC,quantum,4,1,0,0.37890625
586,VQC,quantum,4,0,0,0.427734375
590,VQC,quantum,4,0,1,0.5556640625
595,VQC,quantum,4,0,0,0.48828125
615,VQC,quantum,4,1,0,0.408203125
617,VQC,quantum,4,1,0,0.24609375
624,VQC,quantum,4,1,0,0.380859375
625,VQC,quantum,4,1,0,0.3984375
644,VQC,quantum,4,1,1,0.64453125
647,VQC,quantum,4,1,0,0.3798828125
649,VQC,quantum,4,0,1,0.5087890625
652,VQC,quantum,4,1,0,0.43359375
659,VQC,quantum,4,0,1,0.521484375
674,VQC,quantum,4,1,0,0.4462890625
694,VQC,quantum,4,1,0,0.4775390625
707,VQC,quantum,4,0,1,0.54296875
717,VQC,quantum,4,1,0,0.4423828125
734,VQC,quantum,4,0,0,0.4140625
741,VQC,quantum,4,1,0,0.40234375
753,VQC,quantum,4,0,0,0.4033203125
2,VQC,quantum,5,1,0,0.48046875
6,VQC,quantum,5,1,1,0.5244140625
12,VQC,quantum,5,1,0,0.46484375
16,VQC,quantum,5,1,1,0.51171875
23,VQC,quantum,5,1,1,0.5068359375
29,VQC,quantum,5,1,0,0.46875
45,VQC,quantum,5,1,1,0.53125
64,VQC,quantum,5,1,1,0.5146484375
68,VQC,quantum,5,1,1,0.5361328125
79,VQC,quantum,5,0,1,0.4931640625
81,VQC,quantum,5,0,0,0.46484375
92,VQC,quantum,5,1,1,0.5009765625
101,VQC,quantum,5,0,0,0.3515625
105,VQC,quantum,5,1,0,0.4951171875
108,VQC,quantum,5,1,0,0.5078125
118,VQC,quantum,5,1,0,0.4130859375
124,VQC,quantum,5,0,1,0.533203125
130,VQC,quantum,5,1,1,0.5625
136,VQC,quantum,5,0,1,0.505859375
143,VQC,quantum,5,0,1,0.5107421875
164,VQC,quantum,5,1,0,0.4443359375
185,VQC,quantum,5,1,1,0.5947265625
196,VQC,quantum,5,0,0,0.5029296875
249,VQC,quantum,5,0,0,0.4501953125
253,VQC,quantum,5,1,0,0.4404296875
257,VQC,quantum,5,1,0,0.51171875
263,VQC,quantum,5,1,0,0.5244140625
265,VQC,quantum,5,1,0,0.388671875
274,VQC,quantum,5,1,0,0.42578125
276,VQC,quantum,5,1,1,0.4990234375
280,VQC,quantum,5,1,1,0.5537109375
293,VQC,quantum,5,1,0,0.2607421875
303,VQC,quantum,5,1,1,0.5595703125
321,VQC,quantum,5,1,1,0.50390625
326,VQC,quantum,5,1,1,0.4892578125
329,VQC,quantum,5,1,0,0.4853515625
358,VQC,quantum,5,0,1,0.794921875
370,VQC,quantum,5,0,1,0.49609375
371,VQC,quantum,5,0,1,0.5419921875
373,VQC,quantum,5,1,1,0.671875
382,VQC,quantum,5,1,0,0.4892578125
386,VQC,quantum,5,1,0,0.521484375
408,VQC,quantum,5,0,0,0.4990234375
409,VQC,quantum,5,0,0,0.484375
417,VQC,quantum,5,1,1,0.5810546875
427,VQC,quantum,5,1,0,0.4462890625
465,VQC,quantum,5,1,0,0.5146484375
479,VQC,quantum,5,1,1,0.52734375
480,VQC,quantum,5,1,1,0.5087890625
504,VQC,quantum,5,1,1,0.482421875
506,VQC,quantum,5,1,1,0.50390625
519,VQC,quantum,5,0,0,0.513671875
524,VQC,quantum,5,1,1,0.564453125
538,VQC,quantum,5,1,1,0.580078125
544,VQC,quantum,5,1,0,0.505859375
547,VQC,quantum,5,1,1,0.5517578125
562,VQC,quantum,5,0,1,0.5068359375
566,VQC,quantum,5,1,0,0.48046875
575,VQC,quantum,5,1,1,0.49609375
579,VQC,quantum,5,1,0,0.48828125
582,VQC,quantum,5,0,1,0.583984375
583,VQC,quantum,5,0,1,0.6259765625
619,VQC,quantum,5,1,0,0.4833984375
623,VQC,quantum,5,1,0,0.375
628,VQC,quantum,5,1,1,0.5087890625
638,VQC,quantum,5,1,0,0.482421875
655,VQC,quantum,5,1,0,0.37109375
683,VQC,quantum,5,1,0,0.498046875
687,VQC,quantum,5,1,0,0.4521484375
693,VQC,quantum,5,1,0,0.3232421875
708,VQC,quantum,5,1,0,0.4970703125
716,VQC,quantum,5,1,0,0.4853515625
726,VQC,quantum,5,0,0,0.390625
747,VQC,quantum,5,1,1,0.5
750,VQC,quantum,5,0,1,0.4892578125
752,VQC,quantum,5,0,1,0.4990234375
5,VQC,quantum,6,1,0,0.388671875
43,VQC,quantum,6,0,1,0.55078125
46,VQC,quantum,6,1,0,0.458984375
67,VQC,quantum,6,1,0,0.4912109375
69,VQC,quantum,6,1,0,0.4638671875
74,VQC,quantum,6,0,0,0.4873046875
76,VQC,quantum,6,1,0,0.501953125
85,VQC,quantum,6,1,1,0.494140625
87,VQC,quantum,6,0,0,0.474609375
95,VQC,quantum,6,1,1,0.6083984375
102,VQC,quantum,6,0,0,0.4765625
103,VQC,quantum,6,0,0,0.4970703125
132,VQC,quantum,6,1,1,0.533203125
140,VQC,quantum,6,1,1,0.5361328125
142,VQC,quantum,6,0,0,0.4501953125
155,VQC,quantum,6,1,0,0.5458984375
161,VQC,quantum,6,1,1,0.58203125
165,VQC,quantum,6,1,1,0.4755859375
166,VQC,quantum,6,1,0,0.49609375
176,VQC,quantum,6,1,1,0.7734375
183,VQC,quantum,6,1,1,0.529296875
190,VQC,quantum,6,1,0,0.482421875
197,VQC,quantum,6,0,1,0.6064453125
201,VQC,quantum,6,1,1,0.53515625
222,VQC,quantum,6,1,0,0.4951171875
232,VQC,quantum,6,1,1,0.5537109375
234,VQC,quantum,6,0,1,0.5693359375
245,VQC,quantum,6,1,0,0.498046875
258,VQC,quantum,6,1,1,0.5009765625
271,VQC,quantum,6,1,1,0.490234375
291,VQC,quantum,6,1,1,0.5888671875
300,VQC,quantum,6,1,0,0.498046875
309,VQC,quantum,6,0,0,0.53515625
317,VQC,quantum,6,1,0,0.3720703125
342,VQC,quantum,6,1,0,0.51953125
346,VQC,quantum,6,1,1,0.560546875
347,VQC,quantum,6,1,1,0.5419921875
363,VQC,quantum,6,1,1,0.537109375
364,VQC,quantum,6,1,0,0.517578125
367,VQC,quantum,6,1,1,0.53125
380,VQC,quantum,6,1,0,0.46875
384,VQC,quantum,6,1,0,0.5
395,VQC,quantum,6,0,0,0.517578125
399,VQC,quantum,6,1,1,0.5859375
418,VQC,quantum,6,1,1,0.5400390625
421,VQC,quantum,6,1,0,0.3642578125
426,VQC,quantum,6,1,1,0.6337890625
449,VQC,quantum,6,0,1,0.671875
450,VQC,quantum,6,1,1,0.525390625
462,VQC,quantum,6,1,1,0.5244140625
466,VQC,quantum,6,1,1,0.6689453125
475,VQC,quantum,6,1,1,0.4970703125
493,VQC,quantum,6,1,0,0.5205078125
535,VQC,quantum,6,0,1,0.72265625
556,VQC,quantum,6,1,0,0.4931640625
563,VQC,quantum,6,0,1,0.515625
570,VQC,quantum,6,1,1,0.5185546875
581,VQC,quantum,6,1,1,0.578125
584,VQC,quantum,6,0,1,0.8203125
604,VQC,quantum,6,1,0,0.5146484375
607,VQC,quantum,6,1,1,0.4873046875
622,VQC,quantum,6,1,1,0.587890625
626,VQC,quantum,6,1,1,0.7333984375
636,VQC,quantum,6,1,1,0.5283203125
654,VQC,quantum,6,1,1,0.62109375
667,VQC,quantum,6,0,1,0.5107421875
681,VQC,quantum,6,1,0,0.4853515625
685,VQC,quantum,6,1,0,0.5126953125
706,VQC,quantum,6,0,1,0.5205078125
710,VQC,quantum,6,1,1,0.5283203125
713,VQC,quantum,6,0,0,0.455078125
722,VQC,quantum,6,1,1,0.609375
731,VQC,quantum,6,1,1,0.5458984375
737,VQC,quantum,6,0,0,0.48046875
751,VQC,quantum,6,0,0,0.42578125
754,VQC,quantum,6,0,0,0.494140625
8,VQC,quantum,7,1,0,0.470703125
35,VQC,quantum,7,0,0,0.384765625
49,VQC,quantum,7,1,1,0.611328125
53,VQC,quantum,7,1,1,0.5859375
54,VQC,quantum,7,1,0,0.2744140625
63,VQC,quantum,7,1,1,0.6953125
82,VQC,quantum,7,0,1,0.564453125
98,VQC,quantum,7,1,0,0.455078125
110,VQC,quantum,7,1,0,0.4296875
129,VQC,quantum,7,1,0,0.498046875
138,VQC,quantum,7,1,0,0.2265625
153,VQC,quantum,7,1,1,0.5751953125
178,VQC,quantum,7,1,0,0.37890625
189,VQC,quantum,7,1,0,0.447265625
192,VQC,quantum,7,1,1,0.486328125
214,VQC,quantum,7,1,0,0.2978515625
225,VQC,quantum,7,0,0,0.439453125
226,VQC,quantum,7,0,0,0.326171875
238,VQC,quantum,7,1,1,0.544921875
241,VQC,quantum,7,1,0,0.3779296875
247,VQC,quantum,7,1,1,0.5986328125
259,VQC,quantum,7,1,1,0.66015625
292,VQC,quantum,7,1,1,0.509765625
299,VQC,quantum,7,1,0,0.3642578125
310,VQC,quantum,7,0,1,0.541015625
313,VQC,quantum,7,1,1,0.548828125
316,VQC,quantum,7,1,1,0.63671875
340,VQC,quantum,7,1,0,0.4091796875
353,VQC,quantum,7,1,0,0.3251953125
356,VQC,quantum,7,1,0,0.4951171875
357,VQC,quantum,7,0,1,0.583984375
360,VQC,quantum,7,1,0,0.3671875
365,VQC,quantum,7,1,0,0.4091796875
389,VQC,quantum,7,1,0,0.283203125
398,VQC,quantum,7,0,1,0.6005859375
401,VQC,quantum,7,1,1,0.505859375
405,VQC,quantum,7,0,0,0.392578125
406,VQC,quantum,7,0,0,0.3134765625
411,VQC,quantum,7,1,0,0.4521484375
412,VQC,quantum,7,1,0,0.4013671875
428,VQC,quantum,7,1,0,0.3603515625
431,VQC,quantum,7,1,1,0.783203125
435,VQC,quantum,7,1,0,0.4931640625
441,VQC,quantum,7,1,0,0.48046875
446,VQC,quantum,7,1,0,0.2978515625
453,VQC,quantum,7,1,0,0.408203125
460,VQC,quantum,7,0,0,0.443359375
467,VQC,quantum,7,1,0,0.390625
468,VQC,quantum,7,0,1,0.515625
487,VQC,quantum,7,1,0,0.3359375
491,VQC,quantum,7,0,0,0.296875
498,VQC,quantum,7,1,1,0.6435546875
526,VQC,quantum,7,1,0,0.4619140625
537,VQC,quantum,7,1,0,0.46875
539,VQC,quantum,7,1,1,0.546875
576,VQC,quantum,7,0,0,0.423828125
580,VQC,quantum,7,1,1,0.52734375
588,VQC,quantum,7,0,0,0.4912109375
593,VQC,quantum,7,1,1,0.5830078125
605,VQC,quantum,7,1,0,0.43359375
614,VQC,quantum,7,1,1,0.5859375
637,VQC,quantum,7,1,0,0.375
661,VQC,quantum,7,1,1,0.5322265625
663,VQC,quantum,7,0,0,0.36328125
664,VQC,quantum,7,0,1,0.626953125
670,VQC,quantum,7,1,0,0.287109375
679,VQC,quantum,7,1,0,0.48828125
682,VQC,quantum,7,1,0,0.3251953125
686,VQC,quantum,7,1,1,0.576171875
703,VQC,quantum,7,0,0,0.3818359375
711,VQC,quantum,7,0,0,0.45703125
718,VQC,quantum,7,1,1,0.5615234375
721,VQC,quantum,7,1,1,0.6787109375
725,VQC,quantum,7,1,1,0.712890625
728,VQC,quantum,7,0,0,0.3212890625
14,VQC,quantum,8,1,1,0.5322265625
17,VQC,quantum,8,1,0,0.4296875
42,VQC,quantum,8,0,1,0.65625
47,VQC,quantum,8,1,0,0.4326171875
73,VQC,quantum,8,0,0,0.4208984375
78,VQC,quantum,8,0,0,0.41015625
88,VQC,quantum,8,0,1,0.7294921875
90,VQC,quantum,8,1,1,0.482421875
91,VQC,quantum,8,1,0,0.39453125
107,VQC,quantum,8,1,1,0.7265625
112,VQC,quantum,8,1,1,0.638671875
159,VQC,quantum,8,1,1,0.51171875
172,VQC,quantum,8,1,0,0.4541015625
173,VQC,quantum,8,1,0,0.5322265625
177,VQC,quantum,8,1,1,0.4609375
187,VQC,quantum,8,1,0,0.4853515625
199,VQC,quantum,8,1,0,0.4326171875
213,VQC,quantum,8,1,1,0.5126953125
216,VQC,quantum,8,1,0,0.4658203125
221,VQC,quantum,8,0,1,0.5078125
223,VQC,quantum,8,1,0,0.4130859375
230,VQC,quantum,8,1,0,0.478515625
235,VQC,quantum,8,0,1,0.5419921875
237,VQC,quantum,8,1,0,0.4921875
248,VQC,quantum,8,1,1,0.5458984375
266,VQC,quantum,8,1,0,0.5068359375
277,VQC,quantum,8,1,1,0.6533203125
285,VQC,quantum,8,1,1,0.53125
288,VQC,quantum,8,0,0,0.3603515625
304,VQC,quantum,8,1,1,0.568359375
307,VQC,quantum,8,1,1,0.837890625
332,VQC,quantum,8,1,1,0.6142578125
338,VQC,quantum,8,1,1,0.5439453125
348,VQC,quantum,8,1,0,0.30078125
351,VQC,quantum,8,1,0,0.4794921875
359,VQC,quantum,8,0,1,0.4921875
361,VQC,quantum,8,1,1,0.5498046875
422,VQC,quantum,8,1,0,0.33984375
429,VQC,quantum,8,1,1,0.6416015625
430,VQC,quantum,8,1,1,0.54296875
442,VQC,quantum,8,1,1,0.4970703125
445,VQC,quantum,8,1,1,0.4736328125
451,VQC,quantum,8,1,0,0.4521484375
457,VQC,quantum,8,1,1,0.59765625
458,VQC,quantum,8,1,0,0.451171875
464,VQC,quantum,8,1,0,0.482421875
478,VQC,quantum,8,1,0,0.43359375
483,VQC,quantum,8,1,1,0.5546875
486,VQC,quantum,8,1,1,0.509765625
497,VQC,quantum,8,1,1,0.50390625
500,VQC,quantum,8,1,0,0.44921875
516,VQC,quantum,8,1,0,0.5302734375
525,VQC,quantum,8,1,0,0.1689453125
543,VQC,quantum,8,1,1,0.572265625
559,VQC,quantum,8,1,1,0.578125
565,VQC,quantum,8,1,0,0.501953125
568,VQC,quantum,8,0,0,0.3037109375
591,VQC,quantum,8,1,0,0.1142578125
609,VQC,quantum,8,0,1,0.51171875
618,VQC,quantum,8,1,1,0.509765625
639,VQC,quantum,8,0,0,0.2529296875
643,VQC,quantum,8,1,0,0.3232421875
648,VQC,quantum,8,0,1,0.4990234375
651,VQC,quantum,8,1,1,0.765625
658,VQC,quantum,8,0,0,0.4892578125
665,VQC,quantum,8,0,0,0.46484375
672,VQC,quantum,8,1,0,0.4423828125
677,VQC,quantum,8,1,1,0.5224609375
698,VQC,quantum,8,0,0,0.35546875
712,VQC,quantum,8,0,1,0.5322265625
719,VQC,quantum,8,1,1,0.525390625
735,VQC,quantum,8,0,0,0.4501953125
736,VQC,quantum,8,0,0,0.4951171875
740,VQC,quantum,8,0,0,0.412109375
748,VQC,quantum,8,1,0,0.173828125
4,VQC,quantum,9,1,0,0.4521484375
7,VQC,quantum,9,1,0,0.4873046875
24,VQC,quantum,9,1,1,0.6220703125
75,VQC,quantum,9,1,0,0.302734375
89,VQC,quantum,9,0,0,0.34375
94,VQC,quantum,9,1,1,0.501953125
115,VQC,quantum,9,1,0,0.4599609375
123,VQC,quantum,9,0,1,0.625
128,VQC,quantum,9,0,0,0.4541015625
149,VQC,quantum,9,0,0,0.4658203125
163,VQC,quantum,9,1,0,0.4501953125
169,VQC,quantum,9,1,1,0.896484375
174,VQC,quantum,9,1,0,0.3388671875
194,VQC,quantum,9,1,1,0.5634765625
195,VQC,quantum,9,0,0,0.4521484375
202,VQC,quantum,9,1,0,0.501953125
212,VQC,quantum,9,1,0,0.4716796875
219,VQC,quantum,9,0,1,0.5224609375
224,VQC,quantum,9,1,0,0.46875
227,VQC,quantum,9,0,1,0.5234375
233,VQC,quantum,9,1,0,0.3955078125
243,VQC,quantum,9,1,0,0.380859375
244,VQC,quantum,9,1,1,0.62109375
251,VQC,quantum,9,0,0,0.3466796875
254,VQC,quantum,9,1,0,0.5078125
278,VQC,quantum,9,1,0,0.3115234375
279,VQC,quantum,9,1,1,0.5224609375
281,VQC,quantum,9,1,0,0.494140625
298,VQC,quantum,9,1,0,0.494140625
306,VQC,quantum,9,1,1,0.62109375
349,VQC,quantum,9,1,1,0.6318359375
362,VQC,quantum,9,1,0,0.3330078125
366,VQC,quantum,9,1,1,0.765625
374,VQC,quantum,9,1,1,0.5810546875
387,VQC,quantum,9,1,1,0.5078125
390,VQC,quantum,9,0,0,0.474609375
397,VQC,quantum,9,0,1,0.578125
403,VQC,quantum,9,1,1,0.63671875
407,VQC,quantum,9,0,0,0.4189453125
414,VQC,quantum,9,1,0,0.4697265625
432,VQC,quantum,9,1,0,0.4443359375
433,VQC,quantum,9,1,0,0.46875
440,VQC,quantum,9,1,1,0.5576171875
443,VQC,quantum,9,1,0,0.31640625
444,VQC,quantum,9,1,0,0.46484375
448,VQC,quantum,9,0,1,0.4990234375
473,VQC,quantum,9,0,1,0.705078125
485,VQC,quantum,9,1,0,0.4833984375
495,VQC,quantum,9,1,1,0.544921875
508,VQC,quantum,9,1,1,0.5185546875
515,VQC,quantum,9,1,0,0.4560546875
518,VQC,quantum,9,1,0,0.3662109375
529,VQC,quantum,9,1,0,0.283203125
532,VQC,quantum,9,1,1,0.60546875
541,VQC,quantum,9,0,1,0.4775390625
545,VQC,quantum,9,1,1,0.5703125
574,VQC,quantum,9,1,1,0.5478515625
577,VQC,quantum,9,0,0,0.4072265625
578,VQC,quantum,9,0,1,0.5458984375
596,VQC,quantum,9,0,0,0.3759765625
631,VQC,quantum,9,0,1,0.6376953125
633,VQC,quantum,9,1,1,0.599609375
634,VQC,quantum,9,1,1,0.537109375
642,VQC,quantum,9,1,1,0.755859375
653,VQC,quantum,9,1,1,0.65234375
678,VQC,quantum,9,1,0,0.3134765625
690,VQC,quantum,9,1,1,0.583984375
692,VQC,quantum,9,1,0,0.4814453125
695,VQC,quantum,9,1,1,0.5498046875
697,VQC,quantum,9,0,1,0.5537109375
701,VQC,quantum,9,1,0,0.416015625
714,VQC,quantum,9,1,1,0.56640625
720,VQC,quantum,9,1,0,0.3466796875
730,VQC,quantum,9,1,0,0.3564453125
742,VQC,quantum,9,1,0,0.4716796875
0,VQC,quantum,10,1,1,0.6572265625
1,VQC,quantum,10,1,1,0.6669921875
3,VQC,quantum,10,1,0,0.51953125
18,VQC,quantum,10,1,1,0.9150390625
30,VQC,quantum,10,1,1,0.505859375
37,VQC,quantum,10,1,1,0.5947265625
38,VQC,quantum,10,1,1,0.833984375
52,VQC,quantum,10,1,1,0.5166015625
58,VQC,quantum,10,1,0,0.4248046875
62,VQC,quantum,10,1,1,0.515625
71,VQC,quantum,10,1,0,0.4794921875
83,VQC,quantum,10,0,0,0.5009765625
99,VQC,quantum,10,0,1,0.7314453125
109,VQC,quantum,10,1,0,0.2841796875
111,VQC,quantum,10,1,1,0.572265625
119,VQC,quantum,10,1,0,0.4677734375
122,VQC,quantum,10,1,1,0.5087890625
141,VQC,quantum,10,0,0,0.46484375
152,VQC,quantum,10,1,0,0.4931640625
175,VQC,quantum,10,1,1,0.51953125
186,VQC,quantum,10,1,1,0.4970703125
188,VQC,quantum,10,1,0,0.4501953125
205,VQC,quantum,10,1,0,0.453125
209,VQC,quantum,10,0,0,0.44921875
210,VQC,quantum,10,1,0,0.3828125
215,VQC,quantum,10,1,0,0.494140625
236,VQC,quantum,10,0,0,0.3212890625
239,VQC,quantum,10,1,1,0.6357421875
240,VQC,quantum,10,1,0,0.376953125
250,VQC,quantum,10,0,0,0.474609375
252,VQC,quantum,10,1,1,0.5166015625
311,VQC,quantum,10,0,0,0.5
314,VQC,quantum,10,1,1,0.55859375
319,VQC,quantum,10,1,0,0.4892578125
330,VQC,quantum,10,1,0,0.525390625
334,VQC,quantum,10,0,0,0.4970703125
336,VQC,quantum,10,1,0,0.478515625
343,VQC,quantum,10,1,1,0.541015625
354,VQC,quantum,10,1,1,0.5625
376,VQC,quantum,10,0,1,0.529296875
381,VQC,quantum,10,1,1,0.6279296875
383,VQC,quantum,10,1,0,0.4853515625
420,VQC,quantum,10,1,1,0.765625
437,VQC,quantum,10,1,1,0.5615234375
452,VQC,quantum,10,1,0,0.4482421875
456,VQC,quantum,10,1,1,0.49609375
490,VQC,quantum,10,0,1,0.9482421875
492,VQC,quantum,10,1,1,0.6240234375
494,VQC,quantum,10,1,0,0.2255859375
527,VQC,quantum,10,1,1,0.640625
531,VQC,quantum,10,1,1,0.5361328125
534,VQC,quantum,10,0,1,0.5615234375
548,VQC,quantum,10,1,1,0.533203125
551,VQC,quantum,10,1,1,0.5966796875
553,VQC,quantum,10,1,1,0.5830078125
585,VQC,quantum,10,0,1,0.5126953125
594,VQC,quantum,10,0,1,0.560546875
597,VQC,quantum,10,1,1,0.8505859375
602,VQC,quantum,10,1,0,0.4853515625
610,VQC,quantum,10,0,1,0.5400390625
616,VQC,quantum,10,1,1,0.4970703125
621,VQC,quantum,10,1,0,0.43359375
627,VQC,quantum,10,1,0,0.3603515625
629,VQC,quantum,10,1,1,0.7890625
635,VQC,quantum,10,1,0,0.509765625
640,VQC,quantum,10,0,0,0.513671875
650,VQC,quantum,10,0,1,0.541015625
657,VQC,quantum,10,0,1,0.4736328125
669,VQC,quantum,10,1,1,0.5107421875
676,VQC,quantum,10,1,1,0.5029296875
689,VQC,quantum,10,1,1,0.5439453125
691,VQC,quantum,10,1,1,0.51171875
699,VQC,quantum,10,1,0,0.5166015625
705,VQC,quantum,10,0,0,0.533203125
738,VQC,quantum,10,0,0,0.5146484375
