duration_seconds,hnr_mean,jitter_local,mfcc_10_max,mfcc_10_mean,mfcc_10_min,mfcc_10_std,mfcc_11_max,mfcc_11_mean,mfcc_11_min,mfcc_11_std,mfcc_12_max,mfcc_12_mean,mfcc_12_min,mfcc_12_std,mfcc_13_max,mfcc_13_mean,mfcc_13_min,mfcc_13_std,mfcc_1_max,mfcc_1_mean,mfcc_1_min,mfcc_1_std,mfcc_2_max,mfcc_2_mean,mfcc_2_min,mfcc_2_std,mfcc_3_max,mfcc_3_mean,mfcc_3_min,mfcc_3_std,mfcc_4_max,mfcc_4_mean,mfcc_4_min,mfcc_4_std,mfcc_5_max,mfcc_5_mean,mfcc_5_min,mfcc_5_std,mfcc_6_max,mfcc_6_mean,mfcc_6_min,mfcc_6_std,mfcc_7_max,mfcc_7_mean,mfcc_7_min,mfcc_7_std,mfcc_8_max,mfcc_8_mean,mfcc_8_min,mfcc_8_std,mfcc_9_max,mfcc_9_mean,mfcc_9_min,mfcc_9_std,path_depth,pitch_max,pitch_mean,pitch_min,pitch_std,rms_max,rms_mean,rms_min,rms_std,row_index,shimmer_local,signal_energy,signal_std,spectral_bandwidth_max,spectral_bandwidth_mean,spectral_bandwidth_min,spectral_bandwidth_std,spectral_centroid_max,spectral_centroid_mean,spectral_centroid_min,spectral_centroid_std,spectral_flatness_max,spectral_flatness_mean,spectral_flatness_min,spectral_flatness_std,spectral_rolloff_max,spectral_rolloff_mean,spectral_rolloff_min,spectral_rolloff_std,zcr_max,zcr_mean,zcr_min,zcr_std,target
10.0,9.953521546108183,0.0,34.6463623046875,6.811825388298629,-28.6376895904541,11.25213539653176,20.305274963378906,1.0199266631191912,-28.84900665283203,7.748484210122824,21.24620246887207,5.063104018902245,-12.902809143066406,6.198350652780199,21.93862533569336,-0.06266630229096824,-27.052490234375,8.236543687430554,-274.4468994140625,-449.86508519961814,-535.9807739257812,67.97701468402491,155.4287109375,80.69694498628854,-29.76259994506836,34.48235299448175,70.46363067626953,28.73338837174181,-4.915744304656982,16.33109076394986,87.58183288574219,15.218219892190287,-34.77015686035156,21.241866403789388,49.09544372558594,8.1596565580787,-36.098350524902344,13.071742994130242,42.95320129394531,15.02526285996833,-19.347021102905273,8.404924338291691,36.50126647949219,14.420533727866392,-29.32705307006836,9.560049714892045,35.501949310302734,12.169793060828988,-28.17064666748047,11.98810510285822,31.278892517089844,8.847002091880043,-24.822490692138672,11.012783454658948,4.0,500.0,91.8534679558833,50.0,56.17727151950879,0.022925209254026413,0.00811275668455639,0.0019115324830636382,0.004973157247783569,0,0.0,9.069849329534918e-05,0.009523209184408188,2688.867885856671,2042.6440829849928,1252.2188144424006,340.73343125059284,4881.3527922643025,1523.8447665699625,623.0771767040171,565.0337687266464,0.16007448732852936,0.00962294233464874,0.00029829234699718654,0.017232355728177783,7031.25,3759.185303514377,703.125,1542.99510542001,0.408203125,0.05536298172923323,0.0,0.05343110962266725,0
10.0,10.695843039253377,0.0,39.18906784057617,10.793876913551705,-22.151620864868164,9.370173391686818,26.126949310302734,4.743099027548355,-27.163684844970703,8.79915924930797,18.80957794189453,4.959001217739651,-24.38629722595215,5.856451328228241,21.203216552734375,2.751574294778486,-27.519824981689453,8.406687498297522,-177.28121948242188,-418.5479812865821,-535.9585571289062,89.47824816324005,191.59872436523438,83.21086015259496,-60.557003021240234,49.06021349313102,109.39921569824219,32.928285398779394,-30.319137573242188,25.990594807125238,95.42750549316406,15.071803461343716,-41.45160675048828,22.038925458116488,54.625465393066406,9.212725514421066,-67.65758514404297,15.9303107623672,49.91254425048828,12.017453240915039,-52.916526794433594,13.708539288950954,39.93741226196289,13.201331634681445,-33.10303497314453,11.571563503967448,37.075706481933594,13.91869928423589,-18.30535125732422,9.753193935351941,33.98419189453125,8.969091768653248,-23.45230484008789,12.373990569015364,4.0,500.0,122.99564205218692,50.0,133.27387413526088,0.19626079499721527,0.026342640236278955,0.0011707210214808583,0.03272381589667193,1,0.0,0.001767630223184824,0.04204319417476654,2839.317154899325,1787.0864829082182,492.4894320800356,483.5832801470917,4775.1257314030445,1204.7279505507631,146.00677225288615,687.6621264587129,0.06242276728153229,0.004882430882587189,8.182466444850434e-06,0.007929176000812006,6843.75,2791.5585063897765,31.25,1790.4593395758382,0.3330078125,0.036045452276357824,0.0,0.04575261084285184,0
10.0,7.8636904411997,0.0,28.899213790893555,8.691870631786962,-16.16175651550293,8.25484886740519,25.004703521728516,3.7958288919716217,-20.37798309326172,7.666861861074552,20.869895935058594,2.963371616297256,-17.095855712890625,6.8676483670162325,26.367767333984375,3.0673764761739646,-20.690696716308594,7.650412519368223,-253.59225463867188,-446.7246510563567,-693.4915771484375,72.80359309242955,141.01907348632812,80.53210524591013,-24.450544357299805,30.286108458196438,71.57017517089844,17.758250303828298,-70.44216918945312,25.791992579080745,106.15017700195312,20.565706957072116,-21.881301879882812,23.63784189942986,41.50813293457031,0.5757885886647831,-60.22937774658203,19.602480079460022,48.98719787597656,11.425181926439365,-33.12685012817383,12.692017292986247,38.030555725097656,13.918057119503569,-20.69388198852539,9.6976182908352,33.317344665527344,7.797703447242895,-25.786842346191406,12.899771368048059,25.26883316040039,8.03993874464553,-22.08804702758789,10.08215549258053,4.0,500.0,93.22944354309598,50.0,61.53833357001313,0.01950971968472004,0.006172553929217612,0.0011157229309901595,0.004272319580755669,2,0.0,5.6799148296704516e-05,0.007536521181464195,2738.8816152144263,1999.7339894498316,1201.3692390336244,395.53057261272073,4534.057363079638,1689.541428512132,807.9833244998715,522.6642548990428,0.11025388538837433,0.013388649523131752,0.0008495479705743492,0.015089761097507913,6742.1875,4003.8438498402556,875.0,1307.983090316854,0.373046875,0.0727991463658147,0.0283203125,0.0486076535365379,0
10.0,13.168577175727988,0.0,21.171546936035156,-1.068935850748239,-29.8697452545166,8.546792271650594,25.50039291381836,0.07894779141909017,-28.191307067871094,8.514292378385814,13.624689102172852,-3.2361241728543475,-22.88910675048828,7.216553349297101,24.61473274230957,-1.4014423196308148,-36.17426300048828,8.592794788026875,-166.17613220214844,-328.56290457728574,-468.23809814453125,80.01207683000554,146.59649658203125,79.45814434722209,-87.67169952392578,40.63867373114337,71.96986389160156,10.533044997781229,-96.43817901611328,34.139910505365464,95.60108947753906,22.092364467751864,-51.874481201171875,27.835294387117813,13.798582077026367,-17.15557475179172,-78.14213562011719,20.25538839622222,43.31166076660156,17.902613654970743,-14.512524604797363,11.636322428949796,28.606477737426758,-6.9963145017528685,-39.94429016113281,11.59524499476239,34.65431213378906,2.841881962391896,-28.371841430664062,11.400670304860082,38.63672637939453,-2.09178955162676,-25.221363067626953,10.589511074403118,4.0,500.0,177.4424845505592,50.726345032669265,53.497474261723596,0.06729768216609955,0.021301534782630947,0.004097326658666134,0.013166208514534438,3,0.0,0.0006293252226896584,0.024787453934550285,2743.6311316268457,1773.3460632333147,895.5821073663632,336.0113440230426,5081.694206465826,1809.4527254400325,804.4695298650826,817.653050821625,0.2009812593460083,0.01905574391227061,0.0007027428946457803,0.03375562630119927,7171.875,3776.9818290734825,1109.375,1283.0392987003843,0.53564453125,0.09732240914536741,0.0107421875,0.0928916420561125,0
10.0,9.614803410070708,0.0,23.334793090820312,5.33638949135241,-22.89874267578125,6.96865322560626,17.37009048461914,-4.138189450096779,-26.85297393798828,8.223367378674823,19.007972717285156,-3.2846037518387785,-21.575044631958008,6.480339969549815,9.337479591369629,-7.95181781015457,-30.17025375366211,6.169705911957571,-215.97230529785156,-372.79429597214767,-604.586669921875,67.55054762988337,144.29164123535156,84.39383813519828,-59.602962493896484,33.99746424507639,87.97418212890625,29.489329703318806,-26.3023681640625,17.828492709014846,86.6757583618164,24.24107371456326,-39.807334899902344,19.988282820724834,49.51448440551758,0.29486605576789987,-57.723915100097656,15.376800454669889,49.835853576660156,15.435401958398545,-14.258988380432129,9.351925777259178,26.910526275634766,-1.2754983480174702,-31.48052215576172,9.407095058787387,28.440309524536133,7.156776345623568,-23.3483829498291,9.039927901516497,15.117438316345215,-5.888511532411789,-28.484577178955078,7.590575924448418,4.0,500.0,127.24450778083303,50.0,52.026483046248224,0.03263024985790253,0.012058973196334541,0.002674146555364132,0.007821946014183446,4,0.0,0.00020813284208998084,0.013902476988732815,2897.580050836007,1957.2004819937729,1285.7021126141385,271.04213657629464,5329.682999294012,1707.9406397500256,841.4236708298865,755.5823772127757,0.16425807774066925,0.01704179414305479,0.0012065805494785309,0.023568816305582458,7101.5625,3912.090654952077,1109.375,1226.0994638837392,0.455078125,0.07571635383386581,0.0087890625,0.07423446943492572,0
10.0,11.834004413749962,0.0,26.314241409301758,1.3179302882081785,-31.589885711669922,10.789647679370704,21.003541946411133,-1.8563596046865938,-34.87107849121094,9.074794524996543,37.41410827636719,1.9931159144440018,-15.646232604980469,10.808812531610666,5.453824996948242,-13.156428039978488,-46.12273025512695,11.968504716493767,-145.04833984375,-358.1582182862888,-631.7741088867188,95.79186435338416,150.96763610839844,94.77715864577614,-39.02775955200195,28.956813801844195,59.17753982543945,7.751192796725435,-79.06367492675781,30.32812339348647,118.74534606933594,28.942914580003904,-22.196876525878906,27.346999286358965,31.691274642944336,-10.239588776335548,-65.12178039550781,18.57593977070149,48.62060546875,13.824494616482585,-21.897846221923828,13.979219555168855,32.73885726928711,2.832286157190038,-36.708404541015625,12.481764092167133,31.138187408447266,6.007521453280799,-34.62979507446289,12.737899570964254,23.559165954589844,-6.387312582554147,-48.65955352783203,9.694586159761476,4.0,473.2524573587538,115.54060473383923,50.0,53.84495553521732,0.06678152084350586,0.01911973294998391,0.003361915471032262,0.015405462067411778,5,0.0,0.0006050323718227446,0.02429727278649807,2567.2116704408672,1712.02726988269,1139.0824542322505,326.93745082820095,4788.903343518854,1503.7257732156766,664.6878044945322,551.3553831327853,0.11771417409181595,0.008949582786157954,0.00036048388574272394,0.013523568363008158,6226.5625,3405.076876996805,695.3125,1078.431525922349,0.49560546875,0.06592264876198083,0.0,0.07556764177619685,0
10.0,8.874331542839352,0.0,33.28127670288086,10.285334994070256,-13.564360618591309,7.622282197415085,16.077083587646484,0.04480439491165332,-32.812652587890625,9.494373106607672,20.422073364257812,5.349340656790108,-12.180410385131836,6.721556360350612,20.0831298828125,4.649618962321418,-16.495235443115234,6.060843686805156,-249.6280517578125,-434.0900962756465,-640.7276000976562,76.3013321870989,165.18438720703125,82.55438901003177,-69.03866577148438,38.22813935145749,84.4979248046875,25.757894891043442,-10.597490310668945,18.528536557418995,79.29838562011719,10.714987158013608,-42.37140655517578,20.74722384487793,35.701908111572266,5.8446886197160985,-38.572975158691406,15.900151850368001,39.80500030517578,14.965838178944663,-29.090221405029297,10.925660732146774,36.903541564941406,13.265990126318634,-29.716205596923828,11.044896641382941,34.13880157470703,18.253731549357454,-16.24408531188965,9.117570489821626,34.46577453613281,6.4570516953929165,-38.45696258544922,15.245559286040944,4.0,500.0,92.92091069294456,50.0,62.780925524874725,0.03334152698516846,0.011083711594783555,0.0017906911671161652,0.0068511822758935085,6,0.0,0.00017008873692248017,0.013041322119534016,2616.48540278128,1948.2422417856883,1156.3632350355992,322.27208282323005,4989.003419280867,1405.5782439659324,336.86516965375546,621.5078788859087,0.14145535230636597,0.008462881313937886,5.641719690174796e-05,0.017562490831117102,6671.875,3334.1902955271566,85.9375,1511.2983108513558,0.396484375,0.04981716753194888,0.00048828125,0.056394320219808,0
10.0,7.944675897430707,0.0,31.406089782714844,10.451809609802767,-12.846773147583008,7.797480555824945,32.1829833984375,5.250770798887308,-22.76529312133789,8.818622876896734,14.487699508666992,2.719488768341442,-18.90898895263672,6.620128906651212,27.413835525512695,2.4996131166411093,-21.426982879638672,7.387980875716326,-237.07614135742188,-442.5275471842708,-669.7068481445312,86.2761139350916,158.34878540039062,77.51813815576962,-45.6336784362793,35.82576941544048,96.70050811767578,19.69381829724906,-34.22093963623047,20.127160648782816,100.51441192626953,18.4228059697075,-42.70142364501953,21.025265355180487,50.683998107910156,4.807810741396377,-62.151275634765625,18.565234259384372,34.34552001953125,11.826769683974238,-17.10694122314453,10.023928741395858,35.183223724365234,8.680192774667526,-44.59651184082031,15.672294811139725,30.855772018432617,9.87374903409245,-33.701988220214844,12.112418171900941,29.08582305908203,7.7450670213364186,-30.995817184448242,12.191325490435053,4.0,500.0,109.21660381994367,50.0,91.61711371620346,0.022948460653424263,0.007648726066086477,0.0006064446642994881,0.005185016110199119,7,0.0,8.565817552153021e-05,0.00925515592098236,2961.189403037352,2036.2369689812906,1224.3958025066797,415.1161602334517,4800.926510725986,1675.9354768882595,846.107159408831,579.2658484217286,0.12503911554813385,0.011933345136756358,0.0006592416320927441,0.015602983969563278,6921.875,4046.6253993610226,1007.8125,1464.6004810320721,0.380859375,0.0629274410942492,0.0068359375,0.053101232012451725,0
10.0,11.204899319647819,0.0,29.290390014648438,2.0033840631334163,-20.37982177734375,9.35642995407055,17.333831787109375,-4.695597582279493,-32.184974670410156,9.355075815053985,13.897205352783203,-1.954057390697467,-24.15443229675293,6.678640264933501,21.90373992919922,-2.4128450458280195,-23.72188949584961,7.9833381143351305,-107.1884765625,-341.01128004762694,-627.1863403320312,91.06081898980639,158.07992553710938,89.5301142782449,-64.0931396484375,40.490834979220175,97.88967895507812,21.979400449286633,-67.48223876953125,30.2174570859863,95.04656982421875,30.733659130839495,-29.451194763183594,26.491651978277787,36.70301818847656,-4.485718714091153,-67.53614807128906,22.914063620404928,41.41481018066406,10.268116754845689,-21.81838607788086,13.1400197198411,25.699851989746094,1.7863187993677279,-36.873046875,11.569995071257596,33.12016677856445,9.737038741477381,-20.35744857788086,9.079660725785942,12.030698776245117,-9.154328394764528,-41.92189025878906,9.170744832455313,4.0,471.352098211139,125.86282416498675,50.0,66.45611721937051,0.07826915383338928,0.02106107675772422,0.0018404870061203837,0.015545338997138343,8,0.0,0.0006864797906018794,0.02592008374631405,2717.570435236641,1753.939068025693,1078.6040494451886,325.92895189695236,5411.663226209875,1580.5958506617171,576.5322676268046,851.6317971191727,0.18725644052028656,0.014995501360323387,0.00042756323819048703,0.025575298167201967,6875.0,3362.120607028754,593.75,1378.042990297363,0.64697265625,0.08451165634984026,0.0146484375,0.09572518140510032,0
10.0,10.554976805975135,0.0,24.542720794677734,3.7523541743762956,-29.763145446777344,10.125597511191744,24.828655242919922,-1.2462386894530761,-29.21410369873047,10.541805804135507,37.80132293701172,7.647079526235501,-15.002557754516602,10.820668349682942,17.870777130126953,-4.168563559913216,-31.115114212036133,9.433513083545659,-202.85064697265625,-358.45355858360995,-608.924072265625,62.23511881536077,165.0278778076172,105.17599001783913,3.4652256965637207,26.335172331197604,56.50168228149414,15.986976749980792,-36.31169891357422,17.07746607460549,81.18199920654297,27.513643558223407,-19.539793014526367,20.44664315318858,25.637073516845703,-5.051555516954047,-44.69109344482422,14.341379197520626,38.46907424926758,8.295851569301405,-43.06840133666992,12.844494477614976,20.43053436279297,-3.9619937332007833,-34.64749526977539,10.714051778975756,19.541297912597656,1.5935830531504969,-21.889875411987305,7.775316954656861,12.689359664916992,-8.061906610529263,-35.34300231933594,7.591675055213708,4.0,321.44528517332753,108.81193231315791,50.0,39.69211183703418,0.04146657884120941,0.014263024931541456,0.002097519114613533,0.009392721987289644,9,0.0,0.0002921579871326685,0.016651000827550888,2414.6406617839298,1699.0581052247726,1085.534905217525,285.03906214008174,3711.2842940660294,1352.9056789488302,686.1574537670982,416.9425197199442,0.10522039234638214,0.00970556701034361,0.0007066108519211411,0.011456035289026993,6054.6875,3036.516573482428,726.5625,1064.5600309480874,0.2724609375,0.06322696186102236,0.0029296875,0.03775685706485598,0
10.0,8.094384001914825,0.0,40.344459533691406,11.293179886504864,-15.476716041564941,8.968947045042395,22.26308822631836,4.759295967630685,-11.921602249145508,5.849394705070855,16.826553344726562,4.071515855697778,-18.79035186767578,5.68209081741819,24.207796096801758,3.318285833722867,-10.767265319824219,5.525697242502633,-304.8857727050781,-460.72994790366664,-688.030517578125,58.21931069066512,147.47781372070312,79.13943363683292,-13.114864349365234,32.334608311886356,66.3990249633789,16.087485671805116,-69.93345642089844,18.99965425952352,80.04519653320312,12.592652623598187,-16.946014404296875,13.400513351680573,30.12316131591797,6.798556105873455,-38.43850326538086,12.572087042504892,44.40431213378906,12.134541222748284,-23.967321395874023,9.624766715723965,40.64094161987305,15.48503536519151,-23.363712310791016,9.103528277080303,30.781707763671875,10.8719071263132,-27.441511154174805,11.953759733315263,24.565078735351562,9.06066467796271,-37.053070068359375,11.866420737856261,4.0,500.0,82.41762197160999,50.0,55.18547770811219,0.019808726385235786,0.00582995251849139,0.0008767931722104549,0.003409768833431828,10,0.0,4.5722023060079664e-05,0.006761788856238127,2736.250157501905,2042.2069751690312,1107.0027923694631,375.89837615084116,4227.845745251212,1600.0906311043657,805.8152178833353,493.2334003572132,0.09097874909639359,0.009452044276874691,0.0007431255071423948,0.011244899811851707,6632.8125,3939.39696485623,898.4375,1388.4378403796895,0.32080078125,0.056543904752396165,0.00927734375,0.04334237499214845,0
10.0,11.911450604270795,0.0,22.105857849121094,1.3577300822868135,-24.8228759765625,10.724211734913354,24.318382263183594,-3.016960256301557,-29.651844024658203,9.535197548398228,16.212730407714844,-2.2237683884775676,-21.56814956665039,6.481145586599893,9.843111038208008,-10.175154763669633,-41.855224609375,9.463178925854887,-167.3392791748047,-335.6415997587454,-617.3797607421875,74.36863035729712,159.53160095214844,97.29863396391701,-59.63250732421875,40.05132454613705,80.36471557617188,14.09103955571263,-76.57806396484375,31.256088483011577,104.25340270996094,29.076975682982432,-29.83190155029297,28.856561848590992,45.3442268371582,-8.325843244552994,-70.17047119140625,21.070050583220038,49.63800811767578,10.212308801972448,-30.214569091796875,14.73587804607915,35.88458251953125,2.136365427626684,-36.766483306884766,11.064883680411048,28.30368423461914,6.823476669220879,-29.594459533691406,10.078637922144383,20.615829467773438,-5.753688196309458,-28.477821350097656,9.314459255772267,4.0,472.8534355022809,121.27650407085798,51.55153987570895,41.340647409007794,0.057985320687294006,0.021380671291439512,0.0014665824128314853,0.01339155097468578,11,0.0,0.0006389744812622666,0.02498280443251133,2814.6770919270602,1658.088148562257,971.9203733257423,353.9030368953158,5203.565856405325,1480.507141190616,656.5085532861285,772.6079124100734,0.16536632180213928,0.013538535731396796,0.00038930255686864257,0.02484969525147792,6867.1875,3089.107428115016,687.5,1374.866079165063,0.55078125,0.08178632937300319,0.013671875,0.08711072586729433,0
10.0,7.202875966568634,0.0,20.371807098388672,5.776468370157404,-16.486690521240234,6.857039791146816,14.434309005737305,-2.7237646532729984,-19.53877067565918,6.092087300318766,20.001123428344727,0.012768605694222375,-16.29932975769043,7.5710241598013175,8.034623146057129,-4.960294254528828,-27.821807861328125,6.334364270149141,-303.146240234375,-410.386049605787,-674.89990234375,49.30181679074264,137.2715606689453,84.10484535939777,-41.96397399902344,27.52103650916539,76.41108703613281,27.716797512560227,-23.370830535888672,14.94425985283528,86.69418334960938,25.78324439978828,-25.476810455322266,19.435020867172117,27.368362426757812,0.46524151553289766,-35.28729248046875,11.55681532403843,36.218055725097656,12.598971122846056,-20.531982421875,9.914121789741476,24.53314208984375,2.893464592377694,-25.43637466430664,8.642291530692253,32.86194610595703,11.831629905076072,-6.56717586517334,6.751395147422001,15.499504089355469,-6.55699177595754,-32.53053283691406,7.864342028625542,4.0,500.0,117.65059114825648,50.0,54.59380287072348,0.014588098041713238,0.007070584721065844,0.0013193783815950155,0.002637105664871329,12,0.0,5.7097877288470045e-05,0.006501714698970318,2755.597729495534,1981.1421874238524,1375.3463432212582,237.28837076348415,4366.132672218795,1625.2919777124885,875.0897152878882,586.9765214866001,0.14002779126167297,0.012931460949083486,0.0011369581334292889,0.01782250684763281,6843.75,3963.358626198083,1226.5625,1017.0587059007322,0.427734375,0.06363724291134186,0.0029296875,0.06259435232156163,0
10.0,10.2109774264388,0.0,43.789085388183594,9.795491586763639,-18.16689682006836,11.27428980523685,19.065439224243164,2.875981309257757,-13.882780075073242,6.38834965980172,22.266357421875,4.190372721312907,-15.846478462219238,6.852236689918947,19.786739349365234,0.8643134156355081,-22.02878189086914,7.562381266491526,-252.61898803710938,-432.7551126205883,-653.761962890625,73.45148914707812,143.91690063476562,74.85712112672032,-20.973318099975586,28.599422126456847,71.2083740234375,20.936884807797668,-51.3182373046875,21.859181949798366,108.97710418701172,22.363377669558357,-31.8319091796875,20.949585337765875,27.347457885742188,0.5437818237196523,-62.00114059448242,18.171076069498408,41.11463928222656,13.924415419657771,-24.249691009521484,10.272693012675314,26.60381507873535,10.1952584348738,-28.483375549316406,10.55769875577542,32.13790512084961,11.90180530506201,-31.162994384765625,11.491715002890412,25.93014907836914,10.035137352221215,-26.98412322998047,10.414263478202082,4.0,500.0,131.23499147775618,50.0,104.81951170818576,0.046091146767139435,0.012739365242760831,0.0025804745964705944,0.009175521903054856,13,0.0,0.00024688965640962124,0.01571272313594818,2717.726273740956,1929.3732605281382,1206.546195899877,335.1199932418808,4006.576707520882,1409.9968479928325,418.15330748616566,504.16968083493566,0.08934091776609421,0.0061724565506950145,5.880582830286585e-05,0.009932946943765258,6468.75,3484.5247603833864,250.0,1325.946099354161,0.2861328125,0.047260320986421724,0.00146484375,0.04335548678859739,0
10.0,10.443709893367021,0.0,23.03350257873535,4.217419660177094,-21.88494110107422,6.921657201476299,24.959407806396484,1.7935272356072745,-15.950937271118164,7.447463023591433,18.62677764892578,-7.2678189834181115,-24.993370056152344,7.23020676873372,23.881309509277344,2.400320803966766,-13.540987014770508,7.3002136968321665,-206.0889129638672,-370.655335545159,-635.646240234375,77.52955570833798,121.18199157714844,64.89555936099622,-92.14155578613281,33.579737757304294,74.82669830322266,11.17317679476814,-93.31664276123047,32.11700013143393,98.23185729980469,24.55088313433309,-26.696184158325195,25.00159090414242,23.42557716369629,-12.402338712645795,-72.71832275390625,19.14549490334372,51.00819778442383,17.55688447474291,-20.83743667602539,12.486252001432074,14.678940773010254,-5.637258237971666,-32.8007698059082,9.759784862670555,34.420005798339844,2.0804223409190343,-32.9573860168457,9.776142848804701,14.715217590332031,-5.269247552742973,-24.81173324584961,7.323089518093677,4.0,384.6720316890431,214.58767552851884,50.9722529607082,68.65052460939353,0.042510922998189926,0.012495030761330416,0.002124418970197439,0.008875598641794262,14,0.0,0.00023573746148031205,0.014862137846648693,2794.1217587271344,1903.208041863682,1105.7964405596986,274.29601654062566,4716.344340632177,1972.4473255486325,961.9641095486315,708.3080236041536,0.1069212406873703,0.016566124505559787,0.0014901825925335288,0.01755075564987258,7007.8125,4257.238418530352,2062.5,833.9077081191887,0.5771484375,0.10303982378194888,0.001953125,0.09945943981458186,0
10.0,8.083844373288672,0.0,19.236751556396484,-6.1137942496103985,-27.919992446899414,7.201446934861395,16.720905303955078,-7.274937539054943,-31.920764923095703,7.157431460153278,17.892168045043945,-12.641115724945221,-33.47941589355469,8.832701957829642,10.181632995605469,-10.766533447721134,-30.385406494140625,7.347893219703431,22.122447967529297,-262.31352343574497,-461.3374938964844,104.2224918866741,211.77398681640625,110.85230007110694,-69.41026306152344,60.65754294702227,90.8744125366211,3.407435390467461,-90.16263580322266,35.39526194225868,96.15657043457031,3.428287765183769,-76.6587905883789,25.413121113347298,53.38496017456055,5.993587884278343,-44.893836975097656,15.915955366643097,59.07866287231445,-3.7335915118931964,-34.77179718017578,12.482121724369904,18.691940307617188,-12.499512670900875,-69.32847595214844,12.765756544247449,38.77095031738281,-10.90705434868511,-44.88929748535156,12.174982717494386,16.46371841430664,-1.9983063625356259,-45.315574645996094,8.769221416208438,4.0,380.09265206462703,145.9502228949931,50.0,76.2798191024306,0.5110492706298828,0.1074535445262876,1.0092740012623835e-05,0.11308776044985325,15,0.0,0.02437678910791874,0.15613065659999847,2601.7240400606115,1416.5331112664053,552.3669796700336,526.9183424278835,5836.562715512576,1503.8670948865597,330.1854889029121,1187.1537172447745,0.5911797881126404,0.060366441052026994,5.515508291864535e-06,0.16711772725340757,6953.125,2601.3877795527155,359.375,1924.776843863606,0.67578125,0.09447852186501597,0.02001953125,0.10021179575665687,0
10.0,10.108837299848505,0.0,17.01903533935547,-9.233477867735079,-51.50898361206055,10.004658700260931,35.24195098876953,-7.434304621939461,-35.795074462890625,11.143992631800904,13.319215774536133,-14.514634484205002,-43.951934814453125,8.751479016610507,11.832803726196289,-12.62060095281742,-36.128868103027344,7.171997729590362,-235.88916015625,-505.91663031532363,-690.3998413085938,119.45751494652924,217.15052795410156,101.587203126365,-52.60985565185547,54.33043668233896,101.50119018554688,13.40453738650194,-120.71897888183594,39.80252538606956,135.47311401367188,15.833393799277921,-74.13389587402344,29.211788685115835,27.56867218017578,-13.95618898024003,-97.40274047851562,20.442911728285218,30.995847702026367,-4.745186131602278,-52.403831481933594,14.158116696992304,25.517913818359375,-11.88914719595315,-60.70951843261719,16.536749641880863,35.720611572265625,-2.273640592924703,-51.754173278808594,13.058601548686562,16.528430938720703,-12.897354809335246,-52.256717681884766,11.699923727331896,4.0,467.503533191087,153.04639833298964,50.479516025400386,49.57306585382837,0.04613225907087326,0.008612940696444877,0.00019756946130655706,0.010108025659854972,16,0.0,0.0001766373316058889,0.013290497474372387,2826.8011210522736,1607.7004550516176,562.3019897517149,497.0036560642532,5168.500528789426,1648.0627046034035,349.7174546248805,1013.9205191807538,0.3449251353740692,0.035391161686283056,3.4702734410529956e-05,0.056840630372574245,6851.5625,3247.8284744408948,328.125,1717.1003021019021,0.6376953125,0.10838439746405751,0.021484375,0.1042485747586072,0
10.0,17.11133192275147,0.0,20.797405242919922,-8.868383716327696,-42.292388916015625,10.301518963118705,62.344364166259766,3.271836856302743,-22.169506072998047,13.573737616676555,18.06261444091797,-6.947774642144148,-36.266136169433594,9.83265720370233,15.420784950256348,-4.9560507914414424,-25.579740524291992,6.7372315465096815,-294.07977294921875,-493.97603590115193,-669.5838623046875,99.15126051854871,208.40853881835938,110.05226441046682,-33.406333923339844,45.90896726572062,78.27935791015625,-0.9297844104873486,-91.43385314941406,33.856079231062566,103.90774536132812,-0.8089176714420319,-70.34402465820312,40.41896064096946,22.013633728027344,-14.646103266495675,-59.901344299316406,16.88253275048794,14.84650707244873,-27.5791845458765,-90.63461303710938,21.457674174415192,14.242740631103516,-22.865645765544127,-84.76664733886719,17.05813930479769,29.202220916748047,-14.839351663193384,-49.54627227783203,15.515527529486487,7.248762607574463,-27.859409873477947,-73.56307983398438,17.031890197883943,4.0,500.0,184.2173966651975,50.0,66.51288059262757,0.05470683053135872,0.013950436542545387,0.00011696223373292014,0.012373149145364765,17,0.0,0.0003482660395093262,0.01866188459098339,2853.974769512198,1340.4975543793391,479.53906931476536,475.2771709680841,5717.861681321798,1336.122006925329,501.97616592889017,709.7725325769898,0.2365836203098297,0.018494008623767846,1.3913987459091004e-05,0.036328118619911,7625.0,2446.186102236422,500.0,1463.5814140394475,0.607421875,0.11066044329073482,0.033203125,0.07476057091547217,0
10.0,13.923936950951516,0.0,12.720907211303711,-16.529103350525084,-56.79740905761719,11.274729847673395,23.145170211791992,-1.685837890060184,-24.909507751464844,8.961146670292324,18.74987030029297,-9.386064371933191,-43.12178421020508,11.044903303962853,20.91083526611328,0.5618741465405154,-17.1517276763916,7.79954783473016,-214.76473999023438,-441.1490508740702,-659.617431640625,107.50232136951486,202.52435302734375,104.66333179809034,-136.09149169921875,60.076934901070544,76.49783325195312,-15.611090400158027,-171.06639099121094,50.973780514002335,96.95508575439453,1.5923409639075161,-92.19822692871094,37.44182810682955,28.423236846923828,-18.89706228535396,-91.09083557128906,23.324156640229663,41.15247344970703,-1.0827286342938487,-49.11398696899414,17.70132277360356,15.663330078125,-12.090834319258269,-48.22538757324219,12.425852765404167,18.533794403076172,-34.12285606834454,-77.2103271484375,17.82517135584469,4.141991138458252,-28.592863251511663,-65.82291412353516,14.631681325809062,4.0,473.5420066590851,175.9763637900377,53.10932710669542,63.73304750926123,0.06417583674192429,0.018683719224457464,5.170550866751e-05,0.015677537164835387,18,0.0,0.0005964027950540185,0.02442135661840439,2892.2950384505475,1270.5014593599465,537.4470755716721,520.7817128245156,4728.873896729116,1447.9520623584417,430.4074494174653,887.8811766043517,0.2674679756164551,0.02306491180555337,1.3785182090941817e-05,0.04785544420590442,7523.4375,2568.715055910543,421.875,1648.2169798676684,0.552734375,0.11764614117412141,0.0263671875,0.09057539648092724,0
10.0,12.750082673109103,0.0,15.629964828491211,-11.305141822598612,-45.0924072265625,11.584141101913008,16.912702560424805,-16.31257576621569,-49.610023498535156,12.942129792416422,34.70189666748047,-0.9087706729055594,-32.646175384521484,10.633932893256752,10.383722305297852,-5.391288647684045,-35.34168243408203,9.68462122862378,-107.9034423828125,-389.7247319571888,-606.4546508789062,145.1002007235224,183.05303955078125,84.75403199690028,-58.4014892578125,48.614261146127085,71.8817138671875,-3.2643028188246888,-89.94660949707031,34.34467300604863,104.04865264892578,-7.798254599872108,-57.0970458984375,32.376427006768935,39.404144287109375,-18.442028762314457,-75.98075866699219,24.89887074675137,30.252111434936523,-9.648462919095834,-46.981475830078125,15.865873110029058,35.400062561035156,-9.124445111130754,-56.55727767944336,16.271422731720026,7.187840461730957,-24.682794937405724,-71.76639556884766,13.785848816643037,4.892216682434082,-28.943157643555832,-73.95419311523438,15.699651839978799,4.0,500.0,171.10299986389867,50.33309436667527,106.68437598965816,0.10882017016410828,0.029147023106685294,0.00018359282694291323,0.02920867241843449,19,0.0,0.0017118774121627212,0.04137484356760979,2267.258009956071,1511.6193427589674,741.2027377904074,331.6566640753575,4119.722984729222,1548.3345683260075,458.84301502673975,729.3797060194721,0.22826029360294342,0.028144085007116605,6.264593685045838e-05,0.04540612994211981,6726.5625,2740.7647763578275,375.0,1518.6079199904948,0.4365234375,0.1289811301916933,0.0244140625,0.07886465836274607,0
10.0,12.63597504119144,0.0,10.53902530670166,-9.773404511876,-48.38640594482422,9.432432661163949,31.96508026123047,-0.19386765096610348,-22.753324508666992,10.623781596967719,13.292713165283203,-14.130186656603037,-45.28715896606445,10.030795483251422,10.173797607421875,-16.220184544214426,-41.775665283203125,8.580969559404881,-192.21498107910156,-414.8939360597263,-635.424072265625,98.86679681855811,221.43824768066406,96.63609808930954,-37.0712890625,53.82991180492045,86.93768310546875,11.831048109351446,-70.96218872070312,29.948710522506353,77.3448486328125,0.8748361298832269,-78.22685241699219,29.47237981574776,17.861492156982422,-20.81262849514096,-82.10076141357422,17.663273275074776,19.396211624145508,-25.46943823026773,-79.47657775878906,19.28384573417122,8.397191047668457,-16.3641778539164,-51.9061279296875,11.961639165371139,32.65852737426758,2.2786444867856965,-28.575023651123047,12.132301153219437,18.771907806396484,-18.090517165240485,-69.61370849609375,16.167281422496238,4.0,500.0,190.96443786064415,50.50661850489101,62.10517472441141,0.08595254272222519,0.019361867532983926,0.00014007979189045727,0.018252489101274322,20,0.0,0.0007097676279954612,0.026641463860869408,2773.1123151314714,1593.835063271457,535.9977726933882,538.830127627892,5299.844418558667,1687.8263945381934,402.95730869181364,990.795278364291,0.3293885886669159,0.045488188559684437,2.0549026885419153e-05,0.07282992037271026,7210.9375,3180.461261980831,523.4375,1929.2591362277944,0.64599609375,0.13654090954472844,0.02392578125,0.10808328890844611,0
10.0,11.361330738481936,0.0,23.876577377319336,-2.90033282308628,-31.350013732910156,8.152491471116113,5.004007816314697,-10.19175114808753,-35.69211196899414,7.7544891997876055,6.5566792488098145,-10.072927673022967,-34.34196090698242,7.114584007464439,11.367399215698242,-11.24032111794423,-31.546215057373047,7.498196514283072,27.549083709716797,-228.14837064691625,-489.3632507324219,136.08662014650292,196.17465209960938,108.4709727375652,0.0,49.57603376175079,78.96187591552734,0.676527732001326,-72.72543334960938,24.550060236956085,101.84780883789062,5.1966451107741545,-95.39411926269531,26.30618566871395,36.392417907714844,-6.696848006079944,-71.94375610351562,18.61296424076235,40.26689910888672,3.400901537828933,-29.95619010925293,11.700828026587423,19.6629638671875,-6.926504134941406,-55.849693298339844,9.93573655168025,32.552711486816406,-11.053400855285291,-48.07339096069336,11.801442243657055,25.844295501708984,-5.32627656237005,-35.95703125,9.58887649492942,4.0,219.8471080257175,137.78247494481676,50.0,60.620075390908056,0.44854140281677246,0.16520886341240898,1.0092740012623835e-05,0.15023285818399326,21,0.0,0.04994386062026024,0.22347520291805267,2792.1238748942296,1510.5503287148542,628.2917192337754,485.9524933394063,5521.500215457459,1485.0601020504182,429.73543392879685,1016.5113230909494,0.5911797881126404,0.05797992904753571,1.280252581636887e-05,0.167047814246016,7085.9375,2804.487819488818,531.25,1757.6729840981377,0.6201171875,0.08208117012779553,0.021484375,0.07666612640337818,0
10.0,13.470533023226663,0.0,20.136228561401367,-11.772091817646361,-40.27817916870117,10.644108471840811,13.841014862060547,-10.498868047905425,-39.239158630371094,10.426422989485262,20.734264373779297,-10.158874357470308,-49.941837310791016,11.347845088325426,25.463294982910156,-5.622484584585927,-32.36210632324219,9.266318320764576,-309.54852294921875,-518.5503765264639,-691.3140258789062,97.81193767046355,189.4394989013672,92.11556493093411,-50.22327423095703,55.34768735767287,87.255859375,6.456111800175505,-103.5046615600586,38.42599306062813,87.49563598632812,-3.23062122363252,-58.27439498901367,33.79385812694841,48.274505615234375,-12.037876630838687,-82.20093536376953,21.769502001457912,22.994754791259766,-12.312676851027689,-59.17793655395508,14.877191708302906,9.21563720703125,-15.688334468835459,-73.01588439941406,15.190088908008578,0.7390297055244446,-30.981704543192926,-74.70158386230469,18.296952231032105,23.088951110839844,-9.26744156085645,-44.13181686401367,12.306055064715569,4.0,500.0,179.56143678675429,50.96710643541708,97.7015237704572,0.05655023083090782,0.008230990650771652,6.843901064712554e-05,0.0094112768506071,22,0.0,0.00015788567543495446,0.012565257027745247,2922.709201530282,1765.931585522125,537.5991726150315,654.5830522828369,5123.264106794867,1867.043861503197,460.52200966607825,1132.1481925114858,0.3508645296096802,0.07291359734897244,1.1280098078714218e-05,0.10434835046896695,7367.1875,3605.256589456869,398.4375,2427.9853264026633,0.63232421875,0.18098230331469647,0.01708984375,0.13642890893151804,0
10.0,16.40470974153468,0.0,8.621931076049805,-24.259144253267078,-66.55476379394531,17.103951376104767,33.341793060302734,3.913313996918595,-24.34074592590332,14.451394164321057,24.33540153503418,-2.882349809316305,-27.878936767578125,9.874546286192592,22.23147964477539,-6.466463973561225,-37.122459411621094,11.503083830138946,-108.32611083984375,-342.964671101433,-541.7587280273438,96.79672181400049,186.47079467773438,92.62127970351864,-50.244384765625,49.94689528244475,87.27468872070312,16.10303708186117,-68.1526870727539,32.47538292123751,124.45842742919922,14.479319496681324,-62.729766845703125,38.9728168179547,28.710548400878906,-44.05753385523162,-120.0670394897461,28.33707503461141,25.17894172668457,-20.069713159598194,-64.25077819824219,18.11172355566994,26.694644927978516,-18.984216147658827,-58.93842697143555,16.59172256603899,6.067570686340332,-27.54692271273262,-78.781005859375,17.59439641391269,6.534117698669434,-27.773089672739324,-71.01739501953125,15.919844034337114,4.0,500.0,169.9700960558748,50.88770716554254,91.11527596628983,0.2988491654396057,0.06014418000681828,0.00010806017962750047,0.046144663016807405,23,0.0,0.005755849648267031,0.07586731761693954,2585.4403407679615,1320.009299048143,495.3431362272937,465.007916410596,4486.561418676111,1301.6408283308763,442.3721907735984,737.478232115708,0.368677020072937,0.015373724788373446,6.249495527299587e-06,0.04414764186767444,6687.5,2390.300519169329,500.0,1522.733685064536,0.4189453125,0.1022645017971246,0.03369140625,0.07395550991269739,0
10.0,5.661795597610931,0.0,24.079345703125,-8.034096198626601,-40.20486068725586,11.652953190761508,10.311274528503418,-10.615083185342934,-39.21024703979492,8.02657699057879,8.812660217285156,-12.655431285857583,-54.524166107177734,12.030141173299624,28.90179443359375,-8.057561566011783,-30.95345115661621,8.762428211006497,-331.0163269042969,-603.0290038867499,-751.8680419921875,111.59719931391065,200.2913360595703,75.39034098634323,-74.66846466064453,59.54949747034572,67.82247924804688,-1.6806473319237225,-104.24681091308594,31.435651252300524,135.6834716796875,8.353014871668512,-80.55467987060547,35.35965011034704,38.82799530029297,-14.39217355299872,-78.50201416015625,19.287461401090155,19.05143165588379,-14.325140172990556,-77.83236694335938,17.260475248032417,8.2076416015625,-15.462205029095704,-60.67790985107422,13.299856547205616,21.018104553222656,-13.81458328892819,-48.13488006591797,12.797032166448062,25.807849884033203,-12.708339672214308,-56.93535614013672,11.562279285547282,4.0,500.0,185.95368414557518,50.0,129.80717342042487,0.019359251484274864,0.0032741286538690278,4.391046240925789e-05,0.004694332792276131,24,0.0,3.280914461356588e-05,0.0057279267348349094,2890.1675786830965,1684.8346119341306,582.2088479897918,472.9281526529343,6163.3345032739135,2088.6289775647588,444.22777256368204,1093.2859135357398,0.40468770265579224,0.12343981775557505,3.1442988984053954e-05,0.127985316894473,7726.5625,3773.6871006389774,351.5625,1922.8786033451815,0.796875,0.19340149510782748,0.02294921875,0.12548746079122017,0
10.0,14.576814372337433,0.0,8.480249404907227,-19.581294829853046,-57.139564514160156,10.85525944416467,2.293867588043213,-25.733732732697227,-66.31730651855469,14.700095065500197,18.028606414794922,-7.964831203745958,-33.32164001464844,8.508459792847882,18.069610595703125,-6.923513071724591,-32.45597839355469,8.558859454964738,-193.40052795410156,-419.7327235895224,-648.0050659179688,118.17116209127423,194.61651611328125,106.1709750696493,-71.49337005615234,46.43147997756415,76.42495727539062,-11.944764572496231,-123.09379577636719,44.33524269653331,104.44293975830078,4.758872095483561,-55.474571228027344,35.429962550703586,25.31340217590332,-18.58872563675189,-76.42115020751953,23.995556372621568,21.333728790283203,-13.618688112154555,-61.54218292236328,18.1614819889744,33.030784606933594,-2.1815850975604865,-45.54084396362305,14.57707597313249,18.070415496826172,-16.444597547808396,-57.75775909423828,16.188513860120697,27.640689849853516,-10.70683129012775,-55.757442474365234,13.435010570477836,4.0,486.7393822641326,200.9811199724988,50.0,71.15366243817645,0.07531967014074326,0.021734619387486852,0.0001455658202758059,0.01821447019618405,25,0.0,0.0008055655634962022,0.02838248573243618,2663.48193161335,1342.538919551563,604.6988809522267,429.2160590026248,5800.873947384558,1397.1810621203645,441.65832676122693,805.8864136682566,0.2264474481344223,0.015014204103654236,1.6755086107878014e-05,0.03470310651690272,7718.75,2514.9760383386583,406.25,1464.523799606731,0.740234375,0.10971508087060702,0.02685546875,0.10005810486940006,0
10.0,12.357135864358987,0.0,6.640655994415283,-25.618228277840174,-55.95720291137695,11.94283820207524,13.441381454467773,-23.914666635017046,-61.20384216308594,13.086431626143149,27.44152069091797,-3.6788750819790477,-32.80559539794922,10.975469848949075,12.077428817749023,-12.630161534578274,-45.61107635498047,9.160689056861075,-140.3272247314453,-370.58251197498066,-624.6748657226562,91.79014915281907,216.68995666503906,120.35708468657332,-94.93011474609375,65.02334873205565,106.27008056640625,8.004021986557271,-87.92387390136719,36.490620555044885,135.22683715820312,23.063341262622384,-36.24725341796875,34.489783224818574,41.41582107543945,-15.549611422771845,-90.0157470703125,25.680534032845035,31.607467651367188,-15.026443775755148,-68.92169189453125,19.77835974751624,32.88274383544922,-12.649878875896954,-68.39640045166016,20.16875415152781,20.763099670410156,-11.782334317985814,-48.97125244140625,12.217293270500969,3.9709861278533936,-31.005802629569086,-74.17074584960938,13.060188875712228,4.0,500.0,176.04662740242415,50.0,110.80448633600588,0.10273254662752151,0.03403264518266324,0.00019155802146997303,0.02530355284679003,26,0.0,0.001802131300792098,0.042451515793800354,2761.891661634929,1254.5009045089587,415.21475523607467,506.69209196111404,5618.040291528949,1279.7269905196029,391.29358764729676,946.0588770516218,0.45724332332611084,0.019462422778914176,7.050532985886093e-06,0.05083652035777511,7039.0625,2320.7617811501595,421.875,1709.9284263431427,0.45166015625,0.09833485173722045,0.025390625,0.08802143126819809,0
10.0,12.259950285372366,0.0,9.463221549987793,-16.988252467907277,-47.6910400390625,12.032225485664176,6.102208137512207,-15.7275230714117,-64.90843200683594,12.850355957250654,34.5490837097168,-0.801597651534568,-21.387882232666016,10.467275660367081,13.604310035705566,-12.22282767962343,-44.604637145996094,10.962775503819165,-193.31671142578125,-492.6571566060709,-682.6404418945312,131.61610369637486,180.66464233398438,97.49750522264657,-56.92804718017578,53.5900688853847,76.4913330078125,4.278757241301643,-100.64804077148438,41.09717080492069,124.11614990234375,14.699843505986582,-43.270973205566406,32.54938647884543,50.462379455566406,-3.4882441811477793,-60.674259185791016,19.6187572911767,21.014972686767578,-13.899647223920867,-57.45355224609375,14.437021902275557,27.517520904541016,-9.467640198076875,-56.75505447387695,13.927602682136621,3.9771480560302734,-21.772327005779875,-63.748741149902344,14.351527667301658,12.246002197265625,-16.259819045186806,-61.30165100097656,10.8259584215276,4.0,500.0,136.52837582606293,50.58559294102557,96.75524919650343,0.06362947821617126,0.012876998242755129,6.617221515625715e-05,0.013708741938174172,27,0.0,0.000354313146090135,0.018823204562067986,2895.9802693204933,1534.2245008720217,664.0329007869287,479.93558326156807,4858.816948845719,1572.8794752948295,411.99246566071855,869.7431092691954,0.3693135976791382,0.052237071725308566,1.8733057004283182e-05,0.08113870463890985,7171.875,2975.938498402556,406.25,1832.6979058491706,0.5615234375,0.13107777555910544,0.03173828125,0.08980852168010585,0
10.0,17.741317272028677,0.0,25.774066925048828,-2.8392369015909993,-34.12809753417969,10.763579510136442,32.64212417602539,-6.063720749018672,-35.5711784362793,9.211177159135365,18.754417419433594,-9.367061554243008,-43.69554901123047,8.665186410993607,15.585537910461426,-4.040285429110923,-22.205656051635742,6.154944686530967,-256.0372009277344,-531.1225037011095,-684.7113037109375,119.94475119610301,205.66070556640625,97.57465089624301,-8.282073020935059,49.185187910007365,75.17210388183594,-0.977634105057762,-112.66886901855469,36.460374687211434,93.27610778808594,-6.197162592658601,-71.50088500976562,30.372353422297767,35.32701110839844,-14.360865961819792,-70.6051254272461,17.68263533789828,34.15525817871094,-18.375759764410816,-97.75938415527344,20.326466009952885,9.979546546936035,-13.41168078494529,-49.99117660522461,11.801326282093033,31.151378631591797,-14.636706540854975,-61.55455780029297,15.93592225087848,4.850895404815674,-27.595837320382604,-77.58326721191406,22.548717131075026,4.0,500.0,196.53294659648319,53.778915573331076,72.87390529427523,0.052337028086185455,0.012390225755247718,8.101742423605174e-05,0.014278311607664707,28,0.0,0.0003584760124795139,0.018933461979031563,2711.077206734452,1415.2235225223806,428.9076568247977,523.7865252024588,4800.5301741901985,1462.5808401207426,421.70205229086923,746.3795800759374,0.18737053871154785,0.03621820725377659,4.939108748658327e-06,0.04945734508463771,7437.5,2773.3626198083066,382.8125,1613.6006057518302,0.56982421875,0.12471451926916934,0.02783203125,0.07685092005599757,0
10.0,12.844438042018323,0.0,38.797054290771484,-8.795717691175472,-37.11363983154297,16.636182186035384,16.24665069580078,-18.54411524972215,-45.7311897277832,10.886572061652426,9.019283294677734,-14.261103098670514,-40.49845886230469,9.789602582104079,8.163880348205566,-17.62910959257866,-52.127105712890625,13.238150614579222,-79.6189956665039,-338.03185628092706,-583.46484375,133.0470681152627,198.97250366210938,105.74894706814433,-33.364906311035156,55.37936170952869,96.86933898925781,0.28008705920304733,-109.6457748413086,45.41767988198534,104.70301055908203,12.25411563161939,-54.276222229003906,35.83578891682014,64.0479736328125,-12.820981316577893,-74.26362609863281,24.877899777411734,10.065746307373047,-38.29097429365396,-83.59352111816406,22.466187031569977,22.2059383392334,-17.707897615508912,-49.971832275390625,15.191041725099995,21.685747146606445,-12.961961133411517,-50.94755554199219,10.507772411949503,2.0545291900634766,-30.669590433517964,-66.80303955078125,15.721395238961499,4.0,500.0,195.7082889304613,50.0,122.39343529476034,0.2082061916589737,0.054273437511677236,0.0001514151372248307,0.050702638315416604,29,0.0,0.005526896100491285,0.07434310019016266,2899.936713881487,1318.5564365774785,570.1422331391229,436.7096200072399,4867.080626602686,1312.4358591734772,388.66810386959605,792.0446089097327,0.3182982802391052,0.020298247780252326,1.9608005459303968e-05,0.052379867943851445,7093.75,2313.573282747604,382.8125,1531.989523908816,0.57373046875,0.10205390125798722,0.0302734375,0.0823346482206366,0
10.0,11.487386587702096,0.0,25.37206268310547,-15.896721277731105,-62.51908874511719,17.780260028338475,3.5485029220581055,-22.360477088386723,-78.83448028564453,14.907802067897572,29.309551239013672,-6.697533258495067,-31.538623809814453,9.721426954484105,15.909217834472656,-16.74139784201429,-56.24755859375,14.066286123967517,-217.43881225585938,-434.6653671508399,-643.3829956054688,117.44890402794323,183.86676025390625,82.13408506423913,-92.21566009521484,58.9259842375108,85.05763244628906,8.176153523988795,-75.92152404785156,32.175580123884245,129.51327514648438,23.06242806980306,-36.32057571411133,38.52853409376602,67.13319396972656,-7.591664588572785,-76.70831298828125,24.67569522045974,30.540708541870117,-11.692218823459582,-49.91027069091797,15.671383989301805,22.045169830322266,-16.979148654427867,-63.1036376953125,18.46257036817193,22.128246307373047,-9.316355423031808,-50.23497009277344,12.76981944133536,21.458938598632812,-9.5361710580411,-45.762908935546875,11.391958834819112,4.0,500.0,151.68580208008854,50.44490187836276,64.92659114862764,0.08870702236890793,0.01781444367371498,4.517135675996542e-05,0.01784552643117623,30,0.0,0.0006369393086060882,0.025237657129764557,2668.5500870743845,1515.96988622653,610.5486039309079,412.03597115800864,4183.490294362681,1567.268808234461,417.6265027598174,844.5641588415224,0.34189873933792114,0.043940427372491826,1.3003247659071349e-05,0.08594089955886262,6882.8125,2942.7166533546324,429.6875,1624.5126923307348,0.40283203125,0.11676317891373802,0.01708984375,0.09169672133647015,0
10.0,11.064098310285434,0.0,32.32847595214844,-12.568705046757723,-55.27522277832031,16.977998892027543,43.64733123779297,7.535688728094101,-22.841461181640625,12.523074704689348,31.645774841308594,-0.4342638098488981,-25.32488250732422,8.702827412373836,5.396058082580566,-15.121666159064244,-56.621063232421875,13.681090242138222,-253.32473754882812,-510.83915296073155,-696.2970581054688,95.92304108505525,213.50839233398438,110.324070867639,-113.87361145019531,64.593815807667,115.4097900390625,25.546869750220935,-42.85907745361328,27.042318643736234,140.0414276123047,30.085772818650682,-47.77183151245117,37.347356934669484,39.85472106933594,-3.2869976148628197,-63.79821014404297,16.244945729166695,12.344379425048828,-30.86969141133677,-105.87518310546875,20.185699285761604,4.533872604370117,-31.471794063290847,-76.53811645507812,15.647885399176896,6.843959808349609,-25.400722246581374,-77.39955139160156,15.365108322661767,-1.3026630878448486,-34.169231722530085,-76.51213073730469,16.488852070299203,4.0,500.0,213.04185371777433,50.0,155.92796301889192,0.05066709965467453,0.012633148298979872,6.329552707029507e-05,0.011947818160749512,31,0.0,0.0003037833084817976,0.017429379746317863,2556.543954770152,1284.699965030396,443.3923828462573,498.1168063008223,4482.745682855793,1302.0941110990425,407.3489106807715,925.3006338821881,0.27600938081741333,0.03272417928469811,8.069484465522692e-06,0.06787356259258799,6578.125,2270.7168530351437,390.625,1837.542529330726,0.4453125,0.1147772938298722,0.02685546875,0.08294834000268425,0
10.0,13.715094726277071,0.0,14.415606498718262,-15.290924363242933,-41.20781707763672,11.112881816943736,32.45846939086914,1.6180541773383228,-20.64006233215332,9.47405212913339,25.097972869873047,-2.0682255093591473,-28.137269973754883,9.374364677225895,13.243171691894531,-11.451750434958896,-38.047760009765625,12.558707390870559,-229.93170166015625,-465.2005191108289,-689.0955810546875,120.41764991535618,206.67050170898438,100.35995656232865,-64.17618560791016,56.61414047092858,73.41481018066406,-7.647193765297485,-114.97209167480469,36.54147918629649,118.2071533203125,9.390806117663368,-69.48335266113281,40.64815698786102,55.70709228515625,-16.436805883249917,-82.9918212890625,19.504922851649948,33.147151947021484,-14.892545508119627,-77.54277038574219,21.55183436500417,7.570654392242432,-31.862202590265976,-79.2347640991211,18.35525105001356,19.731426239013672,-23.02726613389798,-64.46891784667969,17.572987722726726,2.133362293243408,-27.565833388045192,-75.1524658203125,17.737795329030458,4.0,500.0,179.79190867356618,53.55319391213717,96.8563449628728,0.06063598766922951,0.017503242071640057,6.131762347649783e-05,0.014740103085244977,32,0.0,0.0005245177308097482,0.0229023527354002,2465.5965950290743,1352.3438269415838,533.7291452802555,474.98107947276884,3796.878904078408,1430.5188035716983,472.2982054101976,727.8274354238491,0.2539520263671875,0.030340123554048713,8.723890459805261e-06,0.061226120348089205,5929.6875,2629.4928115015973,492.1875,1569.3307712085757,0.34228515625,0.11356517072683706,0.03564453125,0.06539651254626733,0
10.0,14.750191311489733,0.0,26.338947296142578,-5.5294143227628245,-37.89076232910156,10.890266206719675,13.119274139404297,-11.74120102856106,-48.352455139160156,9.338674835725836,11.166769981384277,-15.462819854672343,-55.99903106689453,13.6251782964068,35.19129180908203,4.493837399509387,-22.41637420654297,10.463130092129036,-317.35247802734375,-530.964490994097,-685.8355102539062,106.44292564564844,191.01702880859375,82.32955084783963,-53.374473571777344,53.29444464499245,86.80728149414062,5.866514682864991,-93.3831558227539,35.62228545722554,139.28399658203125,25.346806517043433,-39.34184265136719,34.517789326222086,42.77845764160156,-10.606837945719496,-75.78367614746094,17.418107791392373,20.46533966064453,-20.603725027352475,-82.17667388916016,18.359606909294982,-1.6393463611602783,-30.015097810818364,-80.78739929199219,18.229817614739407,7.200226783752441,-22.98695130912831,-77.87741088867188,16.247961177674057,28.12485122680664,-3.20648322037805,-39.95616149902344,14.54448683089442,4.0,500.0,173.65626627256444,50.0,93.10683879202827,0.05322745442390442,0.009736552213683327,6.87075880705379e-05,0.011747743037972169,33,0.0,0.00023318266903515905,0.01527031883597374,2803.354223827911,1483.4512814477064,490.7926999955057,495.58898618669764,4885.686256382609,1659.9780280884981,417.97523319949795,943.8194878342247,0.3568909168243408,0.05681092984660484,1.0538899005041458e-05,0.08264004780996595,7367.1875,3063.3985623003196,351.5625,1760.0004609226708,0.580078125,0.14524261182108625,0.021484375,0.10607093898166849,0
10.0,11.05782884658315,0.0,16.91921615600586,-8.313399442516197,-56.399559020996094,11.548320243014548,18.29055404663086,-8.626804914384985,-36.96955490112305,9.1580850867017,11.983928680419922,-9.602353872772985,-34.481414794921875,7.492595608013252,3.451944351196289,-12.578302632981597,-44.622344970703125,9.674916926310482,-144.17193603515625,-480.0826512053371,-606.3894653320312,133.40873862992973,189.4232940673828,73.47056381504376,-32.15523147583008,48.95797048912057,84.748291015625,19.30619592093431,-89.3366470336914,31.418982302078085,94.78363800048828,1.4894171863699113,-62.535160064697266,29.562742987523414,36.05855941772461,-7.711093895351544,-80.39396667480469,22.54380345794068,28.41924285888672,-4.25784694586699,-66.80987548828125,13.18655426323561,20.76813316345215,-13.17750856773065,-92.82315063476562,19.185641187090745,37.66034698486328,-3.0842155631833945,-48.10710906982422,11.794863557823621,15.310381889343262,-12.559784243424861,-48.566375732421875,12.149784931443309,4.0,480.3774558228533,167.81880653533275,54.522859757585465,55.57975157741191,0.15649303793907166,0.017123703510755636,0.00017942514386959374,0.032528090526045016,34,0.0,0.0013534615281969309,0.036789420992136,2675.7655529990334,1689.2527682450366,629.7438955618169,450.3900571462922,5483.18038647805,1751.1215670508461,369.0534382804094,1003.4703790865456,0.20296312868595123,0.03063874128953864,6.795543595217168e-05,0.03644121057289605,7125.0,3359.8242811501595,367.1875,1687.7916935058706,0.55078125,0.12189715205670927,0.01904296875,0.09255811906095934,0
10.0,11.329007236289575,0.0,32.14120101928711,-13.768949548133646,-48.37063980102539,13.327670184726815,27.49384880065918,-11.831754437269876,-47.389556884765625,15.098621890097373,22.916990280151367,-6.337750364719821,-33.35395050048828,10.274243209498406,26.103588104248047,-7.04058323713085,-39.39701843261719,11.495498942802417,-103.12408447265625,-430.54281155522256,-596.4580078125,111.66494966992866,184.53396606445312,90.88070899152908,-40.06755828857422,48.55384620165642,106.1175537109375,28.494912255495883,-58.94934844970703,30.455372319660444,132.95645141601562,23.321611473259452,-60.83894348144531,36.294810013672596,54.260101318359375,-18.492289402661992,-89.47265625,27.9830491651934,7.326085567474365,-35.561411725065575,-93.65573120117188,23.21373001189074,36.30562973022461,-17.852238118934174,-86.92135620117188,19.587283414852717,21.696374893188477,-13.325664583772134,-45.19511032104492,10.743787692022075,0.06029729172587395,-31.658939861701416,-80.49164581298828,18.33939264139804,4.0,500.0,237.5241481824938,50.790479891362544,155.49095871810437,0.1694047898054123,0.02692008827331408,0.0001166819638456218,0.028129203674146234,35,0.0,0.001518369186669588,0.038966257125139236,2642.8638079643806,1398.7352017798519,492.21928225198457,423.7954314080015,4840.430201603489,1304.7225659966637,382.482037324106,747.3135184853029,0.21844162046909332,0.023115868705238168,1.359672660328215e-05,0.043721313105962833,6984.375,2394.3939696485622,398.4375,1576.8357032728209,0.5341796875,0.10228634185303515,0.0283203125,0.07570277007690113,0
10.0,15.623184414004578,0.0,19.253761291503906,-10.754901280037512,-42.33598709106445,11.540521347759407,30.376842498779297,-3.95628644700665,-30.39717674255371,10.475317596849095,11.751779556274414,-14.960147928982115,-50.989524841308594,12.434774052231234,37.34248352050781,2.3480523611409976,-24.959396362304688,12.658135728580373,-198.4375762939453,-403.0168763182034,-588.049072265625,105.91289690045207,173.031005859375,93.17094861661283,-49.173309326171875,43.71971751163297,88.68173217773438,11.714285875661686,-65.49249267578125,31.11452816963549,91.64910888671875,-2.4147789821076318,-63.89210510253906,32.92097715969742,44.082489013671875,-17.979118328505812,-77.53520965576172,23.47975283576355,28.643966674804688,-19.31994675095089,-58.14604949951172,17.529973785518315,9.484312057495117,-40.42106840995173,-101.73289489746094,24.648491319714754,21.661705017089844,-15.845773346603107,-66.1579818725586,15.295433227243961,5.228908538818359,-29.9657083963529,-90.44558715820312,19.554990858467374,4.0,500.0,196.8250587312455,58.77178241204174,118.34168015724316,0.12943783402442932,0.03383649681100083,0.00023456511553376913,0.029903190028342824,36,0.0,0.002048830734565854,0.04526401683688164,2853.1368861388264,1361.9307867200835,527.351455696984,409.6702850700138,3985.2353408618146,1291.1530219155175,436.83455408001294,657.367272969233,0.23392093181610107,0.010255503672639655,4.711528617917793e-06,0.027239263489805977,7125.0,2406.4247204472845,460.9375,1447.7449257877545,0.43212890625,0.09491532298322684,0.0322265625,0.06083134917088165,0
10.0,18.67049661288966,0.0,31.445314407348633,5.218949396344736,-33.23198318481445,9.245968041507487,19.523197174072266,-2.6778699154825123,-38.911346435546875,10.704638745808573,20.924427032470703,-1.1808220584576479,-29.887088775634766,9.038186044511814,31.90160369873047,1.271927705739048,-28.50161361694336,10.871583473998372,-299.15460205078125,-522.379355127463,-678.5626220703125,106.03058943752139,247.44741821289062,122.83774922425121,1.3593790531158447,69.05145269190194,112.94879913330078,33.83427566324475,-110.2265853881836,35.11050606690422,96.49967956542969,26.4135811383514,-34.8851432800293,20.877233866987158,94.78596496582031,20.78290700302254,-41.948062896728516,26.376837902428896,66.82579040527344,17.420563885626617,-32.18359375,20.187376044734556,40.966346740722656,4.638576493842696,-42.18228530883789,13.978849610529101,34.12034606933594,3.6031322634180363,-28.39031982421875,12.102790088584127,35.040489196777344,3.44375932865761,-33.86591339111328,11.260973482986358,5.0,501.1363636363636,121.88710426551998,50.0,64.50470260813374,0.09887008368968964,0.02163849588552837,5.975513704470359e-05,0.024656261448726402,37,0.0,0.0010769981890916824,0.03281763195991516,7375.868991796056,3483.8171691426664,1368.7634126049988,1789.983639134063,9641.611220859328,2268.185725193584,458.9688706989356,2218.125241237131,0.22279387712478638,0.009490166101014235,3.7990691907907603e-06,0.027448133677558828,18217.08984375,4475.483919572941,236.865234375,5409.791647740898,0.2919921875,0.035153417742169374,0.00146484375,0.05318565506484487,1
10.0,15.954493151373205,0.0,48.09903335571289,2.9021790990489267,-43.31425476074219,12.817179692467256,28.524917602539062,1.2166717126101185,-29.115903854370117,7.109365373222367,26.80866813659668,0.20662803842476515,-27.755672454833984,7.68576855133327,20.995527267456055,-1.7421058628215453,-27.289291381835938,7.240631267499117,-289.5968322753906,-602.8855504790481,-720.165771484375,126.42439145128601,243.13626098632812,81.99549287239526,-36.73038864135742,82.0224362430954,107.18730926513672,15.873861756305407,-83.06195831298828,30.020480279751038,101.02069854736328,10.034585507037745,-62.23180389404297,27.389218346083442,76.3978271484375,3.4793539791564583,-38.47290802001953,18.408937259739208,42.2545166015625,-0.20907542957835712,-48.39674377441406,15.537464902273811,33.15400695800781,0.10201395058403712,-47.77735900878906,11.55118739569743,36.52024841308594,5.637041849838332,-22.795740127563477,8.813981422697172,24.08770751953125,-1.468370476880234,-41.15769958496094,10.336336251369127,5.0,501.1363636363636,178.52417440769398,50.0,111.0431144031996,0.055959444493055344,0.00907588849010741,3.347383244545199e-05,0.014253816077816131,38,0.0,0.00028688355814665556,0.0169376153498888,7348.382966167817,4915.3505043879,1546.0246543736907,2113.3877765320644,10418.564367835163,5221.841864008169,593.6235318633151,3671.0515638357706,0.46743056178092957,0.08559050578012169,6.255136213439982e-06,0.10901695323685007,18690.8203125,10207.562638214182,387.59765625,7519.457771196322,0.4765625,0.14188648763776102,0.00390625,0.13414309506370525,1
10.0,16.15279104047282,0.0,42.503875732421875,-5.471949564669013,-38.96977996826172,13.184097220289146,34.74848937988281,0.5848313613282624,-29.651596069335938,9.046649760762453,27.77817153930664,2.230188661844852,-29.05548095703125,9.154939956496921,26.651159286499023,0.40616035774315595,-24.688955307006836,8.091418268052466,-240.5937042236328,-495.9723317971639,-621.7908935546875,104.77220573047745,212.35879516601562,89.90247168628771,-22.378299713134766,65.14859743004342,97.53538513183594,21.2949990054156,-68.7065200805664,35.09839938382245,113.25709533691406,25.400664840956715,-24.990739822387695,26.865054050532365,83.90184783935547,11.15388727845006,-46.25128173828125,23.189777985992404,73.74845886230469,0.8306794647913937,-50.858367919921875,20.216901930015553,30.18960952758789,-1.9819455791238842,-57.193634033203125,14.937290316241496,48.64665985107422,5.505532009185674,-27.98700714111328,12.489905378283336,23.216777801513672,-1.524942113021756,-38.37793731689453,10.44421574113997,5.0,501.1363636363636,158.77959482296785,50.0,89.8545865223403,0.13389970362186432,0.014627693355156192,2.503281575627625e-05,0.019070846928235314,39,0.0,0.0005781264626421034,0.024044234305620193,7313.717256582978,4078.2073527425187,1731.2947294597539,1888.2770880631278,9478.951929018125,3200.9838801032774,553.5733312498635,2477.480646160996,0.34224164485931396,0.018165575312234908,1.2496854651544709e-05,0.04038612650049834,18217.08984375,6710.465532555105,258.3984375,6125.814266603098,0.3212890625,0.053783443300464036,0.00146484375,0.05823151980562453,1
10.0,19.75276404547031,0.0,25.427051544189453,-4.621116431866472,-50.76311111450195,12.059097047883638,29.821575164794922,0.651159419319452,-31.586084365844727,9.372728061232742,15.103691101074219,-6.178225950737702,-38.180274963378906,8.188531159792987,22.478012084960938,-6.087001415146752,-32.366058349609375,9.018016613780938,-272.81024169921875,-510.9020957504237,-683.6974487304688,131.0306972046736,218.58663940429688,105.98256615959022,-22.205188751220703,66.54058062004339,81.84598541259766,7.689346998929977,-79.88874816894531,32.338458161663205,94.8975830078125,8.367645070872976,-55.75103759765625,28.128408370638407,73.97738647460938,0.32887600771132036,-48.001853942871094,20.185285566538813,52.79026412963867,5.1938007095884835,-43.775596618652344,17.497342620010173,29.588008880615234,-6.955264612168005,-58.19438934326172,19.753963696552486,45.36296081542969,8.702595106565896,-43.45185852050781,12.874547674859132,26.759605407714844,-3.0555953588898523,-33.32195281982422,10.155750034291177,5.0,501.1363636363636,188.37583965709612,50.0,86.40749145430433,0.0917406901717186,0.020621701203189544,7.613583147758618e-05,0.02372670337122218,40,0.0,0.000988981919363141,0.03144807741045952,7240.17549469046,4117.641115077859,1688.063036285321,1881.6022253171648,10537.585355540292,3426.1445011666074,742.6311327171474,2495.069108994421,0.2806527614593506,0.026334937562054926,1.162425905931741e-05,0.047640970697206714,17549.560546875,7026.968645772912,344.53125,6095.766871918727,0.462890625,0.07317647911832946,0.0068359375,0.08527871566784258,1
10.0,16.077123771251298,0.0,32.82775115966797,0.656673753500123,-31.095352172851562,10.864354971231842,33.747806549072266,5.665893791031672,-20.955135345458984,8.87624094660368,31.122116088867188,0.9107026502775275,-28.09483528137207,10.19137113098345,24.976215362548828,-1.4310681774278804,-38.06134796142578,11.088790043045208,-446.32421875,-672.5289666337369,-813.2130126953125,87.29688181507308,201.92259216308594,106.45961337209854,-17.761474609375,48.27157295271221,98.28215026855469,39.048991598828486,-45.00474548339844,28.84781102928763,97.1383056640625,40.316733341655436,-9.57699966430664,20.68139237874425,53.306053161621094,6.447157288406675,-36.679222106933594,18.5047782766817,67.41184997558594,4.612713751368,-42.655860900878906,18.933551560235106,48.036598205566406,11.472375596270588,-22.438800811767578,12.456246592207172,50.51129913330078,10.535973677951885,-20.639305114746094,11.260473079416492,28.377107620239258,-7.880755829925189,-68.35291290283203,14.998367340074694,5.0,501.1363636363636,160.00237238476606,50.0,110.5015880661865,0.018398109823465347,0.002684457629415542,4.996106872567907e-05,0.0030430051503447654,41,0.0,1.64797565957997e-05,0.004059492610394955,7283.5706381101145,4890.630431730652,1846.5382121553914,1500.0841700334365,10116.868861024648,3897.0980572907874,659.147245127512,2657.3378359422913,0.35240426659584045,0.03122255809471521,1.499083919043187e-05,0.05509084344681521,18432.421875,8187.088699517836,279.931640625,6261.143902422565,0.3447265625,0.06710695058729699,0.00341796875,0.07709000249323981,1
10.0,18.20615992717567,0.0,27.238086700439453,1.6389458147576823,-19.723854064941406,9.357680925309612,19.421489715576172,-5.793026232538513,-33.267112731933594,10.933651755920765,13.104035377502441,-2.704957684055685,-36.9613151550293,8.312521070272359,16.87275505065918,-0.1989322689870676,-25.25057601928711,7.104596151261829,-229.93089294433594,-573.1288649098942,-712.974853515625,132.69659910720327,215.93258666992188,87.35543005154156,5.5120697021484375,53.154826978956926,83.63362121582031,25.604835000662757,-67.61500549316406,25.920993754065684,101.14240264892578,13.564960273048177,-56.70800018310547,26.51425860275659,44.35619354248047,0.27335067475422886,-73.44170379638672,20.216916616749554,42.98748016357422,7.775895841300678,-36.03623962402344,13.350943484199133,25.732898712158203,1.0533886886061952,-48.575096130371094,11.984369525526242,27.030719757080078,-1.7837331928669835,-44.106666564941406,12.601167772062794,25.94674301147461,-1.694783603040555,-41.59025573730469,11.31746289340063,5.0,500.0,178.0016441214543,50.0,87.32498353762837,0.051951490342617035,0.007947815743203576,8.012566831894219e-05,0.01126538730301813,42,0.0,0.00019059429178014398,0.013805588707327843,2729.1981889056788,1759.8825041353555,674.026157934742,588.5194161184912,3720.795904476468,1514.4109693115224,407.9982851230195,757.8301920029671,0.33798861503601074,0.0324073389855448,3.809281770372763e-05,0.05030601004401426,6718.75,3267.7715654952076,414.0625,2026.1430087045753,0.35546875,0.08299377246405751,0.013671875,0.057107166999569005,1
10.0,18.690258363952285,0.0,44.45350646972656,4.513694791974256,-28.7613468170166,13.767688848780692,27.402664184570312,-1.3190970942616083,-34.637420654296875,11.378384410538658,26.835859298706055,0.38884541030509023,-29.90256118774414,8.890290640509992,14.597114562988281,-3.4753920031003296,-30.865741729736328,10.033893895796684,-220.01779174804688,-439.3873116002677,-633.0792846679688,115.78865064029968,219.2213134765625,117.96103338940075,-0.6413385272026062,60.60004196249495,94.76309204101562,32.480815041750766,-23.21190643310547,27.598791595376532,101.09384155273438,21.013845613589304,-31.67166519165039,28.154596485704676,56.538482666015625,8.844031853131211,-45.09624481201172,19.690922573142434,35.22380065917969,5.434174460677293,-51.099395751953125,13.481574864883527,29.017271041870117,-3.860034648602763,-39.05956268310547,14.286851689660141,24.395275115966797,2.7227786363075714,-23.168907165527344,9.018013547964316,21.54443359375,-6.635337651870883,-33.48908996582031,12.186512422032724,5.0,474.83611322178456,117.99407457311536,50.0,67.40400400817866,0.12900151312351227,0.0338740130054954,5.8501525927567855e-05,0.028806058742398027,43,0.0,0.0019886414520442486,0.044594187289476395,2780.6298867900387,1332.6173464461876,606.4006047474483,533.4236957004963,4333.514529415097,1031.1809233653344,293.8264649631339,777.0914249412117,0.3485008180141449,0.025930484988643896,1.1877314136654604e-05,0.05695913613297334,6992.1875,1971.1212060702876,132.8125,1782.5924203652537,0.31103515625,0.06719093200878594,0.00732421875,0.07622967653992685,1
10.0,11.9026731233911,0.0,33.970977783203125,2.458016702411369,-28.611103057861328,11.025739421629792,29.456193923950195,-0.1061305838366286,-46.77912139892578,9.642007452400282,22.706645965576172,0.5477647866053988,-13.918489456176758,5.8281575885795505,21.416820526123047,-3.2533008843339,-35.905670166015625,11.18376966560489,-113.08914184570312,-479.74722989603356,-596.2279663085938,151.82792203576997,188.09112548828125,56.07793377990873,-18.97939682006836,65.2825980004629,81.29461669921875,12.669188446219499,-44.81572723388672,22.79681709479367,106.96348571777344,8.29292217384393,-41.10723876953125,21.98113826834602,38.95962142944336,-8.582055492564654,-89.80487060546875,22.337731066586457,30.138364791870117,-0.19260063412756964,-30.819255828857422,10.499880415210976,33.078147888183594,3.4177554625565536,-29.996492385864258,9.659812267864284,19.46095085144043,-2.422047539283864,-44.674110412597656,11.623529031482692,17.343772888183594,-0.07428918426005414,-27.411388397216797,7.611022575310275,5.0,500.0,154.42717502718358,50.0,92.87938970637926,0.15218712389469147,0.020572430824175827,3.8550155295524746e-05,0.035079430387624996,44,0.0,0.0016705688321962953,0.040872592478990555,2717.695851349637,1879.465598172679,747.7410134445876,581.3260445191402,4747.862491092717,1862.0769814601088,354.52733834418694,891.892612468179,0.4649014174938202,0.07334712246958629,4.0588798583485186e-05,0.08323646713953455,6898.4375,3840.5301517571884,273.4375,2095.464177333351,0.4677734375,0.12211087260383387,0.01416015625,0.07326266146012683,1
10.0,13.496845120213285,0.0,29.537553787231445,1.9590094272321024,-46.949337005615234,11.412308818937667,46.35423278808594,5.726305621929062,-15.766740798950195,8.427292261158394,16.198410034179688,-0.9358428911255381,-28.608930587768555,8.163901081675194,15.647406578063965,0.029700507335483836,-31.200908660888672,7.9289997697490895,-166.8579864501953,-577.0897558047749,-674.955322265625,154.13966949066406,195.5051727294922,46.19404942430437,-2.670668363571167,60.384488136525924,87.75226593017578,10.362985617150894,-59.405052185058594,22.21340307393684,128.06289672851562,13.194000107030899,-36.63893127441406,19.614132660974423,35.506072998046875,-1.2021361281410954,-65.47537231445312,17.793122200155914,46.362770080566406,9.687719045260463,-8.493902206420898,10.674529695071014,21.567415237426758,0.45856206007182787,-44.53127670288086,11.861572463980211,24.344676971435547,3.5322948552358646,-19.840206146240234,7.150316876485404,32.34019470214844,3.3299714512527943,-28.98946762084961,7.516707786316376,5.0,500.0,129.9170721000843,50.0,128.19245818795468,0.07318543642759323,0.010096253961883383,2.093744114972651e-05,0.01821498697497127,45,0.0,0.0004344148619566113,0.020842621102929115,2610.8530539929,2070.070753174174,740.536742022717,580.0144679496642,4732.607692173687,2260.2718271531526,408.09490109735515,1058.42510281279,0.3790195882320404,0.11332070071964268,5.33648781129159e-05,0.10980877447539704,6578.125,4669.378993610224,281.25,2151.1875665883704,0.2890625,0.13846595447284346,0.0146484375,0.07798268738738971,1
10.0,17.32169174570931,0.0,29.43329620361328,-2.346781077797706,-44.50212860107422,12.788868468825836,22.116928100585938,-0.7386411116146051,-27.25664520263672,7.663975077164799,43.292964935302734,5.479511479219308,-16.091331481933594,10.327318128349068,16.63473129272461,-1.7978516147492793,-39.920799255371094,10.176899768839675,-173.16847229003906,-474.6687619145305,-609.4808349609375,126.98235093040965,208.39883422851562,80.84774459024874,-20.067928314208984,55.93089753620282,95.653564453125,36.06147611636323,-7.428128242492676,19.383802487728033,82.32235717773438,19.584773374346497,-29.2552433013916,15.935177330802835,41.28450012207031,-1.2373221099567109,-64.13086700439453,22.44465859628153,52.73582458496094,14.880039989472197,-19.799930572509766,13.469457153921253,23.218795776367188,-4.029627503035739,-46.85773468017578,13.504636403421399,29.700912475585938,-1.4103960567912734,-38.70164489746094,10.585883808916515,19.325714111328125,-2.5243000531206117,-23.927757263183594,7.093366118889313,5.0,424.57493633411815,103.83590308605258,50.0,69.99027654267805,0.11961221694946289,0.01950972692752904,0.00018742794054560363,0.02845464111552994,46,0.0,0.001192200928926468,0.03452826291322708,2634.403926786827,1677.273343361886,593.5715391666422,487.56953527416766,4531.986238077074,1387.9335722798842,341.07004439793,840.688341582177,0.3724324107170105,0.03245725359676389,1.8619668480823748e-05,0.07486119692160072,6414.0625,2991.313897763578,304.6875,1780.5122711159258,0.4892578125,0.08145092851437699,0.0087890625,0.10427694725356698,1
10.0,18.98979336495822,0.0,44.684383392333984,2.9107637770069292,-33.09668731689453,11.454922843495293,24.963455200195312,-0.04927702471851922,-21.304973602294922,7.794501109291324,26.389001846313477,0.8527733455545986,-20.11172866821289,7.502503869889197,18.752582550048828,-1.5052179502793395,-32.087860107421875,9.925906404473487,-168.31407165527344,-447.54022041296423,-551.378662109375,116.20482168811544,186.98240661621094,64.95792861106678,1.975694179534912,59.708849561123266,86.8390121459961,18.30264613841669,-50.40392303466797,23.407903026844593,110.3729476928711,14.0266966559826,-27.95193862915039,22.710096057181563,41.50732421875,-0.6328538236098168,-64.57977294921875,19.181335900333018,29.742156982421875,1.5815796221311862,-34.17145919799805,11.21078094102515,28.37810707092285,1.8129113999228128,-44.872188568115234,13.53911879019722,21.775421142578125,0.8835892369762396,-36.65154266357422,9.511988300442571,19.544208526611328,-3.371967040121365,-33.97467041015625,11.088911549959153,5.0,500.0,128.31825117269204,50.0,88.42387781411004,0.2333703339099884,0.03041962718535955,8.323779911734164e-05,0.04847581241641412,47,0.0,0.0032804987858980894,0.05727563798427582,2592.4883902689517,1674.357604508243,584.2658314482258,532.4558309386123,3997.28746866235,1336.0956928151654,284.18748382543794,612.6549575778927,0.14587952196598053,0.019225843988592874,5.901596523472108e-06,0.023824616717781008,6023.4375,2953.6741214057506,203.125,1744.1922991791364,0.27978515625,0.06552796775159744,0.01171875,0.04003560294169866,1
10.0,15.010932526558888,0.0,29.619503021240234,2.8058051238187587,-23.78834342956543,9.257884379248573,26.069517135620117,-0.22993464991688348,-23.36651039123535,8.879835633722537,14.40096664428711,-4.515864171968482,-41.288333892822266,11.282959315680559,24.5906982421875,2.2401257964273613,-19.484777450561523,8.060548804426176,-155.4375457763672,-478.6674066123109,-587.5756225585938,127.1521986206289,240.7211456298828,79.16201710224914,-8.533937454223633,74.35986800169852,80.96659851074219,24.980097438580692,-59.68739318847656,26.643248400887,64.52957916259766,11.432371201035314,-67.47383880615234,21.07451932064045,35.34956741333008,9.164418524160933,-28.201738357543945,11.425318191842806,33.36866760253906,3.7961264365968614,-42.71015167236328,14.099822714311953,22.325485229492188,-1.9197841993631266,-48.18828582763672,13.723559486315109,34.34557342529297,2.490059698542086,-32.166893005371094,11.439436173486431,19.12120819091797,-3.992197515294194,-51.738460540771484,14.6294901747131,5.0,411.61771288637556,143.98312447604684,50.0,93.1280660251091,0.1814480423927307,0.029152400975078218,0.00010280458809575066,0.04449394886902372,48,0.0,0.0028503441717475653,0.05338861420750618,2761.468215553445,1606.8063459997377,471.7112664965933,704.0797861274408,4418.893636432145,1333.860122060928,289.65640811275773,844.6001433801828,0.18098627030849457,0.01626719573073315,4.004362381238025e-06,0.028503213404856537,6507.8125,2859.075479233227,242.1875,2156.2631826688216,0.39404296875,0.060947796026357824,0.00244140625,0.04661723169485257,1
10.0,13.674305021187381,0.0,24.938377380371094,8.200847989454056,-14.065016746520996,6.486969365358504,19.014732360839844,3.391191861023918,-28.252399444580078,7.85789757965649,17.58266830444336,3.8281160086488573,-18.214977264404297,6.0771968540020485,15.8616304397583,3.937352448404311,-16.455224990844727,5.57768974736779,-165.10726928710938,-488.52049299246204,-560.033203125,99.81022528833516,249.11634826660156,63.82944568506064,5.308282852172852,66.10503665672717,95.8890151977539,28.554322238547353,-52.14635467529297,25.514062106349822,93.59252166748047,21.225649375289965,-25.81520652770996,20.02331524804501,54.55313491821289,14.257925418714365,-41.81962585449219,16.391849786753767,45.330135345458984,15.254441357268313,-23.582096099853516,13.477622245508224,45.45018768310547,15.43009109533252,-23.83292007446289,11.760183043590606,39.68263626098633,11.171636598416791,-24.862037658691406,9.868065359154583,34.20415496826172,11.547166727126216,-14.3984375,8.055980537272509,5.0,332.1436633690838,82.78905773082445,50.0,54.49032229479013,0.2454599142074585,0.027316198122282975,0.00018278605421073735,0.049677162684648106,49,0.0,0.003219137666746974,0.056737445294857025,2881.5856162897812,1558.9065505353904,412.832076583357,725.3309910457265,4104.075457191186,1195.43172224973,124.15947533946115,930.3532961339292,0.31200259923934937,0.01871665677489133,2.812777211147477e-06,0.038592635046776604,6867.1875,2639.6265974440894,93.75,2360.9362597677527,0.2119140625,0.043676991813099045,0.00341796875,0.048349836846648224,1
10.0,13.317125455849855,0.0,39.51251220703125,2.9917188389613605,-34.76274490356445,13.110128473164906,26.86929702758789,0.6808614686917002,-27.699399948120117,9.002627236873645,20.652389526367188,-3.2330440746043054,-37.379005432128906,11.772349460708694,22.882610321044922,1.1286138854563807,-30.28158187866211,7.992975548478765,-108.0725326538086,-444.50742947026947,-612.5380859375,151.76197104545318,212.90219116210938,99.50548768576722,-7.151312351226807,71.44212944608475,89.94983673095703,26.81626348487866,-42.39161682128906,26.70970463667029,112.86666107177734,13.3080195173764,-39.66640090942383,25.12569137410125,39.098426818847656,-2.1381978197410083,-56.20531463623047,19.838295517217183,69.2593994140625,6.095790134070399,-43.65562438964844,14.335798427922107,37.42616653442383,-0.5447324476779078,-42.420631408691406,14.342097243053427,33.878257751464844,5.5046606836037135,-18.352327346801758,9.238889225326922,23.700077056884766,-5.405048175932119,-42.588714599609375,12.280544447348829,5.0,500.0,125.33656732431791,50.0,80.12214953958224,0.17001768946647644,0.03121919128310178,9.641548240324482e-05,0.03742850812132749,50,0.0,0.0023801138158887625,0.048786409199237823,2525.1004171480176,1453.292417238273,593.6226031862609,568.3757737051684,4061.6748629680897,1202.8332082953489,324.47448573454983,694.2577513189939,0.23962023854255676,0.018445342269923875,4.1301162127638236e-05,0.02891196595596235,5929.6875,2454.0235623003196,328.125,1717.71406409052,0.33935546875,0.06740153254792332,0.0146484375,0.052048302598804885,1
10.0,16.34550924953357,0.0,43.75189971923828,7.579288241141044,-26.963878631591797,13.849781879948232,35.21147155761719,3.4264630442038895,-20.867544174194336,8.427070487909836,18.348379135131836,-4.778205849396916,-38.381988525390625,11.365245958178626,26.45233917236328,3.002427015441675,-22.289134979248047,8.772558936585044,-161.4204864501953,-421.48653380177655,-632.3192749023438,139.1590792221491,232.8154296875,127.34059029722366,9.699560165405273,62.12041952456664,115.50852966308594,24.808845896547595,-41.76396179199219,31.268766491064145,112.06425476074219,32.25070359426946,-13.457263946533203,27.273539575474224,73.30996704101562,4.044993927660651,-60.6671142578125,23.74308518363832,32.086204528808594,-2.0179397300028574,-46.39677429199219,17.436596279526086,33.41560745239258,-3.229107179390356,-50.662071228027344,18.660038752379425,38.48350143432617,9.130324933761225,-25.366905212402344,9.770343217845419,25.70581817626953,-8.132613814105621,-50.21047592163086,16.660169750061257,5.0,362.75328164332484,101.21010890809195,50.0,41.00168088844774,0.13088616728782654,0.04153437349463095,0.0001621582923689857,0.0373920882502632,51,0.0,0.0031309188343584538,0.05595461651682854,2464.133892594277,1235.8040668270799,442.30305396101267,521.4181356548105,3144.345067762643,923.1674620043847,269.6981581596729,562.2529236480632,0.16230161488056183,0.007754149248874967,6.437945557991043e-06,0.021376399110655933,5828.125,1878.594249201278,218.75,1487.1353647294616,0.22509765625,0.049204085962460065,0.0126953125,0.0366739546862814,1
10.0,16.523156488324513,0.0,20.636106491088867,3.749666860166449,-18.883708953857422,6.9105612439220705,19.20488739013672,-0.2413427046598337,-28.449811935424805,9.678344001663934,24.609989166259766,4.460505177228215,-15.116657257080078,6.848993791520989,19.717079162597656,2.649262809286864,-17.541181564331055,5.683386015691713,-189.85333251953125,-534.3676424361646,-640.2684936523438,129.94325162063092,240.4230194091797,66.14886781963678,1.701413631439209,64.93570095547564,96.40117645263672,23.283602585046054,-55.039024353027344,30.114263467856773,99.15191650390625,13.601719108728554,-40.347415924072266,19.84747856027185,42.422019958496094,7.089037769899582,-39.197784423828125,14.933563055055782,39.30762481689453,8.952157763817821,-26.603797912597656,10.284256558445916,30.836956024169922,7.448883056831055,-22.61227798461914,9.064699993785588,31.759382247924805,5.518713613573355,-28.715656280517578,10.967502783993032,27.543121337890625,5.327969318285537,-17.776058197021484,7.516337700404636,5.0,500.0,126.00129787848056,50.0,75.94052768001485,0.1025562435388565,0.015592461634844712,5.5546923249494284e-05,0.023623908620969875,52,0.0,0.000802503083832562,0.028328487649559975,3063.5657539274353,1741.3192142139267,459.7226242654898,644.999655909433,4368.959630381766,1470.2662585219996,203.32107371029284,863.7692766633288,0.23039281368255615,0.03874565101639269,1.1807973351096734e-05,0.05159006185940319,6921.875,3200.129792332268,70.3125,2194.3071606119356,0.20751953125,0.0768426767172524,0.0029296875,0.04996514968369949,1
10.0,20.077027642039038,0.0,25.869274139404297,-1.4900037009304705,-42.314971923828125,11.086041646517915,32.169864654541016,5.986801320847611,-16.482738494873047,7.90603081031817,24.81138038635254,-4.967501524919138,-38.56404113769531,13.35621008715401,29.808395385742188,5.791084531301888,-11.922618865966797,7.887746846664582,-83.06078338623047,-419.4984614460613,-553.2158203125,133.05853986283418,181.69888305664062,65.94672142126309,-0.7610824108123779,51.504569302378485,87.12351989746094,13.868643794768154,-76.21776580810547,31.462832532745974,112.3004150390625,16.911026412781816,-34.604583740234375,25.4817045538681,30.30028533935547,-1.4766071770137872,-72.88526153564453,21.09498555967913,44.106101989746094,10.790073224911675,-31.09315299987793,10.293083973447168,26.440574645996094,2.296116290096277,-34.19404602050781,11.626864282620742,27.653888702392578,0.007512638267998497,-41.17789840698242,12.308598458527696,35.25185012817383,2.2639882126555277,-24.242006301879883,8.770834848898508,5.0,427.44913597047434,154.32211754718926,50.0,79.50060063569991,0.21349142491817474,0.035155215439490434,0.00010034901788458228,0.04549899970403138,53,0.0,0.003311338135972619,0.05754423141479492,2734.9668756136116,1549.0953862291904,721.4785070396501,450.03812508574504,3893.969716199145,1232.1291524959213,385.7225019128827,591.7217141151051,0.4617709517478943,0.016559835162294624,2.685012987058144e-05,0.05091326926448594,6500.0,2501.1232028753993,406.25,1496.6139941358813,0.43017578125,0.06019743410543131,0.01416015625,0.04911381277790202,1
10.0,16.71464289801037,0.0,33.55694580078125,6.24909185882384,-33.59099578857422,10.404746010109603,23.990367889404297,2.0490285937968915,-41.2349739074707,11.940181343746662,26.823551177978516,5.490781387677208,-30.186565399169922,9.727690944192169,22.325077056884766,3.226665048244091,-23.77517318725586,8.921289676835547,-139.6763458251953,-490.08386040343265,-596.8682861328125,130.02054850142864,236.765625,75.82907198336177,7.289188385009766,70.48047617301937,114.74687194824219,27.7410323048552,-34.11964416503906,27.905886960776375,87.58903503417969,12.977214557056229,-40.84776306152344,20.834878135150433,36.73091125488281,2.6191642756660145,-68.78120422363281,21.747161986423635,43.12596130371094,10.69724951482143,-36.2054328918457,12.870248921420723,29.961563110351562,3.556429527200068,-49.2368049621582,14.731340654673616,30.743013381958008,3.6400859882942025,-48.152732849121094,12.542897133817114,27.61774444580078,7.600191092648255,-37.578521728515625,10.610107335340349,5.0,500.0,94.5318494542933,50.0,71.87558599153519,0.1872742772102356,0.03059608552461905,0.0001396099105477333,0.04928922700369749,54,0.0,0.0033724731765687466,0.05807299539446831,2804.1784213137857,1548.092549806309,336.82778092273537,600.0233607298512,3251.6217060507133,1157.7082245997244,293.5405430709403,633.785004585498,0.2039012908935547,0.012100397311565356,2.500808477634564e-06,0.021742400668171694,6554.6875,2529.6275958466454,117.1875,1767.1587979884712,0.1708984375,0.05145829173322684,0.00439453125,0.036098478457045974,1
10.0,13.967927087326071,0.0,49.11207580566406,10.669284589374408,-23.285890579223633,11.606872486104962,27.626102447509766,3.2129844917466466,-32.9697265625,10.787804684734994,33.04005813598633,5.4124043526264805,-17.0208740234375,8.012154688690703,20.50259780883789,2.497370246309823,-40.24801254272461,9.512530949030872,-152.48538208007812,-503.1560221419167,-642.7384643554688,157.4931689258664,222.22149658203125,79.79104029608611,-20.552881240844727,69.06574321708743,95.83494567871094,28.60792029141999,-43.3865966796875,24.711489385346496,125.06581115722656,26.484389923631955,-21.894851684570312,21.50427249015633,47.48651123046875,3.508930400632822,-80.70575714111328,25.2618137661447,44.89601135253906,12.126945301937981,-23.343952178955078,13.860162524061742,33.581485748291016,8.329253522827983,-43.12157440185547,13.929031260686711,32.70081329345703,6.630296225555408,-42.2757568359375,15.049209797092928,29.409557342529297,6.945131690881123,-30.969663619995117,9.845076459089983,5.0,339.07748851015424,78.9744080861681,50.0,34.57479818125653,0.11719104647636414,0.022057449351494073,0.00022502672800328583,0.030834136255329908,55,0.0,0.0014395747566595674,0.03794173151254654,2582.8947202863815,1654.055577066078,554.3704306817297,580.4359247147557,4385.912727816475,1267.483699157348,299.1751027926424,788.3448198558024,0.15844589471817017,0.010270209999402804,2.690389555937145e-05,0.023859040822588672,5921.875,2810.7777555910543,125.0,1886.9324507776685,0.53955078125,0.04569875698881789,0.0048828125,0.07355375262123688,1
10.0,17.149136829415895,0.0,31.659103393554688,8.092937750462145,-26.347454071044922,6.356598501754678,21.479412078857422,6.168169573758738,-16.605749130249023,6.006364512114944,14.425853729248047,4.235641208843301,-24.98128890991211,6.98369520276523,37.92167663574219,5.577280339912866,-12.323625564575195,4.713474094500671,-224.2281951904297,-506.35697776136305,-545.764892578125,75.59617304238411,195.1312255859375,36.13228882158907,5.4264631271362305,47.45939722328534,93.71270751953125,19.670469179701882,1.4866611957550049,18.490806018478363,65.0689697265625,15.092883508616744,0.28812962770462036,11.718230080222703,60.519474029541016,13.284863492551322,-5.321646213531494,9.652480078321036,34.25349426269531,11.269169165874823,-13.313575744628906,7.259594571402996,47.36475372314453,9.742556695740063,-32.13271713256836,9.023141285748402,41.95793151855469,10.078424815838328,-10.8477783203125,7.500873928566082,24.07198143005371,6.4602235944126365,-40.06599426269531,8.65789151250812,5.0,202.50592844278123,64.82739870455015,50.0,36.10089133434684,0.21347233653068542,0.01688901717790749,0.0002028122398769483,0.04293346511601821,56,0.0,0.0021319270599633455,0.046172793954610825,2886.5432244936874,1907.5974578409844,477.4501232427513,501.4367112363557,2814.9495608214966,1345.7938177004173,169.49784510711163,583.800518592918,0.1128842905163765,0.01037817530998665,1.2274555047042668e-05,0.011987366136496664,7156.25,3388.6281948881788,140.625,1816.0244176546603,0.11181640625,0.0390312999201278,0.00341796875,0.02198110849475027,1
10.0,18.46439483307568,0.0,28.712081909179688,4.163754455078714,-23.483135223388672,8.969149463440127,18.16455078125,0.6340951508226486,-25.938207626342773,9.554243736816632,15.706661224365234,0.8976022621122793,-21.24740219116211,8.459202492561962,21.82672882080078,2.345558665954648,-23.074378967285156,7.466475629488195,-386.6850280761719,-622.6292898159819,-699.124267578125,78.96504029026103,193.440185546875,70.21353682199606,-0.4497565031051636,53.2377911727734,87.33824920654297,33.982435965309506,-20.983219146728516,22.368051583836845,104.69317626953125,19.69797461263288,-24.534013748168945,21.125687261284597,48.06047821044922,7.797114187464737,-38.03239440917969,15.176022474790251,36.318992614746094,9.378049739823936,-24.04293441772461,9.40435402440396,29.243167877197266,7.835704388769385,-22.558589935302734,7.986722966283917,29.78569793701172,5.078227964643473,-33.3736457824707,9.876653063493315,22.241212844848633,3.3493498478787016,-24.20219612121582,9.157655017960577,5.0,500.0,127.00164980500007,50.0,106.92165310319596,0.035197362303733826,0.005347864453020352,5.844319821335375e-05,0.008922429262547273,57,0.0,0.00010838258458534256,0.01041069533675909,2593.5782781475573,1862.097839988115,644.8550394059595,564.4639172186183,3480.21060351158,1567.1335200695166,350.3563502651801,805.763149493642,0.2026377171278,0.039464269677189065,2.216408211097587e-05,0.04832949395439861,6656.25,3537.090654952077,273.4375,2052.3858068825807,0.22998046875,0.07828724041533547,0.009765625,0.055158511125922995,1
10.0,18.177600805888034,0.0,51.78373718261719,7.443100460409261,-27.15032196044922,13.67301018007272,34.95781707763672,-0.34125087583979097,-37.99498748779297,10.982197012140253,23.537416458129883,1.353642616028222,-28.852628707885742,9.600088634511723,16.872180938720703,-1.5951876520348813,-41.44024658203125,9.691244195328505,-207.99624633789062,-493.2682562879861,-664.8593139648438,147.3645200882017,226.64724731445312,94.48045464293264,3.1884796619415283,67.42469099093316,98.79296875,14.233983330071544,-62.54597091674805,30.866992618596356,137.87255859375,27.27701224972265,-27.597679138183594,28.87521753619778,42.95177459716797,-3.188117210809796,-70.76742553710938,25.292743283744247,46.0810546875,0.6524537358516321,-45.72278594970703,18.077194672445092,52.01288604736328,12.09011974549903,-30.991943359375,15.74062367981354,32.215911865234375,-4.07759163573908,-50.31382369995117,16.25338805405039,27.645225524902344,0.3118623075203393,-42.35536575317383,12.145065145667305,5.0,500.0,135.2584980721563,50.0,84.6123914564844,0.10343669354915619,0.022305916795337284,3.7925794458715245e-05,0.02361160215426601,58,0.0,0.0010586900170892477,0.03253751993179321,2585.4218458947867,1505.2528763168946,469.9571129764956,647.4209662537429,3456.3956796335515,1287.62239284835,212.0594283928092,814.752708921076,0.21580836176872253,0.02107827592092867,6.1848863879276905e-06,0.03831338404220909,6421.875,2702.051717252396,187.5,1991.5893520309726,0.23046875,0.06704897164536741,0.0078125,0.043922996062960254,1
10.0,16.998122728787504,0.0,46.86265563964844,1.003812037384548,-46.65462875366211,15.191882883077913,16.06886863708496,-3.5564669956224035,-39.398162841796875,9.310056584521732,30.788143157958984,3.087781604938804,-19.41729164123535,8.535601906779483,19.383771896362305,-3.3720931186795995,-37.3453369140625,10.555616445817328,-251.9590301513672,-515.7848763267834,-674.7039184570312,141.12315381440504,191.08303833007812,84.08494847727279,-9.715612411499023,63.213843307051384,110.39474487304688,14.28623338581655,-75.66403198242188,34.372177627422595,139.72470092773438,27.16578403029579,-26.047103881835938,26.14636653188245,54.4124755859375,2.9843527333804976,-49.336753845214844,19.168786501159055,49.51493835449219,1.0440019443393134,-31.066570281982422,14.520775835812028,38.25336456298828,1.78658405803263,-47.47056579589844,14.393787771434333,19.309165954589844,-0.4435979161804286,-33.24262237548828,9.595540828028852,15.745805740356445,-4.0862766252681855,-45.077571868896484,11.055576691138173,5.0,500.0,158.48935574430016,50.0,111.63737110010392,0.0653434544801712,0.014394522342807326,2.819394285324961e-05,0.015470781309021022,59,0.0,0.00044899751082994044,0.021189561113715172,2562.1502893136794,1612.8004067113802,481.6643120315389,640.5007168533323,4270.34116713255,1504.1528692148968,275.5747442946439,961.2782734455176,0.3961336612701416,0.05149644688462606,1.17437293738476e-05,0.095301474524676,6648.4375,3100.314496805112,328.125,2127.0934124479722,0.38037109375,0.10067641773162939,0.01025390625,0.08087467012921629,1
10.0,15.258903445553191,0.0,29.512996673583984,-5.412221847875627,-38.32365417480469,10.898342063576955,22.70627212524414,-3.6828600918904395,-35.11235809326172,8.40101044766716,26.151214599609375,-2.801997674840855,-28.578182220458984,8.428712696717197,19.762842178344727,-6.437339196106951,-34.895118713378906,10.223404040896206,-235.83741760253906,-477.1084021548384,-657.2755737304688,93.17608466216657,239.55764770507812,143.52183951523907,7.144385814666748,64.08683621736155,105.56314086914062,38.34503397877974,-104.44032287597656,36.602744030770175,110.85733032226562,36.92312070969363,-14.678380966186523,21.80836730783896,90.32745361328125,20.16925536206731,-34.32594299316406,23.49678760755898,55.89410400390625,6.099848921002341,-38.237335205078125,19.28147262195077,35.316932678222656,-0.2579573167708385,-44.688087463378906,15.432404392335838,34.490081787109375,5.1684260848831824,-26.659961700439453,10.921901725371892,25.17285919189453,-6.069285348788111,-49.754554748535156,13.131854171017247,5.0,501.1363636363636,111.1351652867103,50.0,84.9511680201673,0.12358813732862473,0.021089673515715734,0.00011227869981667027,0.021925133745751075,60,0.0,0.0009264652035199106,0.0304378904402256,7238.388553433241,2985.981617455347,1215.7453787615148,1364.7419497995736,8071.035347329202,1875.150149004239,538.5454749318096,1641.6147873501034,0.23141108453273773,0.0061127485692774345,6.489250154118054e-06,0.02307341908226096,17549.560546875,3349.9119167814674,301.46484375,3992.5522328539773,0.33251953125,0.035481393198955914,0.00341796875,0.051455211713602664,1
10.0,10.428130899625458,0.0,29.599578857421875,1.483401148085182,-30.095600128173828,7.431191673715584,21.409244537353516,0.03133852588846899,-28.939884185791016,8.01889202707481,28.568767547607422,1.919713522806729,-28.268760681152344,7.957379577268518,31.93778419494629,1.8710190854845634,-26.917865753173828,7.2815273337959905,-240.21005249023438,-572.9922329577382,-666.4010620117188,121.48125149242762,198.743408203125,62.10645328588317,-31.930734634399414,61.98724400520978,98.87753295898438,21.191196462567333,-66.73992919921875,25.115245429117447,105.30230712890625,23.02316869971647,-12.945093154907227,20.24959436408349,77.71377563476562,7.6359170114323325,-40.5307731628418,17.18238295745576,50.395469665527344,5.012838819727038,-42.9127197265625,12.967948067690202,27.873186111450195,-1.8597682751110147,-68.07331848144531,14.250017137988138,34.394920349121094,4.771658164814219,-18.96118927001953,7.3250738361922485,29.416820526123047,2.5351071471473734,-29.839813232421875,9.310205056579678,5.0,501.1363636363636,130.38694801,50.0,87.80788301246278,0.09658870846033096,0.00950862189893931,5.351634172257036e-05,0.01962861142161696,61,0.0,0.00047636040835641325,0.021825680509209633,7455.952260272169,5528.170476597215,1695.4250253601663,1780.4009210345214,9675.936046533156,5363.127756991445,534.6403623490778,2868.469544582608,0.33086124062538147,0.05961346508333095,6.977613793424098e-06,0.07411668204042844,18453.955078125,11662.477738453452,279.931640625,6240.45749439044,0.43994140625,0.10532033968967518,0.00390625,0.08583634554481143,0
10.0,19.35892807170524,0.0,32.33238983154297,5.2523355256861155,-17.30792808532715,7.191294155540494,24.411624908447266,0.7275461393263701,-28.957767486572266,7.760604708864657,20.37992286682129,-2.8666767656301815,-55.62586212158203,9.760443807346622,35.41053009033203,2.0792524883493333,-25.619338989257812,8.542842386052419,-281.1102600097656,-560.3494287831601,-656.7499389648438,101.1827860790886,223.90359497070312,78.40456273218318,4.918981552124023,66.74176285946884,109.20809936523438,35.478399893731364,-32.67747497558594,30.428338434439553,106.21760559082031,32.29741777856499,-16.217487335205078,24.623371603591373,78.95484924316406,11.575373331452191,-46.81342315673828,18.540096876707583,45.28202819824219,7.123253388187725,-53.477108001708984,15.936675019924467,45.53144073486328,6.566119266081852,-29.519474029541016,10.352814993130682,36.08301544189453,5.778970193333941,-26.642786026000977,8.281736274001863,22.24481964111328,0.5801534787632888,-44.811893463134766,10.997827267063418,5.0,501.1363636363636,145.5855377982079,50.0,91.43365954732435,0.12401900440454483,0.0165621023674092,6.987901724642143e-05,0.02372153548588368,62,0.0,0.0008381238440051675,0.028950370848178864,7342.893987604953,4711.350199123147,1259.2682759203474,2226.9297175475413,9277.735676232245,4042.6266706326387,391.279659515427,3105.773908757305,0.3187487721443176,0.032520943595586015,1.9061274088016944e-06,0.048666718493471164,18109.423828125,8676.132223390372,258.3984375,7496.605576766058,0.3837890625,0.06586528875435035,0.00048828125,0.06725671438316723,1
10.0,15.745916413617588,0.0,49.82658004760742,8.593781442366316,-20.8966064453125,8.502848509389745,34.73784637451172,5.864953080282963,-22.65953826904297,6.8529212550709415,22.760311126708984,2.449049780521274,-23.909893035888672,6.572973799609938,24.747894287109375,2.693423312217896,-22.842493057250977,6.026302961625393,-270.0376892089844,-532.7826842199622,-597.2098999023438,82.27826277434298,192.36093139648438,51.69451842071562,0.6863396763801575,55.02851378780719,108.64173889160156,23.420792484677584,-53.058265686035156,24.20617980251778,93.97474670410156,23.178780466663866,-6.616428852081299,22.85792744878737,70.54194641113281,12.251513289136428,-18.536212921142578,15.990496942938897,60.85935974121094,10.012149558482548,-23.945661544799805,13.919270086749805,40.606231689453125,9.021998405612123,-15.574783325195312,9.29995501303656,43.47700881958008,7.967337447916549,-23.538349151611328,9.522195442179916,33.80434036254883,5.424804547408341,-24.457509994506836,8.736753858388033,5.0,501.1363636363636,152.87735423570967,50.0,128.3655655877517,0.18491721153259277,0.01783228270120888,6.190808198880404e-05,0.034046106834856205,63,0.0,0.001478284364566207,0.03844846412539482,7297.339047933057,5184.299329856099,1473.556897315609,1851.6966714015728,10690.418749348773,4216.44806334995,382.65585440230006,2709.7023666329683,0.24277107417583466,0.025558912970316736,2.326637513760943e-06,0.04190819099949626,18540.087890625,9679.399629314095,43.06640625,6503.262727318588,0.33154296875,0.05879653966067285,0.00146484375,0.06017068643279193,1
10.0,18.622522585858874,0.0,21.830242156982422,2.348951129186596,-31.161964416503906,8.065410395282772,26.8387451171875,0.36527232097120405,-32.72389602661133,8.621546238935519,21.65508270263672,-4.234540717965834,-39.87025451660156,9.452083769823764,42.17535400390625,1.1429603670717254,-34.063602447509766,11.90055038461024,-312.9817199707031,-550.6141548245247,-659.60595703125,93.18325873584065,210.738525390625,87.85847596755022,-18.219192504882812,58.376418262270256,94.94058227539062,32.33753082221871,-46.93974304199219,28.02831918341494,90.02700805664062,26.36223960560671,-16.02519989013672,18.486309388874396,75.34498596191406,11.314761601267447,-38.703102111816406,18.221124881934582,44.858612060546875,2.695388142961637,-47.1556510925293,17.750637983738056,31.548721313476562,-1.39041507762712,-48.058876037597656,14.702964982637434,34.71538543701172,1.3728755646473847,-36.260955810546875,10.139490754399315,28.14938735961914,-3.6283056236578806,-50.88988494873047,14.91741577022235,5.0,501.1363636363636,149.35429701363051,50.0,65.74403764322123,0.09243741631507874,0.01192614936508424,4.026381066069007e-05,0.018138247040543867,64,0.0,0.00047159663517959416,0.021716276183724403,7313.565569225795,4448.970454029514,1551.7412724069752,1801.340782541414,10280.07594349447,3367.938743455802,560.2283872310383,2569.92978292543,0.30258631706237793,0.022705755900206365,4.746855211124057e-06,0.04149141628048114,17958.69140625,7112.85165313225,258.3984375,6292.432708997441,0.34912109375,0.05525395156612529,0.00537109375,0.060775859238907215,1
10.0,13.168577175727988,0.0,21.171546936035156,-1.068935850748239,-29.8697452545166,8.546792271650594,25.50039291381836,0.07894779141909017,-28.191307067871094,8.514292378385814,13.624689102172852,-3.2361241728543475,-22.88910675048828,7.216553349297101,24.61473274230957,-1.4014423196308148,-36.17426300048828,8.592794788026875,-166.17613220214844,-328.56290457728574,-468.23809814453125,80.01207683000554,146.59649658203125,79.45814434722209,-87.67169952392578,40.63867373114337,71.96986389160156,10.533044997781229,-96.43817901611328,34.139910505365464,95.60108947753906,22.092364467751864,-51.874481201171875,27.835294387117813,13.798582077026367,-17.15557475179172,-78.14213562011719,20.25538839622222,43.31166076660156,17.902613654970743,-14.512524604797363,11.636322428949796,28.606477737426758,-6.9963145017528685,-39.94429016113281,11.59524499476239,34.65431213378906,2.841881962391896,-28.371841430664062,11.400670304860082,38.63672637939453,-2.09178955162676,-25.221363067626953,10.589511074403118,5.0,500.0,177.4424845505592,50.726345032669265,53.497474261723596,0.06729768216609955,0.021301534782630947,0.004097326658666134,0.013166208514534438,65,0.0,0.0006293252226896584,0.024787453934550285,2743.6311316268457,1773.3460632333147,895.5821073663632,336.0113440230426,5081.694206465826,1809.4527254400325,804.4695298650826,817.653050821625,0.2009812593460083,0.01905574391227061,0.0007027428946457803,0.03375562630119927,7171.875,3776.9818290734825,1109.375,1283.0392987003843,0.53564453125,0.09732240914536741,0.0107421875,0.0928916420561125,0
10.0,11.911450604270795,0.0,22.105857849121094,1.3577300822868135,-24.8228759765625,10.724211734913354,24.318382263183594,-3.016960256301557,-29.651844024658203,9.535197548398228,16.212730407714844,-2.2237683884775676,-21.56814956665039,6.481145586599893,9.843111038208008,-10.175154763669633,-41.855224609375,9.463178925854887,-167.3392791748047,-335.6415997587454,-617.3797607421875,74.36863035729712,159.53160095214844,97.29863396391701,-59.63250732421875,40.05132454613705,80.36471557617188,14.09103955571263,-76.57806396484375,31.256088483011577,104.25340270996094,29.076975682982432,-29.83190155029297,28.856561848590992,45.3442268371582,-8.325843244552994,-70.17047119140625,21.070050583220038,49.63800811767578,10.212308801972448,-30.214569091796875,14.73587804607915,35.88458251953125,2.136365427626684,-36.766483306884766,11.064883680411048,28.30368423461914,6.823476669220879,-29.594459533691406,10.078637922144383,20.615829467773438,-5.753688196309458,-28.477821350097656,9.314459255772267,5.0,472.8534355022809,121.27650407085798,51.55153987570895,41.340647409007794,0.057985320687294006,0.021380671291439512,0.0014665824128314853,0.01339155097468578,66,0.0,0.0006389744812622666,0.02498280443251133,2814.6770919270602,1658.088148562257,971.9203733257423,353.9030368953158,5203.565856405325,1480.507141190616,656.5085532861285,772.6079124100734,0.16536632180213928,0.013538535731396796,0.00038930255686864257,0.02484969525147792,6867.1875,3089.107428115016,687.5,1374.866079165063,0.55078125,0.08178632937300319,0.013671875,0.08711072586729433,0
10.0,10.443709893367021,0.0,23.03350257873535,4.217419660177094,-21.88494110107422,6.921657201476299,24.959407806396484,1.7935272356072745,-15.950937271118164,7.447463023591433,18.62677764892578,-7.2678189834181115,-24.993370056152344,7.23020676873372,23.881309509277344,2.400320803966766,-13.540987014770508,7.3002136968321665,-206.0889129638672,-370.655335545159,-635.646240234375,77.52955570833798,121.18199157714844,64.89555936099622,-92.14155578613281,33.579737757304294,74.82669830322266,11.17317679476814,-93.31664276123047,32.11700013143393,98.23185729980469,24.55088313433309,-26.696184158325195,25.00159090414242,23.42557716369629,-12.402338712645795,-72.71832275390625,19.14549490334372,51.00819778442383,17.55688447474291,-20.83743667602539,12.486252001432074,14.678940773010254,-5.637258237971666,-32.8007698059082,9.759784862670555,34.420005798339844,2.0804223409190343,-32.9573860168457,9.776142848804701,14.715217590332031,-5.269247552742973,-24.81173324584961,7.323089518093677,5.0,384.6720316890431,214.58767552851884,50.9722529607082,68.65052460939353,0.042510922998189926,0.012495030761330416,0.002124418970197439,0.008875598641794262,67,0.0,0.00023573746148031205,0.014862137846648693,2794.1217587271344,1903.208041863682,1105.7964405596986,274.29601654062566,4716.344340632177,1972.4473255486325,961.9641095486315,708.3080236041536,0.1069212406873703,0.016566124505559787,0.0014901825925335288,0.01755075564987258,7007.8125,4257.238418530352,2062.5,833.9077081191887,0.5771484375,0.10303982378194888,0.001953125,0.09945943981458186,0
