fold,rank,feature,mutual_info_score
1,1,std_delta_delta_log_energy,0.10531062891716858
1,2,mean_MFCC_2nd_coef,0.0985721723926134
1,3,tqwt_energy_dec_27,0.0985526025693435
1,4,tqwt_stdValue_dec_15,0.09509368401659679
1,5,tqwt_TKEO_mean_dec_16,0.09409247206102145
1,6,tqwt_entropy_log_dec_35,0.09248602829807928
1,7,std_8th_delta_delta,0.09149498400018641
1,8,tqwt_entropy_log_dec_11,0.0910860437084795
1,9,tqwt_maxValue_dec_12,0.0906179873220101
1,10,std_delta_log_energy,0.08967156848307534
1,11,tqwt_medianValue_dec_10,0.08895575770423036
1,12,tqwt_TKEO_std_dec_12,0.0883848629674131
1,13,app_entropy_shannon_5_coef,0.08835501347876584
1,14,app_LT_entropy_shannon_8_coef,0.0877794859081138
1,15,tqwt_entropy_log_dec_27,0.08666462697374211
1,16,app_LT_entropy_shannon_9_coef,0.08633148735385321
1,17,std_7th_delta_delta,0.08576151527650855
1,18,tqwt_TKEO_mean_dec_11,0.08523232791879587
1,19,app_LT_entropy_shannon_10_coef,0.08509361717571862
1,20,tqwt_skewnessValue_dec_22,0.08464348051661474
1,21,tqwt_entropy_shannon_dec_35,0.08463133829890945
1,22,std_3rd_delta,0.08397996391857432
1,23,tqwt_entropy_log_dec_16,0.08366023746557127
1,24,tqwt_kurtosisValue_dec_36,0.08268323797421862
1,25,tqwt_stdValue_dec_12,0.08250117939522772
1,26,tqwt_entropy_log_dec_17,0.08228851695064399
1,27,tqwt_TKEO_mean_dec_12,0.08220987753216047
1,28,app_LT_entropy_log_10_coef,0.08181494078878826
1,29,minIntensity,0.08151831874281856
1,30,app_LT_entropy_log_8_coef,0.08150369072569985
1,31,app_LT_entropy_shannon_7_coef,0.08114723878142516
1,32,app_LT_entropy_log_9_coef,0.08113604366687643
1,33,tqwt_TKEO_std_dec_13,0.08111477462373284
1,34,tqwt_entropy_shannon_dec_27,0.08075231909821934
1,35,tqwt_entropy_shannon_dec_15,0.08064217605220869
1,36,tqwt_TKEO_std_dec_7,0.08049960888153906
1,37,app_entropy_log_5_coef,0.0804655789488431
1,38,tqwt_entropy_shannon_dec_11,0.07972515875183395
1,39,tqwt_skewnessValue_dec_36,0.07955036823813688
1,40,tqwt_TKEO_mean_dec_8,0.0793551743702905
1,41,tqwt_kurtosisValue_dec_26,0.07920873202061496
1,42,tqwt_entropy_shannon_dec_14,0.07910693188316964
1,43,app_TKEO_std_2_coef,0.07848251105077364
1,44,app_TKEO_std_10_coef,0.07833653530453288
1,45,std_9th_delta_delta,0.07831003454087693
1,46,app_entropy_shannon_8_coef,0.0780615047038169
1,47,app_entropy_shannon_9_coef,0.07789137782953781
1,48,tqwt_minValue_dec_10,0.07718153664847249
1,49,tqwt_entropy_shannon_dec_36,0.07715827254206209
1,50,tqwt_entropy_log_dec_12,0.07711800068016927
1,51,tqwt_minValue_dec_12,0.0769883128650708
1,52,tqwt_entropy_shannon_dec_16,0.07678678939109362
1,53,app_LT_entropy_shannon_6_coef,0.07645479329600446
1,54,app_LT_entropy_shannon_3_coef,0.07608392874001058
1,55,tqwt_medianValue_dec_8,0.07580716275786403
1,56,tqwt_energy_dec_25,0.07548106678205069
1,57,tqwt_skewnessValue_dec_24,0.0752464156665742
1,58,std_9th_delta,0.07453781454818675
1,59,app_entropy_shannon_7_coef,0.07453319997876462
1,60,tqwt_TKEO_std_dec_11,0.07447213853732615
1,61,app_entropy_shannon_3_coef,0.07440451248986513
1,62,app_entropy_shannon_10_coef,0.0742109670654334
1,63,tqwt_stdValue_dec_16,0.07400775635321288
1,64,std_6th_delta_delta,0.0737026810929855
1,65,std_6th_delta,0.07370250658982824
1,66,tqwt_TKEO_std_dec_16,0.07367875980886152
1,67,tqwt_skewnessValue_dec_23,0.0736295768582238
1,68,tqwt_skewnessValue_dec_30,0.07356926261880292
1,69,tqwt_minValue_dec_13,0.07333499097672402
1,70,app_entropy_log_3_coef,0.07304194934626707
1,71,app_entropy_shannon_4_coef,0.07301127780238703
1,72,tqwt_maxValue_dec_17,0.07224592107175565
1,73,tqwt_entropy_log_dec_15,0.0722209573774919
1,74,app_entropy_log_10_coef,0.07202928509443685
1,75,tqwt_energy_dec_26,0.07172887969366282
1,76,app_TKEO_std_9_coef,0.07156182643961717
1,77,apq11Shimmer,0.07154539347966415
1,78,app_LT_entropy_log_5_coef,0.07148034146741722
1,79,tqwt_TKEO_mean_dec_13,0.0713906815157066
1,80,app_LT_TKEO_mean_9_coef,0.07129541424948882
1,81,tqwt_minValue_dec_17,0.07091091258587601
1,82,tqwt_TKEO_std_dec_15,0.07086897871446163
1,83,tqwt_medianValue_dec_34,0.07074011372537381
1,84,std_8th_delta,0.07070911519966683
1,85,tqwt_minValue_dec_11,0.07036259059298722
1,86,std_11th_delta_delta,0.070173934860845
1,87,app_LT_entropy_log_6_coef,0.07012798601519532
1,88,app_LT_entropy_log_7_coef,0.07011957702316196
1,89,app_entropy_log_8_coef,0.07010451827566144
1,90,app_TKEO_std_7_coef,0.06989511591038533
1,91,app_LT_TKEO_mean_1_coef,0.06974614147216363
1,92,tqwt_entropy_log_dec_26,0.06939246929647269
1,93,app_entropy_log_9_coef,0.06939049563619415
1,94,tqwt_medianValue_dec_16,0.06921695526452676
1,95,tqwt_entropy_log_dec_13,0.06915156574489756
1,96,tqwt_maxValue_dec_11,0.0689747587893057
1,97,tqwt_medianValue_dec_25,0.06872154076665637
1,98,tqwt_medianValue_dec_26,0.06841862525604747
1,99,app_LT_TKEO_std_5_coef,0.06811560834888608
1,100,std_4th_delta_delta,0.06786930709762418
1,101,std_Log_energy,0.06713732112897919
1,102,tqwt_TKEO_mean_dec_17,0.06690938859781159
1,103,maxIntensity,0.06663703751252825
1,104,app_TKEO_std_5_coef,0.0663534670500705
1,105,GNE_mean,0.06566530872090692
1,106,meanIntensity,0.06556250422317067
1,107,tqwt_skewnessValue_dec_13,0.06542487126209062
1,108,app_LT_TKEO_std_2_coef,0.06534160823491297
1,109,tqwt_stdValue_dec_14,0.06474685254423562
1,110,app_LT_entropy_log_2_coef,0.06464303475686006
1,111,app_det_TKEO_mean_10_coef,0.06451491031387646
1,112,app_entropy_log_6_coef,0.06433103027536546
1,113,app_entropy_shannon_6_coef,0.06396536934119124
1,114,app_LT_entropy_shannon_5_coef,0.06393978512904752
1,115,tqwt_entropy_log_dec_19,0.0630032549730466
1,116,std_10th_delta,0.06287281892542373
1,117,app_entropy_log_2_coef,0.06259733749516627
1,118,tqwt_skewnessValue_dec_25,0.06253452756295497
1,119,app_det_TKEO_mean_1_coef,0.06244312399018326
1,120,app_entropy_shannon_2_coef,0.062322143878896785
1,121,tqwt_skewnessValue_dec_26,0.06214917951432608
1,122,tqwt_entropy_shannon_dec_8,0.06169018162103446
1,123,tqwt_minValue_dec_15,0.06138997388972678
1,124,app_LT_TKEO_mean_8_coef,0.061239958627640645
1,125,tqwt_kurtosisValue_dec_27,0.06107752674102862
1,126,tqwt_stdValue_dec_13,0.06099654858025905
1,127,tqwt_entropy_shannon_dec_13,0.06081930250288514
1,128,app_LT_TKEO_std_8_coef,0.06072466123513842
1,129,app_LT_TKEO_std_7_coef,0.060463803691417795
1,130,tqwt_minValue_dec_16,0.06035430899329608
1,131,app_entropy_log_7_coef,0.06016290524846202
1,132,tqwt_entropy_log_dec_6,0.059907686230555646
1,133,meanPeriodPulses,0.059437602858720684
1,134,tqwt_entropy_shannon_dec_7,0.05928566908362343
1,135,app_det_TKEO_mean_5_coef,0.05916941508203366
1,136,std_3rd_delta_delta,0.059129864140384125
1,137,app_LT_TKEO_std_6_coef,0.059020477930895154
1,138,tqwt_TKEO_std_dec_18,0.05893876184865765
1,139,app_TKEO_std_8_coef,0.05859027983125342
1,140,tqwt_energy_dec_16,0.057972650397666525
1,141,numPeriodsPulses,0.057966496547880775
1,142,app_det_TKEO_mean_8_coef,0.05791187418044297
1,143,tqwt_minValue_dec_8,0.05780121688156248
1,144,app_det_TKEO_mean_9_coef,0.05779108367721908
1,145,app_det_TKEO_mean_6_coef,0.057371950172128816
1,146,tqwt_energy_dec_13,0.05719496892757037
1,147,tqwt_TKEO_std_dec_8,0.05719149939345769
1,148,tqwt_kurtosisValue_dec_18,0.05718847236666669
1,149,app_LT_TKEO_std_10_coef,0.05682056358576215
1,150,app_LT_TKEO_mean_4_coef,0.05675281342590632
1,151,tqwt_maxValue_dec_7,0.05671713271120704
1,152,locAbsJitter,0.056640850921964025
1,153,tqwt_skewnessValue_dec_17,0.0565970592982914
1,154,tqwt_minValue_dec_7,0.05658731361510161
1,155,tqwt_medianValue_dec_17,0.05641566827032696
1,156,tqwt_entropy_log_dec_14,0.05640058153851757
1,157,tqwt_medianValue_dec_12,0.05623986448356266
1,158,tqwt_maxValue_dec_16,0.05608801050184731
1,159,tqwt_maxValue_dec_14,0.05589076943240756
1,160,tqwt_stdValue_dec_6,0.05587822983667712
1,161,std_7th_delta,0.055803899180220995
1,162,tqwt_minValue_dec_18,0.055776229606506744
1,163,tqwt_energy_dec_5,0.05574727211929198
1,164,app_LT_entropy_shannon_2_coef,0.0557152483797414
1,165,app_LT_TKEO_mean_10_coef,0.05553967128785464
1,166,app_LT_TKEO_std_4_coef,0.055426475370790707
1,167,tqwt_medianValue_dec_23,0.05537354357771651
1,168,tqwt_stdValue_dec_19,0.05537029248349179
1,169,app_LT_entropy_shannon_4_coef,0.055254254556051485
1,170,tqwt_minValue_dec_33,0.05481388564765166
1,171,tqwt_skewnessValue_dec_18,0.05467446069300408
1,172,tqwt_stdValue_dec_17,0.05464601221289911
1,173,numPulses,0.05450244728283837
1,174,app_TKEO_std_6_coef,0.054465959655778606
1,175,tqwt_entropy_log_dec_20,0.05434116666526978
1,176,tqwt_kurtosisValue_dec_6,0.05422533372452776
1,177,app_det_TKEO_mean_4_coef,0.054155888591540746
1,178,tqwt_TKEO_std_dec_6,0.05388883969434022
1,179,app_LT_entropy_log_3_coef,0.05378638915609413
1,180,tqwt_TKEO_mean_dec_7,0.05373436080700822
1,181,app_det_TKEO_mean_7_coef,0.05333189824598583
1,182,tqwt_stdValue_dec_20,0.05323507873593991
1,183,mean_MFCC_1st_coef,0.05316469365148113
1,184,mean_MFCC_0th_coef,0.053034235872720714
1,185,tqwt_stdValue_dec_36,0.05248916748544685
1,186,tqwt_stdValue_dec_11,0.052376550854289716
1,187,tqwt_maxValue_dec_13,0.05216217225000719
1,188,tqwt_entropy_log_dec_10,0.05190177015380715
1,189,mean_MFCC_5th_coef,0.05183158731786208
1,190,std_11th_delta,0.051807197833822594
1,191,DFA,0.051735290905989384
1,192,ppq5Jitter,0.05173011830490415
1,193,mean_MFCC_3rd_coef,0.05130113432544903
1,194,tqwt_minValue_dec_9,0.050918364004470806
1,195,app_LT_TKEO_mean_6_coef,0.050863339401628016
1,196,app_entropy_log_4_coef,0.05061435734680586
1,197,tqwt_kurtosisValue_dec_28,0.050571551606847676
1,198,rapJitter,0.050330515865848025
1,199,tqwt_minValue_dec_14,0.05022897351824751
1,200,tqwt_maxValue_dec_9,0.04984116926531268
1,201,tqwt_entropy_shannon_dec_17,0.049723086177387854
1,202,tqwt_medianValue_dec_30,0.049684531267488286
1,203,tqwt_stdValue_dec_35,0.049680073133616
1,204,tqwt_minValue_dec_6,0.04960868412981734
1,205,app_LT_entropy_log_4_coef,0.04958917097288995
1,206,tqwt_TKEO_mean_dec_15,0.049206639023390064
1,207,tqwt_energy_dec_12,0.04906681729144191
1,208,tqwt_TKEO_std_dec_14,0.048978175221005005
1,209,tqwt_TKEO_mean_dec_19,0.04863055269446237
1,210,tqwt_stdValue_dec_7,0.048589814516228014
1,211,app_LT_TKEO_mean_2_coef,0.04836687404242679
1,212,app_entropy_shannon_1_coef,0.048277418796596416
1,213,tqwt_stdValue_dec_33,0.048236596526452624
1,214,tqwt_TKEO_mean_dec_9,0.048234484290149426
1,215,app_LT_TKEO_std_9_coef,0.04808046385704001
1,216,tqwt_entropy_shannon_dec_33,0.047753027499314316
1,217,app_LT_TKEO_mean_5_coef,0.047730165442577466
1,218,app_LT_entropy_log_1_coef,0.04738275105939782
1,219,tqwt_entropy_log_dec_34,0.047050476902445126
1,220,tqwt_stdValue_dec_8,0.047029933086816245
1,221,tqwt_stdValue_dec_30,0.04677933562664549
1,222,tqwt_skewnessValue_dec_16,0.04634405964022159
1,223,std_10th_delta_delta,0.0463290309453015
1,224,tqwt_energy_dec_17,0.04631495714661882
1,225,det_LT_TKEO_mean_5_coef,0.04626640501052992
1,226,tqwt_medianValue_dec_20,0.0462240256351889
1,227,tqwt_entropy_shannon_dec_6,0.04608290406488802
1,228,tqwt_entropy_log_dec_33,0.04605992594756514
1,229,tqwt_TKEO_std_dec_20,0.045878523483554146
1,230,det_entropy_log_1_coef,0.04570587245717661
1,231,app_entropy_log_1_coef,0.04563413762101076
1,232,tqwt_TKEO_mean_dec_14,0.045593942571388935
1,233,Ed_2_coef,0.045402419863362464
1,234,locShimmer,0.04534540307323964
1,235,tqwt_medianValue_dec_27,0.04533622157892481
1,236,tqwt_skewnessValue_dec_12,0.04517374200024182
1,237,tqwt_energy_dec_11,0.04505702398280098
1,238,tqwt_stdValue_dec_32,0.044681875226471046
1,239,GNE_SNR_SEO,0.04467357678559192
1,240,tqwt_maxValue_dec_10,0.04462213593141873
1,241,app_LT_TKEO_mean_3_coef,0.04446054319013926
1,242,app_LT_entropy_shannon_1_coef,0.04434114159853775
1,243,locPctJitter,0.044075565133020245
1,244,app_TKEO_std_1_coef,0.04373718156635542
1,245,tqwt_entropy_log_dec_5,0.04355148213027049
1,246,tqwt_TKEO_mean_dec_5,0.04352165912494943
1,247,tqwt_energy_dec_24,0.04231528633187631
1,248,tqwt_entropy_shannon_dec_18,0.04230462963397863
1,249,app_det_TKEO_mean_2_coef,0.04211798958069446
1,250,app_LT_TKEO_std_3_coef,0.042114918707690574
1,251,VFER_mean,0.04208290655519198
1,252,tqwt_maxValue_dec_8,0.0419741887152103
1,253,tqwt_entropy_log_dec_4,0.04191625468253779
1,254,tqwt_entropy_log_dec_36,0.04181309711540071
1,255,tqwt_energy_dec_6,0.04156910700619787
1,256,tqwt_maxValue_dec_15,0.041486555100546774
1,257,tqwt_energy_dec_1,0.04147742143374589
1,258,tqwt_skewnessValue_dec_21,0.040970867066764116
1,259,app_TKEO_std_3_coef,0.04050565231095016
1,260,std_MFCC_1st_coef,0.04046249987116357
1,261,std_5th_delta,0.04025952673530098
1,262,app_LT_TKEO_mean_7_coef,0.04024594742546439
1,263,tqwt_maxValue_dec_1,0.040157723046476246
1,264,Ed_10_coef,0.039921133348980176
1,265,tqwt_entropy_shannon_dec_19,0.039826832711500115
1,266,tqwt_minValue_dec_20,0.039763291878686546
1,267,tqwt_maxValue_dec_35,0.039752812665700965
1,268,tqwt_medianValue_dec_36,0.039360118838375646
1,269,tqwt_TKEO_std_dec_9,0.03915062502474065
1,270,tqwt_medianValue_dec_24,0.03913458073415299
1,271,tqwt_entropy_shannon_dec_12,0.03913219560727765
1,272,std_MFCC_10th_coef,0.03888367948225291
1,273,tqwt_TKEO_std_dec_32,0.0388461438799419
1,274,tqwt_maxValue_dec_34,0.03871087808335316
1,275,Ed2_3_coef,0.03859990706971006
1,276,tqwt_medianValue_dec_18,0.0382936685273223
1,277,VFER_entropy,0.03790894258581612
1,278,IMF_NSR_TKEO,0.03775656623992085
1,279,tqwt_TKEO_std_dec_5,0.037725444239606665
1,280,tqwt_kurtosisValue_dec_35,0.037719122459151766
1,281,det_TKEO_mean_1_coef,0.037404987928755684
1,282,tqwt_TKEO_mean_dec_36,0.037355269259228496
1,283,tqwt_entropy_log_dec_9,0.03733773080439606
1,284,meanNoiseToHarmHarmonicity,0.0371564054906981
1,285,GQ_std_cycle_open,0.03689831013312683
1,286,tqwt_TKEO_mean_dec_30,0.03689414978253858
1,287,tqwt_medianValue_dec_13,0.03684208701072911
1,288,tqwt_TKEO_mean_dec_6,0.0368040507314773
1,289,std_4th_delta,0.03674189621565982
1,290,tqwt_minValue_dec_28,0.03671761703805698
1,291,tqwt_energy_dec_15,0.03656582125306618
1,292,tqwt_energy_dec_14,0.036527359838969486
1,293,tqwt_entropy_log_dec_28,0.03648213078827012
1,294,tqwt_TKEO_std_dec_10,0.03637699717797749
1,295,tqwt_maxValue_dec_36,0.036276566862876614
1,296,tqwt_entropy_shannon_dec_5,0.036039020900791696
1,297,tqwt_TKEO_mean_dec_32,0.03592417430873285
1,298,std_MFCC_4th_coef,0.03589993748343434
1,299,app_det_TKEO_mean_3_coef,0.035749376842309166
1,300,Ed_9_coef,0.03568397010756175
1,301,tqwt_energy_dec_28,0.03562987213440705
1,302,tqwt_skewnessValue_dec_27,0.035557330258531694
1,303,tqwt_stdValue_dec_10,0.035377471422252116
1,304,tqwt_TKEO_mean_dec_10,0.03493618931297782
1,305,tqwt_meanValue_dec_21,0.03485758093876323
1,306,mean_2nd_delta,0.03485744669378832
1,307,apq5Shimmer,0.03484793566754307
1,308,std_12th_delta,0.034817342229642056
1,309,IMF_SNR_SEO,0.03480061575449467
1,310,tqwt_kurtosisValue_dec_2,0.03466213326506695
1,311,tqwt_skewnessValue_dec_11,0.03465072740355324
1,312,mean_6th_delta,0.034624879693735844
1,313,tqwt_kurtosisValue_dec_17,0.033967506852937035
1,314,tqwt_medianValue_dec_22,0.033779497250332025
1,315,app_LT_TKEO_std_1_coef,0.033501695469895454
1,316,tqwt_skewnessValue_dec_8,0.03348356562811694
1,317,tqwt_maxValue_dec_23,0.03324066821327554
1,318,std_12th_delta_delta,0.03319272212516422
1,319,tqwt_TKEO_mean_dec_33,0.032981764300792804
1,320,tqwt_entropy_shannon_dec_4,0.0329169634757871
1,321,tqwt_medianValue_dec_9,0.032843363738212616
1,322,tqwt_entropy_log_dec_1,0.03271824239643695
1,323,tqwt_TKEO_std_dec_2,0.03269328232347268
1,324,tqwt_entropy_log_dec_18,0.032559511011596376
1,325,det_TKEO_std_5_coef,0.03249087977915166
1,326,app_TKEO_std_4_coef,0.032451750444478566
1,327,tqwt_TKEO_mean_dec_34,0.0323703342187156
1,328,tqwt_kurtosisValue_dec_1,0.03221525918349877
1,329,tqwt_medianValue_dec_19,0.03211055309029498
1,330,det_entropy_log_10_coef,0.032070154870403655
1,331,Ed_4_coef,0.0318960596920006
1,332,tqwt_minValue_dec_23,0.03169982913696967
1,333,tqwt_skewnessValue_dec_20,0.0315535155852984
1,334,tqwt_entropy_log_dec_8,0.031491008311408164
1,335,tqwt_stdValue_dec_18,0.031151006268221648
1,336,std_MFCC_9th_coef,0.030961535867494172
1,337,tqwt_minValue_dec_3,0.030858581829439125
1,338,tqwt_TKEO_mean_dec_4,0.03079543974573129
1,339,tqwt_TKEO_mean_dec_20,0.030792213881998487
1,340,tqwt_energy_dec_32,0.030558822679744857
1,341,std_5th_delta_delta,0.030443066093377436
1,342,tqwt_TKEO_std_dec_17,0.030393575037099607
1,343,tqwt_medianValue_dec_21,0.03030732417424775
1,344,std_MFCC_12th_coef,0.030172884191046245
1,345,meanAutoCorrHarmonicity,0.030103284226826288
1,346,tqwt_energy_dec_29,0.030100170208308352
1,347,tqwt_kurtosisValue_dec_19,0.029969462867436958
1,348,f1,0.02960731155851315
1,349,tqwt_minValue_dec_2,0.029582743280043955
1,350,mean_MFCC_12th_coef,0.029352262941062524
1,351,IMF_SNR_entropy,0.02916705090090721
1,352,tqwt_TKEO_mean_dec_18,0.02913136063550059
1,353,tqwt_stdValue_dec_21,0.029083831256016657
1,354,tqwt_kurtosisValue_dec_24,0.02898887531980554
1,355,stdDevPeriodPulses,0.02898752067336474
1,356,tqwt_entropy_shannon_dec_21,0.02884819938626748
1,357,tqwt_TKEO_mean_dec_26,0.028847101543565623
1,358,tqwt_entropy_shannon_dec_34,0.028700673412383138
1,359,tqwt_stdValue_dec_1,0.028668904296487163
1,360,meanHarmToNoiseHarmonicity,0.028598148234219023
1,361,Ed_8_coef,0.028537168245837075
1,362,Ed2_8_coef,0.02853480168055822
1,363,ddpJitter,0.02850797691731599
1,364,mean_delta_delta_log_energy,0.028293064831845793
1,365,tqwt_TKEO_mean_dec_28,0.028272012178047756
1,366,mean_0th_delta,0.028240969604306887
1,367,tqwt_entropy_log_dec_3,0.028134334257177596
1,368,tqwt_kurtosisValue_dec_12,0.02809051568235521
1,369,tqwt_medianValue_dec_5,0.0280112998671318
1,370,tqwt_skewnessValue_dec_28,0.027765097225727953
1,371,tqwt_TKEO_mean_dec_21,0.027731053705555286
1,372,tqwt_medianValue_dec_11,0.027695860429267416
1,373,tqwt_maxValue_dec_19,0.02767888244879857
1,374,tqwt_entropy_shannon_dec_1,0.027643816244352193
1,375,locDbShimmer,0.027600910521180078
1,376,Ed_1_coef,0.02748450661726176
1,377,tqwt_skewnessValue_dec_5,0.027279171550320447
1,378,tqwt_skewnessValue_dec_35,0.027133373309493614
1,379,tqwt_maxValue_dec_4,0.02700893776730595
1,380,det_LT_entropy_log_1_coef,0.02689557753714822
1,381,tqwt_medianValue_dec_7,0.026823421405139936
1,382,tqwt_kurtosisValue_dec_5,0.026616633599217954
1,383,tqwt_skewnessValue_dec_3,0.026616031076299063
1,384,tqwt_stdValue_dec_31,0.026535087042941274
1,385,tqwt_stdValue_dec_34,0.02641798361798231
1,386,tqwt_kurtosisValue_dec_20,0.026374951773709077
1,387,tqwt_entropy_shannon_dec_32,0.026196623082348935
1,388,tqwt_medianValue_dec_33,0.026060502270769614
1,389,tqwt_stdValue_dec_4,0.025984563294332297
1,390,tqwt_maxValue_dec_33,0.02596185330350953
1,391,std_MFCC_7th_coef,0.0257478650224241
1,392,tqwt_kurtosisValue_dec_25,0.025583430355160308
1,393,det_LT_entropy_shannon_9_coef,0.02518893934889954
1,394,det_entropy_log_4_coef,0.02509366604816221
1,395,det_LT_entropy_shannon_10_coef,0.025049738916738118
1,396,tqwt_minValue_dec_34,0.024930346522243463
1,397,mean_MFCC_4th_coef,0.02491035671737185
1,398,mean_11th_delta,0.024897056475890578
1,399,tqwt_energy_dec_21,0.02478333285296408
1,400,mean_10th_delta_delta,0.02473021598918268
1,401,mean_delta_log_energy,0.024728200242765785
1,402,tqwt_kurtosisValue_dec_16,0.024712276845942016
1,403,tqwt_maxValue_dec_32,0.024645709471994515
1,404,tqwt_TKEO_std_dec_3,0.024537256274914876
1,405,tqwt_energy_dec_8,0.024495517237784536
1,406,tqwt_skewnessValue_dec_33,0.02434435073662966
1,407,VFER_NSR_SEO,0.024178582172456276
1,408,tqwt_medianValue_dec_6,0.02411815380389437
1,409,tqwt_TKEO_std_dec_26,0.02397781691283085
1,410,tqwt_stdValue_dec_24,0.02382455715201215
1,411,mean_MFCC_9th_coef,0.023782628476290313
1,412,tqwt_stdValue_dec_5,0.023747851876929627
1,413,det_LT_entropy_shannon_4_coef,0.023689390617788852
1,414,det_LT_entropy_shannon_3_coef,0.02365369264136774
1,415,tqwt_stdValue_dec_27,0.023618951474482897
1,416,tqwt_medianValue_dec_31,0.023490424154197775
1,417,tqwt_maxValue_dec_3,0.023375323887425914
1,418,tqwt_energy_dec_30,0.023266530846259625
1,419,tqwt_maxValue_dec_21,0.02298981615713802
1,420,std_1st_delta_delta,0.022881209288482918
1,421,det_LT_TKEO_mean_3_coef,0.022873785851574624
1,422,std_MFCC_8th_coef,0.02278756304093421
1,423,tqwt_TKEO_mean_dec_27,0.02277765183471603
1,424,tqwt_kurtosisValue_dec_23,0.022750173699592535
1,425,std_MFCC_6th_coef,0.022731381861584632
1,426,tqwt_energy_dec_4,0.022631695420757048
1,427,tqwt_kurtosisValue_dec_15,0.02256488052255534
1,428,tqwt_entropy_shannon_dec_26,0.022560402321643913
1,429,tqwt_TKEO_std_dec_21,0.022417373258622142
1,430,std_2nd_delta,0.022369504551217112
1,431,tqwt_maxValue_dec_5,0.022145136274294375
1,432,IMF_NSR_entropy,0.02208922074763553
1,433,tqwt_TKEO_std_dec_28,0.02184865411004644
1,434,tqwt_entropy_shannon_dec_3,0.02180717635701468
1,435,tqwt_stdValue_dec_26,0.021781238819809756
1,436,tqwt_entropy_shannon_dec_29,0.02162056488922892
1,437,GQ_prc5_95,0.021334300827176245
1,438,tqwt_maxValue_dec_18,0.021183062933104457
1,439,tqwt_skewnessValue_dec_32,0.021180515389659593
1,440,tqwt_stdValue_dec_9,0.021081454658916865
1,441,tqwt_maxValue_dec_2,0.021040760473423292
1,442,gender,0.021026487365370716
1,443,tqwt_medianValue_dec_15,0.020979726514787744
1,444,tqwt_entropy_log_dec_29,0.020936634237815
1,445,tqwt_stdValue_dec_3,0.02091837834889243
1,446,tqwt_medianValue_dec_3,0.02081314847609761
1,447,det_LT_TKEO_std_1_coef,0.020712519638003357
1,448,tqwt_kurtosisValue_dec_22,0.020488175805773334
1,449,mean_MFCC_6th_coef,0.02048081424006254
1,450,tqwt_TKEO_std_dec_19,0.020265378525877953
1,451,std_MFCC_0th_coef,0.020211664292455023
1,452,tqwt_meanValue_dec_4,0.020030875171410445
1,453,tqwt_entropy_log_dec_7,0.020006299335718847
1,454,tqwt_TKEO_std_dec_22,0.019878436920002684
1,455,tqwt_minValue_dec_27,0.019793437802350988
1,456,std_0th_delta,0.019344138433151636
1,457,tqwt_skewnessValue_dec_19,0.019327643920412196
1,458,tqwt_TKEO_std_dec_4,0.01917020068165609
1,459,tqwt_TKEO_std_dec_31,0.019050751427737378
1,460,tqwt_entropy_log_dec_21,0.018709784252679773
1,461,tqwt_medianValue_dec_29,0.018598782106656886
1,462,RPDE,0.01849394663102366
1,463,tqwt_kurtosisValue_dec_34,0.018429772030463587
1,464,tqwt_stdValue_dec_25,0.01842535219875452
1,465,tqwt_entropy_log_dec_23,0.01840152273177642
1,466,det_LT_entropy_log_2_coef,0.018328950893606644
1,467,tqwt_maxValue_dec_28,0.018238889073815656
1,468,mean_11th_delta_delta,0.018208602057943724
1,469,det_LT_TKEO_mean_9_coef,0.018013761908991954
1,470,tqwt_maxValue_dec_20,0.017828019060970313
1,471,det_TKEO_mean_2_coef,0.017754583050904493
1,472,tqwt_TKEO_std_dec_23,0.017642160236272186
1,473,tqwt_energy_dec_2,0.01740125596004405
1,474,tqwt_minValue_dec_19,0.01705699466083499
1,475,tqwt_energy_dec_18,0.017005886096829848
1,476,tqwt_TKEO_mean_dec_3,0.016979174133086028
1,477,det_LT_TKEO_std_7_coef,0.016903160018227892
1,478,tqwt_minValue_dec_35,0.016813696045433035
1,479,det_TKEO_mean_7_coef,0.016810779875227277
1,480,tqwt_energy_dec_35,0.016670385717179714
1,481,det_LT_TKEO_mean_1_coef,0.01665797231432764
1,482,det_LT_TKEO_mean_6_coef,0.016502402635100832
1,483,tqwt_kurtosisValue_dec_4,0.016479800356489882
1,484,GNE_NSR_SEO,0.01644654242647614
1,485,tqwt_maxValue_dec_22,0.016271279208496026
1,486,b1,0.016195716635697188
1,487,tqwt_entropy_shannon_dec_20,0.0158039107457133
1,488,tqwt_TKEO_std_dec_1,0.015757590820056677
1,489,det_LT_entropy_shannon_8_coef,0.01558649148286384
1,490,det_TKEO_std_3_coef,0.0154974113794204
1,491,tqwt_kurtosisValue_dec_11,0.015338937444934642
1,492,tqwt_maxValue_dec_27,0.015259047526019698
1,493,mean_1st_delta,0.015198120231396883
1,494,tqwt_entropy_shannon_dec_9,0.01517672786500679
1,495,det_LT_TKEO_mean_8_coef,0.014991399742143141
1,496,tqwt_minValue_dec_4,0.014908877533171161
1,497,GNE_std,0.014605372159636865
1,498,tqwt_entropy_shannon_dec_22,0.01429740390099199
1,499,Ed_5_coef,0.014145119554016095
1,500,tqwt_energy_dec_10,0.013914002977815088
1,501,tqwt_energy_dec_33,0.013841875806143156
1,502,tqwt_TKEO_mean_dec_35,0.01384170057566303
1,503,VFER_SNR_TKEO,0.013832152074166437
1,504,tqwt_TKEO_std_dec_34,0.013736486114968471
1,505,tqwt_stdValue_dec_28,0.013660858081597782
1,506,Ed2_2_coef,0.013405536616054814
1,507,tqwt_energy_dec_7,0.013123978485924281
1,508,tqwt_entropy_shannon_dec_10,0.013071115584978532
1,509,det_LT_TKEO_mean_4_coef,0.012880773035427895
1,510,tqwt_entropy_shannon_dec_24,0.012771703649359978
1,511,tqwt_minValue_dec_1,0.01244936418099396
1,512,tqwt_medianValue_dec_35,0.01237891719154205
1,513,det_LT_TKEO_std_4_coef,0.01228799430175509
1,514,tqwt_TKEO_mean_dec_2,0.012269496845146666
1,515,det_entropy_shannon_3_coef,0.01203655741058629
1,516,tqwt_minValue_dec_31,0.011841791736417084
1,517,tqwt_kurtosisValue_dec_13,0.011829089569430629
1,518,tqwt_meanValue_dec_3,0.011754392258504387
1,519,tqwt_entropy_shannon_dec_23,0.011621037484081276
1,520,GNE_SNR_TKEO,0.011398934481089862
1,521,tqwt_meanValue_dec_27,0.011292252456349239
1,522,tqwt_TKEO_std_dec_35,0.011157078281140542
1,523,std_MFCC_11th_coef,0.011098831706185974
1,524,tqwt_minValue_dec_21,0.011052792529011368
1,525,tqwt_maxValue_dec_29,0.010996709507490099
1,526,tqwt_TKEO_std_dec_27,0.010955361076266268
1,527,tqwt_entropy_shannon_dec_31,0.0108408966794864
1,528,tqwt_skewnessValue_dec_34,0.010820257915330922
1,529,mean_MFCC_10th_coef,0.010752960662339994
1,530,tqwt_entropy_shannon_dec_28,0.010651883590153233
1,531,mean_4th_delta,0.010591516435017434
1,532,tqwt_energy_dec_9,0.010429936930462125
1,533,tqwt_TKEO_std_dec_36,0.010031754598403664
1,534,tqwt_meanValue_dec_36,0.009992662663587781
1,535,std_MFCC_3rd_coef,0.00991601534781772
1,536,tqwt_maxValue_dec_30,0.009894559220340327
1,537,det_LT_entropy_log_6_coef,0.009887459266527676
1,538,tqwt_entropy_shannon_dec_25,0.009835467613248827
1,539,tqwt_medianValue_dec_1,0.00980176573007907
1,540,Ed_3_coef,0.009783293758902856
1,541,tqwt_stdValue_dec_22,0.00959000545055022
1,542,det_entropy_shannon_8_coef,0.009302552939775222
1,543,mean_7th_delta_delta,0.009022669206385059
1,544,tqwt_TKEO_mean_dec_25,0.008964722002400505
1,545,tqwt_maxValue_dec_26,0.00891404265552942
1,546,Ea2,0.008717308820229253
1,547,tqwt_maxValue_dec_24,0.008595650084763262
1,548,mean_9th_delta_delta,0.008569545576476711
1,549,tqwt_meanValue_dec_32,0.008535417580794347
1,550,tqwt_maxValue_dec_25,0.008517125861685848
1,551,tqwt_kurtosisValue_dec_3,0.008515848030136608
1,552,tqwt_minValue_dec_5,0.008474607683027102
1,553,f3,0.008319074236111446
1,554,tqwt_energy_dec_19,0.008232510123919567
1,555,mean_8th_delta,0.008132748145676105
1,556,Ed2_5_coef,0.00802538231174621
1,557,std_MFCC_5th_coef,0.008008980839163016
1,558,std_1st_delta,0.00800119885676498
1,559,tqwt_entropy_log_dec_30,0.00774535795884379
1,560,tqwt_minValue_dec_29,0.007674668516660432
1,561,det_LT_TKEO_std_3_coef,0.007645994341213491
1,562,tqwt_meanValue_dec_16,0.007606328052992106
1,563,tqwt_entropy_log_dec_32,0.007483790116284084
1,564,tqwt_energy_dec_22,0.007427691824986926
1,565,f2,0.007221305633957398
1,566,tqwt_TKEO_mean_dec_22,0.0071156307160453736
1,567,det_LT_entropy_shannon_2_coef,0.00662610647507611
1,568,tqwt_medianValue_dec_2,0.006442908580396978
1,569,mean_2nd_delta_delta,0.00638398000708662
1,570,tqwt_TKEO_std_dec_33,0.006339463993579431
1,571,tqwt_kurtosisValue_dec_29,0.006228753911046381
1,572,b3,0.006215358880603095
1,573,det_TKEO_mean_5_coef,0.006111278772875206
1,574,Ed2_6_coef,0.0058269940793955755
1,575,tqwt_minValue_dec_36,0.005428056739320564
1,576,tqwt_stdValue_dec_2,0.005401138502937108
1,577,tqwt_kurtosisValue_dec_8,0.005365088532631734
1,578,tqwt_entropy_shannon_dec_2,0.005237153538555361
1,579,det_TKEO_mean_8_coef,0.00518473468301428
1,580,apq3Shimmer,0.00490880491582435
1,581,tqwt_meanValue_dec_30,0.004900744873375329
1,582,tqwt_meanValue_dec_7,0.0048953380322189766
1,583,det_TKEO_std_2_coef,0.004838593242479261
1,584,tqwt_meanValue_dec_25,0.004801011972906055
1,585,IMF_SNR_TKEO,0.0047009567806852726
1,586,tqwt_TKEO_mean_dec_29,0.004692887557366854
1,587,det_LT_TKEO_std_2_coef,0.004680750269568712
1,588,VFER_std,0.004596076631242729
1,589,mean_MFCC_7th_coef,0.004565829322452197
1,590,tqwt_energy_dec_31,0.004367670247134914
1,591,det_TKEO_std_7_coef,0.003988943403300915
1,592,tqwt_skewnessValue_dec_2,0.003701119631032368
1,593,tqwt_meanValue_dec_23,0.003666551601590795
1,594,det_entropy_shannon_1_coef,0.0035249594284683106
1,595,tqwt_meanValue_dec_31,0.003481196010855836
1,596,tqwt_entropy_log_dec_25,0.0034611618531315003
1,597,tqwt_energy_dec_3,0.003384792055218133
1,598,mean_12th_delta_delta,0.0033328881894185702
1,599,tqwt_kurtosisValue_dec_9,0.0032115278976792005
1,600,VFER_NSR_TKEO,0.0031997219906800822
1,601,ddaShimmer,0.0028288389139290437
1,602,tqwt_entropy_log_dec_22,0.0027966825068055368
1,603,mean_Log_energy,0.002712913084231827
1,604,tqwt_TKEO_std_dec_25,0.0026785437134528856
1,605,tqwt_minValue_dec_24,0.0023965618625017004
1,606,tqwt_stdValue_dec_29,0.0022778600599873133
1,607,tqwt_entropy_shannon_dec_30,0.0022522899330952306
1,608,tqwt_skewnessValue_dec_7,0.0021378591892313725
1,609,IMF_NSR_SEO,0.0020622006301853624
1,610,Ed_6_coef,0.002006993941554125
1,611,det_TKEO_std_8_coef,0.0019012384849796948
1,612,det_LT_entropy_shannon_5_coef,0.001723471587930403
1,613,std_delta_delta_0th,0.0016568297821315525
1,614,mean_1st_delta_delta,0.0014731886407857164
1,615,det_LT_TKEO_std_10_coef,0.0014587602250761833
1,616,tqwt_kurtosisValue_dec_21,0.001276756039629623
1,617,mean_5th_delta_delta,0.0012281296264764485
1,618,tqwt_minValue_dec_30,0.0011340108912918367
1,619,det_TKEO_std_6_coef,0.0011016139675359415
1,620,mean_MFCC_8th_coef,0.0009424643092925677
1,621,GNE_NSR_TKEO,0.0009416869563072527
1,622,tqwt_medianValue_dec_4,0.0007112752838416281
1,623,mean_delta_delta_0th,0.000640714614977389
1,624,det_LT_TKEO_std_5_coef,0.0006146378729325885
1,625,Ed2_10_coef,0.00022989006134133128
1,626,det_LT_entropy_shannon_1_coef,0.0001928423425636705
1,627,tqwt_maxValue_dec_31,0.00017019912279181426
1,628,std_2nd_delta_delta,2.5120809983292247e-06
1,629,Ea,0.0
1,630,Ed2_1_coef,0.0
1,631,Ed2_4_coef,0.0
1,632,Ed2_7_coef,0.0
1,633,Ed2_9_coef,0.0
1,634,Ed_7_coef,0.0
1,635,GQ_std_cycle_closed,0.0
1,636,PPE,0.0
1,637,VFER_SNR_SEO,0.0
1,638,b2,0.0
1,639,b4,0.0
1,640,det_LT_TKEO_mean_10_coef,0.0
1,641,det_LT_TKEO_mean_2_coef,0.0
1,642,det_LT_TKEO_mean_7_coef,0.0
1,643,det_LT_TKEO_std_6_coef,0.0
1,644,det_LT_TKEO_std_8_coef,0.0
1,645,det_LT_TKEO_std_9_coef,0.0
1,646,det_LT_entropy_log_10_coef,0.0
1,647,det_LT_entropy_log_3_coef,0.0
1,648,det_LT_entropy_log_4_coef,0.0
1,649,det_LT_entropy_log_5_coef,0.0
1,650,det_LT_entropy_log_7_coef,0.0
1,651,det_LT_entropy_log_8_coef,0.0
1,652,det_LT_entropy_log_9_coef,0.0
1,653,det_LT_entropy_shannon_6_coef,0.0
1,654,det_LT_entropy_shannon_7_coef,0.0
1,655,det_TKEO_mean_10_coef,0.0
1,656,det_TKEO_mean_3_coef,0.0
1,657,det_TKEO_mean_4_coef,0.0
1,658,det_TKEO_mean_6_coef,0.0
1,659,det_TKEO_mean_9_coef,0.0
1,660,det_TKEO_std_10_coef,0.0
1,661,det_TKEO_std_1_coef,0.0
1,662,det_TKEO_std_4_coef,0.0
1,663,det_TKEO_std_9_coef,0.0
1,664,det_entropy_log_2_coef,0.0
1,665,det_entropy_log_3_coef,0.0
1,666,det_entropy_log_5_coef,0.0
1,667,det_entropy_log_6_coef,0.0
1,668,det_entropy_log_7_coef,0.0
1,669,det_entropy_log_8_coef,0.0
1,670,det_entropy_log_9_coef,0.0
1,671,det_entropy_shannon_10_coef,0.0
1,672,det_entropy_shannon_2_coef,0.0
1,673,det_entropy_shannon_4_coef,0.0
1,674,det_entropy_shannon_5_coef,0.0
1,675,det_entropy_shannon_6_coef,0.0
1,676,det_entropy_shannon_7_coef,0.0
1,677,det_entropy_shannon_9_coef,0.0
1,678,f4,0.0
1,679,mean_10th_delta,0.0
1,680,mean_12th_delta,0.0
1,681,mean_3rd_delta,0.0
1,682,mean_3rd_delta_delta,0.0
1,683,mean_4th_delta_delta,0.0
1,684,mean_5th_delta,0.0
1,685,mean_6th_delta_delta,0.0
1,686,mean_7th_delta,0.0
1,687,mean_8th_delta_delta,0.0
1,688,mean_9th_delta,0.0
1,689,mean_MFCC_11th_coef,0.0
1,690,std_MFCC_2nd_coef,0.0
1,691,tqwt_TKEO_mean_dec_1,0.0
1,692,tqwt_TKEO_mean_dec_23,0.0
1,693,tqwt_TKEO_mean_dec_24,0.0
1,694,tqwt_TKEO_mean_dec_31,0.0
1,695,tqwt_TKEO_std_dec_24,0.0
1,696,tqwt_TKEO_std_dec_29,0.0
1,697,tqwt_TKEO_std_dec_30,0.0
1,698,tqwt_energy_dec_20,0.0
1,699,tqwt_energy_dec_23,0.0
1,700,tqwt_energy_dec_34,0.0
1,701,tqwt_energy_dec_36,0.0
1,702,tqwt_entropy_log_dec_2,0.0
1,703,tqwt_entropy_log_dec_24,0.0
1,704,tqwt_entropy_log_dec_31,0.0
1,705,tqwt_kurtosisValue_dec_10,0.0
1,706,tqwt_kurtosisValue_dec_14,0.0
1,707,tqwt_kurtosisValue_dec_30,0.0
1,708,tqwt_kurtosisValue_dec_31,0.0
1,709,tqwt_kurtosisValue_dec_32,0.0
1,710,tqwt_kurtosisValue_dec_33,0.0
1,711,tqwt_kurtosisValue_dec_7,0.0
1,712,tqwt_maxValue_dec_6,0.0
1,713,tqwt_meanValue_dec_1,0.0
1,714,tqwt_meanValue_dec_10,0.0
1,715,tqwt_meanValue_dec_11,0.0
1,716,tqwt_meanValue_dec_12,0.0
1,717,tqwt_meanValue_dec_13,0.0
1,718,tqwt_meanValue_dec_14,0.0
1,719,tqwt_meanValue_dec_15,0.0
1,720,tqwt_meanValue_dec_17,0.0
1,721,tqwt_meanValue_dec_18,0.0
1,722,tqwt_meanValue_dec_19,0.0
1,723,tqwt_meanValue_dec_2,0.0
1,724,tqwt_meanValue_dec_20,0.0
1,725,tqwt_meanValue_dec_22,0.0
1,726,tqwt_meanValue_dec_24,0.0
1,727,tqwt_meanValue_dec_26,0.0
1,728,tqwt_meanValue_dec_28,0.0
1,729,tqwt_meanValue_dec_29,0.0
1,730,tqwt_meanValue_dec_33,0.0
1,731,tqwt_meanValue_dec_34,0.0
1,732,tqwt_meanValue_dec_35,0.0
1,733,tqwt_meanValue_dec_5,0.0
1,734,tqwt_meanValue_dec_6,0.0
1,735,tqwt_meanValue_dec_8,0.0
1,736,tqwt_meanValue_dec_9,0.0
1,737,tqwt_medianValue_dec_14,0.0
1,738,tqwt_medianValue_dec_28,0.0
1,739,tqwt_medianValue_dec_32,0.0
1,740,tqwt_minValue_dec_22,0.0
1,741,tqwt_minValue_dec_25,0.0
1,742,tqwt_minValue_dec_26,0.0
1,743,tqwt_minValue_dec_32,0.0
1,744,tqwt_skewnessValue_dec_1,0.0
1,745,tqwt_skewnessValue_dec_10,0.0
1,746,tqwt_skewnessValue_dec_14,0.0
1,747,tqwt_skewnessValue_dec_15,0.0
1,748,tqwt_skewnessValue_dec_29,0.0
1,749,tqwt_skewnessValue_dec_31,0.0
1,750,tqwt_skewnessValue_dec_4,0.0
1,751,tqwt_skewnessValue_dec_6,0.0
1,752,tqwt_skewnessValue_dec_9,0.0
1,753,tqwt_stdValue_dec_23,0.0
2,1,std_delta_delta_log_energy,0.11422423096850975
2,2,minIntensity,0.1131172299664358
2,3,tqwt_entropy_shannon_dec_14,0.111469525260113
2,4,tqwt_entropy_log_dec_35,0.10506845746841509
2,5,tqwt_maxValue_dec_12,0.10495361841701012
2,6,tqwt_entropy_log_dec_16,0.1043291762470342
2,7,tqwt_entropy_shannon_dec_35,0.1033899326866694
2,8,tqwt_stdValue_dec_15,0.102865828425585
2,9,tqwt_TKEO_std_dec_13,0.10126767059517539
2,10,tqwt_stdValue_dec_12,0.10025107128007016
2,11,std_delta_log_energy,0.09977090855336823
2,12,tqwt_TKEO_std_dec_12,0.09967220363227791
2,13,tqwt_TKEO_mean_dec_16,0.09612062590783088
2,14,tqwt_entropy_log_dec_13,0.09541629303376209
2,15,tqwt_maxValue_dec_11,0.09518975149742004
2,16,tqwt_entropy_log_dec_11,0.09506668313492095
2,17,app_entropy_shannon_5_coef,0.09265591021674457
2,18,tqwt_entropy_log_dec_12,0.09216904753179178
2,19,app_entropy_log_5_coef,0.0915164675808029
2,20,tqwt_TKEO_std_dec_11,0.09143938497886528
2,21,app_LT_TKEO_std_8_coef,0.09023360318808393
2,22,app_entropy_log_2_coef,0.08922680448168774
2,23,mean_MFCC_2nd_coef,0.08858825138827764
2,24,tqwt_kurtosisValue_dec_26,0.08849948738014679
2,25,app_LT_entropy_shannon_7_coef,0.0881568017098584
2,26,tqwt_TKEO_mean_dec_13,0.08814957887744979
2,27,tqwt_energy_dec_27,0.0879898443767797
2,28,std_6th_delta_delta,0.08714032114762649
2,29,tqwt_entropy_shannon_dec_36,0.08700711044205778
2,30,tqwt_entropy_shannon_dec_16,0.08687336455649253
2,31,std_8th_delta_delta,0.08665520046157948
2,32,numPeriodsPulses,0.08641655046735286
2,33,tqwt_energy_dec_26,0.08610041522590817
2,34,meanIntensity,0.08569706601382099
2,35,tqwt_stdValue_dec_16,0.08488868093051916
2,36,tqwt_entropy_shannon_dec_11,0.08457101793638566
2,37,app_entropy_shannon_7_coef,0.08445425534035977
2,38,app_entropy_shannon_6_coef,0.08414400571170622
2,39,tqwt_minValue_dec_11,0.08322771188369793
2,40,tqwt_minValue_dec_15,0.0828915372666783
2,41,tqwt_TKEO_mean_dec_12,0.0828163871199239
2,42,tqwt_energy_dec_12,0.08261780065784485
2,43,tqwt_energy_dec_11,0.08226152960338418
2,44,tqwt_TKEO_mean_dec_11,0.08220454422857659
2,45,tqwt_minValue_dec_10,0.08218777360597418
2,46,app_entropy_log_7_coef,0.08102460720923266
2,47,tqwt_stdValue_dec_14,0.08064898480388272
2,48,tqwt_medianValue_dec_12,0.08048322863957602
2,49,tqwt_medianValue_dec_8,0.080478762473297
2,50,tqwt_medianValue_dec_34,0.08034971181204931
2,51,tqwt_entropy_log_dec_17,0.08007393374739902
2,52,maxIntensity,0.07953009477987005
2,53,tqwt_kurtosisValue_dec_36,0.07952268315555955
2,54,tqwt_entropy_shannon_dec_15,0.07943669078113946
2,55,app_entropy_shannon_8_coef,0.07899788591210588
2,56,tqwt_entropy_shannon_dec_13,0.07881110787958034
2,57,app_entropy_shannon_9_coef,0.07871193819968769
2,58,tqwt_stdValue_dec_36,0.07832574093138556
2,59,app_TKEO_std_5_coef,0.07792288509633916
2,60,app_LT_entropy_log_6_coef,0.0775265150871749
2,61,app_LT_entropy_shannon_6_coef,0.07680676677849307
2,62,app_LT_entropy_log_2_coef,0.0765754011079367
2,63,std_6th_delta,0.07637357111631893
2,64,tqwt_TKEO_std_dec_14,0.07637149017947231
2,65,app_entropy_log_3_coef,0.07603230030011887
2,66,app_entropy_log_6_coef,0.07577081947261766
2,67,tqwt_minValue_dec_14,0.07546075090739213
2,68,app_LT_entropy_shannon_3_coef,0.07545998075981997
2,69,app_TKEO_std_6_coef,0.0753730788704372
2,70,tqwt_stdValue_dec_13,0.07506497977132054
2,71,app_LT_entropy_shannon_2_coef,0.07506492347252003
2,72,std_9th_delta_delta,0.07449341524702735
2,73,app_entropy_shannon_4_coef,0.07425088057941753
2,74,app_entropy_shannon_3_coef,0.07420354747490654
2,75,tqwt_minValue_dec_13,0.07414380796904951
2,76,std_3rd_delta,0.07408633846741841
2,77,app_TKEO_std_8_coef,0.0740094049890847
2,78,tqwt_TKEO_std_dec_7,0.07394393629438833
2,79,tqwt_energy_dec_25,0.07373529929031641
2,80,std_Log_energy,0.07353227293182929
2,81,app_entropy_shannon_10_coef,0.07301903684035826
2,82,tqwt_TKEO_mean_dec_15,0.07299568239714249
2,83,std_4th_delta_delta,0.07284058650853509
2,84,tqwt_medianValue_dec_10,0.07278507884686647
2,85,numPulses,0.07277328986833664
2,86,tqwt_maxValue_dec_17,0.07252717590051239
2,87,app_LT_entropy_shannon_8_coef,0.07204424517354813
2,88,tqwt_entropy_log_dec_15,0.07200804505045677
2,89,app_LT_entropy_log_7_coef,0.07134034173739923
2,90,app_LT_entropy_shannon_9_coef,0.0712976095627822
2,91,std_7th_delta_delta,0.0710113564109025
2,92,tqwt_minValue_dec_7,0.07073332504628693
2,93,tqwt_minValue_dec_12,0.07072645669534205
2,94,tqwt_TKEO_std_dec_6,0.0705925729519512
2,95,app_LT_TKEO_std_5_coef,0.07055998341478298
2,96,app_LT_entropy_shannon_10_coef,0.06973931083536589
2,97,std_9th_delta,0.0697151890367873
2,98,tqwt_TKEO_std_dec_15,0.06960570848367209
2,99,tqwt_skewnessValue_dec_36,0.06916108559787504
2,100,tqwt_TKEO_mean_dec_14,0.06890380723572509
2,101,apq11Shimmer,0.068875567604048
2,102,app_LT_entropy_log_10_coef,0.06854366093140096
2,103,tqwt_skewnessValue_dec_26,0.06850730077997658
2,104,app_LT_entropy_log_8_coef,0.06847736942209148
2,105,app_det_TKEO_mean_5_coef,0.06832788124740197
2,106,app_LT_entropy_log_9_coef,0.06829354589267966
2,107,app_LT_TKEO_std_6_coef,0.06804200471926425
2,108,app_entropy_shannon_2_coef,0.06778433730340572
2,109,app_LT_entropy_log_5_coef,0.06777740012935007
2,110,tqwt_TKEO_std_dec_8,0.06775185355633306
2,111,app_entropy_log_9_coef,0.06766323238372762
2,112,tqwt_medianValue_dec_26,0.06755525815992613
2,113,locAbsJitter,0.06713883499238182
2,114,tqwt_stdValue_dec_11,0.06713542408118234
2,115,app_LT_entropy_shannon_4_coef,0.06707492634888257
2,116,app_entropy_log_8_coef,0.06658566136849675
2,117,tqwt_kurtosisValue_dec_18,0.06637149109843987
2,118,tqwt_entropy_log_dec_26,0.066133065804304
2,119,tqwt_stdValue_dec_34,0.06610216069569574
2,120,tqwt_energy_dec_13,0.06558048192247723
2,121,tqwt_skewnessValue_dec_13,0.06516935418872905
2,122,std_8th_delta,0.06487490710512134
2,123,tqwt_kurtosisValue_dec_28,0.06475326032686568
2,124,app_LT_TKEO_mean_2_coef,0.064741885279751
2,125,std_10th_delta_delta,0.064713616568979
2,126,app_LT_TKEO_mean_1_coef,0.06465248271732693
2,127,tqwt_TKEO_mean_dec_9,0.0646074192031294
2,128,tqwt_stdValue_dec_6,0.06450003180915798
2,129,app_TKEO_std_9_coef,0.06443647109799677
2,130,tqwt_skewnessValue_dec_22,0.06410067023372634
2,131,meanPeriodPulses,0.06408394439936882
2,132,tqwt_entropy_log_dec_34,0.06392813487065974
2,133,tqwt_entropy_log_dec_10,0.06303455409896896
2,134,app_LT_entropy_log_3_coef,0.06277612223109985
2,135,app_det_TKEO_mean_1_coef,0.06259841438948732
2,136,tqwt_skewnessValue_dec_12,0.062407606143086714
2,137,app_det_TKEO_mean_7_coef,0.0620100751522592
2,138,tqwt_skewnessValue_dec_8,0.06180205553545837
2,139,app_entropy_log_10_coef,0.06172558543231976
2,140,app_entropy_shannon_1_coef,0.06148879353457026
2,141,tqwt_entropy_shannon_dec_6,0.061159401217205867
2,142,app_LT_TKEO_mean_4_coef,0.0610325340175315
2,143,tqwt_TKEO_mean_dec_17,0.06062679803757898
2,144,app_det_TKEO_mean_10_coef,0.06040904044895368
2,145,tqwt_medianValue_dec_25,0.06040112259683106
2,146,tqwt_TKEO_mean_dec_8,0.060153622964683295
2,147,tqwt_entropy_log_dec_8,0.060080167360384795
2,148,app_LT_TKEO_mean_9_coef,0.06005107347567451
2,149,tqwt_entropy_shannon_dec_8,0.05994865013164463
2,150,app_TKEO_std_7_coef,0.059895540037881334
2,151,app_LT_TKEO_std_2_coef,0.05976458249491934
2,152,app_LT_entropy_shannon_5_coef,0.059761384783219906
2,153,tqwt_TKEO_mean_dec_36,0.059719092008191144
2,154,tqwt_medianValue_dec_16,0.05971477823829252
2,155,std_11th_delta,0.05965286421836469
2,156,tqwt_maxValue_dec_13,0.05963914052685082
2,157,tqwt_minValue_dec_16,0.05933804979904922
2,158,tqwt_entropy_log_dec_27,0.059306309912127375
2,159,app_entropy_log_1_coef,0.05923158049904198
2,160,std_12th_delta,0.05889472104397031
2,161,app_LT_entropy_log_1_coef,0.0588608292109436
2,162,tqwt_entropy_shannon_dec_34,0.058524518244913004
2,163,app_TKEO_std_2_coef,0.058481913175976175
2,164,tqwt_entropy_log_dec_20,0.05832376867560041
2,165,ppq5Jitter,0.0582718937504445
2,166,tqwt_TKEO_std_dec_16,0.05798827678385887
2,167,app_TKEO_std_10_coef,0.0579797344145605
2,168,tqwt_stdValue_dec_18,0.05775289486665658
2,169,app_LT_TKEO_std_7_coef,0.05769812921970696
2,170,app_LT_TKEO_mean_5_coef,0.057514809657687405
2,171,tqwt_skewnessValue_dec_18,0.0574933832668556
2,172,tqwt_skewnessValue_dec_16,0.0574597968434063
2,173,tqwt_medianValue_dec_36,0.05733296737477733
2,174,app_LT_TKEO_mean_6_coef,0.0570281003190678
2,175,tqwt_entropy_log_dec_14,0.05699209029943009
2,176,app_det_TKEO_mean_6_coef,0.0568059971923629
2,177,app_LT_TKEO_mean_8_coef,0.05672911819197646
2,178,tqwt_skewnessValue_dec_23,0.056563545692580375
2,179,ddpJitter,0.05650199515390675
2,180,tqwt_TKEO_mean_dec_6,0.056443732752553544
2,181,tqwt_TKEO_std_dec_10,0.05639605507290346
2,182,VFER_entropy,0.05626983503615435
2,183,app_det_TKEO_mean_4_coef,0.05593128512246537
2,184,tqwt_entropy_shannon_dec_7,0.055904432547051686
2,185,tqwt_skewnessValue_dec_21,0.055665414695772686
2,186,tqwt_maxValue_dec_9,0.05538926659786503
2,187,tqwt_skewnessValue_dec_30,0.05528095816079226
2,188,tqwt_minValue_dec_17,0.05489386683835096
2,189,std_11th_delta_delta,0.05483885097754482
2,190,tqwt_entropy_shannon_dec_12,0.054803792542663876
2,191,tqwt_minValue_dec_8,0.05436322367371105
2,192,std_4th_delta,0.05434244732829874
2,193,app_det_TKEO_mean_2_coef,0.05433050034877729
2,194,tqwt_maxValue_dec_7,0.05426506525079855
2,195,std_3rd_delta_delta,0.05421598574289632
2,196,rapJitter,0.05402417444706842
2,197,tqwt_skewnessValue_dec_5,0.05394208966682634
2,198,Ed2_3_coef,0.05392169548989689
2,199,tqwt_skewnessValue_dec_17,0.05385754194672554
2,200,tqwt_entropy_shannon_dec_33,0.05377912207359281
2,201,tqwt_energy_dec_15,0.05360521882103608
2,202,tqwt_entropy_shannon_dec_17,0.05348365757242268
2,203,app_LT_entropy_shannon_1_coef,0.05345991552573648
2,204,tqwt_maxValue_dec_14,0.0534568932489381
2,205,tqwt_TKEO_mean_dec_7,0.05344874790989729
2,206,tqwt_medianValue_dec_23,0.05338142114637079
2,207,app_det_TKEO_mean_8_coef,0.05336380995324297
2,208,tqwt_kurtosisValue_dec_27,0.05317632986246834
2,209,tqwt_minValue_dec_9,0.052941085503578345
2,210,mean_MFCC_3rd_coef,0.05293922438926657
2,211,app_entropy_log_4_coef,0.05272696270937538
2,212,locShimmer,0.05257675174362553
2,213,tqwt_skewnessValue_dec_11,0.052545548630633654
2,214,std_7th_delta,0.05233988742698514
2,215,tqwt_TKEO_mean_dec_34,0.05230288702271135
2,216,app_TKEO_std_3_coef,0.05200693823123337
2,217,tqwt_kurtosisValue_dec_6,0.05164644867775148
2,218,tqwt_entropy_log_dec_36,0.051554869619251376
2,219,GNE_mean,0.051277850909616784
2,220,tqwt_stdValue_dec_33,0.05108937708021344
2,221,tqwt_TKEO_mean_dec_10,0.0510615850036098
2,222,std_10th_delta,0.050969846095577864
2,223,tqwt_stdValue_dec_8,0.050863890532555134
2,224,app_LT_TKEO_std_4_coef,0.05067958836588593
2,225,tqwt_medianValue_dec_18,0.05029149055131632
2,226,locDbShimmer,0.05011695046360831
2,227,tqwt_maxValue_dec_16,0.05006504606070439
2,228,mean_MFCC_1st_coef,0.05005064940009052
2,229,app_LT_TKEO_mean_3_coef,0.04995621603923639
2,230,tqwt_minValue_dec_35,0.049887121017513136
2,231,app_LT_entropy_log_4_coef,0.049834963285581235
2,232,IMF_SNR_SEO,0.04958977828982647
2,233,tqwt_energy_dec_16,0.04949548819649374
2,234,tqwt_maxValue_dec_15,0.048896745950619325
2,235,tqwt_kurtosisValue_dec_2,0.04861216495604337
2,236,tqwt_entropy_shannon_dec_5,0.04842768288983135
2,237,tqwt_medianValue_dec_27,0.04834996583206497
2,238,app_LT_TKEO_mean_7_coef,0.04830161324760307
2,239,tqwt_entropy_log_dec_19,0.04815073968444161
2,240,tqwt_medianValue_dec_22,0.048079871458808654
2,241,tqwt_minValue_dec_4,0.047960566256805004
2,242,tqwt_skewnessValue_dec_25,0.047875852456883417
2,243,tqwt_medianValue_dec_31,0.04780770537922274
2,244,tqwt_stdValue_dec_19,0.04773186092640769
2,245,tqwt_energy_dec_28,0.04772723517028554
2,246,tqwt_TKEO_mean_dec_5,0.047688692598210736
2,247,tqwt_stdValue_dec_35,0.047454990076146286
2,248,locPctJitter,0.04736224090027297
2,249,app_LT_TKEO_std_3_coef,0.04729000031413877
2,250,tqwt_medianValue_dec_20,0.046804346814881326
2,251,DFA,0.04679430853819966
2,252,tqwt_skewnessValue_dec_24,0.04665250863361714
2,253,app_det_TKEO_mean_9_coef,0.04587769548967824
2,254,tqwt_stdValue_dec_30,0.04584747005745071
2,255,GQ_std_cycle_open,0.04574909494982338
2,256,tqwt_entropy_log_dec_5,0.04560585280223828
2,257,tqwt_energy_dec_24,0.04553426793685533
2,258,tqwt_maxValue_dec_28,0.04513584326283726
2,259,tqwt_maxValue_dec_19,0.04480671576473316
2,260,tqwt_entropy_log_dec_6,0.04472926484431117
2,261,tqwt_energy_dec_5,0.04472367583929615
2,262,tqwt_TKEO_mean_dec_35,0.04470837669273964
2,263,tqwt_TKEO_std_dec_17,0.04470123272075055
2,264,tqwt_energy_dec_17,0.04465618458864218
2,265,tqwt_energy_dec_14,0.0443283000576602
2,266,tqwt_TKEO_std_dec_31,0.04406648770000943
2,267,app_TKEO_std_4_coef,0.04405922239060023
2,268,mean_MFCC_0th_coef,0.04386023246067783
2,269,tqwt_stdValue_dec_32,0.04369327772296594
2,270,tqwt_entropy_shannon_dec_27,0.04359486037594151
2,271,tqwt_entropy_log_dec_4,0.04318106017248424
2,272,tqwt_stdValue_dec_17,0.04314683049747936
2,273,stdDevPeriodPulses,0.043036721690531854
2,274,std_12th_delta_delta,0.04296636623735761
2,275,tqwt_stdValue_dec_7,0.042843000829627664
2,276,tqwt_entropy_log_dec_18,0.04276533840406471
2,277,tqwt_medianValue_dec_13,0.04262245252266683
2,278,tqwt_maxValue_dec_10,0.04250740632567984
2,279,tqwt_TKEO_mean_dec_26,0.04187754313598768
2,280,tqwt_kurtosisValue_dec_19,0.04186777177973755
2,281,app_TKEO_std_1_coef,0.041822207620095586
2,282,tqwt_maxValue_dec_1,0.04150934485176139
2,283,f1,0.04122804707737959
2,284,tqwt_maxValue_dec_35,0.04089956207272727
2,285,tqwt_kurtosisValue_dec_35,0.04083631600457949
2,286,tqwt_entropy_shannon_dec_19,0.04047022150769086
2,287,mean_0th_delta,0.04036871598069958
2,288,app_LT_TKEO_std_10_coef,0.04034917199107513
2,289,tqwt_skewnessValue_dec_20,0.0403390963140462
2,290,app_LT_TKEO_mean_10_coef,0.04016864003279097
2,291,tqwt_medianValue_dec_9,0.040118266160771965
2,292,app_LT_TKEO_std_1_coef,0.040085571905278394
2,293,Ed_2_coef,0.03991282138273844
2,294,tqwt_medianValue_dec_17,0.039706373612838686
2,295,tqwt_minValue_dec_33,0.03962142842356875
2,296,tqwt_entropy_shannon_dec_32,0.03910359676726127
2,297,tqwt_stdValue_dec_20,0.038935967834018204
2,298,app_LT_TKEO_std_9_coef,0.03871109664056638
2,299,tqwt_TKEO_mean_dec_18,0.03867223201344405
2,300,tqwt_TKEO_mean_dec_30,0.03849397534348764
2,301,std_MFCC_12th_coef,0.038362447774445085
2,302,mean_6th_delta,0.038312538585856926
2,303,VFER_NSR_SEO,0.03830773910206786
2,304,tqwt_maxValue_dec_5,0.038167660369316625
2,305,tqwt_minValue_dec_2,0.038109843641161545
2,306,det_LT_entropy_shannon_3_coef,0.037990429133745396
2,307,tqwt_TKEO_std_dec_19,0.03788057064046901
2,308,tqwt_TKEO_std_dec_18,0.03779319490541466
2,309,tqwt_TKEO_std_dec_20,0.03776949499065996
2,310,tqwt_kurtosisValue_dec_16,0.037196609510044665
2,311,tqwt_TKEO_std_dec_32,0.03689376680414291
2,312,tqwt_skewnessValue_dec_27,0.036881247028890396
2,313,tqwt_maxValue_dec_2,0.03674008140544416
2,314,tqwt_TKEO_mean_dec_20,0.03655673345070398
2,315,VFER_SNR_TKEO,0.03651097384275248
2,316,tqwt_stdValue_dec_10,0.03649648274749895
2,317,tqwt_energy_dec_4,0.035997426811929856
2,318,tqwt_energy_dec_1,0.03574778559497083
2,319,tqwt_stdValue_dec_9,0.03526883709735995
2,320,tqwt_TKEO_std_dec_3,0.03522655298863464
2,321,IMF_NSR_entropy,0.03469716009941437
2,322,app_det_TKEO_mean_3_coef,0.03457194110199624
2,323,det_LT_TKEO_mean_1_coef,0.03444098931854955
2,324,tqwt_entropy_log_dec_21,0.034181304808509116
2,325,std_MFCC_4th_coef,0.03410365114433067
2,326,tqwt_TKEO_std_dec_22,0.033958019844194
2,327,det_LT_entropy_log_4_coef,0.03382047761234941
2,328,tqwt_skewnessValue_dec_28,0.03378098636751159
2,329,tqwt_minValue_dec_18,0.03362431141101219
2,330,tqwt_energy_dec_6,0.033597444084522365
2,331,tqwt_kurtosisValue_dec_17,0.03355667252884165
2,332,mean_MFCC_5th_coef,0.03343037357852796
2,333,tqwt_maxValue_dec_8,0.0333719699496724
2,334,std_MFCC_10th_coef,0.03316916089789834
2,335,det_entropy_log_1_coef,0.0328395356293274
2,336,tqwt_medianValue_dec_15,0.03272226922812704
2,337,mean_MFCC_4th_coef,0.032529285487105764
2,338,RPDE,0.03233649923584281
2,339,tqwt_entropy_shannon_dec_26,0.03232136155869059
2,340,tqwt_TKEO_mean_dec_33,0.032020990453577536
2,341,std_5th_delta_delta,0.03194062142259435
2,342,tqwt_minValue_dec_6,0.03191587729715262
2,343,VFER_mean,0.03189691254233784
2,344,tqwt_stdValue_dec_5,0.031875942243888344
2,345,tqwt_maxValue_dec_3,0.03185547715175052
2,346,tqwt_TKEO_std_dec_2,0.031674953181886734
2,347,tqwt_entropy_log_dec_28,0.03166297068756285
2,348,tqwt_maxValue_dec_21,0.0316113105903677
2,349,mean_delta_delta_log_energy,0.031202939851856737
2,350,tqwt_energy_dec_30,0.031123384754282002
2,351,tqwt_energy_dec_19,0.031085878305519232
2,352,tqwt_medianValue_dec_30,0.03088168773411626
2,353,tqwt_stdValue_dec_24,0.03087039020707305
2,354,tqwt_TKEO_std_dec_26,0.0306472547287866
2,355,tqwt_stdValue_dec_27,0.030323425535103032
2,356,tqwt_entropy_log_dec_1,0.02989335001311133
2,357,tqwt_minValue_dec_20,0.029642433428768378
2,358,tqwt_kurtosisValue_dec_5,0.02938506586380818
2,359,tqwt_TKEO_mean_dec_19,0.029336686149327607
2,360,tqwt_energy_dec_8,0.029265758872750736
2,361,mean_11th_delta,0.028943018726723002
2,362,tqwt_kurtosisValue_dec_12,0.028836583092862078
2,363,tqwt_entropy_shannon_dec_9,0.0287639256909491
2,364,std_2nd_delta,0.02872424122382311
2,365,tqwt_medianValue_dec_6,0.028677498575608418
2,366,det_LT_entropy_log_2_coef,0.028580013718187747
2,367,tqwt_entropy_shannon_dec_18,0.028413958271335638
2,368,std_MFCC_7th_coef,0.028412965371108267
2,369,tqwt_entropy_shannon_dec_10,0.028265496737434503
2,370,tqwt_entropy_log_dec_3,0.02805412622124792
2,371,tqwt_skewnessValue_dec_35,0.028002127071591554
2,372,tqwt_energy_dec_10,0.027961976548511958
2,373,meanAutoCorrHarmonicity,0.02793638957053446
2,374,GQ_std_cycle_closed,0.027722872204180016
2,375,tqwt_maxValue_dec_34,0.027665039267714686
2,376,apq5Shimmer,0.027538416128434884
2,377,tqwt_TKEO_mean_dec_4,0.027382546781299366
2,378,tqwt_TKEO_mean_dec_27,0.027354826650467512
2,379,tqwt_entropy_log_dec_9,0.027140647875324886
2,380,tqwt_kurtosisValue_dec_24,0.02700801746572945
2,381,GNE_SNR_SEO,0.026847322807927565
2,382,tqwt_TKEO_std_dec_9,0.026562920849670935
2,383,tqwt_meanValue_dec_6,0.026418718988129974
2,384,tqwt_skewnessValue_dec_33,0.0264171043377337
2,385,tqwt_minValue_dec_34,0.026271943889473404
2,386,meanNoiseToHarmHarmonicity,0.0262015685308723
2,387,GNE_NSR_SEO,0.026137710603041375
2,388,det_TKEO_mean_2_coef,0.026137686035113683
2,389,mean_7th_delta_delta,0.025877127173069114
2,390,tqwt_maxValue_dec_4,0.025876833831850687
2,391,det_LT_TKEO_std_2_coef,0.02579718414584331
2,392,GQ_prc5_95,0.025737857818197707
2,393,Ed_1_coef,0.02554726666153906
2,394,IMF_NSR_TKEO,0.02544702812173405
2,395,tqwt_stdValue_dec_1,0.025405883785661
2,396,tqwt_meanValue_dec_36,0.025393830762111547
2,397,tqwt_maxValue_dec_36,0.025332259099673182
2,398,det_TKEO_mean_1_coef,0.025246973981644105
2,399,tqwt_kurtosisValue_dec_20,0.02520000941028333
2,400,std_5th_delta,0.025092931847583655
2,401,tqwt_stdValue_dec_21,0.02466474745944125
2,402,tqwt_kurtosisValue_dec_13,0.024567336726392996
2,403,tqwt_kurtosisValue_dec_15,0.02441225358664556
2,404,VFER_std,0.024359081588218867
2,405,tqwt_medianValue_dec_24,0.0243142762645987
2,406,tqwt_maxValue_dec_23,0.024259984387067224
2,407,std_delta_delta_0th,0.024237762033087806
2,408,tqwt_entropy_shannon_dec_20,0.024163683868960728
2,409,tqwt_entropy_shannon_dec_3,0.024123727012002494
2,410,tqwt_TKEO_std_dec_36,0.024065741480706837
2,411,mean_4th_delta,0.024064348305967043
2,412,tqwt_kurtosisValue_dec_23,0.02386564087314702
2,413,tqwt_entropy_shannon_dec_4,0.02383248715269093
2,414,tqwt_entropy_log_dec_7,0.023830153410585586
2,415,gender,0.023769636447548148
2,416,tqwt_kurtosisValue_dec_1,0.02361328015318498
2,417,mean_delta_log_energy,0.023568028667608543
2,418,tqwt_entropy_shannon_dec_29,0.023524867062051147
2,419,tqwt_energy_dec_21,0.023523657841705736
2,420,tqwt_TKEO_std_dec_1,0.02335312170062509
2,421,mean_2nd_delta,0.023184401035748925
2,422,tqwt_minValue_dec_5,0.02313273454835829
2,423,tqwt_medianValue_dec_5,0.022686946377038053
2,424,det_LT_entropy_shannon_4_coef,0.022580852338144553
2,425,tqwt_TKEO_mean_dec_28,0.022375248438524675
2,426,tqwt_TKEO_mean_dec_32,0.0223327174317407
2,427,tqwt_minValue_dec_29,0.022256101619416713
2,428,tqwt_meanValue_dec_7,0.02197862158795094
2,429,tqwt_minValue_dec_19,0.021850642460870207
2,430,tqwt_minValue_dec_1,0.021755116029429367
2,431,tqwt_maxValue_dec_6,0.021337553314283886
2,432,IMF_SNR_entropy,0.021250254987107864
2,433,tqwt_kurtosisValue_dec_22,0.02115466386783038
2,434,tqwt_medianValue_dec_21,0.021120244922107956
2,435,tqwt_minValue_dec_3,0.02097416866095525
2,436,tqwt_maxValue_dec_33,0.02094667315531229
2,437,tqwt_minValue_dec_23,0.020913483366991503
2,438,det_LT_entropy_shannon_10_coef,0.020882189625070158
2,439,tqwt_kurtosisValue_dec_25,0.020583321056816484
2,440,tqwt_entropy_log_dec_33,0.02027165517131091
2,441,tqwt_TKEO_mean_dec_1,0.020156958881681897
2,442,tqwt_medianValue_dec_1,0.0201278206229778
2,443,tqwt_meanValue_dec_31,0.02003917996775506
2,444,tqwt_TKEO_std_dec_34,0.019969361669346375
2,445,Ed_3_coef,0.019919002464120927
2,446,mean_Log_energy,0.01986809356630248
2,447,tqwt_energy_dec_29,0.019834796357547813
2,448,Ed_10_coef,0.019734856480798202
2,449,tqwt_kurtosisValue_dec_34,0.01956562034423559
2,450,det_TKEO_std_2_coef,0.01939096973214971
2,451,tqwt_medianValue_dec_35,0.019362970309954708
2,452,det_LT_TKEO_mean_9_coef,0.019324865153319548
2,453,Ed_9_coef,0.019303041510568386
2,454,std_1st_delta,0.01917155173256524
2,455,tqwt_medianValue_dec_3,0.019156021025418912
2,456,mean_MFCC_6th_coef,0.019103970489304123
2,457,std_MFCC_8th_coef,0.018978310460719294
2,458,tqwt_stdValue_dec_28,0.018857925864484537
2,459,tqwt_TKEO_std_dec_4,0.01879804644039007
2,460,tqwt_maxValue_dec_29,0.018797277861193118
2,461,tqwt_maxValue_dec_26,0.018572076447119557
2,462,tqwt_stdValue_dec_3,0.018492180589656515
2,463,tqwt_maxValue_dec_27,0.018088990350629164
2,464,mean_12th_delta_delta,0.017964073936338698
2,465,det_LT_TKEO_mean_5_coef,0.017934394770561912
2,466,tqwt_TKEO_std_dec_5,0.017891357855119416
2,467,mean_4th_delta_delta,0.017882965790765315
2,468,det_LT_TKEO_std_7_coef,0.017829769493347802
2,469,Ed2_2_coef,0.017763555408214726
2,470,det_TKEO_std_5_coef,0.017666967348903828
2,471,tqwt_TKEO_std_dec_23,0.01766349237291398
2,472,tqwt_stdValue_dec_4,0.01762082626824535
2,473,tqwt_minValue_dec_28,0.0176110491040804
2,474,tqwt_medianValue_dec_11,0.017577024373460093
2,475,tqwt_entropy_shannon_dec_1,0.01751700730903094
2,476,tqwt_skewnessValue_dec_3,0.01749942539413807
2,477,det_LT_TKEO_mean_4_coef,0.01733639375523599
2,478,tqwt_entropy_log_dec_23,0.017299086708220335
2,479,tqwt_energy_dec_7,0.016970912580212216
2,480,tqwt_stdValue_dec_26,0.016844211374268392
2,481,tqwt_minValue_dec_25,0.016775356278539766
2,482,det_TKEO_std_3_coef,0.016654071527278713
2,483,tqwt_TKEO_mean_dec_3,0.01663251859889847
2,484,tqwt_TKEO_std_dec_25,0.016628660608542623
2,485,mean_MFCC_10th_coef,0.016609489691279178
2,486,b1,0.016557445232792123
2,487,tqwt_skewnessValue_dec_29,0.016526107356928055
2,488,tqwt_TKEO_std_dec_35,0.01641710121676443
2,489,std_MFCC_1st_coef,0.016150083215258126
2,490,det_entropy_log_10_coef,0.016134913201974355
2,491,Ed_8_coef,0.016127510496198427
2,492,det_LT_entropy_shannon_8_coef,0.01587416937564856
2,493,det_LT_TKEO_std_1_coef,0.015521318734328826
2,494,tqwt_medianValue_dec_19,0.015276718049838989
2,495,det_entropy_log_4_coef,0.015253978492411058
2,496,IMF_NSR_SEO,0.015190825233307725
2,497,tqwt_maxValue_dec_20,0.01513246490137865
2,498,tqwt_stdValue_dec_25,0.0150168935820012
2,499,apq3Shimmer,0.01482980590436056
2,500,tqwt_energy_dec_31,0.014784830759460688
2,501,tqwt_skewnessValue_dec_7,0.014326658910614798
2,502,Ed2_8_coef,0.014296662781789093
2,503,IMF_SNR_TKEO,0.014287543147311288
2,504,tqwt_maxValue_dec_18,0.01422528053492611
2,505,tqwt_medianValue_dec_2,0.014146930493528442
2,506,ddaShimmer,0.014029551036199406
2,507,tqwt_skewnessValue_dec_32,0.013948383400415265
2,508,Ed2_4_coef,0.013867920909526932
2,509,tqwt_maxValue_dec_22,0.013801659908374342
2,510,std_1st_delta_delta,0.01377820417274278
2,511,tqwt_skewnessValue_dec_6,0.013670137677292749
2,512,tqwt_meanValue_dec_10,0.013605615569057816
2,513,tqwt_kurtosisValue_dec_11,0.013513105579774809
2,514,det_entropy_shannon_2_coef,0.013476362127425867
2,515,tqwt_maxValue_dec_32,0.01315712089884058
2,516,tqwt_medianValue_dec_29,0.01310258013651966
2,517,tqwt_TKEO_std_dec_33,0.013021430217772023
2,518,tqwt_medianValue_dec_7,0.012971567291515829
2,519,tqwt_medianValue_dec_32,0.012828194315593233
2,520,det_LT_entropy_log_1_coef,0.012750725977274557
2,521,tqwt_medianValue_dec_14,0.01273625818221169
2,522,tqwt_minValue_dec_32,0.012709762361595489
2,523,det_LT_TKEO_mean_2_coef,0.01269912019979147
2,524,tqwt_entropy_log_dec_25,0.01257414484575925
2,525,tqwt_kurtosisValue_dec_4,0.012531439225760721
2,526,tqwt_entropy_log_dec_30,0.01237777518869665
2,527,tqwt_energy_dec_33,0.012298367640326546
2,528,tqwt_skewnessValue_dec_10,0.012282801932318899
2,529,det_LT_TKEO_mean_3_coef,0.012251955982248708
2,530,tqwt_minValue_dec_31,0.012246332649437752
2,531,tqwt_energy_dec_22,0.012201847586456038
2,532,tqwt_TKEO_std_dec_28,0.01210190551583934
2,533,std_MFCC_9th_coef,0.0120455676474025
2,534,tqwt_meanValue_dec_12,0.012023818307890455
2,535,std_2nd_delta_delta,0.011980086381768507
2,536,f3,0.011945927005676094
2,537,tqwt_energy_dec_9,0.01175255799070496
2,538,tqwt_medianValue_dec_33,0.011742421720218
2,539,GNE_std,0.01170572382846169
2,540,tqwt_entropy_log_dec_29,0.011530123812651949
2,541,tqwt_maxValue_dec_25,0.011466811566040791
2,542,tqwt_entropy_shannon_dec_22,0.011440504542675534
2,543,meanHarmToNoiseHarmonicity,0.01121611435044767
2,544,tqwt_entropy_shannon_dec_21,0.011196929635938435
2,545,mean_MFCC_8th_coef,0.011079418846000832
2,546,det_LT_TKEO_std_3_coef,0.011027544803382971
2,547,tqwt_TKEO_std_dec_27,0.010741749910840204
2,548,det_LT_entropy_shannon_9_coef,0.010535004697573846
2,549,tqwt_minValue_dec_36,0.01047343020163205
2,550,mean_2nd_delta_delta,0.010435647855195018
2,551,tqwt_stdValue_dec_22,0.010381914449448804
2,552,tqwt_meanValue_dec_34,0.010368675261339
2,553,mean_MFCC_12th_coef,0.010241380667189937
2,554,mean_11th_delta_delta,0.010120613728888728
2,555,tqwt_meanValue_dec_2,0.010013814398191379
2,556,tqwt_TKEO_std_dec_21,0.009807368301504527
2,557,tqwt_medianValue_dec_4,0.009740904528699357
2,558,tqwt_kurtosisValue_dec_29,0.009621966000065596
2,559,tqwt_minValue_dec_26,0.009606842901716428
2,560,std_MFCC_6th_coef,0.009441984746346943
2,561,tqwt_skewnessValue_dec_19,0.009404822452273143
2,562,tqwt_skewnessValue_dec_1,0.009274825954843635
2,563,mean_9th_delta,0.009216445653418281
2,564,tqwt_minValue_dec_27,0.009182122777154467
2,565,tqwt_entropy_shannon_dec_24,0.008541613187201591
2,566,tqwt_TKEO_mean_dec_2,0.008504617046090956
2,567,tqwt_meanValue_dec_1,0.008490849149524804
2,568,mean_MFCC_9th_coef,0.008369455142943849
2,569,VFER_NSR_TKEO,0.008048674934087119
2,570,tqwt_entropy_log_dec_32,0.008046353555419605
2,571,PPE,0.007817070029142226
2,572,tqwt_energy_dec_35,0.00750842856046674
2,573,tqwt_meanValue_dec_16,0.0072474009806249295
2,574,std_MFCC_3rd_coef,0.0072225006680064485
2,575,det_entropy_shannon_7_coef,0.007111708795747962
2,576,tqwt_energy_dec_2,0.007091156996091641
2,577,Ed_4_coef,0.007038742292466482
2,578,std_0th_delta,0.007027299500257378
2,579,std_MFCC_11th_coef,0.006903715183843362
2,580,tqwt_energy_dec_3,0.00672466634013702
2,581,mean_delta_delta_0th,0.006468221962996568
2,582,det_LT_TKEO_mean_6_coef,0.006457868724177196
2,583,det_LT_entropy_shannon_1_coef,0.006338107311646635
2,584,Ed2_5_coef,0.00573453582245631
2,585,tqwt_meanValue_dec_4,0.005613560843425347
2,586,tqwt_energy_dec_18,0.005400769593073118
2,587,tqwt_energy_dec_32,0.005292438420819945
2,588,tqwt_meanValue_dec_17,0.005211272316222759
2,589,tqwt_meanValue_dec_19,0.005081326935708841
2,590,tqwt_entropy_shannon_dec_23,0.005042830754679262
2,591,tqwt_energy_dec_23,0.005040748980404741
2,592,mean_8th_delta,0.00476588157739366
2,593,tqwt_kurtosisValue_dec_9,0.004640687946254607
2,594,std_MFCC_2nd_coef,0.004594874033247542
2,595,tqwt_meanValue_dec_23,0.0041913504613060315
2,596,tqwt_entropy_shannon_dec_28,0.004163214502516999
2,597,tqwt_maxValue_dec_31,0.004153935997361247
2,598,tqwt_kurtosisValue_dec_14,0.004138264075751019
2,599,tqwt_meanValue_dec_14,0.003804166962881217
2,600,f2,0.00375479154115288
2,601,tqwt_meanValue_dec_20,0.003742204132691107
2,602,tqwt_stdValue_dec_31,0.0035609927560440457
2,603,Ed_6_coef,0.0033398606759611482
2,604,det_LT_entropy_shannon_5_coef,0.0032112613969712545
2,605,tqwt_meanValue_dec_32,0.0031344825385062336
2,606,tqwt_maxValue_dec_24,0.003090171778435291
2,607,det_entropy_shannon_3_coef,0.0028615506275648794
2,608,tqwt_entropy_shannon_dec_31,0.0027559233464522492
2,609,tqwt_TKEO_std_dec_29,0.0027341646379861473
2,610,det_LT_TKEO_mean_8_coef,0.0026982466317535536
2,611,std_MFCC_0th_coef,0.0025763758134822456
2,612,tqwt_meanValue_dec_35,0.0023589362852440843
2,613,tqwt_minValue_dec_21,0.0022466012516417777
2,614,tqwt_kurtosisValue_dec_3,0.0021559452764685627
2,615,det_entropy_shannon_1_coef,0.002136609633182296
2,616,tqwt_meanValue_dec_18,0.0018860782797986975
2,617,tqwt_entropy_log_dec_2,0.0018200904452858602
2,618,mean_9th_delta_delta,0.0018113733260993747
2,619,tqwt_stdValue_dec_2,0.001726741928339992
2,620,tqwt_entropy_log_dec_22,0.0016629548030682173
2,621,det_entropy_shannon_6_coef,0.0013484674907828786
2,622,det_TKEO_std_8_coef,0.0011453141036592562
2,623,tqwt_skewnessValue_dec_4,0.001070926545250872
2,624,tqwt_entropy_log_dec_31,0.0009365537904542087
2,625,mean_1st_delta,0.0009273599440631219
2,626,tqwt_minValue_dec_30,0.0008310608751176396
2,627,tqwt_stdValue_dec_23,0.0007975670659630119
2,628,det_LT_TKEO_std_4_coef,0.0006756037285431393
2,629,tqwt_entropy_shannon_dec_2,0.0006171395714225092
2,630,tqwt_meanValue_dec_28,0.0005164239338741883
2,631,VFER_SNR_SEO,0.0003897744988363705
2,632,det_entropy_log_9_coef,0.00038865695721823634
2,633,mean_3rd_delta_delta,0.0001667351626768454
2,634,Ea,0.0
2,635,Ea2,0.0
2,636,Ed2_10_coef,0.0
2,637,Ed2_1_coef,0.0
2,638,Ed2_6_coef,0.0
2,639,Ed2_7_coef,0.0
2,640,Ed2_9_coef,0.0
2,641,Ed_5_coef,0.0
2,642,Ed_7_coef,0.0
2,643,GNE_NSR_TKEO,0.0
2,644,GNE_SNR_TKEO,0.0
2,645,b2,0.0
2,646,b3,0.0
2,647,b4,0.0
2,648,det_LT_TKEO_mean_10_coef,0.0
2,649,det_LT_TKEO_mean_7_coef,0.0
2,650,det_LT_TKEO_std_10_coef,0.0
2,651,det_LT_TKEO_std_5_coef,0.0
2,652,det_LT_TKEO_std_6_coef,0.0
2,653,det_LT_TKEO_std_8_coef,0.0
2,654,det_LT_TKEO_std_9_coef,0.0
2,655,det_LT_entropy_log_10_coef,0.0
2,656,det_LT_entropy_log_3_coef,0.0
2,657,det_LT_entropy_log_5_coef,0.0
2,658,det_LT_entropy_log_6_coef,0.0
2,659,det_LT_entropy_log_7_coef,0.0
2,660,det_LT_entropy_log_8_coef,0.0
2,661,det_LT_entropy_log_9_coef,0.0
2,662,det_LT_entropy_shannon_2_coef,0.0
2,663,det_LT_entropy_shannon_6_coef,0.0
2,664,det_LT_entropy_shannon_7_coef,0.0
2,665,det_TKEO_mean_10_coef,0.0
2,666,det_TKEO_mean_3_coef,0.0
2,667,det_TKEO_mean_4_coef,0.0
2,668,det_TKEO_mean_5_coef,0.0
2,669,det_TKEO_mean_6_coef,0.0
2,670,det_TKEO_mean_7_coef,0.0
2,671,det_TKEO_mean_8_coef,0.0
2,672,det_TKEO_mean_9_coef,0.0
2,673,det_TKEO_std_10_coef,0.0
2,674,det_TKEO_std_1_coef,0.0
2,675,det_TKEO_std_4_coef,0.0
2,676,det_TKEO_std_6_coef,0.0
2,677,det_TKEO_std_7_coef,0.0
2,678,det_TKEO_std_9_coef,0.0
2,679,det_entropy_log_2_coef,0.0
2,680,det_entropy_log_3_coef,0.0
2,681,det_entropy_log_5_coef,0.0
2,682,det_entropy_log_6_coef,0.0
2,683,det_entropy_log_7_coef,0.0
2,684,det_entropy_log_8_coef,0.0
2,685,det_entropy_shannon_10_coef,0.0
2,686,det_entropy_shannon_4_coef,0.0
2,687,det_entropy_shannon_5_coef,0.0
2,688,det_entropy_shannon_8_coef,0.0
2,689,det_entropy_shannon_9_coef,0.0
2,690,f4,0.0
2,691,mean_10th_delta,0.0
2,692,mean_10th_delta_delta,0.0
2,693,mean_12th_delta,0.0
2,694,mean_1st_delta_delta,0.0
2,695,mean_3rd_delta,0.0
2,696,mean_5th_delta,0.0
2,697,mean_5th_delta_delta,0.0
2,698,mean_6th_delta_delta,0.0
2,699,mean_7th_delta,0.0
2,700,mean_8th_delta_delta,0.0
2,701,mean_MFCC_11th_coef,0.0
2,702,mean_MFCC_7th_coef,0.0
2,703,std_MFCC_5th_coef,0.0
2,704,tqwt_TKEO_mean_dec_21,0.0
2,705,tqwt_TKEO_mean_dec_22,0.0
2,706,tqwt_TKEO_mean_dec_23,0.0
2,707,tqwt_TKEO_mean_dec_24,0.0
2,708,tqwt_TKEO_mean_dec_25,0.0
2,709,tqwt_TKEO_mean_dec_29,0.0
2,710,tqwt_TKEO_mean_dec_31,0.0
2,711,tqwt_TKEO_std_dec_24,0.0
2,712,tqwt_TKEO_std_dec_30,0.0
2,713,tqwt_energy_dec_20,0.0
2,714,tqwt_energy_dec_34,0.0
2,715,tqwt_energy_dec_36,0.0
2,716,tqwt_entropy_log_dec_24,0.0
2,717,tqwt_entropy_shannon_dec_25,0.0
2,718,tqwt_entropy_shannon_dec_30,0.0
2,719,tqwt_kurtosisValue_dec_10,0.0
2,720,tqwt_kurtosisValue_dec_21,0.0
2,721,tqwt_kurtosisValue_dec_30,0.0
2,722,tqwt_kurtosisValue_dec_31,0.0
2,723,tqwt_kurtosisValue_dec_32,0.0
2,724,tqwt_kurtosisValue_dec_33,0.0
2,725,tqwt_kurtosisValue_dec_7,0.0
2,726,tqwt_kurtosisValue_dec_8,0.0
2,727,tqwt_maxValue_dec_30,0.0
2,728,tqwt_meanValue_dec_11,0.0
2,729,tqwt_meanValue_dec_13,0.0
2,730,tqwt_meanValue_dec_15,0.0
2,731,tqwt_meanValue_dec_21,0.0
2,732,tqwt_meanValue_dec_22,0.0
2,733,tqwt_meanValue_dec_24,0.0
2,734,tqwt_meanValue_dec_25,0.0
2,735,tqwt_meanValue_dec_26,0.0
2,736,tqwt_meanValue_dec_27,0.0
2,737,tqwt_meanValue_dec_29,0.0
2,738,tqwt_meanValue_dec_3,0.0
2,739,tqwt_meanValue_dec_30,0.0
2,740,tqwt_meanValue_dec_33,0.0
2,741,tqwt_meanValue_dec_5,0.0
2,742,tqwt_meanValue_dec_8,0.0
2,743,tqwt_meanValue_dec_9,0.0
2,744,tqwt_medianValue_dec_28,0.0
2,745,tqwt_minValue_dec_22,0.0
2,746,tqwt_minValue_dec_24,0.0
2,747,tqwt_skewnessValue_dec_14,0.0
2,748,tqwt_skewnessValue_dec_15,0.0
2,749,tqwt_skewnessValue_dec_2,0.0
2,750,tqwt_skewnessValue_dec_31,0.0
2,751,tqwt_skewnessValue_dec_34,0.0
2,752,tqwt_skewnessValue_dec_9,0.0
2,753,tqwt_stdValue_dec_29,0.0
3,1,std_delta_delta_log_energy,0.12280960829102572
3,2,tqwt_entropy_log_dec_35,0.1189803530879916
3,3,tqwt_stdValue_dec_12,0.10767824399318626
3,4,tqwt_TKEO_mean_dec_12,0.10400497491598726
3,5,app_entropy_shannon_5_coef,0.10205322684426887
3,6,mean_MFCC_2nd_coef,0.09690036504675303
3,7,tqwt_stdValue_dec_15,0.09481334168721478
3,8,tqwt_entropy_log_dec_11,0.09451167127819993
3,9,tqwt_entropy_log_dec_12,0.09359597782909002
3,10,tqwt_maxValue_dec_12,0.09351564477818708
3,11,tqwt_entropy_shannon_dec_35,0.0928936378741283
3,12,app_LT_entropy_shannon_7_coef,0.09082672908003975
3,13,tqwt_TKEO_std_dec_12,0.09046886596283543
3,14,tqwt_minValue_dec_10,0.08956815313567446
3,15,minIntensity,0.08930396744531355
3,16,std_delta_log_energy,0.08847978489460284
3,17,std_Log_energy,0.08824451217441576
3,18,tqwt_medianValue_dec_8,0.08765455428965163
3,19,tqwt_TKEO_std_dec_13,0.085696267679366
3,20,tqwt_TKEO_std_dec_14,0.08541261049499571
3,21,tqwt_entropy_log_dec_17,0.0850224374670081
3,22,tqwt_TKEO_std_dec_11,0.08461156797964331
3,23,tqwt_TKEO_mean_dec_13,0.0845889964352069
3,24,app_entropy_shannon_6_coef,0.08352578319957282
3,25,tqwt_energy_dec_27,0.08350046567118952
3,26,tqwt_entropy_shannon_dec_14,0.08327264450713612
3,27,tqwt_TKEO_mean_dec_11,0.08301643023575167
3,28,tqwt_energy_dec_16,0.08295657903260656
3,29,tqwt_entropy_shannon_dec_16,0.08295313766740575
3,30,std_6th_delta,0.08241887286915528
3,31,tqwt_entropy_shannon_dec_13,0.08160683436561333
3,32,std_8th_delta_delta,0.08131339911068691
3,33,app_LT_entropy_shannon_6_coef,0.08130935295359953
3,34,tqwt_medianValue_dec_20,0.08128497800703705
3,35,app_LT_TKEO_mean_1_coef,0.08064959455186727
3,36,std_4th_delta_delta,0.08062990417822857
3,37,app_entropy_shannon_4_coef,0.0798823226157297
3,38,tqwt_medianValue_dec_25,0.07964762870846331
3,39,app_entropy_shannon_7_coef,0.07953778668378675
3,40,app_entropy_log_5_coef,0.07944546080502657
3,41,app_LT_TKEO_std_5_coef,0.07920402881633959
3,42,std_6th_delta_delta,0.07856622846192218
3,43,tqwt_maxValue_dec_11,0.07824890272252749
3,44,tqwt_minValue_dec_11,0.07793999909904192
3,45,std_7th_delta_delta,0.07735985358864239
3,46,app_TKEO_std_7_coef,0.07727816463781023
3,47,tqwt_skewnessValue_dec_5,0.07711133781623114
3,48,app_LT_entropy_log_6_coef,0.07694740389808863
3,49,tqwt_minValue_dec_12,0.0769188769140825
3,50,tqwt_entropy_log_dec_16,0.07689130084538975
3,51,app_entropy_shannon_3_coef,0.07666584922370223
3,52,tqwt_medianValue_dec_12,0.07654639218435255
3,53,std_10th_delta_delta,0.07640932064173422
3,54,app_LT_entropy_shannon_3_coef,0.0763343656862181
3,55,app_LT_entropy_shannon_10_coef,0.07626754667273272
3,56,tqwt_energy_dec_25,0.07614796756042774
3,57,tqwt_maxValue_dec_17,0.07599646432271534
3,58,app_LT_entropy_shannon_8_coef,0.07582020890795071
3,59,app_LT_TKEO_std_8_coef,0.07575971693179873
3,60,app_LT_entropy_shannon_9_coef,0.07551441992569119
3,61,tqwt_skewnessValue_dec_36,0.07547886665193282
3,62,meanIntensity,0.07474954517479304
3,63,std_9th_delta_delta,0.07469261473791522
3,64,tqwt_entropy_shannon_dec_36,0.07442941101397693
3,65,tqwt_stdValue_dec_16,0.07442499692637172
3,66,tqwt_kurtosisValue_dec_36,0.07440541702201564
3,67,tqwt_TKEO_std_dec_7,0.07436823499348577
3,68,tqwt_skewnessValue_dec_26,0.07424393690272635
3,69,tqwt_medianValue_dec_34,0.07382454576626674
3,70,app_entropy_shannon_8_coef,0.07350390927234707
3,71,app_entropy_log_7_coef,0.07349733738826059
3,72,tqwt_stdValue_dec_13,0.07335684221815408
3,73,app_entropy_shannon_9_coef,0.07319037944865281
3,74,tqwt_skewnessValue_dec_13,0.0731163519185789
3,75,tqwt_entropy_shannon_dec_12,0.07300261725845525
3,76,tqwt_skewnessValue_dec_17,0.07295705534671271
3,77,app_entropy_log_3_coef,0.07286812459846281
3,78,tqwt_medianValue_dec_23,0.07249023419955725
3,79,tqwt_entropy_shannon_dec_11,0.0724827897133915
3,80,tqwt_energy_dec_12,0.07235466876875862
3,81,tqwt_energy_dec_26,0.07229073065481084
3,82,std_9th_delta,0.07214219900593943
3,83,std_8th_delta,0.07197217567455416
3,84,tqwt_skewnessValue_dec_30,0.07079754467114308
3,85,app_entropy_shannon_10_coef,0.07055848150673039
3,86,app_LT_entropy_log_8_coef,0.07051858423082691
3,87,app_LT_entropy_log_9_coef,0.07023672148572868
3,88,numPeriodsPulses,0.07019957596555182
3,89,maxIntensity,0.07019708596650398
3,90,app_LT_entropy_log_7_coef,0.07002305388645724
3,91,app_LT_entropy_log_10_coef,0.069912593117335
3,92,app_TKEO_std_2_coef,0.0697210288554797
3,93,tqwt_energy_dec_13,0.06924698661145956
3,94,app_entropy_log_6_coef,0.0691868305282517
3,95,app_LT_entropy_shannon_4_coef,0.06871463998158678
3,96,tqwt_minValue_dec_13,0.06857430308726875
3,97,app_LT_TKEO_mean_8_coef,0.06830531542034879
3,98,app_entropy_log_2_coef,0.06827048295784843
3,99,app_LT_entropy_log_2_coef,0.06787085021691941
3,100,app_LT_TKEO_mean_9_coef,0.0676038160599437
3,101,app_LT_TKEO_mean_4_coef,0.06755806440859335
3,102,tqwt_minValue_dec_8,0.0675008458984876
3,103,tqwt_minValue_dec_15,0.0672974139702438
3,104,app_LT_entropy_log_5_coef,0.06708669350411212
3,105,tqwt_TKEO_std_dec_18,0.06705990484430102
3,106,tqwt_medianValue_dec_10,0.06663747329665015
3,107,app_entropy_log_10_coef,0.06661554314970197
3,108,tqwt_entropy_shannon_dec_5,0.06653770965921435
3,109,tqwt_entropy_log_dec_19,0.06629775060751641
3,110,tqwt_entropy_log_dec_13,0.06626603933291042
3,111,tqwt_maxValue_dec_9,0.06624696409123398
3,112,numPulses,0.06619363954223356
3,113,tqwt_TKEO_mean_dec_8,0.06597683557711531
3,114,locAbsJitter,0.0659013757145801
3,115,tqwt_minValue_dec_17,0.06579616908224484
3,116,tqwt_stdValue_dec_35,0.06578789202273816
3,117,tqwt_TKEO_std_dec_6,0.06569691464816763
3,118,app_det_TKEO_mean_1_coef,0.06554364844199845
3,119,tqwt_TKEO_mean_dec_17,0.0649330330794422
3,120,tqwt_stdValue_dec_8,0.0647079692764978
3,121,meanPeriodPulses,0.06462871948658688
3,122,app_LT_entropy_shannon_5_coef,0.0643848295071332
3,123,tqwt_TKEO_mean_dec_16,0.06430188989526542
3,124,tqwt_medianValue_dec_22,0.06418295343691072
3,125,app_LT_TKEO_std_6_coef,0.06401197710511686
3,126,std_3rd_delta,0.06397958030343731
3,127,app_entropy_log_9_coef,0.06378677880695749
3,128,tqwt_skewnessValue_dec_25,0.06376486115406044
3,129,apq11Shimmer,0.06336369770349948
3,130,app_entropy_log_8_coef,0.0632978907949846
3,131,tqwt_stdValue_dec_14,0.06307198157733107
3,132,tqwt_skewnessValue_dec_22,0.0628445573303551
3,133,app_LT_entropy_shannon_2_coef,0.06242898440976474
3,134,tqwt_medianValue_dec_26,0.0621730594475034
3,135,tqwt_entropy_log_dec_20,0.06191995574599618
3,136,tqwt_maxValue_dec_13,0.061389205550573145
3,137,DFA,0.06117511798895081
3,138,tqwt_minValue_dec_9,0.06092400089260175
3,139,app_TKEO_std_8_coef,0.060515203790868055
3,140,std_11th_delta_delta,0.060456112102863724
3,141,tqwt_energy_dec_5,0.060155237592306454
3,142,app_TKEO_std_9_coef,0.06013104770280453
3,143,tqwt_entropy_shannon_dec_27,0.05999045125871372
3,144,tqwt_stdValue_dec_33,0.05973601481253832
3,145,tqwt_TKEO_mean_dec_9,0.05963530414226659
3,146,tqwt_stdValue_dec_36,0.05954682250975729
3,147,app_entropy_log_4_coef,0.05940497806324152
3,148,tqwt_skewnessValue_dec_18,0.05899003559438065
3,149,app_LT_TKEO_std_2_coef,0.058983462619827565
3,150,tqwt_energy_dec_11,0.058951261315211
3,151,tqwt_kurtosisValue_dec_16,0.0587374379233494
3,152,IMF_SNR_SEO,0.058527399969422245
3,153,tqwt_entropy_log_dec_1,0.05846840777578355
3,154,tqwt_skewnessValue_dec_23,0.05825072608614912
3,155,tqwt_TKEO_mean_dec_14,0.058135188500659796
3,156,tqwt_entropy_log_dec_26,0.057969267278665804
3,157,tqwt_entropy_shannon_dec_8,0.05784002835801161
3,158,tqwt_medianValue_dec_30,0.057726452810457074
3,159,tqwt_stdValue_dec_17,0.05735075155876168
3,160,tqwt_kurtosisValue_dec_26,0.057037035983372064
3,161,app_TKEO_std_1_coef,0.05640252654391964
3,162,tqwt_entropy_log_dec_14,0.05615376652476867
3,163,app_TKEO_std_5_coef,0.056099528868526205
3,164,std_4th_delta,0.05593272896534973
3,165,tqwt_entropy_log_dec_10,0.05588124820382112
3,166,tqwt_entropy_log_dec_27,0.055682410850734776
3,167,tqwt_entropy_log_dec_8,0.05565960997241337
3,168,tqwt_energy_dec_14,0.05535027474038068
3,169,app_LT_TKEO_std_7_coef,0.05529803648843945
3,170,Ed_2_coef,0.055212818744819314
3,171,app_det_TKEO_mean_5_coef,0.05504815405706509
3,172,tqwt_entropy_log_dec_6,0.0549543281994076
3,173,tqwt_stdValue_dec_11,0.05470856550046066
3,174,tqwt_medianValue_dec_24,0.05455410983785858
3,175,tqwt_entropy_shannon_dec_19,0.0545528667778592
3,176,app_TKEO_std_10_coef,0.05437403107723737
3,177,app_LT_entropy_log_4_coef,0.054353460649123386
3,178,app_LT_entropy_log_3_coef,0.05425554349052919
3,179,app_LT_TKEO_std_10_coef,0.054081186871262066
3,180,mean_MFCC_3rd_coef,0.053711980532600734
3,181,tqwt_entropy_shannon_dec_7,0.0536133313179481
3,182,tqwt_TKEO_mean_dec_7,0.053345188710497426
3,183,tqwt_kurtosisValue_dec_2,0.05330456668944872
3,184,tqwt_skewnessValue_dec_24,0.053255918709298244
3,185,tqwt_kurtosisValue_dec_6,0.05317716999997191
3,186,tqwt_kurtosisValue_dec_35,0.05312755398109825
3,187,tqwt_TKEO_std_dec_8,0.052934648662497974
3,188,ddpJitter,0.052933890831672326
3,189,tqwt_skewnessValue_dec_16,0.0522696261359592
3,190,tqwt_entropy_shannon_dec_6,0.05213292462800623
3,191,std_10th_delta,0.05210537098552703
3,192,tqwt_medianValue_dec_16,0.05188869346820324
3,193,tqwt_stdValue_dec_7,0.05184882910294997
3,194,tqwt_TKEO_std_dec_9,0.051766006907418394
3,195,app_entropy_shannon_2_coef,0.051737397871994606
3,196,std_3rd_delta_delta,0.051579058442643655
3,197,tqwt_skewnessValue_dec_12,0.05155110451804412
3,198,tqwt_entropy_shannon_dec_15,0.05151272156529685
3,199,tqwt_TKEO_mean_dec_18,0.051481560752293376
3,200,app_LT_TKEO_mean_10_coef,0.05146928952561636
3,201,app_TKEO_std_6_coef,0.05119453278198338
3,202,tqwt_maxValue_dec_10,0.05110502150575824
3,203,tqwt_medianValue_dec_9,0.05084878505560164
3,204,std_12th_delta_delta,0.05025441306382605
3,205,tqwt_minValue_dec_14,0.05020975121789206
3,206,app_det_TKEO_mean_8_coef,0.05017558495014374
3,207,tqwt_maxValue_dec_14,0.049325874986335005
3,208,app_LT_TKEO_std_4_coef,0.049239708954748274
3,209,tqwt_entropy_log_dec_18,0.04922855901002987
3,210,tqwt_stdValue_dec_20,0.04909969224599897
3,211,tqwt_maxValue_dec_16,0.049044945224832714
3,212,tqwt_kurtosisValue_dec_18,0.048980426704238855
3,213,std_11th_delta,0.04881149068219193
3,214,locDbShimmer,0.04874367788605993
3,215,GNE_mean,0.048639269273581975
3,216,mean_MFCC_1st_coef,0.04848585030736152
3,217,locShimmer,0.04824047452730951
3,218,tqwt_medianValue_dec_31,0.0479027021088283
3,219,tqwt_TKEO_std_dec_19,0.04759786360273055
3,220,tqwt_entropy_shannon_dec_17,0.047376165654408275
3,221,tqwt_entropy_log_dec_15,0.04735619080168085
3,222,app_det_TKEO_mean_10_coef,0.04723717958221507
3,223,tqwt_stdValue_dec_30,0.04714446512124715
3,224,apq5Shimmer,0.04701562808665227
3,225,tqwt_medianValue_dec_27,0.04700068187279194
3,226,tqwt_TKEO_mean_dec_10,0.04685555623944948
3,227,tqwt_energy_dec_24,0.04681450712432955
3,228,tqwt_entropy_log_dec_5,0.046728879219359865
3,229,app_LT_TKEO_mean_6_coef,0.046531871093992816
3,230,tqwt_TKEO_std_dec_16,0.046480475686013545
3,231,tqwt_stdValue_dec_34,0.04633390275827809
3,232,tqwt_maxValue_dec_7,0.04610934879705275
3,233,VFER_NSR_SEO,0.04607721518694907
3,234,det_entropy_log_10_coef,0.04577252319588743
3,235,app_det_TKEO_mean_6_coef,0.04570200764722365
3,236,tqwt_entropy_log_dec_9,0.04554301387628912
3,237,app_LT_TKEO_mean_5_coef,0.04553609190336805
3,238,tqwt_TKEO_std_dec_3,0.0454986246612048
3,239,app_LT_TKEO_std_9_coef,0.04547877760960861
3,240,tqwt_stdValue_dec_18,0.04526603121154538
3,241,std_12th_delta,0.04521831907699014
3,242,tqwt_skewnessValue_dec_8,0.04512168075852219
3,243,tqwt_TKEO_mean_dec_6,0.04511745228614217
3,244,std_7th_delta,0.04509145098170375
3,245,tqwt_stdValue_dec_19,0.045079367264055925
3,246,tqwt_stdValue_dec_9,0.04506428928075312
3,247,tqwt_stdValue_dec_6,0.04501891284485615
3,248,tqwt_medianValue_dec_17,0.0450111313625392
3,249,tqwt_skewnessValue_dec_27,0.044903061992292104
3,250,tqwt_stdValue_dec_10,0.044665459375281547
3,251,tqwt_kurtosisValue_dec_22,0.04452385758445243
3,252,tqwt_TKEO_mean_dec_15,0.044362956546625476
3,253,tqwt_medianValue_dec_18,0.04403388990308832
3,254,Ed_4_coef,0.0439961163411291
3,255,Ed2_3_coef,0.04391305726637418
3,256,tqwt_maxValue_dec_28,0.043765931987395756
3,257,det_TKEO_mean_1_coef,0.04356465137563137
3,258,tqwt_medianValue_dec_5,0.04314823988897154
3,259,app_det_TKEO_mean_4_coef,0.04307459670404934
3,260,tqwt_entropy_log_dec_34,0.042805165253182675
3,261,ppq5Jitter,0.04277288258270384
3,262,tqwt_medianValue_dec_36,0.04269025789022085
3,263,app_det_TKEO_mean_2_coef,0.042466412434630785
3,264,app_LT_TKEO_mean_7_coef,0.04225100757092526
3,265,det_LT_entropy_shannon_4_coef,0.04223356765205688
3,266,tqwt_TKEO_std_dec_36,0.04213309726157366
3,267,tqwt_skewnessValue_dec_28,0.04177588251599973
3,268,f1,0.04163729450002518
3,269,app_entropy_shannon_1_coef,0.0415566284615021
3,270,app_LT_TKEO_std_3_coef,0.04150328527515468
3,271,tqwt_entropy_log_dec_4,0.041427622900217065
3,272,mean_11th_delta,0.041237086407927226
3,273,tqwt_minValue_dec_7,0.04115623567166593
3,274,tqwt_entropy_shannon_dec_32,0.04097749546469753
3,275,tqwt_skewnessValue_dec_21,0.04095180481909133
3,276,tqwt_entropy_log_dec_28,0.04093627484341278
3,277,tqwt_TKEO_mean_dec_5,0.040741053935371196
3,278,GQ_std_cycle_open,0.04065177127960884
3,279,mean_MFCC_0th_coef,0.04059159092325926
3,280,tqwt_energy_dec_15,0.04058810741570462
3,281,tqwt_kurtosisValue_dec_34,0.04052226700879147
3,282,tqwt_minValue_dec_33,0.04043480955154899
3,283,tqwt_kurtosisValue_dec_20,0.04040008355647018
3,284,tqwt_kurtosisValue_dec_1,0.0403572199316653
3,285,app_det_TKEO_mean_9_coef,0.04034398324474053
3,286,app_LT_TKEO_std_1_coef,0.040243444265324335
3,287,tqwt_stdValue_dec_28,0.039982944741250304
3,288,tqwt_medianValue_dec_6,0.039969907667182
3,289,tqwt_energy_dec_6,0.03996843797191252
3,290,tqwt_TKEO_mean_dec_28,0.03990492169698223
3,291,tqwt_TKEO_mean_dec_19,0.03981315880016645
3,292,tqwt_kurtosisValue_dec_25,0.03979956741434432
3,293,tqwt_TKEO_mean_dec_36,0.03972045921683054
3,294,std_5th_delta,0.03964153813641569
3,295,app_LT_TKEO_mean_3_coef,0.039571090536502096
3,296,tqwt_TKEO_std_dec_10,0.039228342725259546
3,297,app_LT_TKEO_mean_2_coef,0.03900337517894448
3,298,tqwt_medianValue_dec_33,0.03882560801487478
3,299,tqwt_entropy_shannon_dec_33,0.03869444314303205
3,300,tqwt_TKEO_mean_dec_4,0.038689501059985476
3,301,tqwt_minValue_dec_20,0.03862239138213508
3,302,tqwt_medianValue_dec_7,0.038438896791374244
3,303,tqwt_entropy_log_dec_36,0.03840534763118342
3,304,mean_0th_delta,0.03837345871838105
3,305,tqwt_TKEO_std_dec_15,0.03832197144450755
3,306,mean_2nd_delta,0.037814959114396585
3,307,tqwt_maxValue_dec_8,0.03775602612700757
3,308,tqwt_TKEO_mean_dec_27,0.03773366132315403
3,309,tqwt_TKEO_mean_dec_30,0.03770082603809488
3,310,locPctJitter,0.037217470121035934
3,311,app_det_TKEO_mean_3_coef,0.037161213397659765
3,312,stdDevPeriodPulses,0.037123856369762676
3,313,meanNoiseToHarmHarmonicity,0.03691023107600255
3,314,tqwt_kurtosisValue_dec_28,0.036889944069737224
3,315,tqwt_TKEO_std_dec_20,0.0367196805208887
3,316,IMF_NSR_TKEO,0.036564587188114395
3,317,app_LT_entropy_log_1_coef,0.036549241908141905
3,318,app_det_TKEO_mean_7_coef,0.036537335235281576
3,319,tqwt_maxValue_dec_23,0.03646293100257725
3,320,tqwt_energy_dec_33,0.03637985058162441
3,321,tqwt_TKEO_mean_dec_34,0.03626605270777694
3,322,tqwt_TKEO_mean_dec_33,0.03617468248811595
3,323,tqwt_energy_dec_17,0.03613676274139355
3,324,tqwt_meanValue_dec_2,0.036002567108857075
3,325,tqwt_kurtosisValue_dec_27,0.035973223274371025
3,326,VFER_entropy,0.035886444717504906
3,327,det_LT_TKEO_std_2_coef,0.03578083887440031
3,328,mean_MFCC_12th_coef,0.03570490480043209
3,329,tqwt_minValue_dec_16,0.03569485129368055
3,330,det_LT_TKEO_std_4_coef,0.035685309733850534
3,331,std_2nd_delta,0.03541860248974338
3,332,tqwt_energy_dec_28,0.035398617839728974
3,333,tqwt_energy_dec_2,0.035021603462582096
3,334,tqwt_TKEO_std_dec_22,0.03491719468758525
3,335,tqwt_energy_dec_4,0.034859969947176994
3,336,tqwt_stdValue_dec_1,0.03435352458412044
3,337,tqwt_TKEO_mean_dec_32,0.034282563095820784
3,338,tqwt_medianValue_dec_3,0.03418196887417846
3,339,tqwt_entropy_log_dec_33,0.03399927312156881
3,340,tqwt_minValue_dec_18,0.033986110242140155
3,341,meanAutoCorrHarmonicity,0.03398163039713897
3,342,tqwt_entropy_shannon_dec_34,0.03384929087802746
3,343,det_LT_entropy_shannon_3_coef,0.0335822175764231
3,344,app_entropy_log_1_coef,0.033546211125222714
3,345,std_MFCC_10th_coef,0.03337802139602175
3,346,det_LT_TKEO_mean_1_coef,0.03334329357653498
3,347,tqwt_minValue_dec_6,0.033195259519304576
3,348,tqwt_entropy_shannon_dec_10,0.03310779463449198
3,349,tqwt_kurtosisValue_dec_5,0.032838755285230725
3,350,tqwt_maxValue_dec_15,0.03259605919965969
3,351,det_entropy_log_1_coef,0.03246900680467357
3,352,std_MFCC_9th_coef,0.03239924593235988
3,353,tqwt_skewnessValue_dec_3,0.03230792020911566
3,354,mean_MFCC_10th_coef,0.03230743550703741
3,355,tqwt_skewnessValue_dec_20,0.032291894939816546
3,356,app_TKEO_std_3_coef,0.032206192019545554
3,357,Ed2_8_coef,0.03218162391164503
3,358,tqwt_stdValue_dec_5,0.03215338959787495
3,359,tqwt_meanValue_dec_11,0.03212104876940036
3,360,app_LT_entropy_shannon_1_coef,0.031995350597067596
3,361,tqwt_stdValue_dec_2,0.03175574973260353
3,362,tqwt_TKEO_std_dec_2,0.031660377602938494
3,363,tqwt_maxValue_dec_35,0.03161337051048241
3,364,tqwt_TKEO_std_dec_4,0.03160510831477992
3,365,tqwt_kurtosisValue_dec_19,0.03158819533064383
3,366,std_5th_delta_delta,0.03146639187817124
3,367,tqwt_entropy_shannon_dec_26,0.03126177621985571
3,368,tqwt_skewnessValue_dec_11,0.031124230932232377
3,369,mean_MFCC_5th_coef,0.030758258869589827
3,370,tqwt_maxValue_dec_6,0.030315446801141732
3,371,tqwt_kurtosisValue_dec_17,0.030209979120700226
3,372,tqwt_maxValue_dec_1,0.029476961304148785
3,373,det_LT_TKEO_mean_5_coef,0.029469553095127443
3,374,tqwt_stdValue_dec_27,0.028996998406725538
3,375,GNE_SNR_SEO,0.02886362156069744
3,376,Ed_1_coef,0.028557949643498004
3,377,IMF_SNR_entropy,0.028553657115421016
3,378,tqwt_minValue_dec_3,0.028481480793536296
3,379,tqwt_meanValue_dec_28,0.028447668079820243
3,380,tqwt_kurtosisValue_dec_15,0.028390129921067153
3,381,tqwt_TKEO_std_dec_17,0.028382509410487478
3,382,mean_delta_delta_log_energy,0.02829682739599937
3,383,mean_MFCC_6th_coef,0.028259475902939313
3,384,tqwt_maxValue_dec_34,0.028063273353815532
3,385,tqwt_energy_dec_35,0.027708165276711272
3,386,tqwt_kurtosisValue_dec_12,0.027602451008889917
3,387,tqwt_maxValue_dec_21,0.02746759356163264
3,388,det_TKEO_std_3_coef,0.02736363894217053
3,389,tqwt_energy_dec_1,0.02713385970425608
3,390,tqwt_entropy_shannon_dec_3,0.026408088627891013
3,391,tqwt_maxValue_dec_5,0.026404654344822642
3,392,tqwt_stdValue_dec_21,0.02630325529527089
3,393,std_MFCC_8th_coef,0.02600191679821684
3,394,tqwt_stdValue_dec_32,0.025950653458401973
3,395,tqwt_TKEO_mean_dec_35,0.02584865760197963
3,396,tqwt_entropy_shannon_dec_28,0.025701574777355463
3,397,std_MFCC_12th_coef,0.025572680478931575
3,398,tqwt_entropy_shannon_dec_9,0.025309375585968796
3,399,tqwt_energy_dec_29,0.02523180888224763
3,400,tqwt_medianValue_dec_35,0.025112409227508126
3,401,tqwt_energy_dec_32,0.02510439446162116
3,402,tqwt_minValue_dec_34,0.024948647766702026
3,403,tqwt_entropy_shannon_dec_18,0.024886003137411183
3,404,tqwt_skewnessValue_dec_35,0.024869303190778513
3,405,det_LT_entropy_log_2_coef,0.02485538702701251
3,406,tqwt_TKEO_mean_dec_1,0.024789081348650654
3,407,tqwt_TKEO_std_dec_31,0.024670946390975335
3,408,tqwt_maxValue_dec_33,0.024659257872187812
3,409,tqwt_maxValue_dec_3,0.024654658466265245
3,410,Ed_10_coef,0.02464193005983928
3,411,det_TKEO_mean_2_coef,0.024410129098967115
3,412,det_LT_TKEO_std_1_coef,0.024353332801386962
3,413,det_LT_TKEO_mean_6_coef,0.024316325432469865
3,414,tqwt_medianValue_dec_13,0.024283230827609303
3,415,meanHarmToNoiseHarmonicity,0.0238909407483614
3,416,tqwt_entropy_log_dec_7,0.023877301743211454
3,417,tqwt_stdValue_dec_31,0.023849299166531335
3,418,tqwt_TKEO_std_dec_34,0.02377055709531395
3,419,det_LT_TKEO_std_5_coef,0.023631972869425866
3,420,det_entropy_shannon_3_coef,0.02346712035834342
3,421,GNE_std,0.02331673112510968
3,422,tqwt_TKEO_mean_dec_20,0.023128496531404696
3,423,det_entropy_shannon_7_coef,0.02280216989491035
3,424,det_entropy_log_4_coef,0.022767577611853884
3,425,tqwt_TKEO_std_dec_32,0.022704488905617826
3,426,std_MFCC_4th_coef,0.022628561529766333
3,427,tqwt_TKEO_mean_dec_23,0.02244885741613789
3,428,tqwt_skewnessValue_dec_19,0.02224407900477532
3,429,tqwt_entropy_shannon_dec_1,0.022142371558027785
3,430,RPDE,0.02211987831071549
3,431,det_TKEO_std_4_coef,0.02197425985973034
3,432,det_LT_TKEO_mean_9_coef,0.02195970317082918
3,433,tqwt_minValue_dec_4,0.021689341732337608
3,434,tqwt_TKEO_std_dec_5,0.021643403937740446
3,435,tqwt_entropy_shannon_dec_20,0.021604722063176318
3,436,std_MFCC_6th_coef,0.02136211189260262
3,437,tqwt_skewnessValue_dec_33,0.021205409360983474
3,438,tqwt_TKEO_std_dec_1,0.020940607989527127
3,439,tqwt_entropy_log_dec_21,0.020861168226874227
3,440,tqwt_medianValue_dec_4,0.0205629268529115
3,441,tqwt_TKEO_std_dec_35,0.02052256560336252
3,442,tqwt_medianValue_dec_2,0.020313207444883075
3,443,tqwt_energy_dec_8,0.0203044038989475
3,444,mean_12th_delta_delta,0.020296932524648037
3,445,tqwt_energy_dec_10,0.020219698813559894
3,446,tqwt_stdValue_dec_23,0.020207213365553978
3,447,tqwt_TKEO_std_dec_27,0.020203896591517445
3,448,det_LT_TKEO_mean_3_coef,0.02011342847761366
3,449,tqwt_skewnessValue_dec_32,0.02006279687547563
3,450,tqwt_minValue_dec_23,0.020038127450159537
3,451,tqwt_entropy_shannon_dec_29,0.019912877340228397
3,452,tqwt_energy_dec_30,0.019819105004788895
3,453,tqwt_medianValue_dec_19,0.019794746355825232
3,454,tqwt_minValue_dec_2,0.019719646785460565
3,455,tqwt_kurtosisValue_dec_13,0.01967030911643053
3,456,tqwt_stdValue_dec_4,0.019526631950560702
3,457,std_MFCC_1st_coef,0.019369482581711894
3,458,tqwt_maxValue_dec_19,0.01925240957801555
3,459,mean_MFCC_11th_coef,0.019213754654082926
3,460,det_entropy_shannon_2_coef,0.01916922696686174
3,461,tqwt_meanValue_dec_4,0.019024219663982933
3,462,tqwt_TKEO_mean_dec_3,0.018985560972809123
3,463,det_TKEO_std_5_coef,0.018680547029690908
3,464,det_LT_entropy_log_1_coef,0.01855755354509281
3,465,tqwt_skewnessValue_dec_34,0.018509799415880046
3,466,apq3Shimmer,0.01835244212489795
3,467,tqwt_medianValue_dec_21,0.018345732289344552
3,468,tqwt_maxValue_dec_36,0.01834097119202016
3,469,tqwt_minValue_dec_35,0.018326017041838227
3,470,tqwt_meanValue_dec_36,0.018267694245648558
3,471,tqwt_stdValue_dec_24,0.018222098889813854
3,472,tqwt_medianValue_dec_11,0.018038331363810833
3,473,det_TKEO_std_2_coef,0.01801005828846125
3,474,tqwt_skewnessValue_dec_1,0.01796566572024738
3,475,mean_7th_delta_delta,0.017933374601877494
3,476,tqwt_entropy_log_dec_22,0.017873997643059303
3,477,det_entropy_shannon_4_coef,0.017417408870312734
3,478,tqwt_energy_dec_34,0.017345271560145425
3,479,app_TKEO_std_4_coef,0.017150010973118412
3,480,det_LT_entropy_shannon_9_coef,0.017114011880482005
3,481,det_entropy_log_6_coef,0.017079732142483595
3,482,mean_9th_delta_delta,0.01700583029902991
3,483,tqwt_entropy_log_dec_3,0.016912429720817634
3,484,tqwt_TKEO_std_dec_21,0.01681428205957114
3,485,tqwt_entropy_log_dec_32,0.01680939965110473
3,486,tqwt_energy_dec_3,0.01676512337906444
3,487,tqwt_maxValue_dec_24,0.016693995985786136
3,488,IMF_NSR_entropy,0.016643183295439234
3,489,GQ_prc5_95,0.01650641276847553
3,490,tqwt_maxValue_dec_18,0.016477461116798375
3,491,tqwt_maxValue_dec_26,0.016466414000497975
3,492,tqwt_medianValue_dec_14,0.016397445604400485
3,493,tqwt_maxValue_dec_29,0.016384901790493567
3,494,ddaShimmer,0.01632958428780995
3,495,GNE_NSR_SEO,0.01596931110008848
3,496,tqwt_TKEO_std_dec_26,0.01596290926825894
3,497,tqwt_stdValue_dec_3,0.015830485332134492
3,498,Ea2,0.01551366694557621
3,499,mean_MFCC_4th_coef,0.01550286081969765
3,500,tqwt_TKEO_std_dec_28,0.015466119964057778
3,501,tqwt_skewnessValue_dec_2,0.015309466772757574
3,502,VFER_mean,0.014892220588516247
3,503,tqwt_kurtosisValue_dec_4,0.014828316671757769
3,504,Ed2_2_coef,0.014729556560134638
3,505,mean_delta_log_energy,0.014609692987278988
3,506,tqwt_maxValue_dec_4,0.014600522282328665
3,507,mean_Log_energy,0.014359346919759819
3,508,std_1st_delta_delta,0.014344935740782772
3,509,tqwt_meanValue_dec_15,0.014295052207011993
3,510,tqwt_meanValue_dec_34,0.01409990655040505
3,511,tqwt_minValue_dec_27,0.013842551417284854
3,512,det_LT_TKEO_std_7_coef,0.013710338679760126
3,513,rapJitter,0.013524679423668307
3,514,VFER_SNR_TKEO,0.01352095979353729
3,515,tqwt_energy_dec_19,0.01343602062769067
3,516,tqwt_TKEO_mean_dec_26,0.013368140025880049
3,517,tqwt_skewnessValue_dec_6,0.013336382810466008
3,518,tqwt_entropy_shannon_dec_2,0.013167524358989935
3,519,tqwt_energy_dec_21,0.012811701368560247
3,520,tqwt_meanValue_dec_21,0.012807111768942336
3,521,IMF_SNR_TKEO,0.012674649665608273
3,522,tqwt_minValue_dec_26,0.012645536101800081
3,523,tqwt_skewnessValue_dec_10,0.012632123422241515
3,524,tqwt_meanValue_dec_17,0.012242589634573253
3,525,Ed_8_coef,0.012239750066347588
3,526,tqwt_kurtosisValue_dec_7,0.01220523070270052
3,527,tqwt_stdValue_dec_22,0.01207345873350052
3,528,tqwt_entropy_log_dec_31,0.011981421345469201
3,529,tqwt_energy_dec_23,0.011833175420942865
3,530,tqwt_entropy_shannon_dec_4,0.011744584714354023
3,531,tqwt_TKEO_std_dec_25,0.011638047909033444
3,532,mean_delta_delta_0th,0.011614069709235508
3,533,det_TKEO_std_8_coef,0.011574231404286373
3,534,tqwt_entropy_log_dec_23,0.011394340009706516
3,535,tqwt_kurtosisValue_dec_23,0.011369409824315335
3,536,mean_6th_delta,0.011229425558975992
3,537,std_2nd_delta_delta,0.011187848087853336
3,538,tqwt_kurtosisValue_dec_21,0.010926230292032768
3,539,det_LT_entropy_log_4_coef,0.010773198815682505
3,540,tqwt_maxValue_dec_2,0.010750731699581184
3,541,f2,0.010694645035816297
3,542,std_MFCC_11th_coef,0.010680588760275667
3,543,det_entropy_shannon_8_coef,0.010629865659321114
3,544,gender,0.009830474512173337
3,545,std_delta_delta_0th,0.009783609352924882
3,546,tqwt_skewnessValue_dec_7,0.009753799571854849
3,547,det_LT_entropy_shannon_8_coef,0.009691584678851228
3,548,tqwt_TKEO_std_dec_23,0.00963679516591287
3,549,tqwt_energy_dec_9,0.009574983938537951
3,550,tqwt_entropy_shannon_dec_21,0.009530049368018378
3,551,tqwt_meanValue_dec_8,0.009521562500816483
3,552,tqwt_TKEO_mean_dec_24,0.009520565642103351
3,553,tqwt_entropy_shannon_dec_24,0.009509551069547761
3,554,det_LT_TKEO_mean_4_coef,0.009222983921506778
3,555,det_LT_entropy_shannon_2_coef,0.009121527296267251
3,556,Ed_3_coef,0.009114251563359765
3,557,det_TKEO_std_1_coef,0.009057584242909478
3,558,mean_9th_delta,0.008956077505418492
3,559,tqwt_entropy_shannon_dec_30,0.00894794567470436
3,560,Ed2_4_coef,0.008686206876705294
3,561,std_MFCC_7th_coef,0.008366283428508092
3,562,det_LT_entropy_shannon_10_coef,0.00835105502788136
3,563,std_MFCC_0th_coef,0.008309180827310358
3,564,tqwt_medianValue_dec_1,0.008189179580174288
3,565,tqwt_minValue_dec_31,0.008167631996386593
3,566,tqwt_meanValue_dec_31,0.008122203710539733
3,567,det_LT_entropy_log_6_coef,0.008096887259740448
3,568,tqwt_meanValue_dec_33,0.008030563578990124
3,569,det_LT_TKEO_mean_8_coef,0.007717209805508274
3,570,VFER_std,0.007645089483985457
3,571,mean_1st_delta_delta,0.007357654509361433
3,572,det_entropy_log_9_coef,0.007299255487213552
3,573,tqwt_kurtosisValue_dec_24,0.0072236002652585896
3,574,tqwt_minValue_dec_36,0.0071503691119496615
3,575,tqwt_kurtosisValue_dec_29,0.007080933937304135
3,576,VFER_SNR_SEO,0.006770757342823286
3,577,Ed_6_coef,0.006746700801655958
3,578,tqwt_entropy_shannon_dec_31,0.006706871809131876
3,579,mean_8th_delta,0.006466294086326041
3,580,tqwt_maxValue_dec_20,0.006428692163324312
3,581,tqwt_stdValue_dec_26,0.00635189404566705
3,582,tqwt_minValue_dec_5,0.006299276135295351
3,583,det_TKEO_mean_8_coef,0.006149515528758753
3,584,tqwt_stdValue_dec_25,0.006093610118671711
3,585,det_entropy_shannon_1_coef,0.006034773408948979
3,586,mean_3rd_delta_delta,0.005872160381774849
3,587,mean_12th_delta,0.00557749653431916
3,588,tqwt_stdValue_dec_29,0.005573014594425274
3,589,det_LT_TKEO_std_3_coef,0.005484639103618516
3,590,tqwt_meanValue_dec_3,0.005009607042231412
3,591,tqwt_meanValue_dec_13,0.004922009984735354
3,592,mean_11th_delta_delta,0.004559265219102437
3,593,mean_MFCC_8th_coef,0.004521670912949194
3,594,tqwt_minValue_dec_19,0.004422713575360504
3,595,VFER_NSR_TKEO,0.004421293258263681
3,596,std_0th_delta,0.0042624656951810724
3,597,Ed_9_coef,0.004218773475746396
3,598,mean_MFCC_9th_coef,0.004091799189917644
3,599,tqwt_energy_dec_7,0.0040382830287062355
3,600,tqwt_entropy_log_dec_30,0.004024056838097367
3,601,tqwt_entropy_log_dec_24,0.003830719091578505
3,602,tqwt_maxValue_dec_22,0.003823831618524398
3,603,tqwt_meanValue_dec_29,0.0035523609125582833
3,604,Ed2_5_coef,0.0032788154992453578
3,605,tqwt_minValue_dec_21,0.0032414836317655737
3,606,tqwt_entropy_shannon_dec_22,0.0032395300527219284
3,607,tqwt_maxValue_dec_31,0.003164427854703611
3,608,mean_1st_delta,0.0030791619874610543
3,609,det_LT_TKEO_mean_2_coef,0.0027756428022382984
3,610,tqwt_maxValue_dec_27,0.0027550314264830345
3,611,tqwt_TKEO_std_dec_29,0.0026847299762380317
3,612,tqwt_meanValue_dec_10,0.00267508944271011
3,613,Ed2_9_coef,0.0023898263908821438
3,614,PPE,0.0023822563673179253
3,615,mean_2nd_delta_delta,0.0023695710688314
3,616,b1,0.002299016437500523
3,617,tqwt_kurtosisValue_dec_14,0.002128073118793594
3,618,Ed2_10_coef,0.0020941559820357725
3,619,Ed_5_coef,0.0020488313789934764
3,620,f4,0.0019248899166415256
3,621,tqwt_TKEO_mean_dec_2,0.0018559221083229716
3,622,tqwt_energy_dec_36,0.0015224643082214495
3,623,tqwt_medianValue_dec_28,0.0014664436244116175
3,624,tqwt_maxValue_dec_25,0.0014412667152992054
3,625,det_LT_TKEO_std_8_coef,0.0013740451113650742
3,626,tqwt_meanValue_dec_35,0.0013446248572202002
3,627,tqwt_minValue_dec_1,0.0013052753519160465
3,628,det_LT_entropy_shannon_1_coef,0.0012700972240757835
3,629,mean_MFCC_7th_coef,0.0012160574997175377
3,630,tqwt_minValue_dec_25,0.0011953623530374102
3,631,std_1st_delta,0.000942210444003333
3,632,det_TKEO_std_7_coef,0.0008488256387297888
3,633,tqwt_entropy_log_dec_25,0.00081164780861398
3,634,IMF_NSR_SEO,0.0007388461775845734
3,635,tqwt_TKEO_mean_dec_31,0.0005934574862056508
3,636,tqwt_minValue_dec_28,0.00038085709216484354
3,637,Ea,0.0
3,638,Ed2_1_coef,0.0
3,639,Ed2_6_coef,0.0
3,640,Ed2_7_coef,0.0
3,641,Ed_7_coef,0.0
3,642,GNE_NSR_TKEO,0.0
3,643,GNE_SNR_TKEO,0.0
3,644,GQ_std_cycle_closed,0.0
3,645,b2,0.0
3,646,b3,0.0
3,647,b4,0.0
3,648,det_LT_TKEO_mean_10_coef,0.0
3,649,det_LT_TKEO_mean_7_coef,0.0
3,650,det_LT_TKEO_std_10_coef,0.0
3,651,det_LT_TKEO_std_6_coef,0.0
3,652,det_LT_TKEO_std_9_coef,0.0
3,653,det_LT_entropy_log_10_coef,0.0
3,654,det_LT_entropy_log_3_coef,0.0
3,655,det_LT_entropy_log_5_coef,0.0
3,656,det_LT_entropy_log_7_coef,0.0
3,657,det_LT_entropy_log_8_coef,0.0
3,658,det_LT_entropy_log_9_coef,0.0
3,659,det_LT_entropy_shannon_5_coef,0.0
3,660,det_LT_entropy_shannon_6_coef,0.0
3,661,det_LT_entropy_shannon_7_coef,0.0
3,662,det_TKEO_mean_10_coef,0.0
3,663,det_TKEO_mean_3_coef,0.0
3,664,det_TKEO_mean_4_coef,0.0
3,665,det_TKEO_mean_5_coef,0.0
3,666,det_TKEO_mean_6_coef,0.0
3,667,det_TKEO_mean_7_coef,0.0
3,668,det_TKEO_mean_9_coef,0.0
3,669,det_TKEO_std_10_coef,0.0
3,670,det_TKEO_std_6_coef,0.0
3,671,det_TKEO_std_9_coef,0.0
3,672,det_entropy_log_2_coef,0.0
3,673,det_entropy_log_3_coef,0.0
3,674,det_entropy_log_5_coef,0.0
3,675,det_entropy_log_7_coef,0.0
3,676,det_entropy_log_8_coef,0.0
3,677,det_entropy_shannon_10_coef,0.0
3,678,det_entropy_shannon_5_coef,0.0
3,679,det_entropy_shannon_6_coef,0.0
3,680,det_entropy_shannon_9_coef,0.0
3,681,f3,0.0
3,682,mean_10th_delta,0.0
3,683,mean_10th_delta_delta,0.0
3,684,mean_3rd_delta,0.0
3,685,mean_4th_delta,0.0
3,686,mean_4th_delta_delta,0.0
3,687,mean_5th_delta,0.0
3,688,mean_5th_delta_delta,0.0
3,689,mean_6th_delta_delta,0.0
3,690,mean_7th_delta,0.0
3,691,mean_8th_delta_delta,0.0
3,692,std_MFCC_2nd_coef,0.0
3,693,std_MFCC_3rd_coef,0.0
3,694,std_MFCC_5th_coef,0.0
3,695,tqwt_TKEO_mean_dec_21,0.0
3,696,tqwt_TKEO_mean_dec_22,0.0
3,697,tqwt_TKEO_mean_dec_25,0.0
3,698,tqwt_TKEO_mean_dec_29,0.0
3,699,tqwt_TKEO_std_dec_24,0.0
3,700,tqwt_TKEO_std_dec_30,0.0
3,701,tqwt_TKEO_std_dec_33,0.0
3,702,tqwt_energy_dec_18,0.0
3,703,tqwt_energy_dec_20,0.0
3,704,tqwt_energy_dec_22,0.0
3,705,tqwt_energy_dec_31,0.0
3,706,tqwt_entropy_log_dec_2,0.0
3,707,tqwt_entropy_log_dec_29,0.0
3,708,tqwt_entropy_shannon_dec_23,0.0
3,709,tqwt_entropy_shannon_dec_25,0.0
3,710,tqwt_kurtosisValue_dec_10,0.0
3,711,tqwt_kurtosisValue_dec_11,0.0
3,712,tqwt_kurtosisValue_dec_3,0.0
3,713,tqwt_kurtosisValue_dec_30,0.0
3,714,tqwt_kurtosisValue_dec_31,0.0
3,715,tqwt_kurtosisValue_dec_32,0.0
3,716,tqwt_kurtosisValue_dec_33,0.0
3,717,tqwt_kurtosisValue_dec_8,0.0
3,718,tqwt_kurtosisValue_dec_9,0.0
3,719,tqwt_maxValue_dec_30,0.0
3,720,tqwt_maxValue_dec_32,0.0
3,721,tqwt_meanValue_dec_1,0.0
3,722,tqwt_meanValue_dec_12,0.0
3,723,tqwt_meanValue_dec_14,0.0
3,724,tqwt_meanValue_dec_16,0.0
3,725,tqwt_meanValue_dec_18,0.0
3,726,tqwt_meanValue_dec_19,0.0
3,727,tqwt_meanValue_dec_20,0.0
3,728,tqwt_meanValue_dec_22,0.0
3,729,tqwt_meanValue_dec_23,0.0
3,730,tqwt_meanValue_dec_24,0.0
3,731,tqwt_meanValue_dec_25,0.0
3,732,tqwt_meanValue_dec_26,0.0
3,733,tqwt_meanValue_dec_27,0.0
3,734,tqwt_meanValue_dec_30,0.0
3,735,tqwt_meanValue_dec_32,0.0
3,736,tqwt_meanValue_dec_5,0.0
3,737,tqwt_meanValue_dec_6,0.0
3,738,tqwt_meanValue_dec_7,0.0
3,739,tqwt_meanValue_dec_9,0.0
3,740,tqwt_medianValue_dec_15,0.0
3,741,tqwt_medianValue_dec_29,0.0
3,742,tqwt_medianValue_dec_32,0.0
3,743,tqwt_minValue_dec_22,0.0
3,744,tqwt_minValue_dec_24,0.0
3,745,tqwt_minValue_dec_29,0.0
3,746,tqwt_minValue_dec_30,0.0
3,747,tqwt_minValue_dec_32,0.0
3,748,tqwt_skewnessValue_dec_14,0.0
3,749,tqwt_skewnessValue_dec_15,0.0
3,750,tqwt_skewnessValue_dec_29,0.0
3,751,tqwt_skewnessValue_dec_31,0.0
3,752,tqwt_skewnessValue_dec_4,0.0
3,753,tqwt_skewnessValue_dec_9,0.0
4,1,std_8th_delta_delta,0.11237298448521593
4,2,std_delta_delta_log_energy,0.10874457205714716
4,3,tqwt_entropy_log_dec_35,0.10383287681141029
4,4,tqwt_entropy_log_dec_11,0.09771326531199453
4,5,app_entropy_shannon_5_coef,0.09535138293360856
4,6,std_9th_delta_delta,0.09278081690125073
4,7,tqwt_TKEO_std_dec_12,0.09213431811354211
4,8,mean_MFCC_2nd_coef,0.09114405478103715
4,9,tqwt_TKEO_std_dec_11,0.08995786242837811
4,10,tqwt_medianValue_dec_8,0.08957486423576433
4,11,tqwt_TKEO_std_dec_13,0.08875620296063569
4,12,tqwt_TKEO_mean_dec_16,0.08852311789554324
4,13,tqwt_entropy_log_dec_12,0.08851226985452598
4,14,tqwt_energy_dec_27,0.08801382900046084
4,15,tqwt_entropy_shannon_dec_35,0.08736755080337999
4,16,tqwt_TKEO_mean_dec_12,0.08712918711467954
4,17,std_Log_energy,0.08642271570146365
4,18,tqwt_maxValue_dec_12,0.086411179859327
4,19,tqwt_entropy_shannon_dec_11,0.08587017029894373
4,20,minIntensity,0.08459032519368259
4,21,std_delta_log_energy,0.08417055291387543
4,22,tqwt_TKEO_mean_dec_11,0.08390856641793643
4,23,app_entropy_log_2_coef,0.08373825887845943
4,24,tqwt_stdValue_dec_12,0.08346030235546831
4,25,std_6th_delta_delta,0.08328443368781402
4,26,tqwt_minValue_dec_11,0.08322686897009501
4,27,tqwt_stdValue_dec_15,0.08298603831842022
4,28,tqwt_medianValue_dec_25,0.0829804379657959
4,29,tqwt_minValue_dec_10,0.0827297340944586
4,30,app_LT_TKEO_std_8_coef,0.0819925134270294
4,31,tqwt_entropy_shannon_dec_14,0.08182758794762934
4,32,app_LT_TKEO_mean_8_coef,0.08175411628481943
4,33,app_entropy_shannon_7_coef,0.08148250070517848
4,34,std_7th_delta_delta,0.08027211886586216
4,35,std_4th_delta_delta,0.08010111951318022
4,36,app_entropy_shannon_6_coef,0.07972551680578666
4,37,tqwt_skewnessValue_dec_36,0.07968513894077733
4,38,app_entropy_shannon_3_coef,0.07938706944458085
4,39,meanIntensity,0.0790195857887721
4,40,app_LT_entropy_shannon_7_coef,0.07869376644175641
4,41,tqwt_TKEO_mean_dec_13,0.07832641908950033
4,42,app_LT_entropy_log_2_coef,0.0781305999543287
4,43,app_entropy_log_5_coef,0.07808631805221511
4,44,app_LT_TKEO_mean_1_coef,0.07793965194190022
4,45,tqwt_entropy_log_dec_16,0.07757335774780483
4,46,tqwt_TKEO_std_dec_6,0.07645296398770007
4,47,std_9th_delta,0.07644373908864277
4,48,tqwt_entropy_log_dec_27,0.07627884509096239
4,49,app_LT_entropy_log_5_coef,0.07624023658536294
4,50,app_LT_entropy_shannon_3_coef,0.0759135784300562
4,51,tqwt_medianValue_dec_26,0.07528704678435671
4,52,app_LT_entropy_shannon_6_coef,0.07523219240292489
4,53,app_entropy_log_6_coef,0.07516160213202205
4,54,std_8th_delta,0.07443637134252468
4,55,app_LT_entropy_shannon_2_coef,0.07412216188911591
4,56,tqwt_kurtosisValue_dec_36,0.07372379230026738
4,57,app_LT_TKEO_mean_9_coef,0.07355472010989095
4,58,app_TKEO_std_2_coef,0.07328067586492915
4,59,tqwt_energy_dec_25,0.07326024513237805
4,60,tqwt_maxValue_dec_11,0.07318799102424345
4,61,app_LT_entropy_shannon_5_coef,0.07275009977938285
4,62,tqwt_medianValue_dec_16,0.07235418063224341
4,63,app_entropy_log_3_coef,0.07232615185991209
4,64,app_LT_TKEO_std_5_coef,0.07171157221957514
4,65,app_TKEO_std_7_coef,0.07160711504840056
4,66,app_LT_entropy_log_3_coef,0.07150307389039745
4,67,app_entropy_shannon_4_coef,0.07086785503569826
4,68,app_det_TKEO_mean_8_coef,0.07068541605790313
4,69,tqwt_kurtosisValue_dec_26,0.0706777321640617
4,70,tqwt_energy_dec_26,0.07047447865928103
4,71,app_entropy_shannon_2_coef,0.07000625023982177
4,72,tqwt_medianValue_dec_34,0.06973178630135268
4,73,app_det_TKEO_mean_1_coef,0.06954337451210368
4,74,tqwt_medianValue_dec_12,0.06948062439836389
4,75,std_3rd_delta,0.06921614120474606
4,76,app_LT_TKEO_std_6_coef,0.0688906434166987
4,77,tqwt_TKEO_std_dec_14,0.06819815124331541
4,78,tqwt_entropy_log_dec_13,0.06798224024056276
4,79,tqwt_entropy_log_dec_10,0.06781467194611213
4,80,tqwt_stdValue_dec_16,0.06780478891621677
4,81,app_LT_entropy_log_7_coef,0.06778747809167562
4,82,maxIntensity,0.06778058737088744
4,83,app_TKEO_std_9_coef,0.0676718092224855
4,84,app_entropy_shannon_9_coef,0.06723899813184353
4,85,app_LT_entropy_log_6_coef,0.06718588397024594
4,86,tqwt_minValue_dec_17,0.06708349208102904
4,87,tqwt_minValue_dec_13,0.06688015210383913
4,88,app_LT_entropy_shannon_4_coef,0.06672707472058059
4,89,tqwt_stdValue_dec_11,0.06664063982857615
4,90,tqwt_stdValue_dec_13,0.0666333625751474
4,91,app_entropy_log_1_coef,0.06611437824723176
4,92,app_entropy_shannon_8_coef,0.0661010429497706
4,93,meanPeriodPulses,0.06593390262814536
4,94,tqwt_entropy_log_dec_17,0.06587942428136184
4,95,tqwt_kurtosisValue_dec_27,0.06579334164793504
4,96,app_TKEO_std_8_coef,0.06527130587985086
4,97,app_LT_TKEO_std_10_coef,0.06496861146624644
4,98,app_entropy_log_4_coef,0.06483457560807748
4,99,numPeriodsPulses,0.06482995439943284
4,100,app_entropy_log_7_coef,0.06479432456208145
4,101,tqwt_minValue_dec_8,0.06478529473021322
4,102,app_det_TKEO_mean_9_coef,0.06475089599527428
4,103,tqwt_entropy_shannon_dec_16,0.06428521668851772
4,104,tqwt_entropy_log_dec_6,0.06416040551772095
4,105,tqwt_entropy_log_dec_14,0.06407234188885202
4,106,app_LT_entropy_shannon_1_coef,0.06359775366283005
4,107,app_entropy_shannon_10_coef,0.06352069213088174
4,108,tqwt_skewnessValue_dec_26,0.06345549238130399
4,109,ppq5Jitter,0.06314466699588861
4,110,tqwt_maxValue_dec_17,0.06298122174364074
4,111,apq11Shimmer,0.0629188881790943
4,112,tqwt_entropy_shannon_dec_36,0.0628786848739229
4,113,tqwt_minValue_dec_15,0.06277944132150481
4,114,tqwt_minValue_dec_12,0.06251518882791918
4,115,tqwt_skewnessValue_dec_22,0.06235188914834078
4,116,app_LT_TKEO_mean_10_coef,0.06210112796303435
4,117,tqwt_medianValue_dec_17,0.062041191501761794
4,118,tqwt_skewnessValue_dec_18,0.06198022058001307
4,119,tqwt_TKEO_std_dec_18,0.061859991786772595
4,120,app_TKEO_std_10_coef,0.06177213979398033
4,121,Ed2_3_coef,0.0616316220785329
4,122,tqwt_stdValue_dec_14,0.06123963314799474
4,123,tqwt_TKEO_std_dec_8,0.06115061803393651
4,124,GQ_std_cycle_open,0.06072959617045948
4,125,app_det_TKEO_mean_10_coef,0.060685382441522995
4,126,std_4th_delta,0.060578173630698284
4,127,tqwt_entropy_log_dec_26,0.060557540182611724
4,128,tqwt_stdValue_dec_33,0.06054281896916236
4,129,app_entropy_log_8_coef,0.06049438169527721
4,130,app_TKEO_std_6_coef,0.06044567614535912
4,131,app_entropy_log_9_coef,0.06040923399983544
4,132,tqwt_stdValue_dec_6,0.060389922254776796
4,133,app_entropy_log_10_coef,0.06023835054105131
4,134,tqwt_kurtosisValue_dec_28,0.060204636420284396
4,135,locAbsJitter,0.059974791509878944
4,136,std_3rd_delta_delta,0.05991527141825892
4,137,GNE_mean,0.05976238388820865
4,138,tqwt_entropy_shannon_dec_15,0.05958740873282453
4,139,tqwt_TKEO_mean_dec_9,0.05951344421556981
4,140,tqwt_TKEO_std_dec_15,0.05933061342692625
4,141,tqwt_entropy_shannon_dec_27,0.05922998331865159
4,142,app_entropy_shannon_1_coef,0.05907337928375678
4,143,tqwt_skewnessValue_dec_25,0.05898107637025163
4,144,tqwt_energy_dec_12,0.05863135559399324
4,145,app_LT_entropy_log_4_coef,0.058417372837650694
4,146,app_LT_entropy_shannon_8_coef,0.05838947062877198
4,147,tqwt_skewnessValue_dec_30,0.058217962002406365
4,148,std_6th_delta,0.05821260851818311
4,149,app_LT_TKEO_std_7_coef,0.05815450160747737
4,150,ddpJitter,0.05804319582637052
4,151,tqwt_maxValue_dec_10,0.057996867068109026
4,152,tqwt_entropy_shannon_dec_8,0.057992864878894324
4,153,tqwt_skewnessValue_dec_17,0.05795005610629245
4,154,app_det_TKEO_mean_5_coef,0.057945349876927565
4,155,std_10th_delta,0.05782854472805932
4,156,app_LT_entropy_log_8_coef,0.057785247496019654
4,157,app_LT_entropy_shannon_10_coef,0.05764598620784955
4,158,tqwt_medianValue_dec_10,0.05755550294462797
4,159,tqwt_minValue_dec_16,0.05743105470967991
4,160,numPulses,0.05741296324334533
4,161,tqwt_entropy_log_dec_15,0.057379650267360915
4,162,app_LT_entropy_shannon_9_coef,0.05735107394826078
4,163,tqwt_TKEO_std_dec_16,0.05730065969044573
4,164,app_det_TKEO_mean_7_coef,0.05728894917193861
4,165,app_LT_entropy_log_1_coef,0.05716904931167499
4,166,app_LT_entropy_log_9_coef,0.05714687851206235
4,167,VFER_entropy,0.057027323137003316
4,168,tqwt_maxValue_dec_7,0.05698035164253534
4,169,app_TKEO_std_5_coef,0.05670397435277352
4,170,app_LT_TKEO_std_2_coef,0.05631325222166783
4,171,app_LT_TKEO_mean_4_coef,0.05628803025312745
4,172,tqwt_minValue_dec_9,0.056218142927963566
4,173,tqwt_entropy_shannon_dec_13,0.05594710336992348
4,174,tqwt_entropy_log_dec_19,0.055765307085090754
4,175,app_det_TKEO_mean_6_coef,0.05562843226500913
4,176,std_10th_delta_delta,0.055579385633133915
4,177,std_11th_delta_delta,0.0554353222927797
4,178,tqwt_entropy_log_dec_8,0.05534786807015557
4,179,app_LT_entropy_log_10_coef,0.055221442116470065
4,180,tqwt_entropy_shannon_dec_7,0.05509944334298367
4,181,tqwt_skewnessValue_dec_23,0.05496276985636084
4,182,tqwt_TKEO_mean_dec_8,0.0547239445596992
4,183,tqwt_skewnessValue_dec_16,0.05469919746961671
4,184,tqwt_stdValue_dec_36,0.05453796883518147
4,185,tqwt_maxValue_dec_8,0.05424213459304883
4,186,tqwt_maxValue_dec_16,0.054036403894323515
4,187,tqwt_energy_dec_13,0.05398455227816368
4,188,tqwt_stdValue_dec_8,0.053628293983666975
4,189,tqwt_stdValue_dec_20,0.05362290811303927
4,190,tqwt_medianValue_dec_30,0.05353067051578653
4,191,app_LT_TKEO_std_4_coef,0.05321280968032016
4,192,tqwt_TKEO_mean_dec_17,0.052917300810502166
4,193,tqwt_TKEO_std_dec_7,0.0527438349575029
4,194,tqwt_kurtosisValue_dec_18,0.052679354073212226
4,195,tqwt_minValue_dec_7,0.05239908215469602
4,196,tqwt_maxValue_dec_28,0.05239670311471789
4,197,std_11th_delta,0.05211215146733683
4,198,tqwt_maxValue_dec_14,0.05203586761266599
4,199,tqwt_TKEO_mean_dec_6,0.051774041639974344
4,200,app_LT_TKEO_std_9_coef,0.051587868346844035
4,201,rapJitter,0.05144758492245649
4,202,tqwt_stdValue_dec_17,0.05137031621079147
4,203,tqwt_stdValue_dec_35,0.051185846339618646
4,204,tqwt_skewnessValue_dec_12,0.051000593966969765
4,205,DFA,0.050998493601541295
4,206,tqwt_maxValue_dec_19,0.05087624132646451
4,207,std_5th_delta_delta,0.050714240192259785
4,208,tqwt_skewnessValue_dec_24,0.05063934741934961
4,209,app_LT_TKEO_std_3_coef,0.049745803577735836
4,210,Ed_10_coef,0.049523329854030074
4,211,tqwt_stdValue_dec_19,0.04950821638613423
4,212,tqwt_TKEO_mean_dec_14,0.04912162995625513
4,213,tqwt_energy_dec_1,0.04905910340871067
4,214,tqwt_TKEO_mean_dec_18,0.048572333802375356
4,215,tqwt_stdValue_dec_10,0.048474854135650114
4,216,tqwt_TKEO_mean_dec_10,0.048012621947584266
4,217,tqwt_energy_dec_11,0.048010888280399566
4,218,tqwt_kurtosisValue_dec_35,0.04799756914512887
4,219,app_det_TKEO_mean_4_coef,0.047943206407005334
4,220,tqwt_stdValue_dec_32,0.04787162111099552
4,221,tqwt_energy_dec_28,0.047841063643011994
4,222,app_LT_TKEO_mean_7_coef,0.047435961501777646
4,223,tqwt_skewnessValue_dec_8,0.04741152404706961
4,224,tqwt_stdValue_dec_5,0.04728377916466031
4,225,tqwt_minValue_dec_6,0.04722993089352734
4,226,tqwt_entropy_shannon_dec_12,0.0469022124198879
4,227,tqwt_entropy_shannon_dec_19,0.0468551621145914
4,228,tqwt_stdValue_dec_34,0.04657426401479947
4,229,std_7th_delta,0.04632959134436465
4,230,tqwt_medianValue_dec_23,0.04627745439171371
4,231,tqwt_stdValue_dec_7,0.04626097223693493
4,232,tqwt_kurtosisValue_dec_5,0.046153848317465496
4,233,tqwt_energy_dec_15,0.04591223158150548
4,234,app_TKEO_std_1_coef,0.04585177453708522
4,235,tqwt_skewnessValue_dec_13,0.04498003408328932
4,236,tqwt_minValue_dec_14,0.044850867248533266
4,237,app_LT_TKEO_mean_5_coef,0.04482286407091829
4,238,tqwt_entropy_log_dec_20,0.044806410277367315
4,239,tqwt_entropy_log_dec_5,0.04478279120176398
4,240,tqwt_minValue_dec_18,0.04474782425051549
4,241,tqwt_TKEO_mean_dec_19,0.04470267046335974
4,242,tqwt_maxValue_dec_13,0.04464572875893813
4,243,tqwt_medianValue_dec_27,0.044533926776565425
4,244,tqwt_medianValue_dec_20,0.044480188142755006
4,245,app_LT_TKEO_mean_6_coef,0.04447539862923433
4,246,tqwt_TKEO_std_dec_10,0.044176341059270374
4,247,app_LT_TKEO_mean_2_coef,0.04412364003734104
4,248,tqwt_entropy_log_dec_33,0.04387436796825672
4,249,tqwt_entropy_shannon_dec_18,0.04366894996546544
4,250,tqwt_entropy_log_dec_28,0.04360003332140727
4,251,tqwt_minValue_dec_33,0.043449927308773395
4,252,tqwt_entropy_shannon_dec_5,0.043024756481961246
4,253,tqwt_entropy_shannon_dec_6,0.043006929652117165
4,254,app_det_TKEO_mean_2_coef,0.042906519025983414
4,255,tqwt_entropy_shannon_dec_33,0.04258041573798299
4,256,tqwt_stdValue_dec_9,0.042483360588241315
4,257,tqwt_entropy_shannon_dec_32,0.042321135415134714
4,258,tqwt_TKEO_std_dec_19,0.041871502821670514
4,259,tqwt_stdValue_dec_18,0.041862437334392544
4,260,tqwt_TKEO_mean_dec_15,0.041857235217956035
4,261,apq5Shimmer,0.04181514823171395
4,262,tqwt_skewnessValue_dec_27,0.04143264524784107
4,263,app_det_TKEO_mean_3_coef,0.04136281168810396
4,264,app_LT_TKEO_std_1_coef,0.041319477630873624
4,265,det_entropy_log_1_coef,0.04131749617689873
4,266,det_entropy_log_10_coef,0.04127331566193049
4,267,tqwt_medianValue_dec_22,0.04109084266932217
4,268,mean_MFCC_10th_coef,0.04058411263890771
4,269,tqwt_energy_dec_16,0.040410695975317656
4,270,tqwt_kurtosisValue_dec_17,0.04023387441092097
4,271,tqwt_medianValue_dec_6,0.040225939043179615
4,272,tqwt_stdValue_dec_1,0.03983904151604323
4,273,tqwt_skewnessValue_dec_5,0.03979451259048061
4,274,tqwt_energy_dec_24,0.039787447886148186
4,275,tqwt_energy_dec_17,0.0397850616497446
4,276,tqwt_maxValue_dec_15,0.03956695607812932
4,277,tqwt_TKEO_mean_dec_34,0.03945673933254423
4,278,tqwt_maxValue_dec_9,0.03925968238737165
4,279,IMF_NSR_TKEO,0.03911769763664741
4,280,app_TKEO_std_3_coef,0.03896564062539554
4,281,locShimmer,0.03886789173912897
4,282,mean_MFCC_1st_coef,0.03873005681876052
4,283,tqwt_medianValue_dec_9,0.037571982623757494
4,284,tqwt_energy_dec_6,0.037412577359531074
4,285,locPctJitter,0.03740375518997796
4,286,tqwt_TKEO_std_dec_9,0.03740094685046902
4,287,mean_0th_delta,0.03731157957960862
4,288,tqwt_skewnessValue_dec_20,0.03730181365168317
4,289,tqwt_skewnessValue_dec_21,0.03720936561278787
4,290,std_5th_delta,0.03714507243459364
4,291,tqwt_energy_dec_29,0.037006051327108436
4,292,mean_MFCC_12th_coef,0.036924822963477766
4,293,tqwt_energy_dec_14,0.03690608167898457
4,294,tqwt_skewnessValue_dec_35,0.036679644299419945
4,295,tqwt_medianValue_dec_7,0.036611650834120324
4,296,std_12th_delta_delta,0.03659868169022795
4,297,tqwt_entropy_log_dec_23,0.03657702092229376
4,298,std_12th_delta,0.036356255479553345
4,299,app_LT_TKEO_mean_3_coef,0.03629655549384947
4,300,tqwt_medianValue_dec_13,0.0362817173897334
4,301,tqwt_TKEO_std_dec_3,0.03621366106257251
4,302,tqwt_entropy_shannon_dec_17,0.03614291830986538
4,303,det_LT_TKEO_mean_4_coef,0.03557384031906863
4,304,tqwt_energy_dec_5,0.035544099734435175
4,305,tqwt_skewnessValue_dec_28,0.03550744737444811
4,306,tqwt_TKEO_mean_dec_7,0.03539283321336373
4,307,GQ_prc5_95,0.03506528274765697
4,308,tqwt_entropy_log_dec_36,0.03496469748579023
4,309,tqwt_kurtosisValue_dec_6,0.03465803537937551
4,310,tqwt_TKEO_std_dec_4,0.034652695684400436
4,311,std_2nd_delta,0.03456587021836488
4,312,tqwt_TKEO_mean_dec_32,0.03436173514271745
4,313,tqwt_medianValue_dec_18,0.03434072274858613
4,314,tqwt_maxValue_dec_1,0.034297099866163805
4,315,mean_MFCC_3rd_coef,0.03402273872194472
4,316,tqwt_entropy_log_dec_4,0.033985670692118
4,317,tqwt_TKEO_mean_dec_28,0.033801357063717674
4,318,tqwt_minValue_dec_28,0.03338902602794103
4,319,tqwt_TKEO_mean_dec_5,0.03330152114204443
4,320,IMF_SNR_SEO,0.033281920713981616
4,321,tqwt_TKEO_std_dec_22,0.03324827312337564
4,322,tqwt_stdValue_dec_21,0.03321394916882592
4,323,tqwt_skewnessValue_dec_11,0.0332076763525595
4,324,tqwt_kurtosisValue_dec_22,0.033199899315131676
4,325,mean_MFCC_9th_coef,0.03315322383744612
4,326,locDbShimmer,0.03314585582805907
4,327,tqwt_stdValue_dec_4,0.03308251794750361
4,328,mean_MFCC_6th_coef,0.03278757997910642
4,329,tqwt_medianValue_dec_24,0.03271610184359153
4,330,tqwt_entropy_log_dec_25,0.03251295435640422
4,331,tqwt_kurtosisValue_dec_19,0.032509012034140694
4,332,tqwt_maxValue_dec_32,0.032303932758460885
4,333,mean_11th_delta,0.03219101937303681
4,334,tqwt_kurtosisValue_dec_23,0.032057950381387146
4,335,GNE_std,0.03201180086035227
4,336,tqwt_entropy_shannon_dec_10,0.03192474774060705
4,337,tqwt_maxValue_dec_2,0.03185240473687001
4,338,det_LT_entropy_shannon_4_coef,0.03159497414052659
4,339,tqwt_medianValue_dec_31,0.031430265399741586
4,340,det_LT_TKEO_mean_3_coef,0.031390070731631914
4,341,tqwt_TKEO_mean_dec_36,0.031288366613400065
4,342,tqwt_entropy_log_dec_18,0.031206417399124886
4,343,tqwt_medianValue_dec_35,0.03106997974647685
4,344,tqwt_stdValue_dec_24,0.031069781772519844
4,345,app_TKEO_std_4_coef,0.03106299812750879
4,346,tqwt_entropy_shannon_dec_3,0.031054660756525854
4,347,std_MFCC_7th_coef,0.031051526550732733
4,348,tqwt_entropy_log_dec_7,0.030952430613443216
4,349,tqwt_entropy_shannon_dec_23,0.03093556484313864
4,350,det_LT_TKEO_std_2_coef,0.030902129945057366
4,351,Ed_4_coef,0.030856601613432844
4,352,tqwt_entropy_log_dec_34,0.03070031346398583
4,353,tqwt_stdValue_dec_30,0.03064868522644648
4,354,Ed_2_coef,0.03058462477846713
4,355,mean_4th_delta_delta,0.03050542229820863
4,356,tqwt_medianValue_dec_21,0.030389810954518426
4,357,Ea2,0.03028379878185694
4,358,det_TKEO_mean_1_coef,0.03003412025916785
4,359,IMF_NSR_entropy,0.029897227935508086
4,360,tqwt_maxValue_dec_33,0.02966524683094951
4,361,tqwt_medianValue_dec_33,0.029502005454377533
4,362,tqwt_kurtosisValue_dec_20,0.02946762595411201
4,363,tqwt_entropy_shannon_dec_34,0.02940766921234861
4,364,VFER_NSR_SEO,0.028843634740645108
4,365,tqwt_TKEO_std_dec_2,0.028784954452886424
4,366,tqwt_TKEO_mean_dec_26,0.028779254728623194
4,367,mean_4th_delta,0.028767667274786746
4,368,tqwt_stdValue_dec_23,0.028740046872388403
4,369,tqwt_maxValue_dec_6,0.028678915254469306
4,370,tqwt_TKEO_mean_dec_27,0.028604236884234302
4,371,std_MFCC_9th_coef,0.02842624726705134
4,372,tqwt_TKEO_std_dec_17,0.028384783378824663
4,373,mean_MFCC_5th_coef,0.02822975061099564
4,374,det_LT_TKEO_std_7_coef,0.028185412842621993
4,375,det_LT_entropy_shannon_10_coef,0.028173670371591575
4,376,det_LT_TKEO_mean_9_coef,0.027900826339066098
4,377,std_delta_delta_0th,0.027752589361663915
4,378,f1,0.027640710321824802
4,379,std_MFCC_12th_coef,0.027541563855664863
4,380,std_MFCC_1st_coef,0.02739448345843498
4,381,tqwt_kurtosisValue_dec_34,0.027318774287519387
4,382,tqwt_TKEO_mean_dec_33,0.02722453910202427
4,383,tqwt_entropy_log_dec_3,0.02718483012511963
4,384,det_LT_entropy_shannon_8_coef,0.027172957015855204
4,385,tqwt_entropy_shannon_dec_29,0.02712456717926237
4,386,std_MFCC_4th_coef,0.027040551828795945
4,387,tqwt_maxValue_dec_4,0.026900295343176506
4,388,tqwt_meanValue_dec_30,0.026741537391250514
4,389,stdDevPeriodPulses,0.02673068151633662
4,390,tqwt_TKEO_std_dec_20,0.026727107637866787
4,391,tqwt_TKEO_std_dec_5,0.02658653079234785
4,392,tqwt_maxValue_dec_3,0.02638929637785159
4,393,tqwt_maxValue_dec_23,0.026268723003730843
4,394,tqwt_TKEO_std_dec_36,0.026256447629528834
4,395,tqwt_energy_dec_8,0.026168358922218804
4,396,tqwt_TKEO_std_dec_32,0.02606381161452398
4,397,det_TKEO_std_8_coef,0.025950160931450084
4,398,std_MFCC_10th_coef,0.025926368341917083
4,399,GNE_SNR_SEO,0.025839821129803653
4,400,tqwt_TKEO_mean_dec_35,0.025826161347049403
4,401,tqwt_minValue_dec_3,0.025821673263163758
4,402,tqwt_kurtosisValue_dec_16,0.02581620746655
4,403,tqwt_entropy_shannon_dec_4,0.025597027451004895
4,404,tqwt_stdValue_dec_28,0.025363851184486252
4,405,det_entropy_shannon_3_coef,0.02517698704357718
4,406,tqwt_meanValue_dec_28,0.02515527219757785
4,407,tqwt_entropy_log_dec_9,0.024938479636223088
4,408,det_LT_entropy_log_2_coef,0.02489292523703135
4,409,tqwt_TKEO_mean_dec_4,0.024874842608635594
4,410,tqwt_skewnessValue_dec_3,0.024831352687417985
4,411,tqwt_kurtosisValue_dec_25,0.02478051012335114
4,412,tqwt_entropy_shannon_dec_28,0.024454087811360825
4,413,tqwt_maxValue_dec_5,0.024069084099673566
4,414,tqwt_maxValue_dec_27,0.023919483943888986
4,415,tqwt_meanValue_dec_36,0.023737909561098114
4,416,tqwt_maxValue_dec_36,0.02367903763437229
4,417,det_LT_TKEO_std_1_coef,0.023388336374495777
4,418,tqwt_stdValue_dec_27,0.02324965651520028
4,419,tqwt_maxValue_dec_21,0.023001089978925915
4,420,tqwt_energy_dec_35,0.022958446923374343
4,421,tqwt_kurtosisValue_dec_2,0.02278357251659613
4,422,tqwt_skewnessValue_dec_32,0.02276949232613701
4,423,tqwt_maxValue_dec_35,0.022441939290627655
4,424,meanHarmToNoiseHarmonicity,0.022407490482774017
4,425,IMF_SNR_TKEO,0.02223636751535807
4,426,tqwt_entropy_shannon_dec_9,0.022198195347953975
4,427,mean_12th_delta_delta,0.022177982458961853
4,428,tqwt_medianValue_dec_36,0.022120304851532158
4,429,tqwt_medianValue_dec_19,0.021934758688434863
4,430,tqwt_minValue_dec_2,0.021767045409202712
4,431,tqwt_TKEO_std_dec_1,0.02171740671082678
4,432,mean_7th_delta_delta,0.021701585142229973
4,433,tqwt_TKEO_mean_dec_20,0.021536568937908562
4,434,std_MFCC_11th_coef,0.021531747667707712
4,435,tqwt_minValue_dec_23,0.021504258708786805
4,436,tqwt_minValue_dec_30,0.021463503218741353
4,437,tqwt_stdValue_dec_25,0.021448324871893965
4,438,tqwt_entropy_log_dec_1,0.02141206629088832
4,439,tqwt_maxValue_dec_18,0.021224879790381346
4,440,Ed_8_coef,0.021126009718668515
4,441,det_LT_TKEO_mean_2_coef,0.020866485501406462
4,442,tqwt_medianValue_dec_14,0.020835762616147502
4,443,std_MFCC_0th_coef,0.020800092743721965
4,444,tqwt_TKEO_std_dec_31,0.020795145352337396
4,445,mean_11th_delta_delta,0.02073261096833967
4,446,tqwt_TKEO_mean_dec_3,0.02067968143616228
4,447,tqwt_kurtosisValue_dec_15,0.020368437506219195
4,448,gender,0.020332342947601667
4,449,VFER_mean,0.02027531822717421
4,450,RPDE,0.020225973344696113
4,451,tqwt_meanValue_dec_9,0.020220235380216334
4,452,tqwt_kurtosisValue_dec_24,0.02012539155491977
4,453,Ed2_4_coef,0.02008188115416165
4,454,tqwt_stdValue_dec_2,0.020035693852050285
4,455,tqwt_entropy_shannon_dec_20,0.019990656803105855
4,456,tqwt_entropy_log_dec_21,0.019976866284393546
4,457,tqwt_entropy_log_dec_22,0.019950195163789486
4,458,tqwt_energy_dec_4,0.01959142906619782
4,459,GNE_NSR_SEO,0.019526532867918167
4,460,tqwt_energy_dec_30,0.019474708451860723
4,461,mean_Log_energy,0.019412464026449472
4,462,tqwt_entropy_shannon_dec_26,0.019381435554815862
4,463,tqwt_skewnessValue_dec_10,0.019164152416986324
4,464,tqwt_minValue_dec_36,0.019102184335233918
4,465,det_TKEO_std_3_coef,0.01903642421025542
4,466,tqwt_kurtosisValue_dec_13,0.01889555409716781
4,467,tqwt_entropy_shannon_dec_24,0.018492697450591233
4,468,tqwt_medianValue_dec_3,0.0184750526632671
4,469,mean_1st_delta_delta,0.018383366308510674
4,470,VFER_std,0.018265599905298302
4,471,tqwt_maxValue_dec_30,0.018236731683926255
4,472,tqwt_minValue_dec_34,0.01799368001924484
4,473,tqwt_energy_dec_10,0.01794717545938984
4,474,tqwt_meanValue_dec_2,0.017655265905237805
4,475,det_TKEO_std_5_coef,0.01756753351244389
4,476,std_MFCC_8th_coef,0.017544225828818982
4,477,det_LT_TKEO_mean_10_coef,0.017539399558738733
4,478,tqwt_stdValue_dec_26,0.017413922569836204
4,479,Ed2_2_coef,0.017272013803913744
4,480,meanNoiseToHarmHarmonicity,0.017170818647169517
4,481,det_TKEO_std_2_coef,0.01698700327383973
4,482,det_LT_entropy_log_1_coef,0.016918469519497936
4,483,tqwt_kurtosisValue_dec_1,0.016710061485819327
4,484,Ed_1_coef,0.016320192160202307
4,485,tqwt_energy_dec_21,0.016172079033544895
4,486,tqwt_medianValue_dec_5,0.016156469803855877
4,487,det_LT_entropy_shannon_3_coef,0.016132433223540632
4,488,f3,0.016128074405644455
4,489,mean_MFCC_0th_coef,0.016104609081367904
4,490,tqwt_kurtosisValue_dec_12,0.016089914956604945
4,491,tqwt_meanValue_dec_33,0.016080218179004513
4,492,mean_delta_delta_log_energy,0.01606555147927624
4,493,tqwt_medianValue_dec_11,0.015975387674227237
4,494,det_TKEO_mean_8_coef,0.015973017041433835
4,495,det_LT_entropy_shannon_9_coef,0.015957918956224226
4,496,tqwt_kurtosisValue_dec_29,0.015891519544062094
4,497,tqwt_medianValue_dec_29,0.015715194082276174
4,498,mean_delta_delta_0th,0.015621100288467638
4,499,tqwt_TKEO_std_dec_28,0.015482120050727577
4,500,tqwt_medianValue_dec_32,0.015439348394915342
4,501,tqwt_minValue_dec_20,0.01527974637345264
4,502,det_entropy_log_4_coef,0.015243171050304705
4,503,tqwt_skewnessValue_dec_19,0.01507484694938066
4,504,tqwt_energy_dec_22,0.014899688911545805
4,505,Ed2_9_coef,0.014643761280267897
4,506,std_1st_delta,0.01450206339830551
4,507,tqwt_entropy_shannon_dec_21,0.014448732060881486
4,508,tqwt_stdValue_dec_3,0.014321784743141608
4,509,tqwt_TKEO_mean_dec_2,0.014213089315997296
4,510,tqwt_energy_dec_33,0.014033347889641057
4,511,mean_MFCC_4th_coef,0.013823318130565143
4,512,tqwt_minValue_dec_4,0.013699991334954031
4,513,tqwt_meanValue_dec_26,0.013516489370188456
4,514,tqwt_energy_dec_9,0.01348724583973926
4,515,tqwt_TKEO_std_dec_21,0.013479072492908806
4,516,Ed_9_coef,0.013403433653009778
4,517,tqwt_medianValue_dec_15,0.013374603502310789
4,518,Ed2_8_coef,0.013327037302963252
4,519,tqwt_minValue_dec_35,0.013301020198034363
4,520,mean_delta_log_energy,0.013286597991384097
4,521,det_TKEO_mean_2_coef,0.01316311518725577
4,522,det_LT_TKEO_mean_5_coef,0.012904940156629019
4,523,mean_8th_delta,0.012897859367094977
4,524,tqwt_skewnessValue_dec_1,0.012875850615194695
4,525,tqwt_meanValue_dec_29,0.012841943029263225
4,526,tqwt_energy_dec_3,0.01259701835598781
4,527,tqwt_TKEO_std_dec_23,0.01254587747822078
4,528,tqwt_entropy_shannon_dec_1,0.012525677867545326
4,529,mean_9th_delta_delta,0.012435917673516261
4,530,GQ_std_cycle_closed,0.01232567968835574
4,531,tqwt_entropy_shannon_dec_2,0.012285238203546767
4,532,tqwt_energy_dec_32,0.012177675982005809
4,533,tqwt_energy_dec_19,0.011964596218838608
4,534,det_LT_TKEO_mean_8_coef,0.011846329111363962
4,535,mean_2nd_delta,0.01181169069069865
4,536,det_LT_TKEO_mean_1_coef,0.011793074403041448
4,537,tqwt_minValue_dec_27,0.011702296960179437
4,538,det_TKEO_std_6_coef,0.011678704189419298
4,539,tqwt_TKEO_std_dec_27,0.011562695202985918
4,540,tqwt_minValue_dec_19,0.011378056623398525
4,541,tqwt_maxValue_dec_22,0.011337479762430158
4,542,std_1st_delta_delta,0.011240087877435467
4,543,tqwt_entropy_log_dec_24,0.011062675837050007
4,544,tqwt_stdValue_dec_31,0.010822723300152326
4,545,tqwt_TKEO_mean_dec_30,0.010779078729772129
4,546,tqwt_minValue_dec_26,0.010754718599711444
4,547,tqwt_minValue_dec_22,0.010740035169993112
4,548,tqwt_TKEO_std_dec_34,0.010734778138436152
4,549,tqwt_TKEO_std_dec_33,0.010639993629275812
4,550,tqwt_maxValue_dec_34,0.01052584975467541
4,551,tqwt_entropy_log_dec_2,0.009469584301490253
4,552,det_LT_entropy_log_4_coef,0.009340624983416701
4,553,IMF_SNR_entropy,0.009229046024537224
4,554,tqwt_entropy_log_dec_32,0.009220265515892168
4,555,det_entropy_log_6_coef,0.00915404476582049
4,556,tqwt_energy_dec_2,0.009115221006007923
4,557,det_entropy_shannon_7_coef,0.008717639585887005
4,558,tqwt_stdValue_dec_22,0.008715578062689744
4,559,tqwt_TKEO_std_dec_29,0.008705828599245846
4,560,det_TKEO_std_4_coef,0.008616597012069738
4,561,b1,0.008477667165282199
4,562,tqwt_maxValue_dec_29,0.00841335788559916
4,563,tqwt_meanValue_dec_15,0.008343277530627802
4,564,tqwt_minValue_dec_29,0.008268406077184709
4,565,tqwt_medianValue_dec_1,0.0082454257778517
4,566,tqwt_TKEO_std_dec_30,0.008242636014127003
4,567,tqwt_TKEO_std_dec_35,0.008176576591621298
4,568,det_LT_TKEO_std_5_coef,0.007935487690684528
4,569,tqwt_entropy_shannon_dec_30,0.007851155600981485
4,570,tqwt_entropy_shannon_dec_31,0.00781647876492908
4,571,tqwt_meanValue_dec_34,0.007797919310245538
4,572,tqwt_maxValue_dec_31,0.007754675566987723
4,573,det_TKEO_mean_7_coef,0.007703347519749437
4,574,std_2nd_delta_delta,0.007521220060212608
4,575,mean_MFCC_11th_coef,0.007473515748542825
4,576,Ed_7_coef,0.00746343602708488
4,577,std_MFCC_6th_coef,0.0074581870074494905
4,578,det_TKEO_mean_5_coef,0.007452099838308079
4,579,tqwt_minValue_dec_5,0.00741137466957742
4,580,std_MFCC_5th_coef,0.007410361441090085
4,581,tqwt_maxValue_dec_20,0.007340073457502427
4,582,mean_10th_delta_delta,0.007334052015400161
4,583,tqwt_skewnessValue_dec_34,0.0073153703360633315
4,584,tqwt_kurtosisValue_dec_9,0.007291334286891882
4,585,b3,0.007142271961073865
4,586,tqwt_TKEO_mean_dec_1,0.006762883242237283
4,587,tqwt_TKEO_mean_dec_23,0.006571765643295757
4,588,tqwt_entropy_log_dec_29,0.00633674478990498
4,589,Ed_3_coef,0.006281974310560656
4,590,det_LT_entropy_shannon_2_coef,0.0062265273878243654
4,591,mean_9th_delta,0.006042782098439448
4,592,tqwt_entropy_log_dec_30,0.005535667563424385
4,593,meanAutoCorrHarmonicity,0.005484991081765811
4,594,det_entropy_shannon_4_coef,0.005419458198239191
4,595,det_LT_TKEO_std_3_coef,0.005363743914622798
4,596,det_entropy_shannon_9_coef,0.005152009088839504
4,597,tqwt_meanValue_dec_10,0.004809170312684019
4,598,det_LT_TKEO_mean_6_coef,0.004801004160033706
4,599,tqwt_minValue_dec_21,0.004722863892119955
4,600,tqwt_meanValue_dec_1,0.004642097426173608
4,601,tqwt_skewnessValue_dec_6,0.004531572421979657
4,602,mean_6th_delta,0.004227548552798499
4,603,det_LT_entropy_shannon_1_coef,0.004152564101539413
4,604,tqwt_maxValue_dec_26,0.004051160241139495
4,605,det_TKEO_std_1_coef,0.004021015039444409
4,606,b2,0.003979958790791827
4,607,tqwt_entropy_shannon_dec_22,0.0039155632659524375
4,608,std_MFCC_3rd_coef,0.0038172382743832944
4,609,f2,0.0037255858641458417
4,610,tqwt_meanValue_dec_27,0.003556606999040479
4,611,tqwt_kurtosisValue_dec_7,0.0033820305862470867
4,612,mean_7th_delta,0.0031921215282362247
4,613,det_entropy_log_3_coef,0.0031600962396143295
4,614,mean_3rd_delta_delta,0.002821223679502216
4,615,tqwt_energy_dec_31,0.0023945823108495468
4,616,apq3Shimmer,0.0023627058188422367
4,617,det_entropy_shannon_1_coef,0.002323446770625015
4,618,det_entropy_shannon_2_coef,0.0021444004527875205
4,619,Ed2_10_coef,0.0020696930482804188
4,620,tqwt_energy_dec_34,0.0020624563198945456
4,621,tqwt_skewnessValue_dec_33,0.0015950286137114134
4,622,det_entropy_log_5_coef,0.0013315482141735835
4,623,tqwt_medianValue_dec_4,0.0013052048304866837
4,624,det_entropy_log_7_coef,0.001257544308665759
4,625,tqwt_medianValue_dec_2,0.0011580105163389032
4,626,tqwt_maxValue_dec_24,0.0010693432727384433
4,627,det_entropy_shannon_8_coef,0.0009975967933946173
4,628,tqwt_energy_dec_18,0.0009702507210538336
4,629,tqwt_kurtosisValue_dec_21,0.0009192896416829743
4,630,tqwt_meanValue_dec_12,0.0007621975637481793
4,631,det_TKEO_mean_9_coef,0.00039545343608815564
4,632,det_LT_entropy_log_6_coef,0.00022522946134762023
4,633,tqwt_skewnessValue_dec_7,9.172416066505207e-05
4,634,det_LT_entropy_log_10_coef,1.6222165591273097e-05
4,635,Ea,0.0
4,636,Ed2_1_coef,0.0
4,637,Ed2_5_coef,0.0
4,638,Ed2_6_coef,0.0
4,639,Ed2_7_coef,0.0
4,640,Ed_5_coef,0.0
4,641,Ed_6_coef,0.0
4,642,GNE_NSR_TKEO,0.0
4,643,GNE_SNR_TKEO,0.0
4,644,IMF_NSR_SEO,0.0
4,645,PPE,0.0
4,646,VFER_NSR_TKEO,0.0
4,647,VFER_SNR_SEO,0.0
4,648,VFER_SNR_TKEO,0.0
4,649,b4,0.0
4,650,ddaShimmer,0.0
4,651,det_LT_TKEO_mean_7_coef,0.0
4,652,det_LT_TKEO_std_10_coef,0.0
4,653,det_LT_TKEO_std_4_coef,0.0
4,654,det_LT_TKEO_std_6_coef,0.0
4,655,det_LT_TKEO_std_8_coef,0.0
4,656,det_LT_TKEO_std_9_coef,0.0
4,657,det_LT_entropy_log_3_coef,0.0
4,658,det_LT_entropy_log_5_coef,0.0
4,659,det_LT_entropy_log_7_coef,0.0
4,660,det_LT_entropy_log_8_coef,0.0
4,661,det_LT_entropy_log_9_coef,0.0
4,662,det_LT_entropy_shannon_5_coef,0.0
4,663,det_LT_entropy_shannon_6_coef,0.0
4,664,det_LT_entropy_shannon_7_coef,0.0
4,665,det_TKEO_mean_10_coef,0.0
4,666,det_TKEO_mean_3_coef,0.0
4,667,det_TKEO_mean_4_coef,0.0
4,668,det_TKEO_mean_6_coef,0.0
4,669,det_TKEO_std_10_coef,0.0
4,670,det_TKEO_std_7_coef,0.0
4,671,det_TKEO_std_9_coef,0.0
4,672,det_entropy_log_2_coef,0.0
4,673,det_entropy_log_8_coef,0.0
4,674,det_entropy_log_9_coef,0.0
4,675,det_entropy_shannon_10_coef,0.0
4,676,det_entropy_shannon_5_coef,0.0
4,677,det_entropy_shannon_6_coef,0.0
4,678,f4,0.0
4,679,mean_10th_delta,0.0
4,680,mean_12th_delta,0.0
4,681,mean_1st_delta,0.0
4,682,mean_2nd_delta_delta,0.0
4,683,mean_3rd_delta,0.0
4,684,mean_5th_delta,0.0
4,685,mean_5th_delta_delta,0.0
4,686,mean_6th_delta_delta,0.0
4,687,mean_8th_delta_delta,0.0
4,688,mean_MFCC_7th_coef,0.0
4,689,mean_MFCC_8th_coef,0.0
4,690,std_0th_delta,0.0
4,691,std_MFCC_2nd_coef,0.0
4,692,tqwt_TKEO_mean_dec_21,0.0
4,693,tqwt_TKEO_mean_dec_22,0.0
4,694,tqwt_TKEO_mean_dec_24,0.0
4,695,tqwt_TKEO_mean_dec_25,0.0
4,696,tqwt_TKEO_mean_dec_29,0.0
4,697,tqwt_TKEO_mean_dec_31,0.0
4,698,tqwt_TKEO_std_dec_24,0.0
4,699,tqwt_TKEO_std_dec_25,0.0
4,700,tqwt_TKEO_std_dec_26,0.0
4,701,tqwt_energy_dec_20,0.0
4,702,tqwt_energy_dec_23,0.0
4,703,tqwt_energy_dec_36,0.0
4,704,tqwt_energy_dec_7,0.0
4,705,tqwt_entropy_log_dec_31,0.0
4,706,tqwt_entropy_shannon_dec_25,0.0
4,707,tqwt_kurtosisValue_dec_10,0.0
4,708,tqwt_kurtosisValue_dec_11,0.0
4,709,tqwt_kurtosisValue_dec_14,0.0
4,710,tqwt_kurtosisValue_dec_3,0.0
4,711,tqwt_kurtosisValue_dec_30,0.0
4,712,tqwt_kurtosisValue_dec_31,0.0
4,713,tqwt_kurtosisValue_dec_32,0.0
4,714,tqwt_kurtosisValue_dec_33,0.0
4,715,tqwt_kurtosisValue_dec_4,0.0
4,716,tqwt_kurtosisValue_dec_8,0.0
4,717,tqwt_maxValue_dec_25,0.0
4,718,tqwt_meanValue_dec_11,0.0
4,719,tqwt_meanValue_dec_13,0.0
4,720,tqwt_meanValue_dec_14,0.0
4,721,tqwt_meanValue_dec_16,0.0
4,722,tqwt_meanValue_dec_17,0.0
4,723,tqwt_meanValue_dec_18,0.0
4,724,tqwt_meanValue_dec_19,0.0
4,725,tqwt_meanValue_dec_20,0.0
4,726,tqwt_meanValue_dec_21,0.0
4,727,tqwt_meanValue_dec_22,0.0
4,728,tqwt_meanValue_dec_23,0.0
4,729,tqwt_meanValue_dec_24,0.0
4,730,tqwt_meanValue_dec_25,0.0
4,731,tqwt_meanValue_dec_3,0.0
4,732,tqwt_meanValue_dec_31,0.0
4,733,tqwt_meanValue_dec_32,0.0
4,734,tqwt_meanValue_dec_35,0.0
4,735,tqwt_meanValue_dec_4,0.0
4,736,tqwt_meanValue_dec_5,0.0
4,737,tqwt_meanValue_dec_6,0.0
4,738,tqwt_meanValue_dec_7,0.0
4,739,tqwt_meanValue_dec_8,0.0
4,740,tqwt_medianValue_dec_28,0.0
4,741,tqwt_minValue_dec_1,0.0
4,742,tqwt_minValue_dec_24,0.0
4,743,tqwt_minValue_dec_25,0.0
4,744,tqwt_minValue_dec_31,0.0
4,745,tqwt_minValue_dec_32,0.0
4,746,tqwt_skewnessValue_dec_14,0.0
4,747,tqwt_skewnessValue_dec_15,0.0
4,748,tqwt_skewnessValue_dec_2,0.0
4,749,tqwt_skewnessValue_dec_29,0.0
4,750,tqwt_skewnessValue_dec_31,0.0
4,751,tqwt_skewnessValue_dec_4,0.0
4,752,tqwt_skewnessValue_dec_9,0.0
4,753,tqwt_stdValue_dec_29,0.0
5,1,tqwt_entropy_log_dec_35,0.11890762896947238
5,2,std_delta_delta_log_energy,0.11528147215140927
5,3,tqwt_TKEO_mean_dec_12,0.10351438927391587
5,4,mean_MFCC_2nd_coef,0.102248887732866
5,5,minIntensity,0.10105068660609362
5,6,tqwt_TKEO_std_dec_12,0.09745078684725383
5,7,tqwt_skewnessValue_dec_36,0.09591486713397601
5,8,std_6th_delta,0.09038828658124021
5,9,std_8th_delta_delta,0.0903509356942076
5,10,app_entropy_shannon_3_coef,0.08996673856059334
5,11,tqwt_medianValue_dec_25,0.08990764780983285
5,12,tqwt_TKEO_mean_dec_11,0.08976610368311366
5,13,tqwt_maxValue_dec_12,0.08936820612326657
5,14,tqwt_TKEO_mean_dec_16,0.08869712806523511
5,15,tqwt_kurtosisValue_dec_26,0.08776219957955811
5,16,std_6th_delta_delta,0.08751655916817636
5,17,app_LT_entropy_shannon_3_coef,0.08745531602687628
5,18,tqwt_energy_dec_27,0.08739635294908443
5,19,ddpJitter,0.08654306718503157
5,20,app_entropy_shannon_5_coef,0.08536300674730679
5,21,tqwt_TKEO_std_dec_13,0.08522314187914715
5,22,tqwt_entropy_shannon_dec_35,0.08434230623309724
5,23,tqwt_energy_dec_26,0.08384499443120363
5,24,tqwt_stdValue_dec_15,0.083158386741091
5,25,std_11th_delta_delta,0.08292906517438903
5,26,tqwt_entropy_shannon_dec_11,0.08211103372051709
5,27,std_delta_log_energy,0.08174879338228469
5,28,std_Log_energy,0.0813598641635418
5,29,tqwt_minValue_dec_12,0.08054889595906212
5,30,app_LT_entropy_shannon_7_coef,0.08039755520903591
5,31,app_LT_TKEO_std_8_coef,0.08009599340245255
5,32,tqwt_entropy_log_dec_11,0.07968755337753541
5,33,tqwt_minValue_dec_11,0.07937421695382585
5,34,app_entropy_log_3_coef,0.07919916165530871
5,35,tqwt_stdValue_dec_13,0.07915663104003734
5,36,std_7th_delta_delta,0.07883311688329275
5,37,tqwt_energy_dec_25,0.07827715628627985
5,38,tqwt_entropy_shannon_dec_15,0.07681452121371812
5,39,tqwt_minValue_dec_10,0.07613356496054369
5,40,app_entropy_shannon_6_coef,0.07608133145009921
5,41,tqwt_skewnessValue_dec_26,0.07581173811033914
5,42,tqwt_stdValue_dec_12,0.07547260027119984
5,43,app_entropy_shannon_7_coef,0.07519462571867663
5,44,app_entropy_log_5_coef,0.07509359864461485
5,45,tqwt_entropy_shannon_dec_13,0.07503781469321935
5,46,tqwt_maxValue_dec_11,0.07496275814110875
5,47,app_LT_entropy_log_2_coef,0.0737361838622177
5,48,app_LT_entropy_shannon_8_coef,0.07356595414905343
5,49,app_entropy_shannon_4_coef,0.07346303435148793
5,50,tqwt_maxValue_dec_17,0.07337682943312585
5,51,std_9th_delta_delta,0.07330535276027783
5,52,tqwt_entropy_shannon_dec_14,0.07292469171745752
5,53,app_entropy_log_2_coef,0.07247993052492774
5,54,app_entropy_shannon_2_coef,0.07240050590901648
5,55,app_LT_entropy_shannon_9_coef,0.07234879430708951
5,56,tqwt_TKEO_std_dec_11,0.07210475893304169
5,57,tqwt_entropy_log_dec_27,0.07199105847302856
5,58,app_LT_entropy_shannon_5_coef,0.07181950335876297
5,59,tqwt_entropy_log_dec_17,0.07180229629794188
5,60,tqwt_entropy_log_dec_6,0.07178620780730927
5,61,tqwt_TKEO_mean_dec_13,0.07152779146689259
5,62,app_LT_entropy_shannon_10_coef,0.07128141063788807
5,63,tqwt_stdValue_dec_16,0.07087736331335925
5,64,std_8th_delta,0.0703512661766641
5,65,std_3rd_delta,0.07012318339445156
5,66,app_LT_entropy_log_6_coef,0.07011620044813482
5,67,maxIntensity,0.06989745771604428
5,68,tqwt_TKEO_mean_dec_17,0.06964052535471366
5,69,tqwt_entropy_log_dec_12,0.06963784077400059
5,70,tqwt_kurtosisValue_dec_36,0.06924988713465163
5,71,app_LT_entropy_log_7_coef,0.06921069241217537
5,72,tqwt_TKEO_std_dec_14,0.06917725861858015
5,73,app_LT_TKEO_mean_8_coef,0.06909500464687879
5,74,app_LT_TKEO_mean_1_coef,0.06904131973701655
5,75,app_LT_entropy_log_5_coef,0.06901759053740508
5,76,tqwt_skewnessValue_dec_30,0.06868839479745414
5,77,app_TKEO_std_7_coef,0.06850296707816539
5,78,app_LT_entropy_shannon_2_coef,0.06828694150997339
5,79,app_entropy_shannon_9_coef,0.06827019119916922
5,80,app_LT_entropy_shannon_6_coef,0.06822317383746435
5,81,tqwt_stdValue_dec_11,0.06820287689133653
5,82,std_9th_delta,0.06778537442554144
5,83,app_entropy_shannon_8_coef,0.06739834245967358
5,84,meanPeriodPulses,0.06739053416302698
5,85,app_det_TKEO_mean_5_coef,0.06738417344870884
5,86,app_LT_entropy_log_10_coef,0.06712110482818856
5,87,app_LT_entropy_log_9_coef,0.0670607658840392
5,88,tqwt_medianValue_dec_23,0.06696217975695107
5,89,numPulses,0.06696002803142864
5,90,tqwt_entropy_shannon_dec_16,0.06693000784933933
5,91,tqwt_minValue_dec_13,0.06683229318434858
5,92,app_LT_entropy_log_8_coef,0.0667981608420225
5,93,tqwt_energy_dec_13,0.06667216805388998
5,94,app_LT_TKEO_mean_9_coef,0.06660826537109021
5,95,app_entropy_log_8_coef,0.06641583251815208
5,96,std_4th_delta_delta,0.06626020053883375
5,97,app_entropy_log_7_coef,0.06625265472459363
5,98,std_10th_delta_delta,0.06602904908209917
5,99,tqwt_medianValue_dec_34,0.06601827372355218
5,100,tqwt_entropy_shannon_dec_36,0.06571753027757432
5,101,tqwt_entropy_log_dec_19,0.06534711955415085
5,102,tqwt_minValue_dec_8,0.06533656134347998
5,103,app_LT_TKEO_std_5_coef,0.06523873942897862
5,104,app_entropy_shannon_1_coef,0.06516618592399226
5,105,GNE_mean,0.06507886948506725
5,106,tqwt_maxValue_dec_8,0.06494901802640785
5,107,app_LT_TKEO_std_6_coef,0.06490413828704455
5,108,tqwt_TKEO_mean_dec_7,0.06469221617575216
5,109,numPeriodsPulses,0.06469158719903456
5,110,tqwt_energy_dec_11,0.06443790420793616
5,111,tqwt_kurtosisValue_dec_18,0.06418190419742364
5,112,tqwt_medianValue_dec_26,0.06413975922310433
5,113,tqwt_entropy_log_dec_8,0.06412555872536019
5,114,std_3rd_delta_delta,0.06409430665745619
5,115,tqwt_medianValue_dec_8,0.06371800674521277
5,116,tqwt_maxValue_dec_13,0.06342649924258192
5,117,app_LT_TKEO_std_10_coef,0.06322671111028466
5,118,tqwt_TKEO_mean_dec_9,0.06314482115847486
5,119,app_entropy_log_9_coef,0.06314367987306158
5,120,tqwt_entropy_log_dec_16,0.06297836861670847
5,121,app_LT_TKEO_mean_10_coef,0.06274956201787107
5,122,tqwt_minValue_dec_9,0.062493171660038094
5,123,tqwt_entropy_log_dec_26,0.06242406555499769
5,124,app_entropy_shannon_10_coef,0.062240831026091126
5,125,tqwt_minValue_dec_15,0.06204415259207319
5,126,tqwt_entropy_shannon_dec_27,0.06200559543059514
5,127,app_LT_entropy_log_3_coef,0.06179300898069262
5,128,tqwt_stdValue_dec_8,0.06104325999974036
5,129,app_TKEO_std_2_coef,0.06097115618604865
5,130,app_LT_entropy_shannon_4_coef,0.06083099510606349
5,131,tqwt_minValue_dec_6,0.06062464913585486
5,132,tqwt_kurtosisValue_dec_35,0.06029965810714488
5,133,app_entropy_log_6_coef,0.06022933962371435
5,134,app_entropy_log_10_coef,0.06018609734297464
5,135,std_4th_delta,0.05995101945638437
5,136,tqwt_stdValue_dec_14,0.05990360092800073
5,137,tqwt_TKEO_mean_dec_8,0.05955678488839533
5,138,app_det_TKEO_mean_6_coef,0.05953423213477271
5,139,app_TKEO_std_5_coef,0.0587889433591533
5,140,tqwt_entropy_log_dec_15,0.05878218120722578
5,141,app_LT_TKEO_mean_5_coef,0.058687165000460784
5,142,tqwt_entropy_log_dec_13,0.058576254380376724
5,143,tqwt_entropy_log_dec_10,0.05824643103891902
5,144,tqwt_entropy_shannon_dec_8,0.05809971482366727
5,145,tqwt_TKEO_std_dec_7,0.05804643083364436
5,146,std_12th_delta,0.058041763366881716
5,147,tqwt_TKEO_std_dec_18,0.058018332429562225
5,148,tqwt_skewnessValue_dec_13,0.05775747679383092
5,149,tqwt_stdValue_dec_6,0.05748220547552885
5,150,tqwt_skewnessValue_dec_23,0.05747671509474017
5,151,tqwt_maxValue_dec_28,0.057355956852596535
5,152,app_TKEO_std_9_coef,0.057194720907560725
5,153,mean_MFCC_3rd_coef,0.0570959081611182
5,154,tqwt_stdValue_dec_33,0.05686148653180956
5,155,tqwt_medianValue_dec_20,0.05665991800994674
5,156,app_LT_TKEO_std_9_coef,0.05625824949310143
5,157,tqwt_kurtosisValue_dec_22,0.056181626114636174
5,158,tqwt_TKEO_mean_dec_18,0.056157066046542026
5,159,app_entropy_log_1_coef,0.05582897108045892
5,160,tqwt_energy_dec_12,0.055797118224069964
5,161,tqwt_TKEO_std_dec_6,0.05561607730885387
5,162,tqwt_maxValue_dec_3,0.0555578798241092
5,163,tqwt_entropy_log_dec_14,0.055535716493737786
5,164,app_LT_TKEO_mean_4_coef,0.05543948382542574
5,165,tqwt_maxValue_dec_7,0.05501701924316116
5,166,app_LT_entropy_shannon_1_coef,0.05463499335448496
5,167,app_LT_TKEO_mean_6_coef,0.054621319208079555
5,168,locPctJitter,0.054448458101864716
5,169,tqwt_skewnessValue_dec_17,0.05423743272414816
5,170,tqwt_stdValue_dec_19,0.05423268288994865
5,171,apq11Shimmer,0.053899178657960345
5,172,tqwt_skewnessValue_dec_25,0.05371140819630571
5,173,tqwt_skewnessValue_dec_18,0.053711174575598264
5,174,app_LT_entropy_log_4_coef,0.053425909343512545
5,175,tqwt_entropy_shannon_dec_7,0.05338414917982037
5,176,tqwt_maxValue_dec_1,0.05317122566929133
5,177,tqwt_energy_dec_24,0.05291953145232653
5,178,tqwt_minValue_dec_17,0.052909512485946886
5,179,app_TKEO_std_6_coef,0.05289289504556138
5,180,tqwt_entropy_shannon_dec_12,0.0525464178346684
5,181,app_det_TKEO_mean_8_coef,0.05190756563385124
5,182,app_TKEO_std_8_coef,0.05181969348246973
5,183,app_det_TKEO_mean_1_coef,0.051741759406653376
5,184,tqwt_TKEO_std_dec_15,0.05161909304005752
5,185,DFA,0.05137900871964085
5,186,std_11th_delta,0.05133243132797771
5,187,meanIntensity,0.05122010139468691
5,188,tqwt_minValue_dec_16,0.051217856227549374
5,189,app_det_TKEO_mean_7_coef,0.05116961670466691
5,190,tqwt_minValue_dec_7,0.05106755666777851
5,191,locAbsJitter,0.050857702930981574
5,192,tqwt_medianValue_dec_10,0.05052912280337818
5,193,mean_MFCC_0th_coef,0.05044054507793261
5,194,tqwt_entropy_log_dec_20,0.05015051709772744
5,195,Ed_2_coef,0.050017422752509866
5,196,app_LT_TKEO_std_4_coef,0.04977031752747951
5,197,tqwt_TKEO_mean_dec_10,0.049757621108474925
5,198,app_LT_entropy_log_1_coef,0.04957790334832879
5,199,app_det_TKEO_mean_9_coef,0.049520539708781675
5,200,det_LT_TKEO_mean_4_coef,0.0495010060944463
5,201,app_entropy_log_4_coef,0.04906478482908905
5,202,tqwt_TKEO_std_dec_2,0.049028711955164894
5,203,tqwt_kurtosisValue_dec_27,0.048975657130271744
5,204,tqwt_stdValue_dec_10,0.04896096226269808
5,205,tqwt_energy_dec_17,0.04891644460808764
5,206,std_10th_delta,0.04881956229981821
5,207,tqwt_stdValue_dec_24,0.0487523824861722
5,208,tqwt_minValue_dec_14,0.048737250686491373
5,209,tqwt_maxValue_dec_9,0.048726155273625116
5,210,app_TKEO_std_3_coef,0.04868567762504927
5,211,tqwt_medianValue_dec_16,0.04861148883668531
5,212,meanHarmToNoiseHarmonicity,0.048485062221680364
5,213,GNE_std,0.04839617597507706
5,214,tqwt_kurtosisValue_dec_6,0.04833274371164209
5,215,mean_MFCC_6th_coef,0.048322867327521335
5,216,mean_MFCC_5th_coef,0.0482752195343783
5,217,tqwt_medianValue_dec_27,0.04814028559879935
5,218,tqwt_maxValue_dec_16,0.04808713675874521
5,219,tqwt_energy_dec_16,0.048017026921166384
5,220,tqwt_medianValue_dec_18,0.04800237572194921
5,221,tqwt_stdValue_dec_7,0.0478695193641574
5,222,tqwt_maxValue_dec_10,0.04692564876815153
5,223,GQ_prc5_95,0.046914047853880314
5,224,tqwt_TKEO_std_dec_8,0.04688833803408632
5,225,tqwt_TKEO_mean_dec_15,0.04684900161166472
5,226,tqwt_stdValue_dec_1,0.046734979847389946
5,227,GQ_std_cycle_open,0.046401784375932786
5,228,app_det_TKEO_mean_4_coef,0.046318978287285706
5,229,tqwt_stdValue_dec_34,0.04631264724033746
5,230,tqwt_stdValue_dec_17,0.04623905778740456
5,231,app_LT_TKEO_std_7_coef,0.04615590285278981
5,232,app_det_TKEO_mean_10_coef,0.04572124216575624
5,233,tqwt_stdValue_dec_36,0.04564649417028943
5,234,tqwt_TKEO_mean_dec_19,0.04546779408076729
5,235,tqwt_entropy_log_dec_28,0.04521977870147209
5,236,tqwt_medianValue_dec_12,0.044934206929192255
5,237,tqwt_skewnessValue_dec_12,0.04449990147454552
5,238,tqwt_entropy_log_dec_5,0.044100461612454955
5,239,app_LT_TKEO_std_2_coef,0.04388252923544589
5,240,tqwt_entropy_log_dec_3,0.043828602907977965
5,241,tqwt_kurtosisValue_dec_28,0.043671288391950336
5,242,tqwt_entropy_log_dec_9,0.04352563821047495
5,243,tqwt_skewnessValue_dec_27,0.043188424354460464
5,244,tqwt_maxValue_dec_35,0.0431684935150598
5,245,IMF_SNR_entropy,0.04309937196307345
5,246,tqwt_energy_dec_5,0.04306936757764834
5,247,tqwt_skewnessValue_dec_22,0.04297894326991947
5,248,tqwt_entropy_shannon_dec_17,0.04289136413480965
5,249,app_TKEO_std_10_coef,0.04271333078919204
5,250,tqwt_medianValue_dec_30,0.0426966896306864
5,251,tqwt_stdValue_dec_5,0.04268306489905305
5,252,IMF_SNR_SEO,0.042633176573705134
5,253,tqwt_entropy_shannon_dec_6,0.04252985831147793
5,254,stdDevPeriodPulses,0.04208301893854838
5,255,tqwt_entropy_log_dec_34,0.04196870245890261
5,256,ppq5Jitter,0.04160738227746652
5,257,tqwt_kurtosisValue_dec_19,0.041425983633414765
5,258,tqwt_maxValue_dec_15,0.041349454518309736
5,259,tqwt_energy_dec_30,0.041348433922222094
5,260,std_7th_delta,0.04132351409249124
5,261,Ed2_3_coef,0.04129365918236094
5,262,tqwt_stdValue_dec_20,0.04125613131391437
5,263,locShimmer,0.04124334333615898
5,264,std_12th_delta_delta,0.04118065915918856
5,265,tqwt_stdValue_dec_32,0.041161281017770834
5,266,tqwt_energy_dec_28,0.04113961204804695
5,267,tqwt_TKEO_std_dec_3,0.04112834561758705
5,268,mean_MFCC_1st_coef,0.0410523415604942
5,269,tqwt_TKEO_mean_dec_6,0.040790438014100205
5,270,tqwt_TKEO_std_dec_10,0.04071202033913468
5,271,tqwt_stdValue_dec_9,0.04070580490409381
5,272,tqwt_kurtosisValue_dec_5,0.04030336150162461
5,273,det_LT_TKEO_mean_3_coef,0.04018074802753624
5,274,tqwt_entropy_shannon_dec_19,0.03992653580714145
5,275,VFER_entropy,0.03986503647887796
5,276,app_TKEO_std_1_coef,0.03986122507312384
5,277,tqwt_stdValue_dec_18,0.039792311277403236
5,278,std_MFCC_4th_coef,0.03967693883848189
5,279,tqwt_TKEO_mean_dec_34,0.03963774361049999
5,280,tqwt_stdValue_dec_35,0.039617517368921495
5,281,tqwt_energy_dec_29,0.03954051690026961
5,282,Ed_4_coef,0.039517457816497625
5,283,tqwt_energy_dec_6,0.0393016832089923
5,284,tqwt_TKEO_std_dec_9,0.03924050829730219
5,285,tqwt_skewnessValue_dec_3,0.03913776718183448
5,286,mean_0th_delta,0.039059477715540636
5,287,tqwt_entropy_shannon_dec_18,0.038837715727934485
5,288,tqwt_TKEO_mean_dec_30,0.038497203135859026
5,289,app_LT_TKEO_std_3_coef,0.038437848144107
5,290,tqwt_TKEO_mean_dec_26,0.03833095728129021
5,291,app_det_TKEO_mean_3_coef,0.03821583537670348
5,292,tqwt_maxValue_dec_14,0.03820241911614208
5,293,tqwt_entropy_log_dec_1,0.0381259576765427
5,294,tqwt_skewnessValue_dec_11,0.03809199349861525
5,295,std_2nd_delta,0.03806431357740081
5,296,app_det_TKEO_mean_2_coef,0.037896926962353694
5,297,std_5th_delta_delta,0.03781028419733112
5,298,tqwt_energy_dec_4,0.037555070703190196
5,299,IMF_NSR_TKEO,0.03749606001522099
5,300,tqwt_medianValue_dec_31,0.0374340944262177
5,301,mean_4th_delta,0.03729695548490408
5,302,tqwt_entropy_shannon_dec_33,0.03724391593634668
5,303,tqwt_entropy_shannon_dec_21,0.03713317711313224
5,304,rapJitter,0.03704864932765606
5,305,tqwt_medianValue_dec_13,0.037016751001308856
5,306,det_LT_TKEO_mean_5_coef,0.03685610104245929
5,307,det_LT_TKEO_std_2_coef,0.0362454702880215
5,308,tqwt_entropy_log_dec_33,0.03624331788346313
5,309,std_MFCC_7th_coef,0.03618386128965767
5,310,tqwt_kurtosisValue_dec_1,0.03612279767430748
5,311,app_LT_TKEO_mean_7_coef,0.0359637380630351
5,312,tqwt_skewnessValue_dec_35,0.035924193134016624
5,313,tqwt_entropy_shannon_dec_32,0.03589295028991324
5,314,tqwt_TKEO_std_dec_19,0.03568165885540919
5,315,mean_11th_delta_delta,0.035636830542824516
5,316,tqwt_medianValue_dec_24,0.0355482940584817
5,317,tqwt_kurtosisValue_dec_12,0.03547869186918473
5,318,tqwt_medianValue_dec_17,0.03545867850713336
5,319,tqwt_skewnessValue_dec_24,0.035442141342250766
5,320,tqwt_maxValue_dec_19,0.03537852536856745
5,321,tqwt_maxValue_dec_29,0.03523773527853158
5,322,tqwt_stdValue_dec_30,0.035071831486492844
5,323,tqwt_TKEO_std_dec_17,0.035039628457723904
5,324,VFER_NSR_SEO,0.03499848210479373
5,325,tqwt_TKEO_mean_dec_28,0.034704214301663816
5,326,tqwt_skewnessValue_dec_21,0.03470391234899761
5,327,tqwt_TKEO_mean_dec_14,0.03455379550355353
5,328,tqwt_skewnessValue_dec_5,0.03440735582958654
5,329,tqwt_TKEO_mean_dec_36,0.034260527617838266
5,330,tqwt_kurtosisValue_dec_23,0.034161153029624414
5,331,det_LT_entropy_shannon_4_coef,0.034096033576260565
5,332,tqwt_medianValue_dec_7,0.03409424420425444
5,333,tqwt_TKEO_std_dec_16,0.03383299308167986
5,334,tqwt_entropy_log_dec_4,0.03318722476834002
5,335,tqwt_kurtosisValue_dec_17,0.03306578726379428
5,336,std_MFCC_12th_coef,0.033022519091777225
5,337,tqwt_maxValue_dec_36,0.03301591606178489
5,338,tqwt_meanValue_dec_21,0.03280701079404991
5,339,det_LT_entropy_shannon_10_coef,0.032782102383624334
5,340,tqwt_energy_dec_21,0.0324481782461854
5,341,tqwt_kurtosisValue_dec_2,0.032406715058628466
5,342,std_5th_delta,0.032311283834828286
5,343,tqwt_entropy_log_dec_18,0.03220458630817635
5,344,tqwt_entropy_log_dec_7,0.032188640041620475
5,345,det_LT_entropy_shannon_3_coef,0.0319902473508209
5,346,Ed2_2_coef,0.03194269548223039
5,347,tqwt_skewnessValue_dec_16,0.0319414001848195
5,348,det_entropy_log_1_coef,0.031542306069343606
5,349,tqwt_maxValue_dec_18,0.031502007064233783
5,350,tqwt_maxValue_dec_34,0.03141935805797447
5,351,tqwt_energy_dec_1,0.031300704907588406
5,352,tqwt_entropy_shannon_dec_34,0.031148307538420017
5,353,tqwt_kurtosisValue_dec_20,0.031061511305016776
5,354,app_TKEO_std_4_coef,0.031018056935694815
5,355,det_TKEO_mean_1_coef,0.03086946714130101
5,356,tqwt_kurtosisValue_dec_16,0.03084369769357198
5,357,tqwt_energy_dec_14,0.03062963403851815
5,358,mean_2nd_delta,0.030573295622687402
5,359,tqwt_medianValue_dec_36,0.030499444564627387
5,360,tqwt_energy_dec_22,0.03032599597156982
5,361,tqwt_TKEO_std_dec_31,0.030271262898732054
5,362,tqwt_entropy_log_dec_36,0.030243983688074794
5,363,tqwt_entropy_shannon_dec_5,0.03020823037448972
5,364,tqwt_kurtosisValue_dec_24,0.030023155973380122
5,365,std_MFCC_1st_coef,0.02998873756258358
5,366,mean_8th_delta,0.029968649745960807
5,367,std_MFCC_10th_coef,0.029850674832415658
5,368,tqwt_TKEO_mean_dec_32,0.029817026653700562
5,369,det_TKEO_std_3_coef,0.02969120977330153
5,370,tqwt_minValue_dec_33,0.029605882797020033
5,371,app_LT_TKEO_mean_2_coef,0.02954076863511501
5,372,tqwt_TKEO_std_dec_1,0.029529270058624935
5,373,tqwt_medianValue_dec_22,0.029394436958921633
5,374,tqwt_minValue_dec_20,0.029269638398207176
5,375,app_LT_TKEO_mean_3_coef,0.029120881256538667
5,376,tqwt_minValue_dec_35,0.02889032236208733
5,377,tqwt_medianValue_dec_4,0.028821487631791598
5,378,locDbShimmer,0.0288186632969909
5,379,det_entropy_log_10_coef,0.028400895757588973
5,380,tqwt_maxValue_dec_5,0.028231496981630855
5,381,tqwt_energy_dec_35,0.028143160583485205
5,382,tqwt_kurtosisValue_dec_25,0.028077198644587797
5,383,Ed2_8_coef,0.028033754907433872
5,384,tqwt_energy_dec_32,0.02795961175388917
5,385,tqwt_minValue_dec_2,0.027861283866294606
5,386,tqwt_medianValue_dec_21,0.02786035802953002
5,387,tqwt_minValue_dec_5,0.027751385504843018
5,388,det_LT_entropy_log_2_coef,0.027747855640430252
5,389,mean_delta_log_energy,0.02754165124688779
5,390,tqwt_kurtosisValue_dec_34,0.027478538808917374
5,391,tqwt_meanValue_dec_17,0.02746202141925491
5,392,tqwt_minValue_dec_18,0.02727939335511098
5,393,tqwt_skewnessValue_dec_20,0.02723031601890935
5,394,tqwt_entropy_shannon_dec_20,0.027205802184321337
5,395,f1,0.02717564623227542
5,396,tqwt_TKEO_mean_dec_5,0.027171844813244084
5,397,tqwt_maxValue_dec_22,0.027061116300173493
5,398,tqwt_entropy_shannon_dec_26,0.026725362448186463
5,399,tqwt_energy_dec_15,0.02661897488434506
5,400,det_LT_TKEO_std_1_coef,0.026605605757360706
5,401,tqwt_entropy_shannon_dec_9,0.026603719474998178
5,402,RPDE,0.026286565094189918
5,403,VFER_mean,0.026275053999086806
5,404,GNE_SNR_SEO,0.02616068101094826
5,405,tqwt_stdValue_dec_28,0.02608801478435252
5,406,tqwt_stdValue_dec_4,0.025735341470091155
5,407,tqwt_TKEO_mean_dec_20,0.02570011721172749
5,408,tqwt_minValue_dec_3,0.02547044049316627
5,409,det_LT_TKEO_mean_1_coef,0.025333190874451628
5,410,IMF_NSR_entropy,0.02531617306832934
5,411,tqwt_TKEO_std_dec_4,0.025071160260214054
5,412,det_LT_TKEO_std_4_coef,0.02488704310932288
5,413,mean_11th_delta,0.024816784754633003
5,414,tqwt_meanValue_dec_15,0.02468815060329299
5,415,tqwt_medianValue_dec_35,0.02467194491579283
5,416,tqwt_maxValue_dec_2,0.02452006306661647
5,417,tqwt_medianValue_dec_3,0.024468430935576935
5,418,tqwt_maxValue_dec_23,0.024347211017028192
5,419,tqwt_TKEO_mean_dec_27,0.024278301232279587
5,420,tqwt_TKEO_std_dec_21,0.024215328744591647
5,421,det_TKEO_std_8_coef,0.024189427091422466
5,422,app_LT_TKEO_std_1_coef,0.024030113792404384
5,423,std_1st_delta_delta,0.02399709609583467
5,424,tqwt_TKEO_std_dec_32,0.02393619422443649
5,425,tqwt_meanValue_dec_36,0.023705455055464952
5,426,tqwt_entropy_shannon_dec_10,0.023604037867615446
5,427,tqwt_energy_dec_33,0.023549017864670452
5,428,tqwt_stdValue_dec_29,0.02338530639319436
5,429,tqwt_TKEO_mean_dec_4,0.02329439882112938
5,430,tqwt_meanValue_dec_34,0.023172571341860904
5,431,tqwt_medianValue_dec_33,0.023068188258499545
5,432,tqwt_meanValue_dec_16,0.0230232189004127
5,433,tqwt_entropy_shannon_dec_4,0.022891625429266815
5,434,Ed_1_coef,0.022805765352257312
5,435,mean_delta_delta_log_energy,0.02261794025457431
5,436,mean_MFCC_12th_coef,0.022599684738833448
5,437,tqwt_entropy_shannon_dec_24,0.02255571868615025
5,438,Ed_10_coef,0.022515449654011865
5,439,tqwt_skewnessValue_dec_28,0.02243765906773354
5,440,tqwt_medianValue_dec_11,0.02236375422293224
5,441,tqwt_stdValue_dec_26,0.022335890084962173
5,442,mean_7th_delta_delta,0.022320137518157868
5,443,tqwt_TKEO_std_dec_34,0.022318720721707264
5,444,tqwt_minValue_dec_27,0.022095904067616967
5,445,tqwt_entropy_shannon_dec_2,0.022036722204163084
5,446,tqwt_skewnessValue_dec_8,0.022029771821989286
5,447,tqwt_medianValue_dec_5,0.02183794438368669
5,448,tqwt_maxValue_dec_6,0.021688285006409957
5,449,tqwt_minValue_dec_34,0.02162851334754534
5,450,det_LT_entropy_shannon_9_coef,0.021601065552610654
5,451,mean_MFCC_4th_coef,0.02150511963514634
5,452,f3,0.021480758001225064
5,453,tqwt_stdValue_dec_21,0.021476510270966864
5,454,tqwt_energy_dec_3,0.020993034419484635
5,455,tqwt_skewnessValue_dec_32,0.020964316481703937
5,456,tqwt_TKEO_std_dec_22,0.020837111678845277
5,457,tqwt_maxValue_dec_4,0.020772351122547494
5,458,tqwt_skewnessValue_dec_19,0.02071183938700205
5,459,tqwt_entropy_shannon_dec_1,0.020613417176216675
5,460,tqwt_kurtosisValue_dec_15,0.02037038043010564
5,461,tqwt_maxValue_dec_24,0.020140203298653292
5,462,tqwt_maxValue_dec_27,0.020004965617538728
5,463,tqwt_medianValue_dec_6,0.019989955043377527
5,464,tqwt_TKEO_std_dec_26,0.019919942318457506
5,465,tqwt_entropy_log_dec_22,0.01991368164188989
5,466,det_LT_TKEO_std_5_coef,0.019840951853344446
5,467,tqwt_TKEO_std_dec_35,0.019444403957596057
5,468,det_LT_TKEO_std_7_coef,0.01928892532338633
5,469,det_LT_entropy_shannon_2_coef,0.019220500357981285
5,470,det_LT_entropy_log_1_coef,0.01869875036209767
5,471,tqwt_entropy_shannon_dec_22,0.01853849638407068
5,472,tqwt_TKEO_std_dec_36,0.018519813223182302
5,473,tqwt_entropy_shannon_dec_31,0.01838065766657948
5,474,tqwt_meanValue_dec_25,0.018311466302713075
5,475,mean_Log_energy,0.017957996938803955
5,476,tqwt_entropy_shannon_dec_28,0.01776078999687969
5,477,tqwt_energy_dec_18,0.017747284914595873
5,478,mean_MFCC_9th_coef,0.017657348092927627
5,479,det_entropy_shannon_4_coef,0.01765036807474729
5,480,tqwt_TKEO_mean_dec_35,0.017578011274776317
5,481,tqwt_maxValue_dec_32,0.017316600244710045
5,482,tqwt_minValue_dec_19,0.017297907912419808
5,483,mean_6th_delta,0.01728350780840371
5,484,det_entropy_log_3_coef,0.01722876128157247
5,485,apq5Shimmer,0.017123550289795286
5,486,tqwt_kurtosisValue_dec_7,0.01708808307697729
5,487,tqwt_minValue_dec_23,0.017066263195735232
5,488,VFER_std,0.01706071207378579
5,489,Ea2,0.01699421149083058
5,490,tqwt_medianValue_dec_1,0.01692413636993262
5,491,tqwt_energy_dec_10,0.01689069007773991
5,492,tqwt_medianValue_dec_15,0.016759291620346728
5,493,tqwt_minValue_dec_25,0.016740031468764016
5,494,b1,0.016734742413947012
5,495,tqwt_maxValue_dec_33,0.01670697925921849
5,496,tqwt_maxValue_dec_31,0.01652824616738302
5,497,std_MFCC_6th_coef,0.016439787887080115
5,498,tqwt_kurtosisValue_dec_11,0.016418873171720527
5,499,det_LT_TKEO_std_6_coef,0.01640777135900784
5,500,mean_MFCC_10th_coef,0.016195414017817766
5,501,det_entropy_log_2_coef,0.015968569907090613
5,502,det_TKEO_std_5_coef,0.015873225828060722
5,503,Ed_9_coef,0.01580494328124793
5,504,tqwt_TKEO_std_dec_5,0.01571015250738994
5,505,tqwt_TKEO_std_dec_20,0.01565584250163954
5,506,std_MFCC_9th_coef,0.015450820538482235
5,507,tqwt_TKEO_std_dec_28,0.015445075865467839
5,508,tqwt_minValue_dec_31,0.015391600837189046
5,509,det_TKEO_std_2_coef,0.015360377295509764
5,510,tqwt_TKEO_std_dec_23,0.015122335871973647
5,511,tqwt_maxValue_dec_25,0.014752819218471824
5,512,tqwt_medianValue_dec_2,0.014547812198295595
5,513,std_MFCC_8th_coef,0.014520285388556875
5,514,tqwt_meanValue_dec_4,0.014488274352757013
5,515,tqwt_meanValue_dec_11,0.014436551489770855
5,516,tqwt_stdValue_dec_2,0.014163326986941005
5,517,mean_12th_delta_delta,0.014148617925960894
5,518,tqwt_stdValue_dec_27,0.014012376929573911
5,519,Ed_3_coef,0.013977336916554561
5,520,tqwt_medianValue_dec_14,0.01385845233342975
5,521,tqwt_entropy_log_dec_32,0.013758541810232172
5,522,tqwt_skewnessValue_dec_1,0.013642120594887786
5,523,IMF_SNR_TKEO,0.01363642447423663
5,524,tqwt_skewnessValue_dec_34,0.013587903086427211
5,525,tqwt_TKEO_mean_dec_23,0.013504016661874507
5,526,tqwt_medianValue_dec_9,0.013386782170026867
5,527,tqwt_TKEO_std_dec_30,0.013301914490002398
5,528,det_entropy_log_4_coef,0.013263966713882969
5,529,tqwt_TKEO_mean_dec_33,0.013247501107845006
5,530,gender,0.01316958553411407
5,531,tqwt_skewnessValue_dec_29,0.013041094921769858
5,532,det_LT_entropy_log_6_coef,0.01292020832876628
5,533,tqwt_kurtosisValue_dec_13,0.012872626698669176
5,534,meanNoiseToHarmHarmonicity,0.01283823685597385
5,535,tqwt_entropy_log_dec_29,0.012773746730801339
5,536,tqwt_medianValue_dec_19,0.012760451026827102
5,537,tqwt_energy_dec_31,0.012678870683287213
5,538,tqwt_TKEO_mean_dec_3,0.01214837410201386
5,539,det_LT_entropy_shannon_8_coef,0.012004219810887173
5,540,tqwt_minValue_dec_28,0.011993813972501544
5,541,tqwt_minValue_dec_1,0.011990076691268836
5,542,mean_3rd_delta,0.011791496073913166
5,543,IMF_NSR_SEO,0.011669947276338632
5,544,Ed_8_coef,0.011669304279422033
5,545,tqwt_kurtosisValue_dec_4,0.011469740374190351
5,546,VFER_SNR_TKEO,0.011326777669257604
5,547,tqwt_entropy_log_dec_25,0.011080522083609878
5,548,mean_3rd_delta_delta,0.010879171621644534
5,549,tqwt_meanValue_dec_14,0.010869050051377283
5,550,tqwt_energy_dec_8,0.010821723004099004
5,551,det_LT_entropy_shannon_1_coef,0.010488123973471764
5,552,mean_10th_delta_delta,0.01043112506402144
5,553,tqwt_TKEO_std_dec_25,0.01041287145961367
5,554,tqwt_entropy_log_dec_24,0.010203622605388762
5,555,tqwt_medianValue_dec_32,0.010139870079000968
5,556,det_entropy_shannon_7_coef,0.009824514124364025
5,557,det_TKEO_std_7_coef,0.009759046000647364
5,558,Ed_6_coef,0.009718912802773483
5,559,std_0th_delta,0.009507944611161445
5,560,tqwt_maxValue_dec_20,0.009255657864990718
5,561,tqwt_minValue_dec_32,0.009248828332313552
5,562,det_LT_TKEO_mean_9_coef,0.009206515959589101
5,563,tqwt_stdValue_dec_25,0.009128196707097747
5,564,tqwt_maxValue_dec_21,0.008770761987879405
5,565,tqwt_minValue_dec_29,0.00864829524982591
5,566,tqwt_skewnessValue_dec_33,0.008624088857428491
5,567,mean_delta_delta_0th,0.008613831392790594
5,568,tqwt_stdValue_dec_3,0.008527281735980496
5,569,GNE_NSR_SEO,0.007957620038451685
5,570,tqwt_TKEO_mean_dec_1,0.00786521217503311
5,571,tqwt_entropy_shannon_dec_29,0.007746729604530822
5,572,std_delta_delta_0th,0.007712702792784354
5,573,tqwt_TKEO_std_dec_33,0.007640890953884982
5,574,det_entropy_log_6_coef,0.007633774861339093
5,575,GQ_std_cycle_closed,0.007620381674457111
5,576,tqwt_TKEO_std_dec_24,0.007336050840044406
5,577,tqwt_minValue_dec_4,0.007275509841309313
5,578,tqwt_meanValue_dec_28,0.007257406771796759
5,579,tqwt_meanValue_dec_2,0.007158664159286232
5,580,std_MFCC_5th_coef,0.006578042607992884
5,581,tqwt_kurtosisValue_dec_3,0.006226292843454884
5,582,tqwt_entropy_log_dec_21,0.006196711390575427
5,583,apq3Shimmer,0.006159881974046932
5,584,tqwt_entropy_log_dec_2,0.006155349884231276
5,585,tqwt_meanValue_dec_27,0.006067038469034447
5,586,tqwt_maxValue_dec_26,0.00597236145611002
5,587,mean_9th_delta,0.005823399249068606
5,588,mean_4th_delta_delta,0.0057474200294496125
5,589,det_LT_TKEO_mean_2_coef,0.0056933945358561555
5,590,tqwt_kurtosisValue_dec_21,0.005693252360023715
5,591,tqwt_minValue_dec_21,0.0054527364637850795
5,592,tqwt_minValue_dec_30,0.005447138459978573
5,593,meanAutoCorrHarmonicity,0.005248845091236687
5,594,ddaShimmer,0.005225429644470925
5,595,Ed2_6_coef,0.005195424163250362
5,596,mean_MFCC_11th_coef,0.005124156454364037
5,597,b4,0.005082243017398458
5,598,tqwt_TKEO_mean_dec_29,0.004951447446363444
5,599,det_LT_TKEO_std_8_coef,0.004919220543165181
5,600,f4,0.0049007445871065425
5,601,tqwt_medianValue_dec_28,0.00486171348843456
5,602,tqwt_medianValue_dec_29,0.004794507500921474
5,603,mean_1st_delta_delta,0.004598393993110017
5,604,tqwt_TKEO_mean_dec_2,0.0044352044809674585
5,605,tqwt_entropy_log_dec_23,0.004269808935615016
5,606,det_TKEO_mean_8_coef,0.0042631070716101505
5,607,tqwt_kurtosisValue_dec_29,0.004128314301145242
5,608,tqwt_skewnessValue_dec_7,0.003928465021141081
5,609,mean_1st_delta,0.0038819136365288998
5,610,tqwt_minValue_dec_26,0.0038306651475001896
5,611,tqwt_energy_dec_2,0.0035320927254649526
5,612,Ed2_5_coef,0.0034665544981773433
5,613,det_TKEO_std_1_coef,0.0033839607975985064
5,614,det_TKEO_mean_2_coef,0.003363555172689825
5,615,tqwt_meanValue_dec_1,0.0032389941486681284
5,616,mean_12th_delta,0.0031896542733931277
5,617,tqwt_stdValue_dec_31,0.0031401423635506465
5,618,tqwt_TKEO_std_dec_27,0.002949508048063487
5,619,tqwt_meanValue_dec_23,0.002726764383935043
5,620,tqwt_energy_dec_7,0.002620945285107812
5,621,det_TKEO_mean_10_coef,0.0025553976878751605
5,622,b3,0.002540987499863867
5,623,tqwt_skewnessValue_dec_10,0.0020042895123668636
5,624,tqwt_entropy_shannon_dec_3,0.0019333487170689612
5,625,tqwt_minValue_dec_36,0.0018752083630171335
5,626,mean_9th_delta_delta,0.0018683112748285602
5,627,tqwt_meanValue_dec_31,0.0017662571908201308
5,628,VFER_NSR_TKEO,0.0017425475819317082
5,629,tqwt_entropy_shannon_dec_23,0.001607020273963311
5,630,det_LT_TKEO_mean_6_coef,0.0015834752440153643
5,631,f2,0.0012104383589655043
5,632,det_entropy_shannon_2_coef,0.0010957908246576054
5,633,tqwt_TKEO_mean_dec_21,0.000999736801100548
5,634,std_1st_delta,0.0009001790648370811
5,635,std_MFCC_11th_coef,0.0008641781936262749
5,636,tqwt_maxValue_dec_30,0.00066261670754586
5,637,tqwt_meanValue_dec_5,0.0005851565508045997
5,638,tqwt_minValue_dec_24,0.0004912305268212069
5,639,std_MFCC_3rd_coef,0.0003198595256026504
5,640,tqwt_meanValue_dec_13,6.718893527435377e-05
5,641,det_entropy_shannon_8_coef,2.152669047550404e-05
5,642,Ea,0.0
5,643,Ed2_10_coef,0.0
5,644,Ed2_1_coef,0.0
5,645,Ed2_4_coef,0.0
5,646,Ed2_7_coef,0.0
5,647,Ed2_9_coef,0.0
5,648,Ed_5_coef,0.0
5,649,Ed_7_coef,0.0
5,650,GNE_NSR_TKEO,0.0
5,651,GNE_SNR_TKEO,0.0
5,652,PPE,0.0
5,653,VFER_SNR_SEO,0.0
5,654,b2,0.0
5,655,det_LT_TKEO_mean_10_coef,0.0
5,656,det_LT_TKEO_mean_7_coef,0.0
5,657,det_LT_TKEO_mean_8_coef,0.0
5,658,det_LT_TKEO_std_10_coef,0.0
5,659,det_LT_TKEO_std_3_coef,0.0
5,660,det_LT_TKEO_std_9_coef,0.0
5,661,det_LT_entropy_log_10_coef,0.0
5,662,det_LT_entropy_log_3_coef,0.0
5,663,det_LT_entropy_log_4_coef,0.0
5,664,det_LT_entropy_log_5_coef,0.0
5,665,det_LT_entropy_log_7_coef,0.0
5,666,det_LT_entropy_log_8_coef,0.0
5,667,det_LT_entropy_log_9_coef,0.0
5,668,det_LT_entropy_shannon_5_coef,0.0
5,669,det_LT_entropy_shannon_6_coef,0.0
5,670,det_LT_entropy_shannon_7_coef,0.0
5,671,det_TKEO_mean_3_coef,0.0
5,672,det_TKEO_mean_4_coef,0.0
5,673,det_TKEO_mean_5_coef,0.0
5,674,det_TKEO_mean_6_coef,0.0
5,675,det_TKEO_mean_7_coef,0.0
5,676,det_TKEO_mean_9_coef,0.0
5,677,det_TKEO_std_10_coef,0.0
5,678,det_TKEO_std_4_coef,0.0
5,679,det_TKEO_std_6_coef,0.0
5,680,det_TKEO_std_9_coef,0.0
5,681,det_entropy_log_5_coef,0.0
5,682,det_entropy_log_7_coef,0.0
5,683,det_entropy_log_8_coef,0.0
5,684,det_entropy_log_9_coef,0.0
5,685,det_entropy_shannon_10_coef,0.0
5,686,det_entropy_shannon_1_coef,0.0
5,687,det_entropy_shannon_3_coef,0.0
5,688,det_entropy_shannon_5_coef,0.0
5,689,det_entropy_shannon_6_coef,0.0
5,690,det_entropy_shannon_9_coef,0.0
5,691,mean_10th_delta,0.0
5,692,mean_2nd_delta_delta,0.0
5,693,mean_5th_delta,0.0
5,694,mean_5th_delta_delta,0.0
5,695,mean_6th_delta_delta,0.0
5,696,mean_7th_delta,0.0
5,697,mean_8th_delta_delta,0.0
5,698,mean_MFCC_7th_coef,0.0
5,699,mean_MFCC_8th_coef,0.0
5,700,std_2nd_delta_delta,0.0
5,701,std_MFCC_0th_coef,0.0
5,702,std_MFCC_2nd_coef,0.0
5,703,tqwt_TKEO_mean_dec_22,0.0
5,704,tqwt_TKEO_mean_dec_24,0.0
5,705,tqwt_TKEO_mean_dec_25,0.0
5,706,tqwt_TKEO_mean_dec_31,0.0
5,707,tqwt_TKEO_std_dec_29,0.0
5,708,tqwt_energy_dec_19,0.0
5,709,tqwt_energy_dec_20,0.0
5,710,tqwt_energy_dec_23,0.0
5,711,tqwt_energy_dec_34,0.0
5,712,tqwt_energy_dec_36,0.0
5,713,tqwt_energy_dec_9,0.0
5,714,tqwt_entropy_log_dec_30,0.0
5,715,tqwt_entropy_log_dec_31,0.0
5,716,tqwt_entropy_shannon_dec_25,0.0
5,717,tqwt_entropy_shannon_dec_30,0.0
5,718,tqwt_kurtosisValue_dec_10,0.0
5,719,tqwt_kurtosisValue_dec_14,0.0
5,720,tqwt_kurtosisValue_dec_30,0.0
5,721,tqwt_kurtosisValue_dec_31,0.0
5,722,tqwt_kurtosisValue_dec_32,0.0
5,723,tqwt_kurtosisValue_dec_33,0.0
5,724,tqwt_kurtosisValue_dec_8,0.0
5,725,tqwt_kurtosisValue_dec_9,0.0
5,726,tqwt_meanValue_dec_10,0.0
5,727,tqwt_meanValue_dec_12,0.0
5,728,tqwt_meanValue_dec_18,0.0
5,729,tqwt_meanValue_dec_19,0.0
5,730,tqwt_meanValue_dec_20,0.0
5,731,tqwt_meanValue_dec_22,0.0
5,732,tqwt_meanValue_dec_24,0.0
5,733,tqwt_meanValue_dec_26,0.0
5,734,tqwt_meanValue_dec_29,0.0
5,735,tqwt_meanValue_dec_3,0.0
5,736,tqwt_meanValue_dec_30,0.0
5,737,tqwt_meanValue_dec_32,0.0
5,738,tqwt_meanValue_dec_33,0.0
5,739,tqwt_meanValue_dec_35,0.0
5,740,tqwt_meanValue_dec_6,0.0
5,741,tqwt_meanValue_dec_7,0.0
5,742,tqwt_meanValue_dec_8,0.0
5,743,tqwt_meanValue_dec_9,0.0
5,744,tqwt_minValue_dec_22,0.0
5,745,tqwt_skewnessValue_dec_14,0.0
5,746,tqwt_skewnessValue_dec_15,0.0
5,747,tqwt_skewnessValue_dec_2,0.0
5,748,tqwt_skewnessValue_dec_31,0.0
5,749,tqwt_skewnessValue_dec_4,0.0
5,750,tqwt_skewnessValue_dec_6,0.0
5,751,tqwt_skewnessValue_dec_9,0.0
5,752,tqwt_stdValue_dec_22,0.0
5,753,tqwt_stdValue_dec_23,0.0
6,1,tqwt_entropy_log_dec_35,0.1058722270809358
6,2,tqwt_medianValue_dec_8,0.10236032352382196
6,3,tqwt_TKEO_mean_dec_16,0.09908290028975286
6,4,std_delta_delta_log_energy,0.0987825375985174
6,5,mean_MFCC_2nd_coef,0.09606897884253729
6,6,tqwt_entropy_shannon_dec_35,0.09533090364153729
6,7,tqwt_TKEO_mean_dec_11,0.09503607080989651
6,8,app_entropy_shannon_5_coef,0.09353795348385718
6,9,std_delta_log_energy,0.09304910496388374
6,10,tqwt_minValue_dec_11,0.0921761016212399
6,11,minIntensity,0.09186234726043274
6,12,tqwt_maxValue_dec_11,0.08975842975332782
6,13,tqwt_TKEO_std_dec_11,0.088616529925158
6,14,tqwt_entropy_shannon_dec_11,0.08742531550062327
6,15,tqwt_maxValue_dec_12,0.08696612759552447
6,16,tqwt_skewnessValue_dec_23,0.08627640652324287
6,17,std_8th_delta_delta,0.08554508129982263
6,18,std_6th_delta_delta,0.08547140360547312
6,19,tqwt_TKEO_mean_dec_12,0.08507887898176403
6,20,tqwt_TKEO_std_dec_6,0.08506230848561547
6,21,tqwt_TKEO_std_dec_12,0.08447641253204563
6,22,tqwt_medianValue_dec_25,0.08433778865958952
6,23,tqwt_TKEO_mean_dec_13,0.08410217219255967
6,24,tqwt_stdValue_dec_12,0.0839998867649292
6,25,tqwt_entropy_shannon_dec_14,0.08392968227072606
6,26,tqwt_entropy_log_dec_12,0.08389587701388024
6,27,app_LT_entropy_log_6_coef,0.08327293772898847
6,28,tqwt_stdValue_dec_15,0.08205285961595776
6,29,tqwt_energy_dec_27,0.08192208017784464
6,30,app_entropy_shannon_4_coef,0.08161992922698014
6,31,tqwt_skewnessValue_dec_36,0.08045614715900062
6,32,tqwt_TKEO_std_dec_13,0.08031679138930903
6,33,tqwt_entropy_log_dec_17,0.08010341411166877
6,34,tqwt_entropy_log_dec_26,0.08002206905162645
6,35,tqwt_minValue_dec_10,0.07979783189332035
6,36,tqwt_TKEO_std_dec_14,0.07976392644774677
6,37,meanIntensity,0.07975823584170705
6,38,tqwt_medianValue_dec_34,0.07953176549952201
6,39,app_entropy_log_5_coef,0.07950156527445773
6,40,tqwt_energy_dec_26,0.07949201860465749
6,41,tqwt_kurtosisValue_dec_26,0.07917429957238364
6,42,std_9th_delta_delta,0.07829554047518683
6,43,app_LT_entropy_shannon_6_coef,0.07811793359858399
6,44,std_Log_energy,0.07771971407478317
6,45,tqwt_TKEO_std_dec_7,0.07751705782879448
6,46,tqwt_entropy_log_dec_11,0.07737313171630089
6,47,tqwt_entropy_shannon_dec_16,0.07718712293925423
6,48,std_4th_delta_delta,0.07675554779802796
6,49,tqwt_TKEO_mean_dec_8,0.07665527537067818
6,50,app_LT_entropy_shannon_7_coef,0.07663103426706908
6,51,tqwt_medianValue_dec_16,0.07636730561363603
6,52,std_3rd_delta,0.0761683802166182
6,53,std_7th_delta_delta,0.07551441618480115
6,54,app_entropy_shannon_7_coef,0.07511215719684294
6,55,tqwt_entropy_shannon_dec_36,0.07446727156708577
6,56,maxIntensity,0.07422652478066749
6,57,tqwt_skewnessValue_dec_25,0.07359028017335856
6,58,app_LT_entropy_shannon_8_coef,0.07345007801336711
6,59,tqwt_entropy_log_dec_16,0.07337383037573142
6,60,app_entropy_log_6_coef,0.07308835406535019
6,61,app_TKEO_std_2_coef,0.07293282899593168
6,62,tqwt_stdValue_dec_36,0.07280636133982155
6,63,app_LT_entropy_shannon_9_coef,0.07257925909756535
6,64,tqwt_entropy_shannon_dec_8,0.07255341834257734
6,65,app_entropy_shannon_6_coef,0.0721995343358588
6,66,app_entropy_shannon_3_coef,0.0719711852934275
6,67,tqwt_skewnessValue_dec_21,0.07192311296040677
6,68,tqwt_maxValue_dec_17,0.07180335134338134
6,69,app_LT_entropy_shannon_10_coef,0.07145113476248866
6,70,tqwt_minValue_dec_13,0.07136487300058425
6,71,tqwt_energy_dec_25,0.07110638016615112
6,72,app_LT_entropy_log_8_coef,0.07065335537460515
6,73,app_LT_TKEO_std_8_coef,0.0706112765060436
6,74,app_LT_entropy_log_9_coef,0.07037324332978745
6,75,app_entropy_shannon_9_coef,0.06998668261900143
6,76,app_LT_entropy_log_7_coef,0.06989362864441051
6,77,tqwt_skewnessValue_dec_18,0.06986541306699978
6,78,tqwt_medianValue_dec_12,0.06974012795104167
6,79,tqwt_entropy_log_dec_10,0.06953501303447807
6,80,app_LT_entropy_log_10_coef,0.06945800096778276
6,81,tqwt_stdValue_dec_16,0.06934254109371696
6,82,app_entropy_shannon_10_coef,0.06919505421508076
6,83,app_LT_entropy_shannon_3_coef,0.06913979722585051
6,84,std_12th_delta,0.06913209522159969
6,85,tqwt_skewnessValue_dec_30,0.06901612842204097
6,86,tqwt_minValue_dec_12,0.06894326841682252
6,87,tqwt_kurtosisValue_dec_36,0.06883436097793871
6,88,app_entropy_shannon_8_coef,0.06760088214496562
6,89,tqwt_stdValue_dec_8,0.06701250908157852
6,90,tqwt_entropy_log_dec_8,0.06681230633520663
6,91,tqwt_TKEO_std_dec_8,0.06650330504179758
6,92,tqwt_stdValue_dec_6,0.06649329094128253
6,93,std_8th_delta,0.06625268723542765
6,94,tqwt_entropy_shannon_dec_15,0.0661426771737772
6,95,tqwt_skewnessValue_dec_24,0.0659508221598768
6,96,tqwt_entropy_log_dec_5,0.06528649189987856
6,97,std_6th_delta,0.06513086039845128
6,98,app_entropy_log_3_coef,0.06480794037369786
6,99,app_entropy_log_2_coef,0.06456436719174596
6,100,std_10th_delta,0.06456380869254041
6,101,tqwt_TKEO_std_dec_20,0.06408929616326908
6,102,numPeriodsPulses,0.06353097788798912
6,103,tqwt_skewnessValue_dec_17,0.06348919825113453
6,104,tqwt_TKEO_mean_dec_6,0.06344849092817073
6,105,tqwt_entropy_log_dec_6,0.06319542840308046
6,106,tqwt_skewnessValue_dec_26,0.06313162707470332
6,107,tqwt_entropy_shannon_dec_13,0.06288550042146368
6,108,std_10th_delta_delta,0.06280811562460098
6,109,tqwt_entropy_log_dec_20,0.062248024447455697
6,110,app_LT_entropy_log_5_coef,0.061952120718114845
6,111,app_LT_entropy_shannon_4_coef,0.061770381281724296
6,112,tqwt_stdValue_dec_14,0.061552801889461106
6,113,app_entropy_log_7_coef,0.06152752205169887
6,114,tqwt_TKEO_mean_dec_17,0.061198069387622844
6,115,app_entropy_log_10_coef,0.060925375224146094
6,116,tqwt_skewnessValue_dec_13,0.06086479003444967
6,117,tqwt_energy_dec_13,0.06073953912513308
6,118,tqwt_skewnessValue_dec_16,0.060721646500738524
6,119,tqwt_minValue_dec_17,0.06070712010979307
6,120,meanPeriodPulses,0.060645906709296815
6,121,tqwt_entropy_shannon_dec_6,0.06063385308207536
6,122,tqwt_medianValue_dec_26,0.060594366460818394
6,123,tqwt_stdValue_dec_13,0.060580894231638815
6,124,tqwt_entropy_log_dec_13,0.060208875665131334
6,125,tqwt_stdValue_dec_7,0.06017536211244234
6,126,tqwt_TKEO_std_dec_16,0.05993317840991286
6,127,app_TKEO_std_9_coef,0.059612860669201684
6,128,tqwt_entropy_shannon_dec_7,0.059440982831037825
6,129,app_entropy_log_8_coef,0.059354998773170076
6,130,std_3rd_delta_delta,0.05920578465440629
6,131,app_entropy_log_9_coef,0.05912040493563486
6,132,tqwt_energy_dec_5,0.05899154420013586
6,133,apq11Shimmer,0.05896734638119061
6,134,ppq5Jitter,0.058649513990150615
6,135,tqwt_minValue_dec_7,0.05855923779033301
6,136,tqwt_minValue_dec_6,0.05836621648789886
6,137,tqwt_minValue_dec_15,0.058194812792862205
6,138,app_LT_TKEO_std_5_coef,0.05818586901510181
6,139,tqwt_minValue_dec_8,0.05816992425571099
6,140,GNE_mean,0.05796353617597427
6,141,tqwt_TKEO_mean_dec_34,0.05787824049263257
6,142,app_TKEO_std_7_coef,0.05776992910066148
6,143,tqwt_TKEO_mean_dec_36,0.05774346987456869
6,144,tqwt_medianValue_dec_10,0.05770445768414656
6,145,tqwt_maxValue_dec_9,0.05768070971700778
6,146,tqwt_maxValue_dec_14,0.05767679697681194
6,147,std_11th_delta_delta,0.05671578977510361
6,148,app_entropy_shannon_2_coef,0.05670179696665412
6,149,tqwt_medianValue_dec_17,0.05666832410657863
6,150,tqwt_stdValue_dec_11,0.056657154996327064
6,151,tqwt_entropy_log_dec_34,0.05651274082330371
6,152,tqwt_entropy_log_dec_9,0.05650170655204678
6,153,locAbsJitter,0.05647558947105713
6,154,tqwt_entropy_log_dec_19,0.0564072445179189
6,155,tqwt_skewnessValue_dec_5,0.05608685614298059
6,156,tqwt_minValue_dec_16,0.05584678964279188
6,157,tqwt_entropy_log_dec_4,0.05522062488102053
6,158,app_LT_entropy_shannon_5_coef,0.05501689484534866
6,159,numPulses,0.055006721840138884
6,160,tqwt_medianValue_dec_20,0.05494830979389076
6,161,tqwt_medianValue_dec_23,0.054944846301639094
6,162,tqwt_skewnessValue_dec_22,0.05436961010731167
6,163,tqwt_maxValue_dec_7,0.054174045796763215
6,164,tqwt_maxValue_dec_10,0.053945933734843354
6,165,tqwt_TKEO_mean_dec_7,0.05370365361197482
6,166,tqwt_stdValue_dec_18,0.05364322259444032
6,167,std_11th_delta,0.05356084631235647
6,168,tqwt_entropy_log_dec_15,0.05354439705547853
6,169,tqwt_kurtosisValue_dec_5,0.053309681568583844
6,170,tqwt_entropy_log_dec_14,0.053280856148597566
6,171,std_MFCC_10th_coef,0.05322549941799459
6,172,app_LT_TKEO_std_2_coef,0.053013767827309266
6,173,app_LT_entropy_log_2_coef,0.052502882021736585
6,174,tqwt_TKEO_mean_dec_15,0.05233012963482553
6,175,app_LT_TKEO_mean_1_coef,0.05231394156416824
6,176,app_LT_entropy_shannon_2_coef,0.05220369159771154
6,177,tqwt_entropy_log_dec_28,0.05209500350103968
6,178,tqwt_entropy_log_dec_33,0.05187620600625098
6,179,tqwt_medianValue_dec_36,0.051789269957978945
6,180,tqwt_skewnessValue_dec_8,0.0517501321333067
6,181,tqwt_TKEO_mean_dec_9,0.051618294111413165
6,182,tqwt_TKEO_std_dec_10,0.05142621394083613
6,183,std_9th_delta,0.051226952337068976
6,184,tqwt_entropy_shannon_dec_12,0.05109898646588018
6,185,mean_MFCC_1st_coef,0.050580490409322554
6,186,tqwt_stdValue_dec_33,0.050494697984559744
6,187,tqwt_minValue_dec_9,0.050209490097658405
6,188,tqwt_kurtosisValue_dec_6,0.05004854163163053
6,189,app_LT_entropy_log_3_coef,0.0499701106704622
6,190,tqwt_TKEO_mean_dec_30,0.04986490830221424
6,191,tqwt_energy_dec_12,0.049852773912642645
6,192,app_TKEO_std_8_coef,0.04978997771824867
6,193,tqwt_energy_dec_16,0.049710680128204565
6,194,app_LT_entropy_log_1_coef,0.04968711850986063
6,195,app_det_TKEO_mean_10_coef,0.04960945525814786
6,196,DFA,0.04955792784906343
6,197,tqwt_entropy_log_dec_27,0.04935179444475479
6,198,tqwt_kurtosisValue_dec_18,0.049339376097124354
6,199,ddpJitter,0.04931337931769275
6,200,tqwt_stdValue_dec_10,0.04916008652083059
6,201,det_LT_TKEO_std_2_coef,0.0489601668865558
6,202,tqwt_stdValue_dec_34,0.048942642845221984
6,203,IMF_NSR_TKEO,0.04880683306310574
6,204,tqwt_stdValue_dec_20,0.04858025380720643
6,205,tqwt_maxValue_dec_28,0.04851239581129363
6,206,tqwt_energy_dec_6,0.04823718365195817
6,207,tqwt_TKEO_mean_dec_14,0.048184331356404764
6,208,mean_MFCC_0th_coef,0.04797929852293836
6,209,gender,0.047897740203368455
6,210,app_entropy_shannon_1_coef,0.04750051990672177
6,211,app_LT_TKEO_mean_10_coef,0.04748848875420841
6,212,tqwt_energy_dec_15,0.04721865199076514
6,213,mean_MFCC_5th_coef,0.047087692555194405
6,214,tqwt_medianValue_dec_31,0.04708591419214714
6,215,app_TKEO_std_10_coef,0.046972758785366775
6,216,app_LT_entropy_shannon_1_coef,0.046636318578043845
6,217,GQ_std_cycle_open,0.0465096079089784
6,218,tqwt_stdValue_dec_19,0.04648254339353097
6,219,tqwt_maxValue_dec_13,0.04643564296363989
6,220,app_LT_TKEO_std_7_coef,0.04631943881981204
6,221,tqwt_entropy_log_dec_18,0.04608360336914119
6,222,tqwt_TKEO_mean_dec_5,0.0460094947243086
6,223,rapJitter,0.045825296369674584
6,224,tqwt_entropy_shannon_dec_18,0.04577485332295139
6,225,app_LT_TKEO_std_6_coef,0.04571278470575102
6,226,locDbShimmer,0.04564332512625824
6,227,app_LT_TKEO_std_10_coef,0.04562174961370191
6,228,tqwt_energy_dec_17,0.04552537805332313
6,229,tqwt_kurtosisValue_dec_27,0.04552155782110834
6,230,det_LT_TKEO_mean_5_coef,0.04548842272724607
6,231,tqwt_TKEO_std_dec_15,0.04516601554087529
6,232,tqwt_kurtosisValue_dec_28,0.0451034806281978
6,233,tqwt_skewnessValue_dec_12,0.044965598466947476
6,234,app_det_TKEO_mean_1_coef,0.044907395899452585
6,235,tqwt_medianValue_dec_30,0.04485621230902548
6,236,tqwt_meanValue_dec_15,0.04477273890346334
6,237,app_TKEO_std_5_coef,0.04459541677937806
6,238,app_entropy_log_4_coef,0.0443537689113922
6,239,tqwt_skewnessValue_dec_20,0.04428558465323107
6,240,tqwt_kurtosisValue_dec_2,0.04422020669881421
6,241,tqwt_energy_dec_14,0.04417342468045926
6,242,app_LT_TKEO_mean_9_coef,0.044143458194106255
6,243,tqwt_TKEO_std_dec_9,0.04398235224876168
6,244,std_5th_delta_delta,0.04389183153627774
6,245,app_LT_entropy_log_4_coef,0.043677583727490976
6,246,app_LT_TKEO_mean_8_coef,0.04360466180615585
6,247,app_TKEO_std_6_coef,0.04359678027402514
6,248,app_det_TKEO_mean_5_coef,0.04350755706946896
6,249,tqwt_entropy_shannon_dec_9,0.04348475530664264
6,250,tqwt_minValue_dec_33,0.0433927296843859
6,251,tqwt_medianValue_dec_33,0.04325304884255132
6,252,std_7th_delta,0.04323104965032498
6,253,tqwt_medianValue_dec_21,0.043037389184967356
6,254,tqwt_minValue_dec_20,0.04301948174017878
6,255,Ed2_3_coef,0.04294471903268193
6,256,tqwt_TKEO_mean_dec_10,0.04294201156285027
6,257,tqwt_TKEO_mean_dec_18,0.04291795149929345
6,258,tqwt_maxValue_dec_16,0.042823847314454655
6,259,tqwt_TKEO_std_dec_3,0.04262744374216121
6,260,tqwt_maxValue_dec_34,0.0426034775043731
6,261,GNE_SNR_SEO,0.0425925841225816
6,262,tqwt_entropy_shannon_dec_19,0.042435938772362736
6,263,tqwt_stdValue_dec_5,0.04241536719733685
6,264,tqwt_entropy_shannon_dec_17,0.04238224896924203
6,265,std_MFCC_12th_coef,0.042056415400804736
6,266,tqwt_entropy_log_dec_36,0.0419388950555426
6,267,tqwt_stdValue_dec_17,0.04183788693810042
6,268,det_entropy_log_1_coef,0.04170850322853559
6,269,tqwt_medianValue_dec_27,0.041704844491696536
6,270,tqwt_entropy_log_dec_3,0.041703713810841814
6,271,det_TKEO_std_3_coef,0.04116453134094855
6,272,app_LT_TKEO_mean_4_coef,0.041154530787092414
6,273,tqwt_kurtosisValue_dec_22,0.04111153496546982
6,274,tqwt_energy_dec_8,0.04085953821133903
6,275,app_det_TKEO_mean_4_coef,0.04063884620511571
6,276,tqwt_stdValue_dec_30,0.04050889967484017
6,277,tqwt_minValue_dec_14,0.040323777572018216
6,278,app_entropy_log_1_coef,0.04016286189260154
6,279,tqwt_TKEO_std_dec_18,0.04014321199154214
6,280,tqwt_medianValue_dec_22,0.040072723087720474
6,281,tqwt_energy_dec_9,0.03995494466028715
6,282,tqwt_medianValue_dec_13,0.039811239328949144
6,283,Ed_2_coef,0.0397492755478952
6,284,tqwt_entropy_shannon_dec_27,0.03967178016071782
6,285,det_TKEO_mean_2_coef,0.03960134810332727
6,286,locPctJitter,0.03949102587354725
6,287,app_LT_TKEO_mean_7_coef,0.03906978501874803
6,288,f1,0.03864051734385243
6,289,tqwt_TKEO_std_dec_23,0.038562987017750405
6,290,tqwt_TKEO_std_dec_19,0.038491184736809014
6,291,std_4th_delta,0.03846010478276529
6,292,tqwt_skewnessValue_dec_3,0.038355685330427436
6,293,tqwt_skewnessValue_dec_11,0.038283546513259825
6,294,tqwt_medianValue_dec_18,0.03827641863244091
6,295,tqwt_energy_dec_11,0.038263580260084584
6,296,tqwt_energy_dec_3,0.038117581930968036
6,297,tqwt_kurtosisValue_dec_35,0.038111761580405634
6,298,tqwt_TKEO_mean_dec_26,0.0380197383048293
6,299,app_det_TKEO_mean_8_coef,0.03719612550362639
6,300,tqwt_stdValue_dec_24,0.03661591982619816
6,301,IMF_SNR_SEO,0.03659307835345982
6,302,tqwt_energy_dec_4,0.036511647272980285
6,303,tqwt_entropy_shannon_dec_4,0.03646619817494634
6,304,tqwt_energy_dec_24,0.03643432635500221
6,305,mean_0th_delta,0.03638503454389341
6,306,app_LT_TKEO_mean_3_coef,0.03636564379178697
6,307,app_det_TKEO_mean_6_coef,0.03634240682667289
6,308,tqwt_medianValue_dec_7,0.036332294501973506
6,309,app_TKEO_std_1_coef,0.03626106413055563
6,310,tqwt_minValue_dec_34,0.03622733730081662
6,311,tqwt_maxValue_dec_3,0.036195570165177715
6,312,std_12th_delta_delta,0.036169174709168805
6,313,meanNoiseToHarmHarmonicity,0.036162884667110484
6,314,tqwt_medianValue_dec_24,0.03609976880142374
6,315,tqwt_entropy_shannon_dec_29,0.036059479074295187
6,316,tqwt_stdValue_dec_9,0.036020968933439645
6,317,det_LT_TKEO_mean_1_coef,0.03600119959614889
6,318,apq5Shimmer,0.03594562717845351
6,319,tqwt_entropy_shannon_dec_32,0.03588327379672007
6,320,tqwt_TKEO_mean_dec_28,0.03586499283668165
6,321,locShimmer,0.03575794862573778
6,322,tqwt_entropy_log_dec_7,0.035634859837084365
6,323,tqwt_maxValue_dec_19,0.035591739116481724
6,324,stdDevPeriodPulses,0.03524483733756978
6,325,mean_MFCC_3rd_coef,0.03501389935987009
6,326,tqwt_minValue_dec_35,0.03484348247418412
6,327,Ed2_2_coef,0.034627413140353
6,328,tqwt_meanValue_dec_16,0.03436627342692655
6,329,tqwt_entropy_log_dec_1,0.034280167392051863
6,330,tqwt_kurtosisValue_dec_1,0.034095062436843016
6,331,app_LT_TKEO_std_3_coef,0.03403372855462217
6,332,tqwt_maxValue_dec_21,0.03380814784905484
6,333,app_det_TKEO_mean_9_coef,0.03366430453713054
6,334,tqwt_medianValue_dec_5,0.03358784133618653
6,335,tqwt_maxValue_dec_35,0.03350995138275814
6,336,mean_2nd_delta,0.033378253038416794
6,337,app_LT_TKEO_mean_6_coef,0.033204417105510586
6,338,mean_delta_delta_log_energy,0.033176851269913765
6,339,tqwt_TKEO_mean_dec_19,0.033082745244235934
6,340,tqwt_maxValue_dec_8,0.033065119683483246
6,341,tqwt_TKEO_std_dec_4,0.03305875183574791
6,342,mean_MFCC_6th_coef,0.03295315208843608
6,343,app_LT_TKEO_mean_2_coef,0.03285196086328268
6,344,tqwt_stdValue_dec_35,0.0326570908335877
6,345,det_LT_entropy_shannon_3_coef,0.03259305758573228
6,346,tqwt_TKEO_mean_dec_4,0.03241214233761203
6,347,mean_delta_log_energy,0.03237280917307661
6,348,tqwt_entropy_shannon_dec_26,0.03220865315781696
6,349,app_LT_TKEO_mean_5_coef,0.031929897729106926
6,350,tqwt_maxValue_dec_4,0.031860070395332896
6,351,tqwt_kurtosisValue_dec_16,0.03171186741554388
6,352,tqwt_energy_dec_21,0.03143759985941763
6,353,tqwt_entropy_shannon_dec_33,0.03142034896862134
6,354,tqwt_maxValue_dec_33,0.0311023672264501
6,355,tqwt_kurtosisValue_dec_17,0.031102195022944423
6,356,tqwt_minValue_dec_18,0.031040378532973145
6,357,tqwt_TKEO_mean_dec_32,0.030908071345760124
6,358,app_LT_TKEO_std_4_coef,0.030849958988789172
6,359,std_MFCC_9th_coef,0.030830895309313044
6,360,meanHarmToNoiseHarmonicity,0.0307625014605708
6,361,tqwt_entropy_shannon_dec_5,0.0307504858313854
6,362,tqwt_skewnessValue_dec_28,0.0306706606764795
6,363,tqwt_skewnessValue_dec_35,0.030636251355217636
6,364,mean_MFCC_12th_coef,0.030596123848321444
6,365,det_LT_TKEO_mean_9_coef,0.03036192781634295
6,366,tqwt_kurtosisValue_dec_34,0.030340802526128696
6,367,tqwt_TKEO_mean_dec_33,0.030328989665580952
6,368,f3,0.030227288825275922
6,369,tqwt_stdValue_dec_32,0.03021223928247907
6,370,app_TKEO_std_3_coef,0.030118626372448665
6,371,tqwt_energy_dec_32,0.030069302471526838
6,372,mean_11th_delta,0.029935038751761622
6,373,tqwt_stdValue_dec_21,0.029902903662278213
6,374,tqwt_medianValue_dec_29,0.029886507579657495
6,375,app_det_TKEO_mean_2_coef,0.029791447023403528
6,376,tqwt_maxValue_dec_36,0.029562337721319887
6,377,tqwt_maxValue_dec_5,0.02923308225084953
6,378,tqwt_entropy_shannon_dec_34,0.029121746635611734
6,379,app_LT_TKEO_std_1_coef,0.028930735548968745
6,380,app_LT_TKEO_std_9_coef,0.02892186214070369
6,381,meanAutoCorrHarmonicity,0.028904405101192188
6,382,tqwt_energy_dec_1,0.028470892859203678
6,383,tqwt_minValue_dec_4,0.028268908849377272
6,384,app_det_TKEO_mean_7_coef,0.028224374598770474
6,385,det_entropy_shannon_2_coef,0.028192354742778702
6,386,det_LT_TKEO_std_1_coef,0.0280535611420909
6,387,tqwt_maxValue_dec_1,0.027972138851483974
6,388,det_TKEO_mean_1_coef,0.027698889410927796
6,389,Ed_9_coef,0.02766647990243487
6,390,tqwt_TKEO_std_dec_17,0.027640637930753664
6,391,tqwt_minValue_dec_23,0.027373068018555546
6,392,tqwt_meanValue_dec_33,0.027078126044148165
6,393,tqwt_minValue_dec_25,0.026983759836380905
6,394,VFER_NSR_SEO,0.026933369465623525
6,395,tqwt_energy_dec_10,0.02672360338870594
6,396,mean_4th_delta,0.02652996980932998
6,397,tqwt_meanValue_dec_36,0.02647564705345329
6,398,tqwt_kurtosisValue_dec_12,0.026349283185302275
6,399,tqwt_kurtosisValue_dec_25,0.02622631430186262
6,400,tqwt_kurtosisValue_dec_19,0.026216342345914523
6,401,tqwt_maxValue_dec_18,0.026151353728556037
6,402,tqwt_maxValue_dec_15,0.026109448927794876
6,403,tqwt_TKEO_std_dec_36,0.026078449426799155
6,404,tqwt_stdValue_dec_28,0.026066815909684182
6,405,tqwt_meanValue_dec_28,0.0259730712935915
6,406,tqwt_skewnessValue_dec_27,0.025816150386519743
6,407,tqwt_meanValue_dec_9,0.025779969703476402
6,408,tqwt_medianValue_dec_9,0.02572059818149719
6,409,tqwt_kurtosisValue_dec_13,0.025628747574011124
6,410,IMF_NSR_entropy,0.02558623261137072
6,411,tqwt_entropy_log_dec_29,0.025543632776089176
6,412,tqwt_stdValue_dec_1,0.02550758024289035
6,413,det_LT_TKEO_mean_4_coef,0.024970234236649347
6,414,det_LT_entropy_shannon_8_coef,0.024967102435764055
6,415,Ed_3_coef,0.024787009160975204
6,416,VFER_entropy,0.02475692605456903
6,417,app_det_TKEO_mean_3_coef,0.024642686666824343
6,418,Ed_10_coef,0.024582133828241703
6,419,tqwt_minValue_dec_3,0.024508350744588903
6,420,tqwt_TKEO_std_dec_2,0.02423917816990606
6,421,tqwt_medianValue_dec_15,0.02412420947247118
6,422,tqwt_energy_dec_30,0.024120249991546716
6,423,tqwt_TKEO_mean_dec_20,0.024106853618689028
6,424,tqwt_TKEO_mean_dec_35,0.02397688493679695
6,425,tqwt_energy_dec_28,0.023898310310501714
6,426,tqwt_medianValue_dec_1,0.023857139202913658
6,427,std_2nd_delta,0.023812300442715317
6,428,GQ_prc5_95,0.02362289413861185
6,429,tqwt_medianValue_dec_3,0.023537637027528646
6,430,det_TKEO_std_5_coef,0.023517091760220765
6,431,Ed2_4_coef,0.023323063582398662
6,432,tqwt_entropy_shannon_dec_24,0.02318938128841541
6,433,tqwt_TKEO_mean_dec_27,0.023131324379602747
6,434,tqwt_stdValue_dec_22,0.023015558658682433
6,435,tqwt_stdValue_dec_4,0.022791729143697204
6,436,tqwt_maxValue_dec_32,0.02269265028586709
6,437,tqwt_TKEO_std_dec_34,0.022676310885364925
6,438,tqwt_stdValue_dec_27,0.022554843288363546
6,439,tqwt_entropy_shannon_dec_21,0.022436252617362706
6,440,Ed_4_coef,0.02238445168160008
6,441,tqwt_medianValue_dec_6,0.022287091566302486
6,442,tqwt_kurtosisValue_dec_20,0.02205504304210515
6,443,tqwt_entropy_shannon_dec_20,0.021602419714845222
6,444,IMF_SNR_entropy,0.02151488500460652
6,445,det_LT_TKEO_mean_3_coef,0.021508145596171202
6,446,std_5th_delta,0.02131401593597304
6,447,tqwt_maxValue_dec_6,0.021275772398868575
6,448,std_MFCC_1st_coef,0.02117084595484653
6,449,Ed_8_coef,0.020854425912524288
6,450,tqwt_TKEO_std_dec_31,0.020813318348057885
6,451,app_TKEO_std_4_coef,0.02078599528052716
6,452,tqwt_meanValue_dec_5,0.02019070509922294
6,453,mean_MFCC_4th_coef,0.020015960236738684
6,454,Ed_1_coef,0.019880583789298134
6,455,tqwt_entropy_shannon_dec_10,0.019871694537130224
6,456,tqwt_energy_dec_35,0.019837665146025696
6,457,tqwt_energy_dec_29,0.019618736628712385
6,458,tqwt_stdValue_dec_25,0.019579910945856538
6,459,tqwt_kurtosisValue_dec_23,0.019565369207663608
6,460,tqwt_TKEO_std_dec_35,0.019079193333007893
6,461,tqwt_medianValue_dec_35,0.018913074247550954
6,462,std_MFCC_8th_coef,0.018715218523746024
6,463,tqwt_maxValue_dec_25,0.01856255710019883
6,464,tqwt_entropy_log_dec_21,0.018496460498237388
6,465,tqwt_minValue_dec_2,0.0184286513992038
6,466,tqwt_medianValue_dec_11,0.01841723639739179
6,467,tqwt_maxValue_dec_26,0.018367249406086028
6,468,mean_10th_delta_delta,0.018197079003200223
6,469,tqwt_TKEO_std_dec_32,0.018169432881410597
6,470,tqwt_medianValue_dec_4,0.018033864932479382
6,471,det_LT_entropy_shannon_2_coef,0.017873724544808844
6,472,tqwt_entropy_shannon_dec_1,0.01778481178940594
6,473,Ed2_8_coef,0.017604802995126345
6,474,GNE_NSR_SEO,0.017576759201224368
6,475,tqwt_medianValue_dec_2,0.0171673458334638
6,476,tqwt_energy_dec_33,0.017024512902155342
6,477,VFER_SNR_TKEO,0.016877990519038155
6,478,det_entropy_log_6_coef,0.01673573418590224
6,479,tqwt_energy_dec_22,0.016433929715858664
6,480,mean_11th_delta_delta,0.016418096229898094
6,481,tqwt_entropy_shannon_dec_3,0.01638977122726404
6,482,mean_MFCC_9th_coef,0.016334727566335472
6,483,VFER_mean,0.016328766868197286
6,484,mean_6th_delta,0.01627665404515466
6,485,tqwt_TKEO_mean_dec_21,0.01624964168454146
6,486,det_LT_TKEO_std_4_coef,0.016241066270768156
6,487,tqwt_skewnessValue_dec_33,0.016111161478726155
6,488,det_entropy_shannon_3_coef,0.016022768969799817
6,489,std_1st_delta,0.015808944863427987
6,490,tqwt_maxValue_dec_22,0.015745146285749412
6,491,tqwt_entropy_shannon_dec_28,0.015675822477187795
6,492,det_entropy_log_4_coef,0.015434264767718808
6,493,tqwt_stdValue_dec_3,0.015353497481232159
6,494,tqwt_skewnessValue_dec_32,0.015212500695450437
6,495,tqwt_kurtosisValue_dec_15,0.015182158042521099
6,496,det_TKEO_std_8_coef,0.014977806366097468
6,497,RPDE,0.014884868384489991
6,498,det_LT_TKEO_std_8_coef,0.014881732707205497
6,499,tqwt_entropy_log_dec_25,0.014839860987088338
6,500,tqwt_maxValue_dec_30,0.014818501512465554
6,501,tqwt_energy_dec_2,0.014757140398477198
6,502,GNE_std,0.014304667624813305
6,503,tqwt_maxValue_dec_2,0.01415247674710396
6,504,IMF_SNR_TKEO,0.014050030870583985
6,505,std_1st_delta_delta,0.014007154524273924
6,506,mean_12th_delta_delta,0.013960384483189703
6,507,std_MFCC_7th_coef,0.013906044008280105
6,508,std_delta_delta_0th,0.013886904824298885
6,509,tqwt_kurtosisValue_dec_29,0.013880151998721946
6,510,tqwt_meanValue_dec_18,0.013689357685700454
6,511,tqwt_TKEO_mean_dec_2,0.013619712437239917
6,512,det_LT_entropy_log_1_coef,0.01328041229256871
6,513,tqwt_entropy_shannon_dec_22,0.01326963672464987
6,514,tqwt_TKEO_std_dec_22,0.013061586406298398
6,515,tqwt_TKEO_std_dec_21,0.012990547689315957
6,516,det_LT_entropy_log_2_coef,0.012818864189688473
6,517,mean_MFCC_10th_coef,0.012708777592159937
6,518,tqwt_minValue_dec_21,0.012697963672166024
6,519,tqwt_minValue_dec_27,0.012357920095333652
6,520,Ed2_6_coef,0.01217158107194316
6,521,det_LT_entropy_shannon_9_coef,0.011915788214259093
6,522,tqwt_TKEO_mean_dec_3,0.011777134813339085
6,523,std_MFCC_4th_coef,0.011757312998305736
6,524,f2,0.011674445586975946
6,525,b1,0.011672401443451275
6,526,det_entropy_log_9_coef,0.011323060210056912
6,527,tqwt_entropy_log_dec_30,0.011271411899430817
6,528,mean_Log_energy,0.01123346225796773
6,529,tqwt_minValue_dec_1,0.011148148407213343
6,530,tqwt_energy_dec_18,0.010938239583930587
6,531,det_LT_TKEO_mean_8_coef,0.010912201625858708
6,532,det_LT_entropy_log_4_coef,0.010738520135192386
6,533,tqwt_entropy_log_dec_2,0.010168795889779148
6,534,tqwt_meanValue_dec_13,0.010103174832407857
6,535,tqwt_minValue_dec_28,0.010076272775392692
6,536,det_LT_TKEO_mean_2_coef,0.009968664681425432
6,537,tqwt_energy_dec_36,0.009961561436381716
6,538,b3,0.009864938847361282
6,539,tqwt_TKEO_std_dec_5,0.009738309091216202
6,540,mean_7th_delta_delta,0.009377779587101509
6,541,tqwt_stdValue_dec_26,0.009224078919794376
6,542,std_0th_delta,0.009198936516547462
6,543,tqwt_skewnessValue_dec_7,0.009056976872298561
6,544,det_entropy_log_3_coef,0.0090249224046004
6,545,tqwt_medianValue_dec_28,0.008929644542352566
6,546,det_entropy_log_10_coef,0.00889524068650771
6,547,tqwt_maxValue_dec_23,0.00870884740117317
6,548,std_MFCC_11th_coef,0.00859176466165179
6,549,tqwt_maxValue_dec_24,0.008461979702968137
6,550,tqwt_TKEO_mean_dec_1,0.00842210151914835
6,551,tqwt_TKEO_std_dec_30,0.008325167685457657
6,552,tqwt_kurtosisValue_dec_24,0.00828638756544442
6,553,tqwt_minValue_dec_19,0.008207673902151269
6,554,IMF_NSR_SEO,0.007929831630587136
6,555,det_LT_entropy_shannon_10_coef,0.007676268106231676
6,556,tqwt_energy_dec_7,0.007552919424540949
6,557,tqwt_meanValue_dec_21,0.007396466956508307
6,558,tqwt_entropy_log_dec_31,0.007349704323747597
6,559,det_LT_entropy_shannon_1_coef,0.00720118555947602
6,560,mean_5th_delta_delta,0.007111110686345512
6,561,tqwt_maxValue_dec_20,0.007028512517730956
6,562,det_TKEO_mean_8_coef,0.0070098485138856415
6,563,tqwt_TKEO_std_dec_28,0.007008515042879804
6,564,std_MFCC_6th_coef,0.006750396056139918
6,565,tqwt_medianValue_dec_14,0.006689791620732688
6,566,mean_4th_delta_delta,0.006335136506838035
6,567,tqwt_skewnessValue_dec_29,0.006217536976866667
6,568,std_MFCC_5th_coef,0.006163762765461156
6,569,mean_MFCC_7th_coef,0.0061189833969717
6,570,tqwt_meanValue_dec_22,0.006064414893146575
6,571,det_LT_TKEO_std_7_coef,0.006037582308178635
6,572,det_TKEO_std_7_coef,0.005908611717442724
6,573,tqwt_skewnessValue_dec_1,0.005695619846009858
6,574,det_LT_TKEO_std_6_coef,0.005521117380276053
6,575,ddaShimmer,0.005328796035401595
6,576,det_LT_entropy_shannon_4_coef,0.005303167806861353
6,577,tqwt_minValue_dec_31,0.005270210833695277
6,578,apq3Shimmer,0.005247149740519985
6,579,tqwt_minValue_dec_32,0.005159044684124758
6,580,tqwt_meanValue_dec_32,0.005128512053952594
6,581,VFER_std,0.0051173413237437515
6,582,mean_8th_delta,0.0050137129437497485
6,583,tqwt_medianValue_dec_19,0.004996589273485119
6,584,tqwt_meanValue_dec_2,0.004859848011975254
6,585,tqwt_meanValue_dec_31,0.004831082005964493
6,586,det_LT_TKEO_mean_6_coef,0.0048081021761732234
6,587,tqwt_stdValue_dec_29,0.004776906342150111
6,588,tqwt_TKEO_mean_dec_25,0.0047339082212243255
6,589,tqwt_skewnessValue_dec_2,0.004690697495703278
6,590,tqwt_meanValue_dec_14,0.0046675240815079455
6,591,det_entropy_shannon_8_coef,0.00461538484505386
6,592,tqwt_TKEO_mean_dec_22,0.004587592158768139
6,593,tqwt_entropy_shannon_dec_31,0.004502029171051358
6,594,det_entropy_shannon_9_coef,0.004460043726492557
6,595,det_TKEO_mean_7_coef,0.004054875659970314
6,596,tqwt_stdValue_dec_31,0.004050124216515627
6,597,tqwt_TKEO_std_dec_27,0.0040390640459140315
6,598,det_TKEO_std_1_coef,0.004028044483201265
6,599,det_TKEO_mean_5_coef,0.0038719079246161137
6,600,tqwt_entropy_log_dec_32,0.0036685276559715874
6,601,tqwt_kurtosisValue_dec_32,0.003627268971711839
6,602,tqwt_meanValue_dec_7,0.00350628033615763
6,603,tqwt_energy_dec_34,0.003500632893980171
6,604,mean_9th_delta,0.003379639162466974
6,605,tqwt_kurtosisValue_dec_3,0.0031115964783985373
6,606,tqwt_meanValue_dec_34,0.0030872994427280087
6,607,tqwt_medianValue_dec_32,0.002534353851683102
6,608,tqwt_entropy_log_dec_23,0.00248587819720969
6,609,det_LT_entropy_log_6_coef,0.0022877967474776995
6,610,tqwt_maxValue_dec_29,0.0022362900136994046
6,611,det_entropy_log_2_coef,0.002017169792726259
6,612,det_TKEO_std_6_coef,0.0015390405147968078
6,613,tqwt_TKEO_std_dec_26,0.0013890551807036466
6,614,tqwt_stdValue_dec_23,0.0013475077738234198
6,615,Ed_5_coef,0.0012278616063243764
6,616,det_TKEO_std_2_coef,0.0011437741767270637
6,617,Ed2_1_coef,0.0010518485568804525
6,618,tqwt_kurtosisValue_dec_21,0.0010195765264775503
6,619,mean_delta_delta_0th,0.000936500835817089
6,620,tqwt_meanValue_dec_23,0.0006490711166711183
6,621,GNE_NSR_TKEO,0.00040620585762329853
6,622,det_LT_TKEO_mean_10_coef,0.0004045357857820342
6,623,tqwt_skewnessValue_dec_4,0.00039325411846768965
6,624,tqwt_meanValue_dec_26,0.0003762601942092214
6,625,tqwt_minValue_dec_36,3.0246080657825303e-05
6,626,b4,1.1081153349135064e-05
6,627,Ea,0.0
6,628,Ea2,0.0
6,629,Ed2_10_coef,0.0
6,630,Ed2_5_coef,0.0
6,631,Ed2_7_coef,0.0
6,632,Ed2_9_coef,0.0
6,633,Ed_6_coef,0.0
6,634,Ed_7_coef,0.0
6,635,GNE_SNR_TKEO,0.0
6,636,GQ_std_cycle_closed,0.0
6,637,PPE,0.0
6,638,VFER_NSR_TKEO,0.0
6,639,VFER_SNR_SEO,0.0
6,640,b2,0.0
6,641,det_LT_TKEO_mean_7_coef,0.0
6,642,det_LT_TKEO_std_10_coef,0.0
6,643,det_LT_TKEO_std_3_coef,0.0
6,644,det_LT_TKEO_std_5_coef,0.0
6,645,det_LT_TKEO_std_9_coef,0.0
6,646,det_LT_entropy_log_10_coef,0.0
6,647,det_LT_entropy_log_3_coef,0.0
6,648,det_LT_entropy_log_5_coef,0.0
6,649,det_LT_entropy_log_7_coef,0.0
6,650,det_LT_entropy_log_8_coef,0.0
6,651,det_LT_entropy_log_9_coef,0.0
6,652,det_LT_entropy_shannon_5_coef,0.0
6,653,det_LT_entropy_shannon_6_coef,0.0
6,654,det_LT_entropy_shannon_7_coef,0.0
6,655,det_TKEO_mean_10_coef,0.0
6,656,det_TKEO_mean_3_coef,0.0
6,657,det_TKEO_mean_4_coef,0.0
6,658,det_TKEO_mean_6_coef,0.0
6,659,det_TKEO_mean_9_coef,0.0
6,660,det_TKEO_std_10_coef,0.0
6,661,det_TKEO_std_4_coef,0.0
6,662,det_TKEO_std_9_coef,0.0
6,663,det_entropy_log_5_coef,0.0
6,664,det_entropy_log_7_coef,0.0
6,665,det_entropy_log_8_coef,0.0
6,666,det_entropy_shannon_10_coef,0.0
6,667,det_entropy_shannon_1_coef,0.0
6,668,det_entropy_shannon_4_coef,0.0
6,669,det_entropy_shannon_5_coef,0.0
6,670,det_entropy_shannon_6_coef,0.0
6,671,det_entropy_shannon_7_coef,0.0
6,672,f4,0.0
6,673,mean_10th_delta,0.0
6,674,mean_12th_delta,0.0
6,675,mean_1st_delta,0.0
6,676,mean_1st_delta_delta,0.0
6,677,mean_2nd_delta_delta,0.0
6,678,mean_3rd_delta,0.0
6,679,mean_3rd_delta_delta,0.0
6,680,mean_5th_delta,0.0
6,681,mean_6th_delta_delta,0.0
6,682,mean_7th_delta,0.0
6,683,mean_8th_delta_delta,0.0
6,684,mean_9th_delta_delta,0.0
6,685,mean_MFCC_11th_coef,0.0
6,686,mean_MFCC_8th_coef,0.0
6,687,std_2nd_delta_delta,0.0
6,688,std_MFCC_0th_coef,0.0
6,689,std_MFCC_2nd_coef,0.0
6,690,std_MFCC_3rd_coef,0.0
6,691,tqwt_TKEO_mean_dec_23,0.0
6,692,tqwt_TKEO_mean_dec_24,0.0
6,693,tqwt_TKEO_mean_dec_29,0.0
6,694,tqwt_TKEO_mean_dec_31,0.0
6,695,tqwt_TKEO_std_dec_1,0.0
6,696,tqwt_TKEO_std_dec_24,0.0
6,697,tqwt_TKEO_std_dec_25,0.0
6,698,tqwt_TKEO_std_dec_29,0.0
6,699,tqwt_TKEO_std_dec_33,0.0
6,700,tqwt_energy_dec_19,0.0
6,701,tqwt_energy_dec_20,0.0
6,702,tqwt_energy_dec_23,0.0
6,703,tqwt_energy_dec_31,0.0
6,704,tqwt_entropy_log_dec_22,0.0
6,705,tqwt_entropy_log_dec_24,0.0
6,706,tqwt_entropy_shannon_dec_2,0.0
6,707,tqwt_entropy_shannon_dec_23,0.0
6,708,tqwt_entropy_shannon_dec_25,0.0
6,709,tqwt_entropy_shannon_dec_30,0.0
6,710,tqwt_kurtosisValue_dec_10,0.0
6,711,tqwt_kurtosisValue_dec_11,0.0
6,712,tqwt_kurtosisValue_dec_14,0.0
6,713,tqwt_kurtosisValue_dec_30,0.0
6,714,tqwt_kurtosisValue_dec_31,0.0
6,715,tqwt_kurtosisValue_dec_33,0.0
6,716,tqwt_kurtosisValue_dec_4,0.0
6,717,tqwt_kurtosisValue_dec_7,0.0
6,718,tqwt_kurtosisValue_dec_8,0.0
6,719,tqwt_kurtosisValue_dec_9,0.0
6,720,tqwt_maxValue_dec_27,0.0
6,721,tqwt_maxValue_dec_31,0.0
6,722,tqwt_meanValue_dec_1,0.0
6,723,tqwt_meanValue_dec_10,0.0
6,724,tqwt_meanValue_dec_11,0.0
6,725,tqwt_meanValue_dec_12,0.0
6,726,tqwt_meanValue_dec_17,0.0
6,727,tqwt_meanValue_dec_19,0.0
6,728,tqwt_meanValue_dec_20,0.0
6,729,tqwt_meanValue_dec_24,0.0
6,730,tqwt_meanValue_dec_25,0.0
6,731,tqwt_meanValue_dec_27,0.0
6,732,tqwt_meanValue_dec_29,0.0
6,733,tqwt_meanValue_dec_3,0.0
6,734,tqwt_meanValue_dec_30,0.0
6,735,tqwt_meanValue_dec_35,0.0
6,736,tqwt_meanValue_dec_4,0.0
6,737,tqwt_meanValue_dec_6,0.0
6,738,tqwt_meanValue_dec_8,0.0
6,739,tqwt_minValue_dec_22,0.0
6,740,tqwt_minValue_dec_24,0.0
6,741,tqwt_minValue_dec_26,0.0
6,742,tqwt_minValue_dec_29,0.0
6,743,tqwt_minValue_dec_30,0.0
6,744,tqwt_minValue_dec_5,0.0
6,745,tqwt_skewnessValue_dec_10,0.0
6,746,tqwt_skewnessValue_dec_14,0.0
6,747,tqwt_skewnessValue_dec_15,0.0
6,748,tqwt_skewnessValue_dec_19,0.0
6,749,tqwt_skewnessValue_dec_31,0.0
6,750,tqwt_skewnessValue_dec_34,0.0
6,751,tqwt_skewnessValue_dec_6,0.0
6,752,tqwt_skewnessValue_dec_9,0.0
6,753,tqwt_stdValue_dec_2,0.0
7,1,std_delta_delta_log_energy,0.1153429116658764
7,2,mean_MFCC_2nd_coef,0.10077858684192642
7,3,tqwt_medianValue_dec_8,0.09767730186052392
7,4,tqwt_entropy_log_dec_12,0.09690584543218805
7,5,tqwt_entropy_shannon_dec_35,0.0961225002331727
7,6,tqwt_entropy_log_dec_11,0.09548981425662229
7,7,std_9th_delta_delta,0.09499881564432999
7,8,std_8th_delta_delta,0.09409878125936277
7,9,tqwt_TKEO_mean_dec_16,0.09366229371970314
7,10,tqwt_skewnessValue_dec_36,0.0935408642627793
7,11,tqwt_entropy_log_dec_35,0.09155811954702853
7,12,tqwt_TKEO_mean_dec_11,0.09100475613925485
7,13,tqwt_TKEO_std_dec_12,0.09035686167937707
7,14,app_entropy_shannon_5_coef,0.09005040836559264
7,15,tqwt_entropy_shannon_dec_14,0.08992851294095505
7,16,minIntensity,0.08834420175860203
7,17,std_6th_delta_delta,0.08759405734869397
7,18,tqwt_maxValue_dec_12,0.08741885342791544
7,19,tqwt_energy_dec_26,0.08663123615854862
7,20,tqwt_TKEO_std_dec_13,0.08586201086755274
7,21,tqwt_stdValue_dec_12,0.08493661833204236
7,22,tqwt_kurtosisValue_dec_26,0.08475375045520828
7,23,tqwt_minValue_dec_11,0.08435665050495333
7,24,tqwt_TKEO_mean_dec_13,0.08348695172669185
7,25,tqwt_TKEO_mean_dec_12,0.08324118252022106
7,26,app_LT_TKEO_std_8_coef,0.08180966560021607
7,27,std_7th_delta_delta,0.08079842732312992
7,28,std_delta_log_energy,0.08079062414037197
7,29,std_6th_delta,0.080574173920682
7,30,maxIntensity,0.08050209296983613
7,31,tqwt_stdValue_dec_16,0.08045710690000818
7,32,tqwt_stdValue_dec_15,0.08044040054898227
7,33,tqwt_entropy_log_dec_17,0.07986270469219803
7,34,tqwt_TKEO_std_dec_14,0.07956091585095804
7,35,tqwt_maxValue_dec_11,0.07948883068006629
7,36,tqwt_energy_dec_27,0.07895132938530236
7,37,tqwt_minValue_dec_12,0.07881814490009287
7,38,tqwt_TKEO_std_dec_11,0.07808021241764962
7,39,apq11Shimmer,0.0780179334593516
7,40,std_8th_delta,0.07783719514435194
7,41,std_9th_delta,0.0776201222920303
7,42,app_LT_TKEO_std_5_coef,0.0770134347415814
7,43,app_LT_entropy_shannon_6_coef,0.07654509654301411
7,44,tqwt_skewnessValue_dec_23,0.0764987655753746
7,45,tqwt_entropy_log_dec_13,0.07587592762243744
7,46,app_LT_TKEO_mean_9_coef,0.07537968387010263
7,47,app_entropy_shannon_3_coef,0.07528379460236145
7,48,app_entropy_log_3_coef,0.07498901481987752
7,49,app_entropy_shannon_4_coef,0.07496804234758514
7,50,tqwt_minValue_dec_10,0.0745178170669627
7,51,app_TKEO_std_7_coef,0.07372178297869136
7,52,app_LT_TKEO_std_2_coef,0.07368365343388095
7,53,tqwt_entropy_shannon_dec_16,0.07366671080103582
7,54,app_LT_TKEO_mean_8_coef,0.07312239935589382
7,55,tqwt_stdValue_dec_14,0.07255748750114432
7,56,tqwt_medianValue_dec_10,0.07248034268814463
7,57,app_LT_entropy_log_5_coef,0.072355471742521
7,58,std_4th_delta_delta,0.07169097039027506
7,59,app_LT_entropy_shannon_7_coef,0.07164751413134662
7,60,meanPeriodPulses,0.07122796413446153
7,61,app_entropy_log_5_coef,0.07110144116080819
7,62,app_LT_TKEO_std_6_coef,0.07087753530476526
7,63,tqwt_skewnessValue_dec_30,0.0704311677813021
7,64,tqwt_entropy_log_dec_16,0.07037808953457536
7,65,tqwt_maxValue_dec_9,0.06956460136283127
7,66,app_entropy_shannon_7_coef,0.06927589531800327
7,67,app_LT_entropy_shannon_3_coef,0.06914170777354678
7,68,app_entropy_log_2_coef,0.06913432624247995
7,69,tqwt_minValue_dec_13,0.06886588264962978
7,70,tqwt_maxValue_dec_13,0.06868013049358468
7,71,app_LT_entropy_shannon_4_coef,0.06861588654719109
7,72,app_TKEO_std_8_coef,0.06860518647941904
7,73,app_LT_TKEO_mean_10_coef,0.06854347166898678
7,74,tqwt_entropy_shannon_dec_11,0.06854340441806617
7,75,app_LT_entropy_log_6_coef,0.06844039177373529
7,76,tqwt_entropy_log_dec_10,0.06836382479872816
7,77,tqwt_medianValue_dec_34,0.06835105954781984
7,78,std_3rd_delta,0.06834440578738787
7,79,app_TKEO_std_2_coef,0.06759006873519624
7,80,tqwt_TKEO_std_dec_15,0.06747501675576117
7,81,std_Log_energy,0.06704009181637671
7,82,tqwt_maxValue_dec_17,0.06688665580384456
7,83,tqwt_entropy_log_dec_27,0.0668381456679763
7,84,app_LT_entropy_shannon_5_coef,0.06670996480837688
7,85,app_LT_TKEO_std_7_coef,0.06642243850323215
7,86,tqwt_entropy_log_dec_19,0.06627245110497082
7,87,tqwt_TKEO_std_dec_8,0.06593754477177804
7,88,app_LT_entropy_shannon_8_coef,0.06573336958234433
7,89,tqwt_medianValue_dec_26,0.06571846877730692
7,90,tqwt_entropy_log_dec_14,0.06566285595938193
7,91,tqwt_entropy_log_dec_26,0.0656494048774856
7,92,app_LT_entropy_shannon_10_coef,0.06528643113981114
7,93,meanIntensity,0.06517163240723
7,94,tqwt_kurtosisValue_dec_36,0.06505048577400796
7,95,app_LT_entropy_shannon_9_coef,0.06503514609324257
7,96,ppq5Jitter,0.06457242412539821
7,97,tqwt_TKEO_std_dec_7,0.0645137202410595
7,98,ddpJitter,0.0642685813344337
7,99,tqwt_skewnessValue_dec_26,0.06410659664973473
7,100,app_LT_entropy_log_9_coef,0.06401518800355399
7,101,tqwt_medianValue_dec_12,0.06371243255926329
7,102,app_LT_entropy_log_8_coef,0.06325586411647666
7,103,app_entropy_shannon_8_coef,0.06318432502162441
7,104,app_entropy_shannon_2_coef,0.06314952161473908
7,105,app_LT_entropy_log_4_coef,0.06312904244577244
7,106,app_LT_TKEO_std_10_coef,0.06300390983515802
7,107,app_LT_entropy_log_2_coef,0.06300324370309074
7,108,tqwt_minValue_dec_17,0.06298487194705182
7,109,tqwt_stdValue_dec_18,0.06283481066181751
7,110,tqwt_TKEO_std_dec_6,0.06278554956063886
7,111,tqwt_entropy_shannon_dec_36,0.0627651135844316
7,112,app_entropy_shannon_6_coef,0.06244740157858408
7,113,tqwt_maxValue_dec_7,0.062405580788642556
7,114,app_LT_entropy_log_10_coef,0.06184723558345695
7,115,tqwt_stdValue_dec_6,0.06150297465646748
7,116,tqwt_skewnessValue_dec_13,0.06134773547378014
7,117,app_det_TKEO_mean_1_coef,0.06119042865259017
7,118,tqwt_skewnessValue_dec_25,0.06115935616142365
7,119,tqwt_entropy_shannon_dec_12,0.06105273936370592
7,120,tqwt_medianValue_dec_23,0.06098194564004178
7,121,tqwt_entropy_shannon_dec_27,0.06078816955414057
7,122,tqwt_maxValue_dec_14,0.060712862088995845
7,123,app_LT_TKEO_mean_1_coef,0.06061705848952226
7,124,app_entropy_log_9_coef,0.06059487094731009
7,125,tqwt_TKEO_mean_dec_9,0.06058854681150061
7,126,app_entropy_shannon_9_coef,0.0605883527119957
7,127,tqwt_TKEO_mean_dec_8,0.060559103833295325
7,128,app_entropy_shannon_10_coef,0.06044470543223657
7,129,app_entropy_log_8_coef,0.060134152056544155
7,130,tqwt_medianValue_dec_25,0.06005703048936373
7,131,app_TKEO_std_6_coef,0.05992202661335977
7,132,tqwt_maxValue_dec_28,0.05939081681239644
7,133,app_det_TKEO_mean_10_coef,0.05896506450061012
7,134,std_11th_delta,0.05892792486263376
7,135,std_10th_delta_delta,0.058774366695685476
7,136,tqwt_entropy_shannon_dec_15,0.058616464717536454
7,137,tqwt_stdValue_dec_13,0.05858830313360763
7,138,std_11th_delta_delta,0.058580624148416804
7,139,tqwt_TKEO_mean_dec_10,0.05857049669588488
7,140,app_LT_entropy_log_1_coef,0.058462087326541345
7,141,std_12th_delta_delta,0.05819569232746136
7,142,tqwt_minValue_dec_8,0.0581173991305175
7,143,tqwt_energy_dec_16,0.05805501924816392
7,144,tqwt_energy_dec_13,0.05800725159704223
7,145,tqwt_TKEO_mean_dec_6,0.05788947472148798
7,146,app_entropy_log_10_coef,0.05774531068726896
7,147,tqwt_entropy_log_dec_20,0.05731154542067807
7,148,numPeriodsPulses,0.057303879563069815
7,149,tqwt_stdValue_dec_36,0.05727695410342015
7,150,app_entropy_log_6_coef,0.05725401049528944
7,151,app_LT_entropy_log_7_coef,0.05702758347520853
7,152,app_LT_entropy_shannon_2_coef,0.05689179406954503
7,153,tqwt_stdValue_dec_8,0.056820550674350434
7,154,std_12th_delta,0.05654300373336474
7,155,tqwt_skewnessValue_dec_16,0.056540590526609646
7,156,tqwt_TKEO_std_dec_10,0.0565054335411328
7,157,tqwt_kurtosisValue_dec_28,0.05645318042528302
7,158,app_entropy_log_4_coef,0.05591783646063875
7,159,locAbsJitter,0.05583911041314882
7,160,tqwt_TKEO_mean_dec_14,0.055491413022293656
7,161,tqwt_entropy_shannon_dec_7,0.05501313988982526
7,162,tqwt_entropy_shannon_dec_8,0.05489633316257314
7,163,tqwt_maxValue_dec_16,0.05472439380074867
7,164,app_TKEO_std_10_coef,0.05470675758876453
7,165,tqwt_entropy_shannon_dec_17,0.054652779122267514
7,166,tqwt_TKEO_mean_dec_7,0.05448399625716327
7,167,GNE_mean,0.05446999751997872
7,168,tqwt_minValue_dec_9,0.054226207546519634
7,169,tqwt_medianValue_dec_24,0.05412597824653065
7,170,app_TKEO_std_9_coef,0.05384288851642194
7,171,app_TKEO_std_5_coef,0.05379509478660771
7,172,tqwt_TKEO_mean_dec_18,0.053754111161657514
7,173,tqwt_entropy_shannon_dec_19,0.05356176114961775
7,174,tqwt_entropy_shannon_dec_13,0.05347855741091001
7,175,tqwt_skewnessValue_dec_22,0.053423735963129104
7,176,app_LT_entropy_shannon_1_coef,0.05332874245290675
7,177,tqwt_kurtosisValue_dec_18,0.053125380723521465
7,178,tqwt_minValue_dec_14,0.052797336130184114
7,179,det_TKEO_std_3_coef,0.05270357000429349
7,180,numPulses,0.052557182485575726
7,181,tqwt_stdValue_dec_7,0.05245319748000998
7,182,tqwt_skewnessValue_dec_21,0.05229963209982236
7,183,app_LT_TKEO_std_3_coef,0.05217176877205598
7,184,tqwt_skewnessValue_dec_18,0.05208231378533812
7,185,tqwt_entropy_log_dec_15,0.05204236368662629
7,186,app_LT_TKEO_mean_7_coef,0.05193728073242432
7,187,tqwt_energy_dec_6,0.05154625907882915
7,188,tqwt_stdValue_dec_10,0.05147439327250081
7,189,tqwt_stdValue_dec_11,0.05137048332210892
7,190,mean_MFCC_1st_coef,0.05136956989813757
7,191,app_entropy_shannon_1_coef,0.05125893358082845
7,192,tqwt_stdValue_dec_33,0.05124222998084593
7,193,tqwt_minValue_dec_7,0.05119607065505005
7,194,std_10th_delta,0.05116799865814725
7,195,tqwt_maxValue_dec_1,0.051031729639774204
7,196,tqwt_kurtosisValue_dec_35,0.0509280513703394
7,197,tqwt_kurtosisValue_dec_17,0.050834567172695744
7,198,locPctJitter,0.05077940805224235
7,199,tqwt_kurtosisValue_dec_27,0.05061310375320449
7,200,IMF_SNR_SEO,0.05054590021744576
7,201,app_LT_TKEO_mean_2_coef,0.05054329497190646
7,202,tqwt_medianValue_dec_27,0.05050946724051375
7,203,tqwt_skewnessValue_dec_5,0.050316823275894595
7,204,app_entropy_log_7_coef,0.05014742914430226
7,205,std_7th_delta,0.05009769869437197
7,206,tqwt_energy_dec_11,0.05008296362410114
7,207,tqwt_entropy_log_dec_6,0.050078191205426004
7,208,std_5th_delta,0.049755012038528834
7,209,det_LT_TKEO_mean_5_coef,0.04963572223947188
7,210,locDbShimmer,0.04962496263612359
7,211,tqwt_TKEO_mean_dec_4,0.04946832155533332
7,212,tqwt_TKEO_std_dec_19,0.04935139463505167
7,213,DFA,0.04921214134089347
7,214,tqwt_maxValue_dec_8,0.04912933615438342
7,215,Ed2_3_coef,0.049076188213657224
7,216,std_3rd_delta_delta,0.04903471108995583
7,217,tqwt_TKEO_mean_dec_17,0.04902721653656483
7,218,tqwt_TKEO_std_dec_9,0.04892311045883968
7,219,tqwt_medianValue_dec_18,0.04888496711302892
7,220,app_det_TKEO_mean_9_coef,0.048564511928497645
7,221,app_LT_entropy_log_3_coef,0.04854034638131166
7,222,tqwt_energy_dec_33,0.04836940366825293
7,223,tqwt_stdValue_dec_35,0.04827558254482511
7,224,tqwt_minValue_dec_16,0.048257415442670926
7,225,tqwt_energy_dec_5,0.04805006733362016
7,226,tqwt_entropy_log_dec_28,0.04798880451191612
7,227,tqwt_maxValue_dec_10,0.047950658491652254
7,228,mean_MFCC_0th_coef,0.04761660262027889
7,229,app_TKEO_std_1_coef,0.04734219577307375
7,230,tqwt_energy_dec_12,0.04733928475045501
7,231,tqwt_kurtosisValue_dec_22,0.0473244375394517
7,232,tqwt_medianValue_dec_30,0.04727065822372545
7,233,tqwt_energy_dec_15,0.04713752350165157
7,234,app_LT_TKEO_mean_6_coef,0.047077398103503754
7,235,app_det_TKEO_mean_5_coef,0.04700611312943703
7,236,tqwt_maxValue_dec_3,0.046944979395058706
7,237,tqwt_TKEO_mean_dec_15,0.04680132799379866
7,238,tqwt_entropy_log_dec_8,0.0467725011106086
7,239,tqwt_kurtosisValue_dec_19,0.046489167816544
7,240,tqwt_minValue_dec_20,0.0464395982859338
7,241,tqwt_minValue_dec_6,0.04631874401923253
7,242,tqwt_TKEO_std_dec_16,0.04630912325089942
7,243,tqwt_entropy_log_dec_5,0.04624704353763742
7,244,app_det_TKEO_mean_8_coef,0.04615837201576056
7,245,std_5th_delta_delta,0.046021113895106325
7,246,tqwt_entropy_shannon_dec_33,0.04596297342339595
7,247,app_det_TKEO_mean_4_coef,0.045706996381212894
7,248,locShimmer,0.04550190945763943
7,249,mean_MFCC_3rd_coef,0.045242832969318636
7,250,tqwt_energy_dec_28,0.045099986227565614
7,251,app_LT_TKEO_std_9_coef,0.045018045043870636
7,252,GQ_std_cycle_open,0.044869461324253956
7,253,tqwt_kurtosisValue_dec_5,0.044809090057225776
7,254,app_entropy_log_1_coef,0.04477649598881839
7,255,tqwt_minValue_dec_2,0.04474803563875329
7,256,tqwt_medianValue_dec_20,0.04470410477470188
7,257,tqwt_energy_dec_25,0.044507897482721326
7,258,tqwt_medianValue_dec_22,0.044500826573514285
7,259,tqwt_stdValue_dec_1,0.044255243425807445
7,260,tqwt_kurtosisValue_dec_6,0.044137289183213246
7,261,tqwt_kurtosisValue_dec_16,0.04394736172510205
7,262,tqwt_energy_dec_14,0.043860907109456226
7,263,tqwt_stdValue_dec_19,0.04378350350909077
7,264,tqwt_entropy_shannon_dec_6,0.04371115070164211
7,265,tqwt_minValue_dec_15,0.043635476584237054
7,266,rapJitter,0.04353935114418661
7,267,app_det_TKEO_mean_2_coef,0.04342827233246305
7,268,tqwt_skewnessValue_dec_12,0.04306469380017486
7,269,app_det_TKEO_mean_6_coef,0.043049885089401
7,270,tqwt_medianValue_dec_36,0.042990419344632214
7,271,tqwt_stdValue_dec_20,0.04297586072007453
7,272,tqwt_skewnessValue_dec_8,0.042956500764816274
7,273,tqwt_TKEO_mean_dec_26,0.042851345290535914
7,274,tqwt_skewnessValue_dec_24,0.042659265598186336
7,275,tqwt_TKEO_std_dec_17,0.04252942654228087
7,276,app_LT_TKEO_std_4_coef,0.0424531399433874
7,277,app_det_TKEO_mean_7_coef,0.042242326982312894
7,278,tqwt_skewnessValue_dec_27,0.04172723095448849
7,279,tqwt_energy_dec_24,0.04153636939591343
7,280,tqwt_kurtosisValue_dec_1,0.04152737446917998
7,281,app_LT_TKEO_mean_4_coef,0.04139329445185358
7,282,VFER_NSR_SEO,0.04138900786344912
7,283,tqwt_entropy_log_dec_4,0.041324136011845924
7,284,f1,0.04122904209345957
7,285,tqwt_energy_dec_17,0.041225948889854536
7,286,app_TKEO_std_3_coef,0.040417858860699596
7,287,IMF_NSR_TKEO,0.040414918388328
7,288,tqwt_TKEO_std_dec_2,0.040150733297935615
7,289,tqwt_medianValue_dec_17,0.03976500867793642
7,290,det_LT_TKEO_mean_1_coef,0.039590231493819905
7,291,tqwt_medianValue_dec_5,0.03948855139317886
7,292,tqwt_medianValue_dec_13,0.038799925922588185
7,293,tqwt_medianValue_dec_21,0.0387828127409251
7,294,std_MFCC_9th_coef,0.038710534647429906
7,295,meanAutoCorrHarmonicity,0.03855617987393778
7,296,Ed_2_coef,0.03835820954965152
7,297,app_LT_TKEO_std_1_coef,0.0383198038201642
7,298,app_LT_TKEO_mean_3_coef,0.03831539012772289
7,299,tqwt_energy_dec_1,0.03828469185516781
7,300,tqwt_skewnessValue_dec_11,0.03811944461771688
7,301,tqwt_medianValue_dec_7,0.03809027822281985
7,302,mean_MFCC_12th_coef,0.03750619312981418
7,303,tqwt_entropy_shannon_dec_18,0.037036751700479265
7,304,tqwt_TKEO_std_dec_3,0.03701838301094429
7,305,tqwt_energy_dec_4,0.03681378600003238
7,306,tqwt_skewnessValue_dec_3,0.03663523986946693
7,307,tqwt_entropy_shannon_dec_20,0.036509491812015016
7,308,std_4th_delta,0.0363639115118215
7,309,std_MFCC_10th_coef,0.03633835320391565
7,310,tqwt_skewnessValue_dec_17,0.036127850120065697
7,311,tqwt_kurtosisValue_dec_23,0.035938351792697
7,312,meanHarmToNoiseHarmonicity,0.03577504070817117
7,313,tqwt_stdValue_dec_17,0.035499064769078714
7,314,tqwt_entropy_log_dec_34,0.035228951286590426
7,315,GQ_prc5_95,0.03514273989626293
7,316,tqwt_minValue_dec_33,0.03503692046624507
7,317,tqwt_stdValue_dec_34,0.034808091533343744
7,318,app_LT_TKEO_mean_5_coef,0.0347854036990638
7,319,mean_delta_log_energy,0.03439122654900717
7,320,tqwt_kurtosisValue_dec_25,0.034030659084865356
7,321,tqwt_TKEO_std_dec_18,0.033992148959436586
7,322,mean_delta_delta_log_energy,0.033841433920090314
7,323,app_det_TKEO_mean_3_coef,0.033814969325111965
7,324,mean_2nd_delta,0.03368676720733954
7,325,IMF_SNR_entropy,0.03364279629436373
7,326,tqwt_stdValue_dec_32,0.033633606076951095
7,327,det_entropy_shannon_7_coef,0.03332253759812143
7,328,tqwt_stdValue_dec_5,0.03329748871196614
7,329,gender,0.03322761623627857
7,330,tqwt_entropy_log_dec_7,0.03316351103653736
7,331,tqwt_TKEO_std_dec_36,0.03316066275530116
7,332,Ed_10_coef,0.03314840048364642
7,333,VFER_entropy,0.03303514572660249
7,334,tqwt_kurtosisValue_dec_2,0.03301292730763228
7,335,mean_MFCC_5th_coef,0.032803286430883594
7,336,tqwt_entropy_log_dec_9,0.032773569958427284
7,337,tqwt_medianValue_dec_16,0.032663392615193576
7,338,tqwt_entropy_shannon_dec_32,0.0326106923703422
7,339,tqwt_medianValue_dec_11,0.032408553377300864
7,340,tqwt_kurtosisValue_dec_15,0.03236001967778046
7,341,det_LT_TKEO_mean_4_coef,0.0323211009232931
7,342,tqwt_skewnessValue_dec_28,0.032106013186379734
7,343,tqwt_TKEO_mean_dec_36,0.0320800517942621
7,344,tqwt_skewnessValue_dec_20,0.031943806028134736
7,345,tqwt_stdValue_dec_4,0.031786892846565884
7,346,tqwt_energy_dec_2,0.03173246830053045
7,347,Ed_1_coef,0.03158351145529026
7,348,tqwt_medianValue_dec_31,0.03152243742063354
7,349,tqwt_kurtosisValue_dec_12,0.0314786009534318
7,350,tqwt_stdValue_dec_27,0.031424089435674096
7,351,det_LT_TKEO_std_2_coef,0.03138760323934586
7,352,tqwt_entropy_log_dec_33,0.03122776409130812
7,353,tqwt_stdValue_dec_21,0.031141918139977243
7,354,tqwt_TKEO_std_dec_20,0.031109767817384615
7,355,mean_0th_delta,0.031096896179206635
7,356,Ed2_2_coef,0.03106324889987322
7,357,GNE_SNR_SEO,0.030723355479997272
7,358,tqwt_TKEO_std_dec_4,0.030684183535763854
7,359,tqwt_maxValue_dec_21,0.030622519845981078
7,360,RPDE,0.03039981170278727
7,361,tqwt_kurtosisValue_dec_20,0.03022274754377663
7,362,tqwt_skewnessValue_dec_35,0.0298999398705031
7,363,det_LT_entropy_log_2_coef,0.029796980867505596
7,364,mean_11th_delta,0.02957885903888835
7,365,tqwt_maxValue_dec_19,0.02957120571689109
7,366,tqwt_TKEO_mean_dec_32,0.02951107979422951
7,367,det_TKEO_mean_1_coef,0.029474710229729695
7,368,tqwt_medianValue_dec_6,0.029275079140363536
7,369,tqwt_maxValue_dec_4,0.029260990482035343
7,370,tqwt_stdValue_dec_24,0.02901117074891779
7,371,tqwt_maxValue_dec_15,0.028954498406586593
7,372,det_LT_TKEO_std_7_coef,0.0288228777991677
7,373,tqwt_medianValue_dec_4,0.028760391569429
7,374,tqwt_entropy_log_dec_3,0.028740630194009853
7,375,IMF_NSR_entropy,0.02873079627059516
7,376,tqwt_TKEO_mean_dec_33,0.02864841452303457
7,377,det_LT_entropy_shannon_3_coef,0.028604833408407693
7,378,meanNoiseToHarmHarmonicity,0.02850292342926375
7,379,det_TKEO_std_2_coef,0.028480830845976524
7,380,tqwt_minValue_dec_4,0.028443248071536864
7,381,tqwt_medianValue_dec_9,0.028233092146027428
7,382,tqwt_kurtosisValue_dec_29,0.02800809531634796
7,383,std_2nd_delta,0.027984273089666667
7,384,tqwt_TKEO_std_dec_31,0.02793833140856794
7,385,tqwt_maxValue_dec_34,0.027930406682364017
7,386,det_entropy_log_10_coef,0.02776643407125179
7,387,tqwt_kurtosisValue_dec_24,0.02773773067747065
7,388,tqwt_TKEO_std_dec_26,0.027695948087669953
7,389,tqwt_TKEO_std_dec_32,0.027583932995063343
7,390,tqwt_meanValue_dec_34,0.027495063983713486
7,391,tqwt_maxValue_dec_32,0.02746434980230683
7,392,tqwt_stdValue_dec_9,0.027360792965990033
7,393,Ed_4_coef,0.027276285621196994
7,394,mean_7th_delta_delta,0.02721695286833614
7,395,tqwt_entropy_shannon_dec_1,0.02721119923790538
7,396,stdDevPeriodPulses,0.026986203964312505
7,397,tqwt_entropy_shannon_dec_5,0.02695195589418775
7,398,tqwt_entropy_shannon_dec_26,0.026946670194238465
7,399,tqwt_TKEO_mean_dec_34,0.02682305381614669
7,400,std_MFCC_11th_coef,0.026703880225298793
7,401,tqwt_maxValue_dec_23,0.02669834142927363
7,402,tqwt_kurtosisValue_dec_13,0.026654618108126638
7,403,tqwt_medianValue_dec_33,0.026476915257431788
7,404,tqwt_energy_dec_30,0.026461943816316946
7,405,tqwt_TKEO_mean_dec_28,0.026394021819257985
7,406,tqwt_entropy_shannon_dec_9,0.026392800204652067
7,407,tqwt_TKEO_mean_dec_27,0.026206052845738403
7,408,std_MFCC_12th_coef,0.026094618348518672
7,409,tqwt_entropy_log_dec_18,0.02608928587297843
7,410,std_2nd_delta_delta,0.025966304651038774
7,411,det_LT_entropy_shannon_8_coef,0.02579912259429995
7,412,tqwt_stdValue_dec_30,0.025697633297590006
7,413,tqwt_maxValue_dec_5,0.02559708204893152
7,414,tqwt_energy_dec_10,0.025546070863283754
7,415,tqwt_minValue_dec_19,0.025397070039648417
7,416,tqwt_energy_dec_29,0.025337373210528202
7,417,std_MFCC_8th_coef,0.02524954736629148
7,418,tqwt_TKEO_std_dec_27,0.024940680660350933
7,419,b3,0.02475378969309383
7,420,tqwt_meanValue_dec_6,0.024693724433824338
7,421,tqwt_maxValue_dec_6,0.024532014397051327
7,422,tqwt_TKEO_mean_dec_30,0.0243997652664365
7,423,tqwt_TKEO_mean_dec_20,0.024342352702119152
7,424,std_1st_delta_delta,0.02431103391136058
7,425,tqwt_energy_dec_18,0.024168478316358932
7,426,det_TKEO_mean_2_coef,0.02407335786471232
7,427,tqwt_entropy_shannon_dec_3,0.024047106539119234
7,428,tqwt_energy_dec_3,0.023753841739672543
7,429,mean_11th_delta_delta,0.02370757657083078
7,430,tqwt_entropy_shannon_dec_4,0.023677528527009217
7,431,det_LT_TKEO_mean_3_coef,0.02363758102952196
7,432,tqwt_maxValue_dec_29,0.023601858910790918
7,433,tqwt_maxValue_dec_35,0.023582591231620542
7,434,tqwt_medianValue_dec_1,0.023566905352251588
7,435,mean_MFCC_10th_coef,0.023470987983034375
7,436,std_MFCC_1st_coef,0.023460114356092854
7,437,tqwt_entropy_shannon_dec_10,0.02318340486922854
7,438,tqwt_maxValue_dec_33,0.02313185741701762
7,439,tqwt_stdValue_dec_28,0.023085239421601456
7,440,tqwt_minValue_dec_18,0.022828737406739963
7,441,tqwt_skewnessValue_dec_19,0.022582350955838715
7,442,det_entropy_log_1_coef,0.022580906206237872
7,443,tqwt_entropy_log_dec_21,0.02256015101660669
7,444,tqwt_TKEO_mean_dec_35,0.022359009846910416
7,445,VFER_mean,0.022282349881403984
7,446,mean_Log_energy,0.02225884785393717
7,447,std_MFCC_7th_coef,0.02217914779747243
7,448,tqwt_medianValue_dec_35,0.022172943241820953
7,449,tqwt_entropy_shannon_dec_24,0.02194126868122126
7,450,tqwt_meanValue_dec_36,0.02177156676470049
7,451,GNE_std,0.021597035460356517
7,452,tqwt_entropy_shannon_dec_28,0.021540799311475345
7,453,det_LT_TKEO_std_3_coef,0.02150566212163052
7,454,mean_MFCC_6th_coef,0.02135037982596133
7,455,apq5Shimmer,0.02111564805944699
7,456,tqwt_stdValue_dec_26,0.02108242647122016
7,457,tqwt_minValue_dec_35,0.020989648168858954
7,458,tqwt_entropy_log_dec_29,0.020836142359986987
7,459,tqwt_entropy_log_dec_25,0.02080382144864279
7,460,tqwt_entropy_shannon_dec_34,0.020769667942471592
7,461,det_LT_TKEO_std_1_coef,0.020679120982052046
7,462,tqwt_minValue_dec_3,0.020617131528645638
7,463,det_LT_entropy_shannon_9_coef,0.02052409899476859
7,464,tqwt_TKEO_std_dec_1,0.020377399518523687
7,465,Ed_9_coef,0.02017446982156179
7,466,mean_MFCC_9th_coef,0.019768447872758887
7,467,tqwt_minValue_dec_28,0.01951632540221304
7,468,mean_6th_delta,0.019505267238365986
7,469,GQ_std_cycle_closed,0.01916375595845632
7,470,tqwt_medianValue_dec_29,0.019096984408022433
7,471,tqwt_TKEO_mean_dec_5,0.01897276347123311
7,472,tqwt_maxValue_dec_22,0.018874529674124396
7,473,tqwt_energy_dec_21,0.018556855432285912
7,474,mean_9th_delta_delta,0.018502615202985462
7,475,tqwt_minValue_dec_23,0.01815145004962293
7,476,det_TKEO_std_5_coef,0.01793633676146822
7,477,det_LT_TKEO_mean_2_coef,0.017890784293613127
7,478,f3,0.017760869217195108
7,479,GNE_NSR_SEO,0.017670788318004726
7,480,det_entropy_shannon_4_coef,0.017633669310078037
7,481,tqwt_energy_dec_35,0.01758857651062895
7,482,det_LT_entropy_shannon_10_coef,0.0175739806524029
7,483,std_MFCC_0th_coef,0.017519718211220114
7,484,std_delta_delta_0th,0.017480819612911258
7,485,std_1st_delta,0.017428929142942362
7,486,Ed2_4_coef,0.017281985025156654
7,487,tqwt_minValue_dec_26,0.01719001458661773
7,488,tqwt_entropy_log_dec_36,0.017113435998210802
7,489,b1,0.017051790024249724
7,490,tqwt_meanValue_dec_24,0.016822451840796226
7,491,tqwt_meanValue_dec_25,0.01674520002107127
7,492,tqwt_TKEO_std_dec_34,0.01652310483588293
7,493,tqwt_stdValue_dec_25,0.016265746334827913
7,494,tqwt_medianValue_dec_3,0.016262458554629378
7,495,det_entropy_shannon_2_coef,0.01619297806983555
7,496,std_MFCC_6th_coef,0.01612188678116877
7,497,tqwt_maxValue_dec_36,0.016101183432881916
7,498,std_MFCC_4th_coef,0.01596039120484427
7,499,Ed_3_coef,0.015902259192015045
7,500,tqwt_energy_dec_8,0.01589835555860808
7,501,mean_MFCC_11th_coef,0.01586508933633568
7,502,det_LT_TKEO_std_4_coef,0.01583619221165744
7,503,mean_delta_delta_0th,0.01572634554503094
7,504,tqwt_TKEO_std_dec_22,0.015723669017190467
7,505,tqwt_medianValue_dec_19,0.015705305686077198
7,506,Ed_8_coef,0.01564856912875734
7,507,tqwt_kurtosisValue_dec_34,0.015522848966005753
7,508,Ed2_8_coef,0.015499375558032824
7,509,det_LT_TKEO_mean_8_coef,0.015259453882952467
7,510,tqwt_entropy_log_dec_23,0.015156425861848843
7,511,tqwt_TKEO_mean_dec_19,0.015067706188977681
7,512,det_LT_TKEO_mean_6_coef,0.014911595056441351
7,513,tqwt_meanValue_dec_4,0.014814028362507559
7,514,mean_8th_delta,0.014707170571630401
7,515,f2,0.01438949188080274
7,516,tqwt_energy_dec_32,0.014247809177645454
7,517,tqwt_entropy_log_dec_31,0.014200113854970109
7,518,VFER_SNR_TKEO,0.014126768592390482
7,519,det_TKEO_std_8_coef,0.014084116982063355
7,520,det_LT_entropy_log_6_coef,0.014065923100654132
7,521,tqwt_energy_dec_19,0.013901027413358857
7,522,mean_12th_delta_delta,0.013859148929070253
7,523,tqwt_minValue_dec_34,0.01362425688301716
7,524,tqwt_minValue_dec_30,0.013601654282081599
7,525,app_TKEO_std_4_coef,0.013553568795652948
7,526,det_LT_entropy_log_1_coef,0.013535479949106977
7,527,tqwt_entropy_shannon_dec_21,0.013414518573626966
7,528,det_LT_TKEO_mean_9_coef,0.013378926805110769
7,529,tqwt_entropy_log_dec_32,0.013352111595959393
7,530,tqwt_TKEO_std_dec_5,0.01330162112232558
7,531,tqwt_meanValue_dec_2,0.013283042980864579
7,532,tqwt_minValue_dec_25,0.013234665788911304
7,533,tqwt_minValue_dec_27,0.013208036985367766
7,534,tqwt_minValue_dec_31,0.012932499273602183
7,535,det_TKEO_std_1_coef,0.012845286220433572
7,536,tqwt_stdValue_dec_23,0.012696653664402868
7,537,tqwt_TKEO_std_dec_35,0.01253003107504469
7,538,tqwt_skewnessValue_dec_2,0.012490423718262589
7,539,tqwt_maxValue_dec_25,0.012314710985355859
7,540,tqwt_minValue_dec_29,0.012189715573845294
7,541,tqwt_minValue_dec_1,0.012025023116270184
7,542,tqwt_maxValue_dec_27,0.01176132835753041
7,543,det_LT_entropy_shannon_4_coef,0.011740894922176892
7,544,apq3Shimmer,0.0115988588808571
7,545,tqwt_medianValue_dec_2,0.011590890154030031
7,546,tqwt_TKEO_mean_dec_1,0.01156640054860869
7,547,det_LT_entropy_shannon_2_coef,0.011224139283493084
7,548,tqwt_energy_dec_7,0.011209959154100169
7,549,tqwt_kurtosisValue_dec_4,0.010537794874693862
7,550,tqwt_entropy_log_dec_2,0.010472929033597644
7,551,det_entropy_shannon_9_coef,0.010451341437158979
7,552,mean_1st_delta,0.010437424426338326
7,553,det_entropy_log_6_coef,0.010404689448184401
7,554,tqwt_stdValue_dec_3,0.010372744671920398
7,555,tqwt_skewnessValue_dec_33,0.010217412464791131
7,556,ddaShimmer,0.01019580694743194
7,557,tqwt_TKEO_std_dec_21,0.009992650499922373
7,558,tqwt_minValue_dec_32,0.009804100519963166
7,559,tqwt_stdValue_dec_2,0.009758116270033979
7,560,GNE_NSR_TKEO,0.00947948330894377
7,561,mean_10th_delta_delta,0.009473849987846839
7,562,tqwt_skewnessValue_dec_29,0.00941919014613557
7,563,tqwt_TKEO_mean_dec_2,0.00931975598952417
7,564,det_TKEO_mean_8_coef,0.009208368381642407
7,565,Ed2_1_coef,0.009098041203133622
7,566,tqwt_meanValue_dec_28,0.009075564833747052
7,567,tqwt_kurtosisValue_dec_21,0.008554033531774197
7,568,tqwt_maxValue_dec_18,0.008534094089119204
7,569,tqwt_entropy_log_dec_1,0.008526083070996338
7,570,tqwt_entropy_shannon_dec_2,0.008522422734040802
7,571,tqwt_skewnessValue_dec_1,0.008311794837380537
7,572,mean_MFCC_7th_coef,0.008180718910315576
7,573,std_0th_delta,0.0077153157744227485
7,574,det_entropy_shannon_1_coef,0.007525302730583716
7,575,tqwt_entropy_log_dec_22,0.00751489390904303
7,576,tqwt_entropy_shannon_dec_25,0.007304789518091548
7,577,det_TKEO_std_7_coef,0.0072703174524269
7,578,Ed_5_coef,0.007173723979337465
7,579,det_LT_entropy_log_9_coef,0.006909255826741401
7,580,tqwt_entropy_shannon_dec_30,0.006825975202932044
7,581,tqwt_kurtosisValue_dec_7,0.006775385770480424
7,582,det_entropy_shannon_3_coef,0.006705506706484288
7,583,tqwt_skewnessValue_dec_6,0.006346340645108972
7,584,det_TKEO_std_6_coef,0.0063345099663214555
7,585,tqwt_stdValue_dec_29,0.006272411092426156
7,586,tqwt_minValue_dec_21,0.0061438507442488355
7,587,tqwt_medianValue_dec_14,0.00604457080682308
7,588,mean_4th_delta,0.005791806095340801
7,589,tqwt_meanValue_dec_30,0.005747406274291045
7,590,tqwt_maxValue_dec_2,0.005628153436149086
7,591,tqwt_maxValue_dec_20,0.005462081664867613
7,592,tqwt_meanValue_dec_11,0.005425584474272327
7,593,det_TKEO_mean_9_coef,0.005302969762193577
7,594,det_LT_TKEO_mean_10_coef,0.005298180693522392
7,595,tqwt_entropy_shannon_dec_23,0.0050884517973990295
7,596,tqwt_TKEO_mean_dec_3,0.005082282596855725
7,597,VFER_std,0.0048741388793176466
7,598,mean_3rd_delta,0.0048191458485140615
7,599,tqwt_kurtosisValue_dec_9,0.0048182790336195325
7,600,tqwt_skewnessValue_dec_34,0.004573149948686739
7,601,det_LT_TKEO_std_8_coef,0.004528833001856469
7,602,tqwt_energy_dec_31,0.004468650793959306
7,603,det_LT_entropy_shannon_1_coef,0.004445155273416157
7,604,mean_MFCC_4th_coef,0.004431379600383645
7,605,tqwt_meanValue_dec_23,0.00442679374962629
7,606,det_entropy_log_4_coef,0.0038880657803996854
7,607,tqwt_maxValue_dec_24,0.0038375950240456813
7,608,mean_12th_delta,0.003550951363717525
7,609,tqwt_TKEO_std_dec_28,0.003404084678314323
7,610,tqwt_medianValue_dec_15,0.0032060956446524624
7,611,std_MFCC_3rd_coef,0.0031683921240590607
7,612,tqwt_entropy_shannon_dec_31,0.0031419660399547578
7,613,tqwt_maxValue_dec_26,0.002997657561931044
7,614,tqwt_TKEO_std_dec_33,0.002946397583825977
7,615,mean_MFCC_8th_coef,0.0028096251411144912
7,616,tqwt_meanValue_dec_13,0.0026488944562110817
7,617,tqwt_entropy_shannon_dec_22,0.0026113756807517596
7,618,det_entropy_log_7_coef,0.0026064532043343913
7,619,tqwt_entropy_shannon_dec_29,0.00231237249424443
7,620,det_TKEO_mean_6_coef,0.002282032826724567
7,621,tqwt_meanValue_dec_19,0.0022649900423732383
7,622,tqwt_meanValue_dec_7,0.0022470571201009815
7,623,tqwt_kurtosisValue_dec_30,0.0016608588846851458
7,624,tqwt_energy_dec_34,0.001556064365824339
7,625,det_LT_TKEO_std_9_coef,0.0013872540840327297
7,626,tqwt_meanValue_dec_16,0.0010105441301084817
7,627,IMF_SNR_TKEO,0.0006462236612088113
7,628,tqwt_meanValue_dec_27,0.0006090823899840281
7,629,tqwt_skewnessValue_dec_10,0.0005891692686017524
7,630,tqwt_medianValue_dec_32,0.00046117494723385555
7,631,det_LT_TKEO_std_10_coef,5.28265540311601e-06
7,632,Ea,0.0
7,633,Ea2,0.0
7,634,Ed2_10_coef,0.0
7,635,Ed2_5_coef,0.0
7,636,Ed2_6_coef,0.0
7,637,Ed2_7_coef,0.0
7,638,Ed2_9_coef,0.0
7,639,Ed_6_coef,0.0
7,640,Ed_7_coef,0.0
7,641,GNE_SNR_TKEO,0.0
7,642,IMF_NSR_SEO,0.0
7,643,PPE,0.0
7,644,VFER_NSR_TKEO,0.0
7,645,VFER_SNR_SEO,0.0
7,646,b2,0.0
7,647,b4,0.0
7,648,det_LT_TKEO_mean_7_coef,0.0
7,649,det_LT_TKEO_std_5_coef,0.0
7,650,det_LT_TKEO_std_6_coef,0.0
7,651,det_LT_entropy_log_10_coef,0.0
7,652,det_LT_entropy_log_3_coef,0.0
7,653,det_LT_entropy_log_4_coef,0.0
7,654,det_LT_entropy_log_5_coef,0.0
7,655,det_LT_entropy_log_7_coef,0.0
7,656,det_LT_entropy_log_8_coef,0.0
7,657,det_LT_entropy_shannon_5_coef,0.0
7,658,det_LT_entropy_shannon_6_coef,0.0
7,659,det_LT_entropy_shannon_7_coef,0.0
7,660,det_TKEO_mean_10_coef,0.0
7,661,det_TKEO_mean_3_coef,0.0
7,662,det_TKEO_mean_4_coef,0.0
7,663,det_TKEO_mean_5_coef,0.0
7,664,det_TKEO_mean_7_coef,0.0
7,665,det_TKEO_std_10_coef,0.0
7,666,det_TKEO_std_4_coef,0.0
7,667,det_TKEO_std_9_coef,0.0
7,668,det_entropy_log_2_coef,0.0
7,669,det_entropy_log_3_coef,0.0
7,670,det_entropy_log_5_coef,0.0
7,671,det_entropy_log_8_coef,0.0
7,672,det_entropy_log_9_coef,0.0
7,673,det_entropy_shannon_10_coef,0.0
7,674,det_entropy_shannon_5_coef,0.0
7,675,det_entropy_shannon_6_coef,0.0
7,676,det_entropy_shannon_8_coef,0.0
7,677,f4,0.0
7,678,mean_10th_delta,0.0
7,679,mean_1st_delta_delta,0.0
7,680,mean_2nd_delta_delta,0.0
7,681,mean_3rd_delta_delta,0.0
7,682,mean_4th_delta_delta,0.0
7,683,mean_5th_delta,0.0
7,684,mean_5th_delta_delta,0.0
7,685,mean_6th_delta_delta,0.0
7,686,mean_7th_delta,0.0
7,687,mean_8th_delta_delta,0.0
7,688,mean_9th_delta,0.0
7,689,std_MFCC_2nd_coef,0.0
7,690,std_MFCC_5th_coef,0.0
7,691,tqwt_TKEO_mean_dec_21,0.0
7,692,tqwt_TKEO_mean_dec_22,0.0
7,693,tqwt_TKEO_mean_dec_23,0.0
7,694,tqwt_TKEO_mean_dec_24,0.0
7,695,tqwt_TKEO_mean_dec_25,0.0
7,696,tqwt_TKEO_mean_dec_29,0.0
7,697,tqwt_TKEO_mean_dec_31,0.0
7,698,tqwt_TKEO_std_dec_23,0.0
7,699,tqwt_TKEO_std_dec_24,0.0
7,700,tqwt_TKEO_std_dec_25,0.0
7,701,tqwt_TKEO_std_dec_29,0.0
7,702,tqwt_TKEO_std_dec_30,0.0
7,703,tqwt_energy_dec_20,0.0
7,704,tqwt_energy_dec_22,0.0
7,705,tqwt_energy_dec_23,0.0
7,706,tqwt_energy_dec_36,0.0
7,707,tqwt_energy_dec_9,0.0
7,708,tqwt_entropy_log_dec_24,0.0
7,709,tqwt_entropy_log_dec_30,0.0
7,710,tqwt_kurtosisValue_dec_10,0.0
7,711,tqwt_kurtosisValue_dec_11,0.0
7,712,tqwt_kurtosisValue_dec_14,0.0
7,713,tqwt_kurtosisValue_dec_3,0.0
7,714,tqwt_kurtosisValue_dec_31,0.0
7,715,tqwt_kurtosisValue_dec_32,0.0
7,716,tqwt_kurtosisValue_dec_33,0.0
7,717,tqwt_kurtosisValue_dec_8,0.0
7,718,tqwt_maxValue_dec_30,0.0
7,719,tqwt_maxValue_dec_31,0.0
7,720,tqwt_meanValue_dec_1,0.0
7,721,tqwt_meanValue_dec_10,0.0
7,722,tqwt_meanValue_dec_12,0.0
7,723,tqwt_meanValue_dec_14,0.0
7,724,tqwt_meanValue_dec_15,0.0
7,725,tqwt_meanValue_dec_17,0.0
7,726,tqwt_meanValue_dec_18,0.0
7,727,tqwt_meanValue_dec_20,0.0
7,728,tqwt_meanValue_dec_21,0.0
7,729,tqwt_meanValue_dec_22,0.0
7,730,tqwt_meanValue_dec_26,0.0
7,731,tqwt_meanValue_dec_29,0.0
7,732,tqwt_meanValue_dec_3,0.0
7,733,tqwt_meanValue_dec_31,0.0
7,734,tqwt_meanValue_dec_32,0.0
7,735,tqwt_meanValue_dec_33,0.0
7,736,tqwt_meanValue_dec_35,0.0
7,737,tqwt_meanValue_dec_5,0.0
7,738,tqwt_meanValue_dec_8,0.0
7,739,tqwt_meanValue_dec_9,0.0
7,740,tqwt_medianValue_dec_28,0.0
7,741,tqwt_minValue_dec_22,0.0
7,742,tqwt_minValue_dec_24,0.0
7,743,tqwt_minValue_dec_36,0.0
7,744,tqwt_minValue_dec_5,0.0
7,745,tqwt_skewnessValue_dec_14,0.0
7,746,tqwt_skewnessValue_dec_15,0.0
7,747,tqwt_skewnessValue_dec_31,0.0
7,748,tqwt_skewnessValue_dec_32,0.0
7,749,tqwt_skewnessValue_dec_4,0.0
7,750,tqwt_skewnessValue_dec_7,0.0
7,751,tqwt_skewnessValue_dec_9,0.0
7,752,tqwt_stdValue_dec_22,0.0
7,753,tqwt_stdValue_dec_31,0.0
8,1,std_delta_delta_log_energy,0.10800817015932629
8,2,tqwt_entropy_log_dec_35,0.10389730574838141
8,3,tqwt_stdValue_dec_12,0.1034730721388506
8,4,app_entropy_shannon_5_coef,0.10202560843033637
8,5,std_delta_log_energy,0.10177814829792386
8,6,app_entropy_log_5_coef,0.1017589723962149
8,7,std_8th_delta_delta,0.09950480677718976
8,8,tqwt_TKEO_std_dec_12,0.09884598425490809
8,9,tqwt_stdValue_dec_15,0.09820201358712222
8,10,tqwt_entropy_shannon_dec_35,0.09807577907052045
8,11,tqwt_energy_dec_26,0.09675369884357421
8,12,mean_MFCC_2nd_coef,0.09525171644034502
8,13,tqwt_entropy_log_dec_11,0.09478131740095153
8,14,app_LT_entropy_log_5_coef,0.09476016077625804
8,15,minIntensity,0.09360615937026728
8,16,tqwt_entropy_shannon_dec_36,0.09337691141601745
8,17,app_entropy_shannon_4_coef,0.09250737118758834
8,18,tqwt_TKEO_mean_dec_16,0.09248305170632531
8,19,tqwt_entropy_log_dec_12,0.09242313634494814
8,20,tqwt_energy_dec_27,0.0922932440359645
8,21,app_LT_entropy_shannon_6_coef,0.09194629892778305
8,22,app_entropy_shannon_7_coef,0.09190444158692035
8,23,tqwt_TKEO_mean_dec_13,0.09149243950702313
8,24,tqwt_TKEO_mean_dec_12,0.09122417244875036
8,25,tqwt_minValue_dec_10,0.09081710770734053
8,26,app_LT_entropy_shannon_7_coef,0.09048043257643057
8,27,tqwt_energy_dec_25,0.08937049005444142
8,28,app_LT_entropy_log_6_coef,0.088738088564291
8,29,tqwt_TKEO_std_dec_13,0.08827128477401969
8,30,std_Log_energy,0.08726169037052878
8,31,tqwt_entropy_shannon_dec_14,0.08705417790006731
8,32,tqwt_entropy_shannon_dec_11,0.08660815695150936
8,33,std_4th_delta_delta,0.08512186954712986
8,34,app_LT_entropy_shannon_5_coef,0.08497601615637973
8,35,tqwt_TKEO_mean_dec_11,0.08452774987987488
8,36,meanIntensity,0.08404348744842949
8,37,tqwt_medianValue_dec_26,0.08400343866159843
8,38,app_entropy_shannon_6_coef,0.08378726733614217
8,39,app_entropy_log_6_coef,0.08355650129819514
8,40,tqwt_minValue_dec_11,0.08322432328521301
8,41,tqwt_skewnessValue_dec_36,0.08284997829396956
8,42,app_LT_entropy_log_9_coef,0.08250845456206868
8,43,app_LT_entropy_log_8_coef,0.0824433336819701
8,44,app_LT_TKEO_std_5_coef,0.08160781727998145
8,45,tqwt_TKEO_std_dec_11,0.08155100026971907
8,46,tqwt_entropy_shannon_dec_15,0.08144120359357387
8,47,app_LT_entropy_shannon_8_coef,0.0806583223238786
8,48,app_LT_entropy_shannon_9_coef,0.08030578287442292
8,49,app_LT_entropy_log_10_coef,0.07992578269584749
8,50,tqwt_medianValue_dec_10,0.0792892139734247
8,51,app_entropy_shannon_9_coef,0.07927342668566251
8,52,tqwt_entropy_log_dec_16,0.07918817867885486
8,53,app_entropy_shannon_3_coef,0.07910811168068732
8,54,app_entropy_shannon_8_coef,0.07879254636824795
8,55,app_LT_entropy_shannon_10_coef,0.0787742229807058
8,56,app_LT_TKEO_std_8_coef,0.07864589664954358
8,57,std_6th_delta_delta,0.07760449901172883
8,58,app_LT_entropy_log_7_coef,0.07737519157971606
8,59,app_entropy_log_3_coef,0.07731381942295967
8,60,tqwt_entropy_log_dec_13,0.07720201866255372
8,61,tqwt_entropy_shannon_dec_16,0.07707971941351088
8,62,tqwt_entropy_shannon_dec_13,0.07606031102049715
8,63,tqwt_kurtosisValue_dec_36,0.07593219374740667
8,64,app_entropy_log_2_coef,0.07534665549591057
8,65,app_entropy_log_7_coef,0.07502814934656077
8,66,tqwt_minValue_dec_12,0.07489477903703357
8,67,std_3rd_delta,0.07448838394903046
8,68,std_10th_delta,0.0742819396555936
8,69,tqwt_skewnessValue_dec_25,0.07413373867163342
8,70,app_LT_entropy_shannon_3_coef,0.07364039549667467
8,71,tqwt_maxValue_dec_12,0.07362013330580641
8,72,numPeriodsPulses,0.07335487347545011
8,73,tqwt_entropy_log_dec_6,0.07334122174105273
8,74,app_entropy_shannon_10_coef,0.07328287740650707
8,75,std_6th_delta,0.07324811884202798
8,76,app_LT_entropy_log_2_coef,0.0725801551287173
8,77,tqwt_medianValue_dec_25,0.07248056037767259
8,78,tqwt_skewnessValue_dec_23,0.07243266903134082
8,79,std_9th_delta_delta,0.0722762902914218
8,80,tqwt_entropy_log_dec_17,0.07220188199467192
8,81,tqwt_maxValue_dec_17,0.07189074053540834
8,82,app_entropy_log_8_coef,0.07172212084526741
8,83,tqwt_skewnessValue_dec_21,0.07112437478620004
8,84,tqwt_entropy_log_dec_27,0.0710910123696884
8,85,app_LT_entropy_shannon_4_coef,0.07099928576204784
8,86,tqwt_TKEO_std_dec_14,0.07058747582798586
8,87,std_9th_delta,0.07047209142208066
8,88,app_TKEO_std_2_coef,0.07040105561324195
8,89,tqwt_maxValue_dec_11,0.07022581482568291
8,90,tqwt_maxValue_dec_13,0.07010943012693382
8,91,app_entropy_log_10_coef,0.07010229987816885
8,92,app_entropy_log_9_coef,0.0700651324592041
8,93,tqwt_kurtosisValue_dec_26,0.07000641933912788
8,94,app_LT_TKEO_std_2_coef,0.06968524730560666
8,95,app_entropy_shannon_2_coef,0.06959352642338912
8,96,tqwt_medianValue_dec_34,0.06950681318345908
8,97,tqwt_energy_dec_12,0.06923532275498379
8,98,app_TKEO_std_9_coef,0.06913736085698363
8,99,tqwt_stdValue_dec_6,0.06912284450757222
8,100,tqwt_entropy_shannon_dec_8,0.0688720609261777
8,101,tqwt_medianValue_dec_8,0.06862132024538581
8,102,tqwt_minValue_dec_13,0.06860265697051249
8,103,maxIntensity,0.06858866713839995
8,104,tqwt_minValue_dec_9,0.06854322005021274
8,105,app_LT_TKEO_std_6_coef,0.06775932802706985
8,106,tqwt_medianValue_dec_23,0.06768103762343314
8,107,tqwt_minValue_dec_17,0.06708582475015734
8,108,tqwt_stdValue_dec_13,0.06706365629701283
8,109,tqwt_entropy_log_dec_15,0.06700439142954884
8,110,tqwt_entropy_log_dec_26,0.06689581212587181
8,111,ddpJitter,0.06688577382841099
8,112,numPulses,0.06686390657997632
8,113,tqwt_maxValue_dec_7,0.06682928948048761
8,114,tqwt_stdValue_dec_11,0.06668316448370426
8,115,std_7th_delta_delta,0.06645127467854062
8,116,tqwt_entropy_log_dec_8,0.06612918221045949
8,117,app_TKEO_std_5_coef,0.06609646165828331
8,118,tqwt_stdValue_dec_16,0.06581232058380948
8,119,app_LT_TKEO_mean_1_coef,0.0647921591145082
8,120,tqwt_skewnessValue_dec_26,0.0647765714197499
8,121,tqwt_minValue_dec_8,0.06442176694907364
8,122,tqwt_stdValue_dec_14,0.06428575635020706
8,123,app_LT_entropy_log_4_coef,0.06415215908141558
8,124,app_entropy_shannon_1_coef,0.06399078880533304
8,125,tqwt_entropy_shannon_dec_6,0.06396257499975477
8,126,app_LT_entropy_shannon_2_coef,0.06371739927355646
8,127,tqwt_skewnessValue_dec_30,0.06367366883998571
8,128,app_det_TKEO_mean_1_coef,0.06343105739053478
8,129,tqwt_entropy_shannon_dec_19,0.06340821866257484
8,130,tqwt_maxValue_dec_10,0.06329515141153319
8,131,tqwt_kurtosisValue_dec_35,0.06314494115242963
8,132,app_TKEO_std_7_coef,0.06290005165836154
8,133,app_LT_entropy_shannon_1_coef,0.06265817607824387
8,134,tqwt_skewnessValue_dec_13,0.06253850260436611
8,135,GQ_std_cycle_open,0.06193869604960289
8,136,app_TKEO_std_6_coef,0.06166444902788726
8,137,tqwt_TKEO_mean_dec_34,0.06151597131455988
8,138,tqwt_medianValue_dec_12,0.06142803099050864
8,139,std_12th_delta,0.061279515992301636
8,140,tqwt_TKEO_mean_dec_8,0.061164491551739086
8,141,tqwt_stdValue_dec_36,0.06116192680358146
8,142,tqwt_kurtosisValue_dec_18,0.06115901434280646
8,143,app_LT_entropy_log_3_coef,0.061156862439252446
8,144,tqwt_skewnessValue_dec_16,0.061100190952923406
8,145,tqwt_TKEO_std_dec_16,0.06098399241051955
8,146,std_8th_delta,0.06094054711052288
8,147,tqwt_minValue_dec_15,0.060838990221303124
8,148,tqwt_medianValue_dec_18,0.06072220316166432
8,149,tqwt_energy_dec_24,0.060671317443303785
8,150,tqwt_minValue_dec_14,0.06066001390877296
8,151,app_det_TKEO_mean_10_coef,0.06059658880077867
8,152,tqwt_kurtosisValue_dec_27,0.060565651639987506
8,153,app_entropy_log_4_coef,0.06020829803595684
8,154,tqwt_TKEO_mean_dec_9,0.05960628451666006
8,155,tqwt_TKEO_std_dec_8,0.059480117190970905
8,156,tqwt_TKEO_std_dec_7,0.059444889044745874
8,157,tqwt_energy_dec_13,0.0592074398898077
8,158,std_11th_delta_delta,0.05902323770099138
8,159,app_LT_TKEO_std_4_coef,0.05894651106475535
8,160,tqwt_kurtosisValue_dec_2,0.05888892931236289
8,161,ppq5Jitter,0.058712906944526244
8,162,tqwt_skewnessValue_dec_5,0.05813618569166046
8,163,tqwt_TKEO_mean_dec_17,0.05754236264582624
8,164,app_LT_TKEO_mean_4_coef,0.05751699613073824
8,165,tqwt_entropy_shannon_dec_12,0.05740422617315932
8,166,tqwt_medianValue_dec_27,0.057288797586160456
8,167,meanPeriodPulses,0.057184461554744104
8,168,tqwt_energy_dec_17,0.05694777863576017
8,169,tqwt_entropy_log_dec_10,0.05678592229483592
8,170,std_11th_delta,0.056721643411154155
8,171,tqwt_TKEO_mean_dec_7,0.05667880166796757
8,172,std_10th_delta_delta,0.05652803643621507
8,173,tqwt_energy_dec_5,0.056498079937010726
8,174,app_TKEO_std_1_coef,0.0562737581729571
8,175,tqwt_TKEO_mean_dec_36,0.05622188043470988
8,176,apq11Shimmer,0.056209468355076675
8,177,app_entropy_log_1_coef,0.05619795096661928
8,178,tqwt_TKEO_mean_dec_6,0.05614481676425931
8,179,locPctJitter,0.056086984862274036
8,180,app_det_TKEO_mean_5_coef,0.05604877492090177
8,181,tqwt_minValue_dec_16,0.05592666657753753
8,182,tqwt_TKEO_std_dec_6,0.0557395933002891
8,183,tqwt_skewnessValue_dec_24,0.0555994402248452
8,184,tqwt_medianValue_dec_16,0.05543560099172429
8,185,tqwt_medianValue_dec_20,0.05521180250697366
8,186,tqwt_energy_dec_16,0.05474580100617987
8,187,app_LT_TKEO_std_10_coef,0.054611303211186346
8,188,std_7th_delta,0.05452125921084905
8,189,app_det_TKEO_mean_4_coef,0.05436386110459357
8,190,app_LT_entropy_log_1_coef,0.05423887728662091
8,191,tqwt_entropy_shannon_dec_18,0.05422559170968855
8,192,app_LT_TKEO_std_7_coef,0.0541197631135697
8,193,tqwt_medianValue_dec_36,0.0538111719763692
8,194,tqwt_entropy_log_dec_7,0.053319468974520445
8,195,app_LT_TKEO_mean_3_coef,0.053273913815831575
8,196,tqwt_energy_dec_11,0.05304932672244078
8,197,app_det_TKEO_mean_9_coef,0.05293474840677437
8,198,tqwt_skewnessValue_dec_18,0.05290109470911397
8,199,app_LT_TKEO_mean_6_coef,0.05275969593028429
8,200,app_TKEO_std_10_coef,0.052670191871050376
8,201,app_det_TKEO_mean_8_coef,0.052527833653919
8,202,locShimmer,0.052446602285787236
8,203,tqwt_medianValue_dec_24,0.05216029637203179
8,204,tqwt_skewnessValue_dec_11,0.05210458466245238
8,205,DFA,0.05204469415050017
8,206,app_det_TKEO_mean_2_coef,0.05198522756445523
8,207,GNE_mean,0.05194991083198852
8,208,app_LT_TKEO_mean_10_coef,0.051880433704027284
8,209,tqwt_stdValue_dec_17,0.05175771504463489
8,210,tqwt_minValue_dec_6,0.051635926490592565
8,211,tqwt_energy_dec_29,0.051377326598520456
8,212,tqwt_TKEO_mean_dec_15,0.05119871797181674
8,213,tqwt_medianValue_dec_17,0.05110153243934956
8,214,tqwt_skewnessValue_dec_17,0.05100522257782725
8,215,tqwt_entropy_shannon_dec_7,0.0509992785913973
8,216,tqwt_maxValue_dec_14,0.05082499564752929
8,217,app_LT_TKEO_mean_8_coef,0.05080862960883592
8,218,tqwt_stdValue_dec_8,0.050719512626063334
8,219,std_4th_delta,0.050476202903635636
8,220,tqwt_entropy_log_dec_20,0.05015831519819791
8,221,tqwt_TKEO_mean_dec_10,0.05006385165740568
8,222,locAbsJitter,0.05006383285070082
8,223,app_LT_TKEO_mean_9_coef,0.04995733024959215
8,224,tqwt_maxValue_dec_28,0.04945828464763746
8,225,tqwt_TKEO_std_dec_20,0.04911217540213397
8,226,tqwt_stdValue_dec_35,0.049100111759239784
8,227,app_LT_TKEO_std_9_coef,0.04902879160463414
8,228,tqwt_maxValue_dec_16,0.0489834886121836
8,229,tqwt_entropy_log_dec_14,0.04890074184569548
8,230,stdDevPeriodPulses,0.04868125572875792
8,231,tqwt_skewnessValue_dec_3,0.04830037824405631
8,232,tqwt_medianValue_dec_22,0.04823722443284395
8,233,tqwt_maxValue_dec_9,0.04821556309087982
8,234,mean_0th_delta,0.0480752398681783
8,235,tqwt_medianValue_dec_13,0.04805346130806876
8,236,tqwt_stdValue_dec_32,0.04799701440286808
8,237,tqwt_stdValue_dec_4,0.04765020811650178
8,238,tqwt_stdValue_dec_18,0.04738220797972614
8,239,tqwt_entropy_shannon_dec_33,0.04728109867492214
8,240,mean_MFCC_1st_coef,0.04722446388653556
8,241,std_12th_delta_delta,0.0470194072829222
8,242,tqwt_TKEO_mean_dec_26,0.04699672245910169
8,243,tqwt_energy_dec_15,0.0469643671527582
8,244,rapJitter,0.046897071086523745
8,245,tqwt_entropy_shannon_dec_4,0.04683302053313021
8,246,apq5Shimmer,0.04682451606989013
8,247,tqwt_stdValue_dec_30,0.046776464323455835
8,248,tqwt_stdValue_dec_28,0.0465976631892997
8,249,det_entropy_log_1_coef,0.04649277447489264
8,250,app_LT_TKEO_mean_2_coef,0.04612108910476054
8,251,app_det_TKEO_mean_6_coef,0.04587685958218923
8,252,tqwt_entropy_log_dec_33,0.045870542168844564
8,253,tqwt_entropy_log_dec_4,0.04585200438406267
8,254,tqwt_energy_dec_28,0.04570517037704103
8,255,tqwt_medianValue_dec_3,0.045630066761047194
8,256,app_TKEO_std_8_coef,0.04544770163208489
8,257,tqwt_TKEO_std_dec_18,0.04537800377136869
8,258,Ed2_3_coef,0.045340239006737226
8,259,tqwt_skewnessValue_dec_20,0.04529431368474812
8,260,app_LT_TKEO_std_3_coef,0.04482614729587753
8,261,tqwt_kurtosisValue_dec_1,0.04479629197705903
8,262,tqwt_minValue_dec_7,0.04476419901429085
8,263,tqwt_medianValue_dec_35,0.04451409970099429
8,264,tqwt_TKEO_mean_dec_32,0.044096977494255674
8,265,app_LT_TKEO_std_1_coef,0.04408869933117043
8,266,tqwt_medianValue_dec_30,0.043947880825309316
8,267,mean_2nd_delta,0.0438422883473395
8,268,tqwt_maxValue_dec_8,0.04382530157842934
8,269,tqwt_kurtosisValue_dec_28,0.04377285470916781
8,270,tqwt_kurtosisValue_dec_22,0.04366130553436465
8,271,tqwt_stdValue_dec_5,0.043534171246472075
8,272,VFER_mean,0.043441354305676194
8,273,tqwt_entropy_shannon_dec_9,0.0432234500083839
8,274,tqwt_TKEO_std_dec_10,0.04313972062881444
8,275,tqwt_entropy_shannon_dec_17,0.04309722336061461
8,276,tqwt_entropy_log_dec_5,0.04304434919427602
8,277,std_3rd_delta_delta,0.04290899821365479
8,278,mean_MFCC_5th_coef,0.04288683132168236
8,279,tqwt_stdValue_dec_33,0.04284996144061615
8,280,tqwt_stdValue_dec_9,0.0428413347845491
8,281,tqwt_meanValue_dec_28,0.042830818335133136
8,282,RPDE,0.042617504289577335
8,283,tqwt_stdValue_dec_7,0.04247578780763561
8,284,tqwt_entropy_log_dec_28,0.04243424152622244
8,285,std_5th_delta_delta,0.042278094323127124
8,286,tqwt_medianValue_dec_31,0.04218919584726866
8,287,tqwt_TKEO_mean_dec_5,0.0421451955649359
8,288,tqwt_medianValue_dec_7,0.04213189750844992
8,289,tqwt_entropy_log_dec_9,0.04176722776308783
8,290,tqwt_skewnessValue_dec_22,0.04163554066686359
8,291,app_TKEO_std_3_coef,0.0415399190206327
8,292,tqwt_kurtosisValue_dec_5,0.0414687074464537
8,293,mean_MFCC_0th_coef,0.041408082297727855
8,294,tqwt_maxValue_dec_36,0.041267002634079786
8,295,app_det_TKEO_mean_3_coef,0.04125289991216996
8,296,std_MFCC_10th_coef,0.04121903561949458
8,297,tqwt_stdValue_dec_34,0.04115377200385928
8,298,tqwt_entropy_shannon_dec_34,0.040988581582698025
8,299,tqwt_entropy_shannon_dec_27,0.040926067188407966
8,300,std_5th_delta,0.04074576583304612
8,301,tqwt_skewnessValue_dec_35,0.04069656930002519
8,302,tqwt_medianValue_dec_21,0.04068202875152904
8,303,det_LT_TKEO_mean_1_coef,0.04047414102343083
8,304,tqwt_energy_dec_6,0.039978744740812644
8,305,tqwt_kurtosisValue_dec_6,0.03994381791381163
8,306,app_LT_TKEO_mean_5_coef,0.039883933132085714
8,307,tqwt_skewnessValue_dec_12,0.03966527049519786
8,308,tqwt_entropy_shannon_dec_5,0.03886415639348484
8,309,tqwt_TKEO_mean_dec_18,0.038671227971254885
8,310,mean_Log_energy,0.03865074320459594
8,311,std_MFCC_8th_coef,0.038577373444800944
8,312,tqwt_entropy_log_dec_36,0.038571848056811575
8,313,mean_delta_log_energy,0.038569705550271394
8,314,tqwt_maxValue_dec_1,0.038425005807508184
8,315,tqwt_kurtosisValue_dec_19,0.038251251757483784
8,316,det_LT_TKEO_mean_5_coef,0.03821429352655725
8,317,Ed2_2_coef,0.03815773366223474
8,318,tqwt_TKEO_mean_dec_14,0.03814083220752629
8,319,tqwt_entropy_shannon_dec_32,0.037844175935871194
8,320,tqwt_medianValue_dec_6,0.03779515020412405
8,321,tqwt_kurtosisValue_dec_16,0.037776865501393475
8,322,tqwt_skewnessValue_dec_8,0.03773440743013934
8,323,tqwt_TKEO_std_dec_15,0.037589431320893096
8,324,tqwt_stdValue_dec_10,0.03745728528354908
8,325,tqwt_minValue_dec_33,0.03736070044737083
8,326,locDbShimmer,0.037266866584357405
8,327,mean_7th_delta_delta,0.037260307294245454
8,328,tqwt_energy_dec_1,0.037176166279444534
8,329,VFER_entropy,0.03708484819076552
8,330,tqwt_skewnessValue_dec_28,0.03676731759453311
8,331,app_det_TKEO_mean_7_coef,0.03669425497732304
8,332,tqwt_medianValue_dec_9,0.03666246102759607
8,333,IMF_NSR_TKEO,0.0366506176682162
8,334,tqwt_kurtosisValue_dec_17,0.036542431113114615
8,335,tqwt_kurtosisValue_dec_23,0.03643790674746383
8,336,app_LT_TKEO_mean_7_coef,0.036356858733744835
8,337,tqwt_meanValue_dec_36,0.03614462081271097
8,338,std_MFCC_9th_coef,0.035836587759051186
8,339,tqwt_entropy_log_dec_19,0.03571119466044803
8,340,IMF_SNR_SEO,0.03567798971901248
8,341,tqwt_kurtosisValue_dec_34,0.03562585835640619
8,342,tqwt_entropy_shannon_dec_21,0.035556202314775964
8,343,tqwt_maxValue_dec_3,0.03550005729744088
8,344,std_MFCC_7th_coef,0.03534656838394645
8,345,Ed_2_coef,0.03520834139136131
8,346,tqwt_TKEO_mean_dec_35,0.03487169139505486
8,347,tqwt_stdValue_dec_19,0.03471704955459609
8,348,tqwt_TKEO_std_dec_4,0.03412061117432286
8,349,tqwt_entropy_shannon_dec_26,0.03391598521386818
8,350,tqwt_entropy_log_dec_34,0.03388118269739149
8,351,tqwt_stdValue_dec_1,0.03377237889712292
8,352,f1,0.03375942565002088
8,353,tqwt_entropy_log_dec_1,0.03364466260577026
8,354,det_TKEO_std_3_coef,0.03355471053289527
8,355,Ea2,0.0333145525318137
8,356,tqwt_TKEO_std_dec_31,0.033223571296438825
8,357,tqwt_maxValue_dec_5,0.03281402588985771
8,358,tqwt_kurtosisValue_dec_25,0.03263183639262657
8,359,std_MFCC_12th_coef,0.03261853242606283
8,360,det_LT_entropy_shannon_8_coef,0.032541069798044386
8,361,det_LT_TKEO_std_2_coef,0.03253338407558615
8,362,mean_MFCC_3rd_coef,0.03249107410005836
8,363,IMF_SNR_entropy,0.0324667101486078
8,364,tqwt_minValue_dec_18,0.03213017479471314
8,365,tqwt_maxValue_dec_34,0.03207487137065912
8,366,meanNoiseToHarmHarmonicity,0.032065005115191614
8,367,app_TKEO_std_4_coef,0.03204088055761556
8,368,tqwt_TKEO_std_dec_9,0.03201400133802079
8,369,tqwt_TKEO_std_dec_17,0.03196067340834863
8,370,tqwt_stdValue_dec_20,0.031598860424386865
8,371,tqwt_medianValue_dec_5,0.031469173609427026
8,372,det_LT_entropy_shannon_9_coef,0.03131045811261779
8,373,std_MFCC_4th_coef,0.031273236394067094
8,374,tqwt_entropy_log_dec_3,0.0311218653070946
8,375,tqwt_minValue_dec_3,0.031018630085821952
8,376,Ed_4_coef,0.03088504395172964
8,377,tqwt_maxValue_dec_19,0.03087197948086362
8,378,meanHarmToNoiseHarmonicity,0.030800091887356995
8,379,tqwt_TKEO_std_dec_32,0.030713321731432597
8,380,tqwt_skewnessValue_dec_27,0.030683483197710748
8,381,tqwt_meanValue_dec_19,0.030552096559217867
8,382,tqwt_TKEO_std_dec_34,0.030551546475330538
8,383,tqwt_minValue_dec_2,0.03030580321179399
8,384,tqwt_medianValue_dec_33,0.03021864655188722
8,385,tqwt_maxValue_dec_4,0.030195434421496525
8,386,Ed_1_coef,0.030077571561069494
8,387,std_delta_delta_0th,0.02980981297521801
8,388,tqwt_meanValue_dec_21,0.02954082383577239
8,389,tqwt_TKEO_std_dec_2,0.02944495770174993
8,390,tqwt_TKEO_mean_dec_30,0.029179128873749516
8,391,tqwt_maxValue_dec_18,0.029116398037090097
8,392,tqwt_medianValue_dec_11,0.029046304219679797
8,393,tqwt_maxValue_dec_35,0.028974663975613435
8,394,det_LT_TKEO_std_1_coef,0.028637123883196836
8,395,tqwt_minValue_dec_34,0.028520429270795233
8,396,Ed2_8_coef,0.028400206825242913
8,397,f2,0.02839593227235837
8,398,tqwt_TKEO_mean_dec_4,0.028269136608713996
8,399,tqwt_TKEO_std_dec_3,0.028072818775895847
8,400,tqwt_stdValue_dec_24,0.027815841490518523
8,401,tqwt_TKEO_mean_dec_20,0.027671964599142784
8,402,tqwt_stdValue_dec_25,0.02764695713361376
8,403,tqwt_energy_dec_33,0.027452549681038052
8,404,tqwt_entropy_log_dec_25,0.02741683326860489
8,405,tqwt_energy_dec_4,0.027413215698325333
8,406,det_LT_entropy_shannon_3_coef,0.0269036552526154
8,407,tqwt_minValue_dec_4,0.026881984642013856
8,408,tqwt_TKEO_std_dec_5,0.02686742055045932
8,409,mean_MFCC_6th_coef,0.0267273279721143
8,410,GQ_prc5_95,0.02658930444075036
8,411,tqwt_minValue_dec_20,0.026453693600912098
8,412,tqwt_energy_dec_30,0.02641904722697097
8,413,tqwt_kurtosisValue_dec_20,0.02623696537311271
8,414,tqwt_energy_dec_8,0.026080069001131356
8,415,tqwt_TKEO_mean_dec_28,0.02577094108882072
8,416,meanAutoCorrHarmonicity,0.025695459706077894
8,417,std_MFCC_1st_coef,0.025629399049626578
8,418,mean_MFCC_10th_coef,0.02554025118379344
8,419,tqwt_minValue_dec_5,0.02538293064971686
8,420,det_TKEO_std_5_coef,0.025330699404278567
8,421,VFER_NSR_SEO,0.025216637967067745
8,422,tqwt_meanValue_dec_34,0.02497406711755623
8,423,tqwt_entropy_log_dec_32,0.024758923718780634
8,424,det_LT_TKEO_mean_4_coef,0.02472004365618341
8,425,tqwt_TKEO_std_dec_19,0.024663563100619568
8,426,tqwt_minValue_dec_19,0.024450636880023024
8,427,tqwt_maxValue_dec_31,0.02438595788087583
8,428,mean_11th_delta,0.024292982804781982
8,429,tqwt_energy_dec_21,0.024260746833728364
8,430,tqwt_TKEO_std_dec_22,0.024230330084001883
8,431,tqwt_entropy_shannon_dec_20,0.024202163944261557
8,432,tqwt_TKEO_mean_dec_19,0.02419383283512211
8,433,det_LT_entropy_shannon_10_coef,0.024181254005336994
8,434,tqwt_entropy_log_dec_18,0.023963419636248817
8,435,tqwt_minValue_dec_35,0.02387776716102219
8,436,tqwt_stdValue_dec_27,0.023792666662495687
8,437,det_LT_TKEO_std_4_coef,0.023746473230092047
8,438,std_MFCC_6th_coef,0.023744520340051478
8,439,tqwt_medianValue_dec_15,0.023622570747107163
8,440,tqwt_TKEO_std_dec_36,0.02317538722003487
8,441,tqwt_minValue_dec_26,0.023108505041009364
8,442,det_TKEO_mean_1_coef,0.023094739734493386
8,443,tqwt_maxValue_dec_22,0.023048184219150558
8,444,Ed_8_coef,0.023044524266187638
8,445,det_LT_TKEO_mean_2_coef,0.02297604799642139
8,446,tqwt_energy_dec_14,0.02261575640104052
8,447,det_LT_TKEO_mean_8_coef,0.02252911747541475
8,448,tqwt_kurtosisValue_dec_13,0.022516615495669967
8,449,GNE_SNR_SEO,0.02248206967415567
8,450,VFER_SNR_TKEO,0.022412294848448644
8,451,tqwt_medianValue_dec_32,0.021587977468012998
8,452,tqwt_energy_dec_22,0.021577207725719916
8,453,tqwt_TKEO_mean_dec_3,0.02154135837254567
8,454,det_entropy_shannon_2_coef,0.021490827206779084
8,455,tqwt_entropy_shannon_dec_31,0.021292537303361225
8,456,std_0th_delta,0.021130909975110468
8,457,tqwt_TKEO_mean_dec_27,0.021112401359584698
8,458,mean_11th_delta_delta,0.020840198457153347
8,459,tqwt_maxValue_dec_15,0.02077682779533463
8,460,mean_8th_delta,0.02058600850287151
8,461,tqwt_stdValue_dec_21,0.02057536503574453
8,462,tqwt_maxValue_dec_32,0.02054779302593679
8,463,tqwt_maxValue_dec_29,0.02049293060395896
8,464,tqwt_maxValue_dec_2,0.02028556180755703
8,465,tqwt_entropy_shannon_dec_28,0.020273785425871216
8,466,tqwt_entropy_shannon_dec_3,0.020133890729963744
8,467,tqwt_medianValue_dec_29,0.020111099263667276
8,468,tqwt_minValue_dec_31,0.020023747715372853
8,469,tqwt_entropy_shannon_dec_1,0.01993081829355714
8,470,IMF_NSR_SEO,0.019671541413112115
8,471,det_TKEO_std_2_coef,0.01966179025760284
8,472,tqwt_entropy_log_dec_21,0.019582761074571797
8,473,tqwt_maxValue_dec_6,0.019512641091759653
8,474,tqwt_kurtosisValue_dec_15,0.01936623367711099
8,475,mean_MFCC_8th_coef,0.01917347621355603
8,476,tqwt_stdValue_dec_3,0.019157680742766248
8,477,tqwt_TKEO_std_dec_21,0.019126770180572406
8,478,tqwt_maxValue_dec_33,0.019060400621614404
8,479,tqwt_energy_dec_7,0.019032870627706533
8,480,std_2nd_delta,0.01901944735377814
8,481,tqwt_skewnessValue_dec_32,0.018737984226161908
8,482,tqwt_entropy_log_dec_29,0.018684079125286912
8,483,tqwt_entropy_shannon_dec_10,0.018589480256232305
8,484,mean_MFCC_4th_coef,0.01813571309407358
8,485,tqwt_maxValue_dec_26,0.01797211942927035
8,486,tqwt_TKEO_mean_dec_33,0.017518408250139395
8,487,tqwt_medianValue_dec_1,0.01743944384846796
8,488,tqwt_medianValue_dec_4,0.017381038407119354
8,489,tqwt_kurtosisValue_dec_29,0.017266929300328693
8,490,mean_MFCC_12th_coef,0.017230969067520308
8,491,det_entropy_log_10_coef,0.01709414446861146
8,492,tqwt_entropy_shannon_dec_29,0.01706659261316945
8,493,Ed2_4_coef,0.017056534223915065
8,494,tqwt_TKEO_std_dec_26,0.017039563260195845
8,495,mean_delta_delta_log_energy,0.017028206508388433
8,496,tqwt_skewnessValue_dec_1,0.01700770855308531
8,497,tqwt_stdValue_dec_26,0.016815045822720753
8,498,tqwt_skewnessValue_dec_19,0.016757103566956033
8,499,det_LT_TKEO_std_3_coef,0.016627310016059882
8,500,det_entropy_shannon_3_coef,0.01636618045882976
8,501,tqwt_TKEO_std_dec_1,0.01635863155606576
8,502,tqwt_meanValue_dec_16,0.01630641422683876
8,503,tqwt_maxValue_dec_23,0.01629394817160068
8,504,tqwt_kurtosisValue_dec_7,0.01627060642436895
8,505,tqwt_minValue_dec_23,0.016019801543216028
8,506,IMF_NSR_entropy,0.015918500716086026
8,507,det_LT_entropy_log_2_coef,0.01582523011317405
8,508,Ed_5_coef,0.015766086954907887
8,509,tqwt_meanValue_dec_3,0.015651311649436117
8,510,tqwt_maxValue_dec_24,0.01564468705412625
8,511,tqwt_energy_dec_10,0.01552997608088491
8,512,mean_10th_delta_delta,0.015228866526713958
8,513,mean_12th_delta_delta,0.01516337197390194
8,514,Ed_10_coef,0.015131736233510829
8,515,tqwt_skewnessValue_dec_34,0.014910607302120349
8,516,tqwt_energy_dec_2,0.014792592524510706
8,517,tqwt_meanValue_dec_11,0.014760462985763612
8,518,Ed_3_coef,0.014650889594877148
8,519,det_LT_TKEO_mean_3_coef,0.014648838636520223
8,520,tqwt_maxValue_dec_27,0.01410664414491758
8,521,tqwt_entropy_shannon_dec_30,0.01399440128450724
8,522,det_entropy_shannon_7_coef,0.01379602498383381
8,523,tqwt_stdValue_dec_22,0.013711106652640748
8,524,det_LT_entropy_log_1_coef,0.01360949253664856
8,525,GNE_NSR_TKEO,0.013573422041647687
8,526,det_entropy_shannon_4_coef,0.013114826210541608
8,527,det_LT_entropy_log_4_coef,0.013064604731845675
8,528,mean_MFCC_9th_coef,0.013008134870031718
8,529,det_entropy_log_9_coef,0.012941791661878366
8,530,GNE_NSR_SEO,0.012938201206845079
8,531,tqwt_TKEO_std_dec_28,0.012850729092068969
8,532,tqwt_stdValue_dec_31,0.01283951525574345
8,533,tqwt_TKEO_mean_dec_2,0.012628567546548064
8,534,std_1st_delta,0.01255556138103131
8,535,tqwt_maxValue_dec_21,0.012403809029894575
8,536,tqwt_minValue_dec_24,0.012245010847392379
8,537,std_1st_delta_delta,0.012155667933766212
8,538,GQ_std_cycle_closed,0.011988589516283898
8,539,tqwt_stdValue_dec_2,0.011536660214265915
8,540,std_MFCC_0th_coef,0.011508266964525449
8,541,tqwt_minValue_dec_21,0.011001272562279008
8,542,tqwt_medianValue_dec_14,0.010979507016713796
8,543,det_entropy_log_4_coef,0.010863672906630706
8,544,tqwt_TKEO_std_dec_33,0.010858878345401557
8,545,tqwt_medianValue_dec_2,0.010843811586129348
8,546,tqwt_energy_dec_18,0.01061590761290665
8,547,tqwt_entropy_shannon_dec_2,0.010576928288814402
8,548,IMF_SNR_TKEO,0.010460599906510826
8,549,tqwt_medianValue_dec_19,0.010313370368595809
8,550,tqwt_energy_dec_35,0.01026167554664248
8,551,tqwt_skewnessValue_dec_33,0.010261561906674377
8,552,gender,0.009919583917186392
8,553,b3,0.009897049322539209
8,554,Ed_9_coef,0.009888769077819992
8,555,tqwt_TKEO_std_dec_25,0.009887722778006758
8,556,tqwt_TKEO_std_dec_35,0.0095558624750669
8,557,tqwt_energy_dec_32,0.009447512479822784
8,558,tqwt_minValue_dec_25,0.00943747912489945
8,559,ddaShimmer,0.00942158379273228
8,560,tqwt_meanValue_dec_17,0.009421053059698314
8,561,tqwt_entropy_shannon_dec_24,0.009312453505565754
8,562,tqwt_TKEO_std_dec_23,0.00929677976333454
8,563,tqwt_TKEO_std_dec_27,0.0091992336793425
8,564,tqwt_meanValue_dec_1,0.00912600219777393
8,565,det_LT_TKEO_mean_9_coef,0.00908848643899618
8,566,tqwt_maxValue_dec_20,0.008827484859710522
8,567,mean_6th_delta,0.008721944482012134
8,568,apq3Shimmer,0.00855759429718872
8,569,tqwt_kurtosisValue_dec_24,0.008471198736248464
8,570,det_TKEO_std_8_coef,0.00846764023452895
8,571,tqwt_energy_dec_3,0.008318226491620395
8,572,det_LT_entropy_shannon_2_coef,0.008285413934475683
8,573,std_MFCC_11th_coef,0.00811502022682653
8,574,tqwt_kurtosisValue_dec_11,0.008066697590470406
8,575,tqwt_skewnessValue_dec_7,0.008043902593034336
8,576,tqwt_entropy_log_dec_30,0.008018319489072612
8,577,tqwt_meanValue_dec_7,0.007835349937524105
8,578,tqwt_meanValue_dec_31,0.0077282417719675145
8,579,mean_1st_delta,0.007715543706675376
8,580,tqwt_kurtosisValue_dec_12,0.007639856894456232
8,581,tqwt_entropy_log_dec_23,0.007520396167900456
8,582,mean_MFCC_11th_coef,0.007344784823639872
8,583,tqwt_minValue_dec_29,0.007057290052200349
8,584,det_LT_entropy_shannon_5_coef,0.006970479750499914
8,585,tqwt_energy_dec_31,0.006823036378092118
8,586,f4,0.0068142793930991985
8,587,tqwt_kurtosisValue_dec_14,0.006673710568944502
8,588,b1,0.0064669475779775
8,589,tqwt_entropy_shannon_dec_22,0.006117412056894089
8,590,det_LT_TKEO_mean_6_coef,0.006037282642194608
8,591,tqwt_energy_dec_9,0.006019402057220846
8,592,mean_4th_delta,0.0059575010172878695
8,593,det_TKEO_mean_2_coef,0.005898847430509058
8,594,mean_9th_delta,0.005828039584470535
8,595,det_TKEO_std_6_coef,0.0058162514388955255
8,596,tqwt_energy_dec_34,0.005730029120782687
8,597,det_LT_TKEO_std_7_coef,0.005697919490172509
8,598,tqwt_stdValue_dec_23,0.005695416571160461
8,599,tqwt_minValue_dec_1,0.0056618588172945294
8,600,tqwt_kurtosisValue_dec_4,0.005622444519846503
8,601,tqwt_TKEO_mean_dec_1,0.005615493732958887
8,602,det_TKEO_std_4_coef,0.005587103029856211
8,603,det_entropy_log_7_coef,0.005519140589782312
8,604,tqwt_meanValue_dec_15,0.005387350349739917
8,605,det_TKEO_mean_7_coef,0.005281863392817554
8,606,tqwt_meanValue_dec_25,0.005116769228024731
8,607,tqwt_entropy_log_dec_22,0.004668505379855414
8,608,tqwt_TKEO_mean_dec_29,0.004601278288937527
8,609,tqwt_energy_dec_20,0.00443606941754493
8,610,det_LT_TKEO_std_5_coef,0.004384472203315726
8,611,tqwt_skewnessValue_dec_2,0.004296846998441017
8,612,det_LT_entropy_log_6_coef,0.004239789376923042
8,613,GNE_std,0.003889687819699672
8,614,tqwt_meanValue_dec_35,0.0035950015280383774
8,615,det_entropy_log_3_coef,0.0035234353137894026
8,616,tqwt_TKEO_mean_dec_21,0.003521376662164677
8,617,det_LT_TKEO_std_6_coef,0.0034434466823711762
8,618,det_TKEO_std_1_coef,0.0033041574975556376
8,619,tqwt_meanValue_dec_27,0.0029742620187571678
8,620,Ed2_1_coef,0.0029661589906611052
8,621,tqwt_skewnessValue_dec_10,0.0027754212467141492
8,622,tqwt_kurtosisValue_dec_3,0.0026165675658733623
8,623,tqwt_maxValue_dec_25,0.002568445808900366
8,624,det_TKEO_mean_8_coef,0.002425460026222348
8,625,tqwt_entropy_shannon_dec_25,0.002339919923662892
8,626,Ed2_6_coef,0.0018972505727763433
8,627,tqwt_minValue_dec_27,0.0018575815549244368
8,628,tqwt_meanValue_dec_8,0.0017932740560855365
8,629,tqwt_stdValue_dec_29,0.001697446280575221
8,630,det_LT_entropy_shannon_4_coef,0.0016617522730444367
8,631,det_entropy_shannon_9_coef,0.0016545771983060842
8,632,tqwt_minValue_dec_28,0.0016313349235566044
8,633,tqwt_energy_dec_23,0.0011867258045428208
8,634,std_MFCC_2nd_coef,0.0010735895525160188
8,635,f3,0.0008511581457657513
8,636,tqwt_entropy_log_dec_31,0.0007736497084354088
8,637,tqwt_energy_dec_19,0.0007453338764957795
8,638,tqwt_meanValue_dec_4,0.00029421953148522917
8,639,tqwt_kurtosisValue_dec_21,0.00017467258839820587
8,640,mean_9th_delta_delta,6.893878534230957e-05
8,641,Ed2_10_coef,1.0052655241565844e-07
8,642,Ea,0.0
8,643,Ed2_5_coef,0.0
8,644,Ed2_7_coef,0.0
8,645,Ed2_9_coef,0.0
8,646,Ed_6_coef,0.0
8,647,Ed_7_coef,0.0
8,648,GNE_SNR_TKEO,0.0
8,649,PPE,0.0
8,650,VFER_NSR_TKEO,0.0
8,651,VFER_SNR_SEO,0.0
8,652,VFER_std,0.0
8,653,b2,0.0
8,654,b4,0.0
8,655,det_LT_TKEO_mean_10_coef,0.0
8,656,det_LT_TKEO_mean_7_coef,0.0
8,657,det_LT_TKEO_std_10_coef,0.0
8,658,det_LT_TKEO_std_8_coef,0.0
8,659,det_LT_TKEO_std_9_coef,0.0
8,660,det_LT_entropy_log_10_coef,0.0
8,661,det_LT_entropy_log_3_coef,0.0
8,662,det_LT_entropy_log_5_coef,0.0
8,663,det_LT_entropy_log_7_coef,0.0
8,664,det_LT_entropy_log_8_coef,0.0
8,665,det_LT_entropy_log_9_coef,0.0
8,666,det_LT_entropy_shannon_1_coef,0.0
8,667,det_LT_entropy_shannon_6_coef,0.0
8,668,det_LT_entropy_shannon_7_coef,0.0
8,669,det_TKEO_mean_10_coef,0.0
8,670,det_TKEO_mean_3_coef,0.0
8,671,det_TKEO_mean_4_coef,0.0
8,672,det_TKEO_mean_5_coef,0.0
8,673,det_TKEO_mean_6_coef,0.0
8,674,det_TKEO_mean_9_coef,0.0
8,675,det_TKEO_std_10_coef,0.0
8,676,det_TKEO_std_7_coef,0.0
8,677,det_TKEO_std_9_coef,0.0
8,678,det_entropy_log_2_coef,0.0
8,679,det_entropy_log_5_coef,0.0
8,680,det_entropy_log_6_coef,0.0
8,681,det_entropy_log_8_coef,0.0
8,682,det_entropy_shannon_10_coef,0.0
8,683,det_entropy_shannon_1_coef,0.0
8,684,det_entropy_shannon_5_coef,0.0
8,685,det_entropy_shannon_6_coef,0.0
8,686,det_entropy_shannon_8_coef,0.0
8,687,mean_10th_delta,0.0
8,688,mean_12th_delta,0.0
8,689,mean_1st_delta_delta,0.0
8,690,mean_2nd_delta_delta,0.0
8,691,mean_3rd_delta,0.0
8,692,mean_3rd_delta_delta,0.0
8,693,mean_4th_delta_delta,0.0
8,694,mean_5th_delta,0.0
8,695,mean_5th_delta_delta,0.0
8,696,mean_6th_delta_delta,0.0
8,697,mean_7th_delta,0.0
8,698,mean_8th_delta_delta,0.0
8,699,mean_MFCC_7th_coef,0.0
8,700,mean_delta_delta_0th,0.0
8,701,std_2nd_delta_delta,0.0
8,702,std_MFCC_3rd_coef,0.0
8,703,std_MFCC_5th_coef,0.0
8,704,tqwt_TKEO_mean_dec_22,0.0
8,705,tqwt_TKEO_mean_dec_23,0.0
8,706,tqwt_TKEO_mean_dec_24,0.0
8,707,tqwt_TKEO_mean_dec_25,0.0
8,708,tqwt_TKEO_mean_dec_31,0.0
8,709,tqwt_TKEO_std_dec_24,0.0
8,710,tqwt_TKEO_std_dec_29,0.0
8,711,tqwt_TKEO_std_dec_30,0.0
8,712,tqwt_energy_dec_36,0.0
8,713,tqwt_entropy_log_dec_2,0.0
8,714,tqwt_entropy_log_dec_24,0.0
8,715,tqwt_entropy_shannon_dec_23,0.0
8,716,tqwt_kurtosisValue_dec_10,0.0
8,717,tqwt_kurtosisValue_dec_30,0.0
8,718,tqwt_kurtosisValue_dec_31,0.0
8,719,tqwt_kurtosisValue_dec_32,0.0
8,720,tqwt_kurtosisValue_dec_33,0.0
8,721,tqwt_kurtosisValue_dec_8,0.0
8,722,tqwt_kurtosisValue_dec_9,0.0
8,723,tqwt_maxValue_dec_30,0.0
8,724,tqwt_meanValue_dec_10,0.0
8,725,tqwt_meanValue_dec_12,0.0
8,726,tqwt_meanValue_dec_13,0.0
8,727,tqwt_meanValue_dec_14,0.0
8,728,tqwt_meanValue_dec_18,0.0
8,729,tqwt_meanValue_dec_2,0.0
8,730,tqwt_meanValue_dec_20,0.0
8,731,tqwt_meanValue_dec_22,0.0
8,732,tqwt_meanValue_dec_23,0.0
8,733,tqwt_meanValue_dec_24,0.0
8,734,tqwt_meanValue_dec_26,0.0
8,735,tqwt_meanValue_dec_29,0.0
8,736,tqwt_meanValue_dec_30,0.0
8,737,tqwt_meanValue_dec_32,0.0
8,738,tqwt_meanValue_dec_33,0.0
8,739,tqwt_meanValue_dec_5,0.0
8,740,tqwt_meanValue_dec_6,0.0
8,741,tqwt_meanValue_dec_9,0.0
8,742,tqwt_medianValue_dec_28,0.0
8,743,tqwt_minValue_dec_22,0.0
8,744,tqwt_minValue_dec_30,0.0
8,745,tqwt_minValue_dec_32,0.0
8,746,tqwt_minValue_dec_36,0.0
8,747,tqwt_skewnessValue_dec_14,0.0
8,748,tqwt_skewnessValue_dec_15,0.0
8,749,tqwt_skewnessValue_dec_29,0.0
8,750,tqwt_skewnessValue_dec_31,0.0
8,751,tqwt_skewnessValue_dec_4,0.0
8,752,tqwt_skewnessValue_dec_6,0.0
8,753,tqwt_skewnessValue_dec_9,0.0
9,1,std_8th_delta_delta,0.11568898272109851
9,2,tqwt_maxValue_dec_12,0.10823079063095009
9,3,tqwt_TKEO_mean_dec_12,0.1056881763050308
9,4,tqwt_stdValue_dec_15,0.10552904525560125
9,5,std_delta_delta_log_energy,0.10419121538750287
9,6,mean_MFCC_2nd_coef,0.10186094250268862
9,7,tqwt_entropy_log_dec_12,0.10124594197561043
9,8,tqwt_entropy_log_dec_35,0.09924772545601424
9,9,tqwt_TKEO_std_dec_13,0.0978118404432371
9,10,tqwt_TKEO_std_dec_12,0.09645235447768852
9,11,tqwt_TKEO_mean_dec_8,0.09604308129779904
9,12,minIntensity,0.09456789059641002
9,13,tqwt_minValue_dec_10,0.09453202585446863
9,14,tqwt_TKEO_std_dec_11,0.09330814357730444
9,15,tqwt_maxValue_dec_11,0.09314418355351584
9,16,app_entropy_log_5_coef,0.09171146113680528
9,17,app_entropy_shannon_5_coef,0.09147059038209804
9,18,tqwt_entropy_shannon_dec_14,0.09077863474990622
9,19,tqwt_minValue_dec_11,0.09076881165513839
9,20,tqwt_entropy_log_dec_11,0.08861550650430061
9,21,tqwt_TKEO_mean_dec_16,0.08812143832623276
9,22,std_delta_log_energy,0.08765115639160403
9,23,std_9th_delta_delta,0.08666454020742775
9,24,tqwt_medianValue_dec_8,0.0856141989161947
9,25,tqwt_minValue_dec_17,0.08464937038486364
9,26,tqwt_skewnessValue_dec_36,0.0839740986782338
9,27,tqwt_maxValue_dec_17,0.08271969567417803
9,28,app_LT_entropy_shannon_7_coef,0.08262579135544335
9,29,std_7th_delta_delta,0.08177787866215169
9,30,app_entropy_shannon_4_coef,0.08161935225313344
9,31,tqwt_TKEO_mean_dec_13,0.08123465847140277
9,32,tqwt_minValue_dec_12,0.08071889816711009
9,33,tqwt_energy_dec_27,0.08052464381287883
9,34,app_LT_entropy_shannon_6_coef,0.0805237775886305
9,35,tqwt_entropy_log_dec_17,0.08046191435927375
9,36,tqwt_entropy_log_dec_13,0.08019107311140594
9,37,std_8th_delta,0.07993793567901286
9,38,maxIntensity,0.07990457650293581
9,39,tqwt_TKEO_mean_dec_11,0.0798227255526347
9,40,tqwt_skewnessValue_dec_26,0.07946366645426939
9,41,app_LT_entropy_log_5_coef,0.07942652626113955
9,42,tqwt_entropy_log_dec_16,0.07942138770980423
9,43,tqwt_entropy_shannon_dec_35,0.07927418980390422
9,44,tqwt_energy_dec_26,0.07922499144370398
9,45,app_LT_entropy_shannon_10_coef,0.07783047622535988
9,46,std_3rd_delta,0.07777259739781073
9,47,tqwt_stdValue_dec_8,0.07724551010700198
9,48,tqwt_medianValue_dec_12,0.07679305865444963
9,49,tqwt_entropy_shannon_dec_36,0.07636621059524606
9,50,tqwt_entropy_shannon_dec_16,0.07634942981778092
9,51,app_LT_entropy_shannon_8_coef,0.07626636119208174
9,52,app_LT_entropy_shannon_9_coef,0.07611221951393676
9,53,app_LT_entropy_log_6_coef,0.07570590177733294
9,54,std_9th_delta,0.0756680506004701
9,55,app_TKEO_std_9_coef,0.07523897206582864
9,56,app_LT_entropy_log_9_coef,0.07460144624461207
9,57,std_4th_delta_delta,0.07458892939979123
9,58,tqwt_stdValue_dec_12,0.07450479026730417
9,59,app_LT_entropy_log_8_coef,0.07371864084638813
9,60,std_6th_delta_delta,0.07369051895969503
9,61,meanIntensity,0.07335468186736693
9,62,tqwt_skewnessValue_dec_13,0.07333219961214654
9,63,tqwt_stdValue_dec_36,0.07325681329913203
9,64,tqwt_stdValue_dec_16,0.07283617841346834
9,65,tqwt_entropy_log_dec_5,0.07269226743691037
9,66,app_LT_entropy_log_10_coef,0.07243894556171271
9,67,tqwt_entropy_shannon_dec_11,0.07228565436639967
9,68,app_TKEO_std_2_coef,0.07209952702199596
9,69,app_LT_TKEO_std_5_coef,0.07200773614790301
9,70,tqwt_stdValue_dec_14,0.07160091269149627
9,71,tqwt_minValue_dec_13,0.07157603022767622
9,72,std_6th_delta,0.07136686281945637
9,73,std_11th_delta_delta,0.07135533844039377
9,74,tqwt_medianValue_dec_23,0.07130989891591355
9,75,tqwt_energy_dec_12,0.07102537694256772
9,76,app_LT_TKEO_std_8_coef,0.07096327783298317
9,77,tqwt_entropy_shannon_dec_8,0.07048985271013453
9,78,tqwt_entropy_log_dec_10,0.07042891244659599
9,79,tqwt_entropy_shannon_dec_15,0.06997647476400415
9,80,tqwt_kurtosisValue_dec_18,0.06967689946104794
9,81,tqwt_medianValue_dec_10,0.06933379306651366
9,82,app_LT_entropy_shannon_5_coef,0.06917096702481551
9,83,app_entropy_log_9_coef,0.06897775458045907
9,84,app_entropy_log_6_coef,0.06880951469634389
9,85,app_entropy_log_8_coef,0.06855925237781602
9,86,app_LT_TKEO_std_2_coef,0.0685464327130283
9,87,tqwt_medianValue_dec_26,0.06844506366642689
9,88,app_TKEO_std_5_coef,0.06841526699703104
9,89,tqwt_entropy_shannon_dec_7,0.06833534804875119
9,90,tqwt_medianValue_dec_34,0.06833476141219319
9,91,app_LT_entropy_log_7_coef,0.06802946022229417
9,92,app_TKEO_std_7_coef,0.06794259977700134
9,93,tqwt_entropy_shannon_dec_13,0.06788925146266944
9,94,tqwt_entropy_log_dec_6,0.06723664262592699
9,95,tqwt_entropy_log_dec_15,0.06712095080568803
9,96,tqwt_stdValue_dec_17,0.06697563616164182
9,97,app_entropy_shannon_9_coef,0.06693681256423445
9,98,ppq5Jitter,0.06688185474760533
9,99,app_TKEO_std_8_coef,0.06676892534776191
9,100,tqwt_skewnessValue_dec_30,0.0666831312702072
9,101,std_10th_delta_delta,0.06537566747947499
9,102,app_LT_entropy_log_2_coef,0.06527599566044273
9,103,app_entropy_shannon_7_coef,0.06522274927429317
9,104,app_entropy_shannon_3_coef,0.06517516112452015
9,105,tqwt_energy_dec_16,0.06514505109212121
9,106,tqwt_stdValue_dec_13,0.0647753694437192
9,107,app_entropy_shannon_8_coef,0.06469815074762741
9,108,locPctJitter,0.06461393832757056
9,109,std_Log_energy,0.06446536089342425
9,110,tqwt_entropy_log_dec_26,0.06436584932708711
9,111,app_entropy_log_10_coef,0.06430783505702142
9,112,app_entropy_log_7_coef,0.06424450342635457
9,113,app_entropy_log_2_coef,0.06404092912034609
9,114,tqwt_TKEO_std_dec_7,0.06397002196765667
9,115,tqwt_TKEO_std_dec_6,0.06386476982987532
9,116,app_det_TKEO_mean_10_coef,0.06359386371399123
9,117,app_entropy_shannon_2_coef,0.06355397137219598
9,118,app_entropy_log_3_coef,0.06340447559771456
9,119,tqwt_skewnessValue_dec_22,0.06335739294081644
9,120,tqwt_entropy_shannon_dec_12,0.06333271437435806
9,121,tqwt_minValue_dec_15,0.06302862655541075
9,122,app_LT_entropy_shannon_4_coef,0.06274868333445593
9,123,tqwt_minValue_dec_16,0.06268435521612847
9,124,app_TKEO_std_10_coef,0.06263334976994561
9,125,Ed2_3_coef,0.06258729107481997
9,126,tqwt_TKEO_std_dec_8,0.06249123509399768
9,127,app_det_TKEO_mean_8_coef,0.0623868157539238
9,128,tqwt_TKEO_mean_dec_17,0.06233869011133675
9,129,tqwt_medianValue_dec_18,0.06226463518494918
9,130,tqwt_entropy_log_dec_27,0.06221589125098648
9,131,app_entropy_shannon_6_coef,0.062138165967164705
9,132,app_LT_TKEO_mean_1_coef,0.06207396052053804
9,133,tqwt_minValue_dec_8,0.061882446109022826
9,134,mean_MFCC_3rd_coef,0.06175479670513173
9,135,app_det_TKEO_mean_5_coef,0.06163258057661403
9,136,tqwt_maxValue_dec_10,0.06128488682411337
9,137,app_entropy_shannon_10_coef,0.06115544999265454
9,138,tqwt_maxValue_dec_7,0.0610717337997031
9,139,tqwt_energy_dec_13,0.060987932588243865
9,140,tqwt_stdValue_dec_6,0.06069843988526924
9,141,std_10th_delta,0.06057789210734432
9,142,tqwt_kurtosisValue_dec_26,0.06011150565611878
9,143,tqwt_maxValue_dec_13,0.06010347034196872
9,144,tqwt_TKEO_mean_dec_14,0.05996687656164412
9,145,meanPeriodPulses,0.059914756671281655
9,146,tqwt_entropy_log_dec_19,0.059573173821828806
9,147,std_12th_delta_delta,0.05954156338743344
9,148,tqwt_minValue_dec_9,0.059536747467447304
9,149,numPeriodsPulses,0.05932868451280582
9,150,tqwt_TKEO_mean_dec_18,0.05921200464064902
9,151,tqwt_minValue_dec_6,0.05901064787680821
9,152,tqwt_stdValue_dec_11,0.05897466113907046
9,153,tqwt_kurtosisValue_dec_36,0.05864467614627711
9,154,app_LT_TKEO_mean_6_coef,0.05845102608581554
9,155,apq11Shimmer,0.05842180518422668
9,156,tqwt_maxValue_dec_8,0.05842056920063943
9,157,tqwt_skewnessValue_dec_23,0.058301777682925326
9,158,app_LT_TKEO_mean_4_coef,0.05804514050130205
9,159,app_TKEO_std_1_coef,0.05786596655870535
9,160,std_4th_delta,0.05778285067622502
9,161,app_det_TKEO_mean_1_coef,0.057770330893574195
9,162,app_LT_TKEO_mean_9_coef,0.057705236039503394
9,163,tqwt_skewnessValue_dec_25,0.057273261709435364
9,164,tqwt_TKEO_std_dec_14,0.05712885424376957
9,165,std_7th_delta,0.056810376041857236
9,166,tqwt_entropy_shannon_dec_27,0.05664821736724024
9,167,tqwt_kurtosisValue_dec_17,0.05650212318917136
9,168,app_LT_TKEO_std_6_coef,0.05633955661553203
9,169,tqwt_medianValue_dec_25,0.05623407061962804
9,170,tqwt_stdValue_dec_18,0.056044812737241934
9,171,tqwt_TKEO_std_dec_17,0.056001877774278785
9,172,tqwt_entropy_shannon_dec_6,0.05558063814181469
9,173,app_LT_entropy_shannon_2_coef,0.05556720306070129
9,174,tqwt_stdValue_dec_7,0.05550786194933921
9,175,app_det_TKEO_mean_4_coef,0.05529171716089154
9,176,app_LT_entropy_shannon_3_coef,0.05452195859768594
9,177,app_LT_TKEO_mean_10_coef,0.054425488094764995
9,178,tqwt_entropy_log_dec_20,0.05425649604320992
9,179,tqwt_entropy_shannon_dec_19,0.054162337955875106
9,180,GNE_mean,0.054151837322468976
9,181,app_TKEO_std_6_coef,0.05401186327750129
9,182,app_det_TKEO_mean_6_coef,0.053949258966907276
9,183,tqwt_skewnessValue_dec_5,0.053922272462617826
9,184,app_entropy_shannon_1_coef,0.053900730529588436
9,185,tqwt_skewnessValue_dec_24,0.05379207413219245
9,186,tqwt_kurtosisValue_dec_27,0.05375766533946047
9,187,tqwt_TKEO_std_dec_3,0.05358089588026527
9,188,app_LT_TKEO_std_7_coef,0.05348296491164728
9,189,tqwt_TKEO_mean_dec_6,0.05343737032336904
9,190,tqwt_TKEO_mean_dec_9,0.05332864312195529
9,191,app_entropy_log_4_coef,0.05332759758270189
9,192,tqwt_TKEO_std_dec_16,0.053103615133137216
9,193,app_det_TKEO_mean_9_coef,0.0529410005171167
9,194,app_LT_entropy_log_4_coef,0.052694836860808
9,195,std_12th_delta,0.05261757486641794
9,196,numPulses,0.05260640690208729
9,197,DFA,0.05253895225146876
9,198,tqwt_medianValue_dec_30,0.052422656279790925
9,199,tqwt_energy_dec_15,0.052215636696599566
9,200,tqwt_minValue_dec_7,0.05212528697433427
9,201,tqwt_skewnessValue_dec_18,0.05206550540324373
9,202,app_LT_TKEO_mean_8_coef,0.05199550597930891
9,203,tqwt_medianValue_dec_16,0.05199039666489935
9,204,tqwt_maxValue_dec_28,0.05189958293699504
9,205,std_11th_delta,0.05165770214112153
9,206,tqwt_skewnessValue_dec_17,0.05164062632570943
9,207,tqwt_maxValue_dec_16,0.05157835163302926
9,208,app_LT_TKEO_std_4_coef,0.05143939027840028
9,209,tqwt_entropy_log_dec_14,0.05119410138669478
9,210,locShimmer,0.051024911135429285
9,211,tqwt_TKEO_std_dec_18,0.05095147210265005
9,212,tqwt_energy_dec_11,0.050832306136561645
9,213,tqwt_TKEO_std_dec_15,0.05064552477315454
9,214,tqwt_entropy_log_dec_34,0.05047895541237457
9,215,app_det_TKEO_mean_2_coef,0.050436910844474214
9,216,app_LT_TKEO_std_10_coef,0.05042705213929177
9,217,tqwt_kurtosisValue_dec_35,0.05034219101656623
9,218,tqwt_stdValue_dec_19,0.050209454612295756
9,219,app_LT_entropy_shannon_1_coef,0.04984375929685658
9,220,tqwt_energy_dec_25,0.04977767277633882
9,221,tqwt_energy_dec_24,0.049730290694902424
9,222,tqwt_skewnessValue_dec_21,0.04971472241989838
9,223,app_det_TKEO_mean_7_coef,0.04969982127913242
9,224,tqwt_entropy_log_dec_36,0.049645226158666844
9,225,tqwt_kurtosisValue_dec_6,0.04950192947461218
9,226,tqwt_entropy_log_dec_8,0.049096405604514226
9,227,tqwt_maxValue_dec_1,0.048807351356664475
9,228,std_3rd_delta_delta,0.04856630516726401
9,229,tqwt_minValue_dec_33,0.0483029063175926
9,230,IMF_NSR_TKEO,0.04822628922579275
9,231,tqwt_medianValue_dec_36,0.04812578460224737
9,232,tqwt_skewnessValue_dec_16,0.047833742842446236
9,233,tqwt_stdValue_dec_33,0.047827080068642225
9,234,det_LT_TKEO_std_2_coef,0.0476325749746358
9,235,tqwt_entropy_shannon_dec_18,0.047409136770173
9,236,Ed2_2_coef,0.04706834312488306
9,237,tqwt_kurtosisValue_dec_5,0.04697951604429185
9,238,app_entropy_log_1_coef,0.0463088913572367
9,239,tqwt_medianValue_dec_17,0.04572872435053332
9,240,tqwt_stdValue_dec_10,0.045705786948762483
9,241,app_LT_TKEO_std_9_coef,0.04561932539946101
9,242,tqwt_maxValue_dec_14,0.04561916080405215
9,243,tqwt_TKEO_mean_dec_10,0.045536316723172376
9,244,tqwt_TKEO_std_dec_10,0.04538129207616182
9,245,tqwt_entropy_shannon_dec_17,0.0452607459575014
9,246,std_5th_delta,0.04518351248643793
9,247,tqwt_maxValue_dec_35,0.045159786989662054
9,248,tqwt_kurtosisValue_dec_28,0.04514753804328797
9,249,app_det_TKEO_mean_3_coef,0.0445814588712059
9,250,tqwt_kurtosisValue_dec_23,0.0445438185080973
9,251,det_entropy_log_1_coef,0.04452075357835272
9,252,app_LT_entropy_log_1_coef,0.044492442561747
9,253,tqwt_minValue_dec_2,0.04436781672455181
9,254,tqwt_kurtosisValue_dec_2,0.044283672657754236
9,255,tqwt_entropy_log_dec_28,0.04414005252020514
9,256,tqwt_minValue_dec_14,0.044017195449095325
9,257,tqwt_energy_dec_6,0.04397465398786693
9,258,app_LT_TKEO_mean_7_coef,0.043900839901685806
9,259,tqwt_medianValue_dec_20,0.04384421323554388
9,260,tqwt_medianValue_dec_27,0.0437279058719775
9,261,Ed_4_coef,0.043688450619906005
9,262,tqwt_entropy_shannon_dec_5,0.04356288134534436
9,263,tqwt_skewnessValue_dec_11,0.043560228141364066
9,264,std_MFCC_10th_coef,0.04331637845733871
9,265,tqwt_maxValue_dec_9,0.04287057991583754
9,266,tqwt_TKEO_mean_dec_36,0.04278324157525426
9,267,tqwt_kurtosisValue_dec_19,0.042711600732213695
9,268,tqwt_minValue_dec_18,0.04265689633889824
9,269,tqwt_TKEO_mean_dec_15,0.042432649041661996
9,270,meanHarmToNoiseHarmonicity,0.04198231677693354
9,271,mean_MFCC_0th_coef,0.0418663306494198
9,272,app_LT_TKEO_std_3_coef,0.04179780110713538
9,273,tqwt_stdValue_dec_20,0.04171323921700565
9,274,stdDevPeriodPulses,0.04146048911123623
9,275,tqwt_energy_dec_5,0.041409099788814796
9,276,std_MFCC_9th_coef,0.04136690796877751
9,277,IMF_SNR_SEO,0.041344201825302296
9,278,tqwt_medianValue_dec_24,0.041305470353882434
9,279,app_TKEO_std_3_coef,0.04115837862836291
9,280,tqwt_entropy_log_dec_9,0.04113260156378162
9,281,tqwt_TKEO_mean_dec_34,0.04109664386972689
9,282,tqwt_kurtosisValue_dec_24,0.04103561553046364
9,283,app_LT_entropy_log_3_coef,0.040978889660276074
9,284,tqwt_maxValue_dec_15,0.040972371546998954
9,285,tqwt_kurtosisValue_dec_16,0.040916473280298016
9,286,tqwt_energy_dec_1,0.04091246264606485
9,287,tqwt_medianValue_dec_31,0.04061171826526788
9,288,locAbsJitter,0.040374416474229013
9,289,tqwt_medianValue_dec_9,0.04033527401807402
9,290,tqwt_skewnessValue_dec_12,0.04023649252073125
9,291,app_LT_TKEO_mean_3_coef,0.04008554161467792
9,292,tqwt_TKEO_std_dec_36,0.03983705834814222
9,293,tqwt_kurtosisValue_dec_22,0.03963668930649478
9,294,mean_2nd_delta,0.03947288528861237
9,295,std_MFCC_4th_coef,0.03937020096240862
9,296,det_LT_entropy_shannon_8_coef,0.03932650485426126
9,297,tqwt_medianValue_dec_21,0.03927070769738372
9,298,tqwt_stdValue_dec_5,0.03915457719490312
9,299,tqwt_medianValue_dec_33,0.03912823425420986
9,300,tqwt_skewnessValue_dec_3,0.03906742324575152
9,301,tqwt_TKEO_mean_dec_30,0.03901309033005984
9,302,tqwt_entropy_log_dec_21,0.03895095196295273
9,303,app_LT_TKEO_mean_5_coef,0.03890979651247206
9,304,RPDE,0.038574986443905335
9,305,locDbShimmer,0.03852770520991089
9,306,tqwt_TKEO_std_dec_19,0.038504230645819204
9,307,tqwt_minValue_dec_34,0.03836505516370825
9,308,Ed_2_coef,0.03816762131547358
9,309,mean_4th_delta,0.038061820254716494
9,310,app_TKEO_std_4_coef,0.037639534765781635
9,311,mean_MFCC_10th_coef,0.03760971487399334
9,312,tqwt_entropy_shannon_dec_34,0.037444887890167866
9,313,tqwt_energy_dec_17,0.037183135332824246
9,314,meanNoiseToHarmHarmonicity,0.03714441314802541
9,315,tqwt_skewnessValue_dec_27,0.036892188291468564
9,316,std_MFCC_8th_coef,0.03667318412706688
9,317,app_LT_TKEO_mean_2_coef,0.03663222437970637
9,318,tqwt_entropy_shannon_dec_9,0.03655653903684497
9,319,tqwt_medianValue_dec_35,0.036522541658490226
9,320,tqwt_entropy_log_dec_4,0.03645463410450955
9,321,tqwt_entropy_shannon_dec_20,0.036330978908953204
9,322,tqwt_entropy_shannon_dec_33,0.03618347851925896
9,323,tqwt_TKEO_std_dec_20,0.036034880381418555
9,324,tqwt_kurtosisValue_dec_1,0.03576374846422725
9,325,tqwt_stdValue_dec_30,0.035736742709869596
9,326,app_LT_TKEO_std_1_coef,0.03568228507657367
9,327,tqwt_medianValue_dec_22,0.03516365465903615
9,328,std_2nd_delta,0.03500199888640254
9,329,tqwt_entropy_log_dec_7,0.03485831803468753
9,330,apq5Shimmer,0.03464205031314749
9,331,tqwt_kurtosisValue_dec_12,0.03463715964138192
9,332,tqwt_energy_dec_30,0.03440989422407448
9,333,tqwt_maxValue_dec_34,0.03407782248982305
9,334,det_entropy_log_10_coef,0.034063602397117476
9,335,mean_MFCC_5th_coef,0.03381180946579132
9,336,tqwt_energy_dec_14,0.03380547828342362
9,337,f1,0.03364370257799432
9,338,det_TKEO_mean_1_coef,0.03363988498385084
9,339,tqwt_skewnessValue_dec_1,0.03359335851200984
9,340,tqwt_TKEO_mean_dec_19,0.0335766179769208
9,341,tqwt_minValue_dec_23,0.03331342625484024
9,342,GQ_std_cycle_open,0.03319235793945108
9,343,tqwt_kurtosisValue_dec_20,0.03318277453075713
9,344,tqwt_TKEO_mean_dec_5,0.03316596433350072
9,345,tqwt_TKEO_mean_dec_26,0.033103636431918604
9,346,tqwt_stdValue_dec_4,0.033096464095641265
9,347,std_MFCC_1st_coef,0.03308788085794956
9,348,tqwt_stdValue_dec_9,0.03296433985193792
9,349,mean_MFCC_1st_coef,0.032961705920664164
9,350,tqwt_entropy_log_dec_18,0.032900588476395765
9,351,tqwt_TKEO_mean_dec_7,0.03281717408723983
9,352,tqwt_medianValue_dec_13,0.03273412091535155
9,353,tqwt_stdValue_dec_34,0.032463300786744975
9,354,std_MFCC_5th_coef,0.032426571540548954
9,355,tqwt_maxValue_dec_3,0.032400901468398136
9,356,tqwt_skewnessValue_dec_8,0.03236136406612111
9,357,tqwt_minValue_dec_3,0.03160214244009829
9,358,tqwt_minValue_dec_20,0.03115324961534416
9,359,tqwt_maxValue_dec_2,0.031125391577730532
9,360,tqwt_kurtosisValue_dec_34,0.030957710517770298
9,361,mean_0th_delta,0.03080108900975498
9,362,tqwt_medianValue_dec_7,0.030493578194498383
9,363,mean_MFCC_6th_coef,0.03044425012165619
9,364,VFER_NSR_SEO,0.03027703609951815
9,365,tqwt_meanValue_dec_31,0.030185088850698705
9,366,tqwt_skewnessValue_dec_33,0.030071546494152335
9,367,tqwt_entropy_shannon_dec_1,0.03006554340707779
9,368,tqwt_entropy_shannon_dec_4,0.029992069500263563
9,369,tqwt_stdValue_dec_21,0.029915906905181755
9,370,det_LT_TKEO_std_1_coef,0.029793941458139184
9,371,tqwt_entropy_log_dec_33,0.02979264931500958
9,372,tqwt_minValue_dec_4,0.029725164115007585
9,373,tqwt_entropy_log_dec_1,0.02966490914586184
9,374,tqwt_entropy_log_dec_3,0.029575371981718224
9,375,meanAutoCorrHarmonicity,0.029485587653797163
9,376,mean_Log_energy,0.02936537569787734
9,377,tqwt_medianValue_dec_5,0.02924461229844333
9,378,IMF_NSR_entropy,0.029230255912882752
9,379,tqwt_TKEO_std_dec_2,0.029177897076279713
9,380,tqwt_TKEO_std_dec_35,0.0291197873954665
9,381,tqwt_energy_dec_10,0.029099397133308225
9,382,GNE_std,0.029076420196223696
9,383,GNE_SNR_SEO,0.02902610843714415
9,384,tqwt_medianValue_dec_4,0.02893146156214721
9,385,ddpJitter,0.028884838115226907
9,386,tqwt_maxValue_dec_4,0.02871378889515319
9,387,tqwt_skewnessValue_dec_35,0.028617561981103767
9,388,tqwt_meanValue_dec_7,0.02855385178512071
9,389,std_5th_delta_delta,0.02843901504943025
9,390,tqwt_minValue_dec_27,0.02835457556056853
9,391,tqwt_TKEO_mean_dec_32,0.028230752119565494
9,392,tqwt_entropy_shannon_dec_21,0.02786652767957265
9,393,tqwt_skewnessValue_dec_20,0.027790864227552614
9,394,det_LT_entropy_log_1_coef,0.02766811596298191
9,395,tqwt_stdValue_dec_35,0.027543945477853216
9,396,det_LT_TKEO_mean_5_coef,0.027478367267481874
9,397,tqwt_TKEO_std_dec_9,0.027385885029049373
9,398,tqwt_maxValue_dec_21,0.027244326043357914
9,399,det_TKEO_std_3_coef,0.027209810266628498
9,400,det_LT_entropy_log_2_coef,0.027160442556333875
9,401,VFER_entropy,0.02715382938672306
9,402,det_LT_TKEO_mean_4_coef,0.02708493632630815
9,403,det_LT_TKEO_mean_3_coef,0.0268540837131217
9,404,tqwt_kurtosisValue_dec_25,0.02621470965400441
9,405,tqwt_TKEO_mean_dec_28,0.026210879137087195
9,406,det_LT_TKEO_mean_8_coef,0.026021962315861735
9,407,mean_delta_delta_log_energy,0.0259729338159842
9,408,tqwt_medianValue_dec_15,0.0258200140099194
9,409,tqwt_TKEO_mean_dec_4,0.02580201814672578
9,410,tqwt_meanValue_dec_19,0.025602395877186268
9,411,tqwt_energy_dec_32,0.025139523705832723
9,412,det_LT_entropy_shannon_4_coef,0.02512510661745715
9,413,tqwt_medianValue_dec_19,0.024812319984216513
9,414,det_entropy_log_6_coef,0.024742234358897885
9,415,tqwt_energy_dec_21,0.024549399444368403
9,416,tqwt_kurtosisValue_dec_13,0.02449678598606364
9,417,tqwt_stdValue_dec_27,0.02403321124661706
9,418,std_MFCC_7th_coef,0.0239411094112687
9,419,GQ_prc5_95,0.0238088157407359
9,420,rapJitter,0.023770732229734914
9,421,tqwt_kurtosisValue_dec_4,0.023674337442956883
9,422,tqwt_kurtosisValue_dec_15,0.023635671033745975
9,423,tqwt_TKEO_std_dec_23,0.02360937350149528
9,424,det_TKEO_mean_2_coef,0.023572997471703383
9,425,tqwt_entropy_shannon_dec_26,0.02355302771686807
9,426,tqwt_TKEO_mean_dec_33,0.02343357510888655
9,427,tqwt_TKEO_std_dec_26,0.02316333177331953
9,428,tqwt_maxValue_dec_22,0.02303429745363017
9,429,tqwt_TKEO_std_dec_4,0.022930900116489905
9,430,tqwt_maxValue_dec_33,0.02292540815197719
9,431,IMF_SNR_TKEO,0.022879995893975158
9,432,tqwt_entropy_shannon_dec_3,0.022830998511921274
9,433,Ed_8_coef,0.022703159919561733
9,434,tqwt_TKEO_std_dec_22,0.022674787099591587
9,435,mean_MFCC_4th_coef,0.0225311861356865
9,436,tqwt_TKEO_std_dec_27,0.022368260889159775
9,437,mean_delta_log_energy,0.022316891124868565
9,438,tqwt_medianValue_dec_1,0.02224366051449911
9,439,tqwt_energy_dec_8,0.022216296383719802
9,440,tqwt_maxValue_dec_18,0.02216575420408473
9,441,tqwt_TKEO_std_dec_32,0.022017417583410914
9,442,det_LT_TKEO_mean_1_coef,0.021988412523844758
9,443,det_entropy_log_4_coef,0.02188902691449246
9,444,mean_11th_delta,0.021828984945953867
9,445,tqwt_meanValue_dec_23,0.021511541537609036
9,446,tqwt_stdValue_dec_32,0.021468731996767465
9,447,tqwt_TKEO_mean_dec_27,0.021457137556406325
9,448,tqwt_skewnessValue_dec_28,0.02144405047346587
9,449,tqwt_meanValue_dec_25,0.021436532407771658
9,450,tqwt_entropy_shannon_dec_24,0.021426702615265913
9,451,tqwt_energy_dec_28,0.021148524640415944
9,452,tqwt_entropy_shannon_dec_32,0.02112713889336515
9,453,std_MFCC_12th_coef,0.020976011014222973
9,454,tqwt_maxValue_dec_23,0.0209518966726312
9,455,tqwt_maxValue_dec_19,0.020920903244878497
9,456,tqwt_medianValue_dec_11,0.0209046125436394
9,457,tqwt_TKEO_std_dec_21,0.020832770779815046
9,458,tqwt_minValue_dec_19,0.020805492122645042
9,459,tqwt_kurtosisValue_dec_11,0.02049890036319879
9,460,std_MFCC_11th_coef,0.020315842452582666
9,461,tqwt_TKEO_mean_dec_20,0.020312219741734028
9,462,tqwt_energy_dec_29,0.02027498392532423
9,463,det_entropy_shannon_4_coef,0.020139091626279804
9,464,tqwt_maxValue_dec_6,0.0200478391533907
9,465,tqwt_TKEO_mean_dec_3,0.019976459405751212
9,466,tqwt_medianValue_dec_6,0.019960574059386005
9,467,tqwt_maxValue_dec_5,0.019764436460237178
9,468,det_LT_entropy_log_4_coef,0.019661837957456463
9,469,VFER_std,0.019660665333516958
9,470,tqwt_meanValue_dec_16,0.019485687848128652
9,471,tqwt_minValue_dec_35,0.019256058303883217
9,472,tqwt_TKEO_std_dec_1,0.019019553404839185
9,473,tqwt_medianValue_dec_3,0.019005336351839208
9,474,det_LT_entropy_shannon_3_coef,0.018964152484350016
9,475,det_entropy_shannon_7_coef,0.018703307689863502
9,476,mean_4th_delta_delta,0.018679240179666268
9,477,Ed2_4_coef,0.018639287002358396
9,478,std_MFCC_6th_coef,0.018450935595063944
9,479,tqwt_TKEO_std_dec_5,0.018322617518651496
9,480,std_delta_delta_0th,0.018101510834055645
9,481,det_TKEO_std_1_coef,0.01799151136028354
9,482,tqwt_minValue_dec_25,0.01773294944441295
9,483,tqwt_TKEO_mean_dec_2,0.01765163485296317
9,484,tqwt_meanValue_dec_20,0.017589438624893594
9,485,tqwt_skewnessValue_dec_19,0.01723874722163199
9,486,det_TKEO_std_5_coef,0.0172366659674712
9,487,tqwt_maxValue_dec_20,0.016949742929994738
9,488,b4,0.01693249254777829
9,489,GQ_std_cycle_closed,0.01686331608868863
9,490,tqwt_TKEO_std_dec_28,0.01641989942040456
9,491,tqwt_stdValue_dec_24,0.01636839583229288
9,492,tqwt_meanValue_dec_36,0.01633089420425482
9,493,f3,0.016244528989803664
9,494,tqwt_meanValue_dec_24,0.016118548530011267
9,495,det_LT_entropy_shannon_2_coef,0.016112440662440886
9,496,tqwt_energy_dec_3,0.016025813718831383
9,497,tqwt_entropy_log_dec_23,0.015941473627556713
9,498,tqwt_energy_dec_33,0.015552130093092975
9,499,det_entropy_shannon_3_coef,0.015410025676120487
9,500,tqwt_minValue_dec_5,0.015173433856280782
9,501,det_LT_TKEO_std_7_coef,0.015012688773480942
9,502,tqwt_entropy_log_dec_22,0.01500301357231737
9,503,tqwt_meanValue_dec_6,0.01499673050448136
9,504,tqwt_stdValue_dec_3,0.014965483737010787
9,505,tqwt_skewnessValue_dec_32,0.014873014746574098
9,506,tqwt_meanValue_dec_35,0.014849509948719808
9,507,gender,0.014793074875013135
9,508,tqwt_entropy_shannon_dec_10,0.01470827672423014
9,509,std_2nd_delta_delta,0.014582416117678187
9,510,tqwt_TKEO_std_dec_31,0.014254204505023571
9,511,tqwt_energy_dec_4,0.014135792651766899
9,512,tqwt_medianValue_dec_29,0.014048706712595171
9,513,mean_MFCC_11th_coef,0.014044648837559404
9,514,det_TKEO_mean_5_coef,0.013627928512671028
9,515,tqwt_entropy_shannon_dec_29,0.013573201949799829
9,516,Ed2_8_coef,0.013514727084573464
9,517,tqwt_maxValue_dec_32,0.01341409223986001
9,518,tqwt_stdValue_dec_1,0.013296749643824324
9,519,VFER_SNR_TKEO,0.013286510493619286
9,520,tqwt_stdValue_dec_28,0.013269542859474459
9,521,det_LT_TKEO_std_4_coef,0.013021843203677275
9,522,mean_1st_delta_delta,0.012953860087197677
9,523,std_1st_delta,0.012879908664299222
9,524,tqwt_skewnessValue_dec_29,0.01269192521123208
9,525,tqwt_energy_dec_2,0.012687558025195722
9,526,tqwt_meanValue_dec_8,0.012616997887029191
9,527,tqwt_TKEO_std_dec_34,0.012572013566254592
9,528,Ed_9_coef,0.012569288904843434
9,529,tqwt_energy_dec_18,0.012293840100678244
9,530,tqwt_TKEO_std_dec_25,0.012147616799139227
9,531,det_LT_TKEO_mean_6_coef,0.012056598547031783
9,532,Ed_3_coef,0.012011188460782973
9,533,tqwt_medianValue_dec_14,0.011895391237576991
9,534,VFER_mean,0.011762687409557993
9,535,tqwt_kurtosisValue_dec_30,0.011673302935401475
9,536,Ed_10_coef,0.011516335499234032
9,537,tqwt_meanValue_dec_34,0.011500280462101387
9,538,det_LT_TKEO_mean_10_coef,0.011473020465986083
9,539,tqwt_TKEO_mean_dec_23,0.011424322104840678
9,540,tqwt_stdValue_dec_23,0.011386178177577921
9,541,det_LT_entropy_shannon_10_coef,0.01120725220705654
9,542,IMF_SNR_entropy,0.011130164612669358
9,543,tqwt_TKEO_mean_dec_35,0.011074583446640363
9,544,tqwt_entropy_log_dec_2,0.010981054837986948
9,545,tqwt_kurtosisValue_dec_3,0.010937182996727968
9,546,tqwt_meanValue_dec_29,0.01092225463449914
9,547,mean_6th_delta,0.010591208843278244
9,548,mean_MFCC_12th_coef,0.010329952097271278
9,549,det_LT_entropy_shannon_9_coef,0.00973824441116422
9,550,IMF_NSR_SEO,0.009240263106941704
9,551,tqwt_maxValue_dec_27,0.008948161617466921
9,552,det_TKEO_std_2_coef,0.008679237189901823
9,553,det_LT_TKEO_mean_2_coef,0.008659145724912332
9,554,tqwt_entropy_shannon_dec_22,0.00853480774112314
9,555,det_LT_TKEO_std_8_coef,0.00850715301291971
9,556,tqwt_entropy_log_dec_32,0.008375910488743976
9,557,tqwt_maxValue_dec_36,0.008212375639092162
9,558,tqwt_meanValue_dec_15,0.007724969520588987
9,559,tqwt_energy_dec_9,0.0074392682220154605
9,560,Ed2_1_coef,0.00738919263240323
9,561,tqwt_medianValue_dec_2,0.007350331879505401
9,562,tqwt_energy_dec_35,0.007337983368168155
9,563,mean_MFCC_9th_coef,0.007298081115462152
9,564,det_entropy_log_2_coef,0.007272116055729416
9,565,tqwt_entropy_log_dec_29,0.007197049899260843
9,566,det_entropy_log_7_coef,0.007143758155330193
9,567,tqwt_energy_dec_22,0.007012287056606725
9,568,GNE_NSR_SEO,0.007004714959352398
9,569,mean_8th_delta,0.006912864022162513
9,570,ddaShimmer,0.006719028824142548
9,571,tqwt_skewnessValue_dec_34,0.006718162502921343
9,572,det_TKEO_std_8_coef,0.006706062301303106
9,573,tqwt_kurtosisValue_dec_29,0.006696492244849361
9,574,tqwt_maxValue_dec_25,0.006553399182747777
9,575,tqwt_maxValue_dec_31,0.006195725623557413
9,576,mean_11th_delta_delta,0.00611773685516348
9,577,tqwt_energy_dec_20,0.006102815443677967
9,578,tqwt_meanValue_dec_10,0.006091460185922548
9,579,Ed2_5_coef,0.00605644415212514
9,580,det_LT_TKEO_mean_9_coef,0.005925112389226772
9,581,tqwt_minValue_dec_30,0.005675809005420085
9,582,tqwt_minValue_dec_31,0.005610967847684778
9,583,tqwt_meanValue_dec_21,0.005355075082477789
9,584,apq3Shimmer,0.005015638333944805
9,585,det_LT_TKEO_std_3_coef,0.004861552197561236
9,586,tqwt_meanValue_dec_1,0.004511439998359679
9,587,tqwt_minValue_dec_22,0.004503942355314594
9,588,tqwt_minValue_dec_28,0.004390986119949147
9,589,tqwt_minValue_dec_21,0.004104231424668203
9,590,tqwt_skewnessValue_dec_2,0.004032162579813869
9,591,tqwt_TKEO_std_dec_29,0.004031696633419735
9,592,mean_7th_delta_delta,0.0038122796771611345
9,593,det_entropy_shannon_2_coef,0.003757137355349105
9,594,mean_delta_delta_0th,0.003691475622470408
9,595,f2,0.0036298791381836892
9,596,tqwt_TKEO_mean_dec_1,0.003606074978020235
9,597,mean_12th_delta,0.0035189596481506324
9,598,mean_12th_delta_delta,0.003474018293833092
9,599,det_TKEO_mean_9_coef,0.003456800811421301
9,600,tqwt_maxValue_dec_29,0.003313334095935039
9,601,tqwt_minValue_dec_1,0.003242454812778961
9,602,tqwt_maxValue_dec_26,0.003213702194235779
9,603,tqwt_energy_dec_31,0.003107795190104179
9,604,tqwt_stdValue_dec_26,0.0029164492255446817
9,605,Ed_6_coef,0.0027086090805503726
9,606,tqwt_stdValue_dec_22,0.002575551191729142
9,607,tqwt_entropy_shannon_dec_2,0.002335127256542391
9,608,b3,0.0022043255494075265
9,609,b2,0.002196185611865742
9,610,PPE,0.0020942339944725052
9,611,GNE_SNR_TKEO,0.0019365298061444491
9,612,tqwt_meanValue_dec_3,0.0019072004607940674
9,613,f4,0.0018016439037009668
9,614,tqwt_stdValue_dec_2,0.0015927412408327513
9,615,mean_10th_delta_delta,0.0015865953855767057
9,616,tqwt_energy_dec_34,0.001578951383469418
9,617,det_entropy_shannon_1_coef,0.0015587503706515626
9,618,tqwt_kurtosisValue_dec_9,0.0015453169688086632
9,619,tqwt_skewnessValue_dec_7,0.0015099695570803817
9,620,tqwt_meanValue_dec_4,0.001477305908602622
9,621,mean_3rd_delta_delta,0.0013985258887920793
9,622,tqwt_skewnessValue_dec_6,0.0013851323034737018
9,623,Ed2_9_coef,0.001309825094106154
9,624,tqwt_meanValue_dec_2,0.0012051837512323527
9,625,mean_MFCC_8th_coef,0.001101362493413749
9,626,det_entropy_shannon_8_coef,0.0008307938829579253
9,627,Ed_5_coef,0.0006601491235302959
9,628,tqwt_TKEO_std_dec_33,0.0006252664813639619
9,629,det_LT_entropy_shannon_1_coef,0.0005354923414651047
9,630,det_TKEO_mean_3_coef,0.00018806727557496572
9,631,det_LT_TKEO_std_5_coef,0.0001359574341759373
9,632,std_MFCC_3rd_coef,0.00013401291076231558
9,633,GNE_NSR_TKEO,0.00012676876084749544
9,634,Ea,0.0
9,635,Ea2,0.0
9,636,Ed2_10_coef,0.0
9,637,Ed2_6_coef,0.0
9,638,Ed2_7_coef,0.0
9,639,Ed_1_coef,0.0
9,640,Ed_7_coef,0.0
9,641,VFER_NSR_TKEO,0.0
9,642,VFER_SNR_SEO,0.0
9,643,b1,0.0
9,644,det_LT_TKEO_mean_7_coef,0.0
9,645,det_LT_TKEO_std_10_coef,0.0
9,646,det_LT_TKEO_std_6_coef,0.0
9,647,det_LT_TKEO_std_9_coef,0.0
9,648,det_LT_entropy_log_10_coef,0.0
9,649,det_LT_entropy_log_3_coef,0.0
9,650,det_LT_entropy_log_5_coef,0.0
9,651,det_LT_entropy_log_6_coef,0.0
9,652,det_LT_entropy_log_7_coef,0.0
9,653,det_LT_entropy_log_8_coef,0.0
9,654,det_LT_entropy_log_9_coef,0.0
9,655,det_LT_entropy_shannon_5_coef,0.0
9,656,det_LT_entropy_shannon_6_coef,0.0
9,657,det_LT_entropy_shannon_7_coef,0.0
9,658,det_TKEO_mean_10_coef,0.0
9,659,det_TKEO_mean_4_coef,0.0
9,660,det_TKEO_mean_6_coef,0.0
9,661,det_TKEO_mean_7_coef,0.0
9,662,det_TKEO_mean_8_coef,0.0
9,663,det_TKEO_std_10_coef,0.0
9,664,det_TKEO_std_4_coef,0.0
9,665,det_TKEO_std_6_coef,0.0
9,666,det_TKEO_std_7_coef,0.0
9,667,det_TKEO_std_9_coef,0.0
9,668,det_entropy_log_3_coef,0.0
9,669,det_entropy_log_5_coef,0.0
9,670,det_entropy_log_8_coef,0.0
9,671,det_entropy_log_9_coef,0.0
9,672,det_entropy_shannon_10_coef,0.0
9,673,det_entropy_shannon_5_coef,0.0
9,674,det_entropy_shannon_6_coef,0.0
9,675,det_entropy_shannon_9_coef,0.0
9,676,mean_10th_delta,0.0
9,677,mean_1st_delta,0.0
9,678,mean_2nd_delta_delta,0.0
9,679,mean_3rd_delta,0.0
9,680,mean_5th_delta,0.0
9,681,mean_5th_delta_delta,0.0
9,682,mean_6th_delta_delta,0.0
9,683,mean_7th_delta,0.0
9,684,mean_8th_delta_delta,0.0
9,685,mean_9th_delta,0.0
9,686,mean_9th_delta_delta,0.0
9,687,mean_MFCC_7th_coef,0.0
9,688,std_0th_delta,0.0
9,689,std_1st_delta_delta,0.0
9,690,std_MFCC_0th_coef,0.0
9,691,std_MFCC_2nd_coef,0.0
9,692,tqwt_TKEO_mean_dec_21,0.0
9,693,tqwt_TKEO_mean_dec_22,0.0
9,694,tqwt_TKEO_mean_dec_24,0.0
9,695,tqwt_TKEO_mean_dec_25,0.0
9,696,tqwt_TKEO_mean_dec_29,0.0
9,697,tqwt_TKEO_mean_dec_31,0.0
9,698,tqwt_TKEO_std_dec_24,0.0
9,699,tqwt_TKEO_std_dec_30,0.0
9,700,tqwt_energy_dec_19,0.0
9,701,tqwt_energy_dec_23,0.0
9,702,tqwt_energy_dec_36,0.0
9,703,tqwt_energy_dec_7,0.0
9,704,tqwt_entropy_log_dec_24,0.0
9,705,tqwt_entropy_log_dec_25,0.0
9,706,tqwt_entropy_log_dec_30,0.0
9,707,tqwt_entropy_log_dec_31,0.0
9,708,tqwt_entropy_shannon_dec_23,0.0
9,709,tqwt_entropy_shannon_dec_25,0.0
9,710,tqwt_entropy_shannon_dec_28,0.0
9,711,tqwt_entropy_shannon_dec_30,0.0
9,712,tqwt_entropy_shannon_dec_31,0.0
9,713,tqwt_kurtosisValue_dec_10,0.0
9,714,tqwt_kurtosisValue_dec_14,0.0
9,715,tqwt_kurtosisValue_dec_21,0.0
9,716,tqwt_kurtosisValue_dec_31,0.0
9,717,tqwt_kurtosisValue_dec_32,0.0
9,718,tqwt_kurtosisValue_dec_33,0.0
9,719,tqwt_kurtosisValue_dec_7,0.0
9,720,tqwt_kurtosisValue_dec_8,0.0
9,721,tqwt_maxValue_dec_24,0.0
9,722,tqwt_maxValue_dec_30,0.0
9,723,tqwt_meanValue_dec_11,0.0
9,724,tqwt_meanValue_dec_12,0.0
9,725,tqwt_meanValue_dec_13,0.0
9,726,tqwt_meanValue_dec_14,0.0
9,727,tqwt_meanValue_dec_17,0.0
9,728,tqwt_meanValue_dec_18,0.0
9,729,tqwt_meanValue_dec_22,0.0
9,730,tqwt_meanValue_dec_26,0.0
9,731,tqwt_meanValue_dec_27,0.0
9,732,tqwt_meanValue_dec_28,0.0
9,733,tqwt_meanValue_dec_30,0.0
9,734,tqwt_meanValue_dec_32,0.0
9,735,tqwt_meanValue_dec_33,0.0
9,736,tqwt_meanValue_dec_5,0.0
9,737,tqwt_meanValue_dec_9,0.0
9,738,tqwt_medianValue_dec_28,0.0
9,739,tqwt_medianValue_dec_32,0.0
9,740,tqwt_minValue_dec_24,0.0
9,741,tqwt_minValue_dec_26,0.0
9,742,tqwt_minValue_dec_29,0.0
9,743,tqwt_minValue_dec_32,0.0
9,744,tqwt_minValue_dec_36,0.0
9,745,tqwt_skewnessValue_dec_10,0.0
9,746,tqwt_skewnessValue_dec_14,0.0
9,747,tqwt_skewnessValue_dec_15,0.0
9,748,tqwt_skewnessValue_dec_31,0.0
9,749,tqwt_skewnessValue_dec_4,0.0
9,750,tqwt_skewnessValue_dec_9,0.0
9,751,tqwt_stdValue_dec_25,0.0
9,752,tqwt_stdValue_dec_29,0.0
9,753,tqwt_stdValue_dec_31,0.0
10,1,std_8th_delta_delta,0.1109184377744481
10,2,tqwt_entropy_log_dec_35,0.10926256977867843
10,3,tqwt_entropy_log_dec_11,0.10814559231119181
10,4,mean_MFCC_2nd_coef,0.10709973823146712
10,5,tqwt_maxValue_dec_12,0.10471268259876187
10,6,tqwt_TKEO_mean_dec_16,0.1029555271797209
10,7,tqwt_stdValue_dec_12,0.10075499750392924
10,8,app_LT_entropy_shannon_7_coef,0.1002704932703995
10,9,minIntensity,0.09701918056194381
10,10,tqwt_TKEO_std_dec_12,0.09498427029441836
10,11,std_delta_delta_log_energy,0.09445003186037426
10,12,tqwt_TKEO_std_dec_11,0.09423930192322216
10,13,tqwt_energy_dec_27,0.09345396321076205
10,14,tqwt_medianValue_dec_8,0.09222352064873363
10,15,tqwt_entropy_log_dec_12,0.09210402663969819
10,16,app_entropy_log_5_coef,0.09152465306235369
10,17,app_LT_entropy_shannon_9_coef,0.0912902115958314
10,18,app_entropy_shannon_5_coef,0.09119507540353311
10,19,app_LT_entropy_shannon_6_coef,0.0910846471479958
10,20,app_LT_entropy_shannon_8_coef,0.09107946487260277
10,21,tqwt_TKEO_mean_dec_11,0.09087796587698072
10,22,app_LT_entropy_shannon_10_coef,0.09081537868396516
10,23,tqwt_TKEO_std_dec_13,0.090131356965649
10,24,tqwt_minValue_dec_11,0.08990380796618869
10,25,app_LT_entropy_log_6_coef,0.08960607005850507
10,26,app_entropy_shannon_8_coef,0.08906657025577536
10,27,app_entropy_shannon_9_coef,0.08905916881017739
10,28,std_8th_delta,0.08901246125181195
10,29,tqwt_stdValue_dec_15,0.0887697480816918
10,30,app_entropy_shannon_4_coef,0.08749726530598867
10,31,tqwt_entropy_log_dec_17,0.0869818925697805
10,32,tqwt_minValue_dec_10,0.08694569195481372
10,33,tqwt_entropy_shannon_dec_14,0.08652799518056042
10,34,app_entropy_shannon_6_coef,0.08638788815076426
10,35,app_entropy_log_7_coef,0.08635848072428698
10,36,tqwt_entropy_log_dec_16,0.08632100077335547
10,37,std_6th_delta_delta,0.08618415615264685
10,38,tqwt_TKEO_mean_dec_12,0.08611127942723251
10,39,app_LT_entropy_log_7_coef,0.08593572804330374
10,40,tqwt_minValue_dec_12,0.08586295801820976
10,41,tqwt_maxValue_dec_11,0.08532192827217622
10,42,app_LT_entropy_log_9_coef,0.08525144339485347
10,43,app_LT_entropy_log_10_coef,0.08459730861783266
10,44,app_LT_entropy_log_8_coef,0.08457841353680151
10,45,std_3rd_delta,0.08449511228171613
10,46,tqwt_TKEO_mean_dec_13,0.08398549611636308
10,47,meanIntensity,0.08326712090918975
10,48,app_entropy_shannon_7_coef,0.08309745004083391
10,49,app_entropy_log_10_coef,0.08288501835223916
10,50,std_Log_energy,0.08253473015137591
10,51,app_entropy_shannon_10_coef,0.08240978221577433
10,52,app_entropy_log_9_coef,0.08167020187228524
10,53,tqwt_entropy_shannon_dec_35,0.08142112101526466
10,54,tqwt_kurtosisValue_dec_26,0.08105863279424752
10,55,tqwt_skewnessValue_dec_23,0.08105616720056741
10,56,std_9th_delta,0.08073156258697334
10,57,tqwt_maxValue_dec_17,0.08059447469328274
10,58,tqwt_entropy_shannon_dec_15,0.08032995394026199
10,59,app_LT_TKEO_std_5_coef,0.08018628054228283
10,60,std_delta_log_energy,0.0799379415561925
10,61,maxIntensity,0.07978253891968268
10,62,tqwt_entropy_shannon_dec_12,0.07931601668411314
10,63,app_entropy_log_8_coef,0.07891771899865718
10,64,tqwt_minValue_dec_15,0.07779381037464272
10,65,tqwt_medianValue_dec_23,0.07680357845391872
10,66,tqwt_TKEO_std_dec_14,0.07672705144105496
10,67,app_LT_TKEO_std_8_coef,0.07671462889976
10,68,std_9th_delta_delta,0.07666046768600276
10,69,tqwt_medianValue_dec_10,0.07639700237050495
10,70,locPctJitter,0.07615870286003723
10,71,app_TKEO_std_2_coef,0.07582443315416354
10,72,tqwt_energy_dec_26,0.07558320608278879
10,73,tqwt_TKEO_std_dec_6,0.07553756488396779
10,74,app_entropy_log_6_coef,0.07553331965353349
10,75,tqwt_TKEO_std_dec_8,0.07529391819102638
10,76,tqwt_skewnessValue_dec_25,0.0749313183201219
10,77,app_LT_entropy_shannon_4_coef,0.07492423019997285
10,78,tqwt_minValue_dec_13,0.0746390845041689
10,79,tqwt_entropy_log_dec_15,0.07436743623652475
10,80,tqwt_entropy_shannon_dec_11,0.0739187689869858
10,81,ddpJitter,0.07370093606115913
10,82,tqwt_medianValue_dec_25,0.07369130519306322
10,83,tqwt_medianValue_dec_26,0.07318415506769549
10,84,tqwt_TKEO_mean_dec_8,0.07289150205122596
10,85,tqwt_TKEO_std_dec_7,0.07278425118412857
10,86,tqwt_kurtosisValue_dec_36,0.07265037355253279
10,87,tqwt_entropy_log_dec_10,0.07230882939546746
10,88,tqwt_entropy_shannon_dec_8,0.07230412005572395
10,89,tqwt_maxValue_dec_16,0.07190650899633022
10,90,tqwt_entropy_shannon_dec_36,0.07179606976715269
10,91,app_LT_TKEO_mean_1_coef,0.0716654912953072
10,92,app_LT_entropy_log_5_coef,0.07128939322251782
10,93,tqwt_entropy_log_dec_13,0.0710808438560746
10,94,tqwt_stdValue_dec_11,0.07105479801953485
10,95,tqwt_minValue_dec_17,0.07102056341885299
10,96,tqwt_kurtosisValue_dec_6,0.07086025268420348
10,97,tqwt_energy_dec_16,0.07066400953242957
10,98,tqwt_stdValue_dec_13,0.07019150808399943
10,99,tqwt_stdValue_dec_6,0.07018291585949288
10,100,tqwt_medianValue_dec_16,0.07014127127917935
10,101,app_LT_entropy_shannon_5_coef,0.06966996104961587
10,102,std_5th_delta,0.06948560002509674
10,103,tqwt_entropy_shannon_dec_13,0.06936746401410132
10,104,tqwt_skewnessValue_dec_36,0.06907313274423954
10,105,tqwt_TKEO_mean_dec_7,0.06793063186285786
10,106,tqwt_TKEO_mean_dec_17,0.06791626941792739
10,107,std_6th_delta,0.06783477678790417
10,108,app_TKEO_std_9_coef,0.0676979112484879
10,109,tqwt_skewnessValue_dec_26,0.06745173969399842
10,110,app_entropy_log_2_coef,0.06694540668766558
10,111,tqwt_medianValue_dec_12,0.06559858201375901
10,112,app_det_TKEO_mean_1_coef,0.06552952123121214
10,113,app_LT_TKEO_mean_9_coef,0.06534527761362474
10,114,std_7th_delta_delta,0.06510848108585754
10,115,std_11th_delta_delta,0.0650599408094974
10,116,tqwt_energy_dec_13,0.06503834843655754
10,117,app_LT_TKEO_mean_8_coef,0.06480894477670818
10,118,tqwt_TKEO_std_dec_16,0.06461477760958756
10,119,tqwt_entropy_log_dec_19,0.06404844518697117
10,120,tqwt_entropy_log_dec_8,0.06387257936987512
10,121,app_LT_entropy_shannon_3_coef,0.06364070944159028
10,122,app_LT_entropy_log_2_coef,0.06361418775939609
10,123,tqwt_entropy_shannon_dec_7,0.06353830511662228
10,124,tqwt_stdValue_dec_7,0.06337700858637874
10,125,app_LT_TKEO_mean_4_coef,0.06325933298618347
10,126,tqwt_minValue_dec_8,0.06320401385927865
10,127,app_entropy_shannon_3_coef,0.06266710103293693
10,128,DFA,0.06248481117847726
10,129,tqwt_TKEO_mean_dec_9,0.06235059509276142
10,130,tqwt_minValue_dec_16,0.06216858818160942
10,131,tqwt_minValue_dec_9,0.06209491187298832
10,132,std_3rd_delta_delta,0.06191863850567447
10,133,tqwt_energy_dec_25,0.061586183999801314
10,134,tqwt_maxValue_dec_13,0.061483675212357314
10,135,app_LT_TKEO_std_2_coef,0.061458734364224776
10,136,tqwt_minValue_dec_14,0.0614108300740801
10,137,ppq5Jitter,0.061168711847434
10,138,numPeriodsPulses,0.06113570298936821
10,139,app_LT_entropy_shannon_2_coef,0.061055586415838414
10,140,tqwt_TKEO_mean_dec_15,0.06096932979249159
10,141,tqwt_medianValue_dec_34,0.060688364313240095
10,142,tqwt_TKEO_mean_dec_19,0.060616349382871304
10,143,tqwt_entropy_log_dec_6,0.06032294862173582
10,144,tqwt_entropy_log_dec_26,0.06027334554442376
10,145,app_LT_TKEO_std_6_coef,0.06005757482321128
10,146,tqwt_stdValue_dec_17,0.05984841860278478
10,147,tqwt_maxValue_dec_7,0.05976153507683657
10,148,tqwt_TKEO_mean_dec_18,0.059588700078906154
10,149,tqwt_skewnessValue_dec_13,0.05925966213829659
10,150,tqwt_minValue_dec_6,0.059158687820931366
10,151,app_entropy_log_3_coef,0.05887055620681858
10,152,tqwt_stdValue_dec_14,0.058824016489139375
10,153,tqwt_maxValue_dec_10,0.05880677347218399
10,154,tqwt_maxValue_dec_8,0.05850880048366913
10,155,tqwt_TKEO_std_dec_15,0.05828904947947433
10,156,tqwt_energy_dec_5,0.05821148983759805
10,157,tqwt_skewnessValue_dec_5,0.058186793213973464
10,158,tqwt_stdValue_dec_35,0.05802825994708871
10,159,tqwt_entropy_log_dec_20,0.05796353492941564
10,160,tqwt_TKEO_mean_dec_10,0.057226485913103975
10,161,tqwt_minValue_dec_7,0.05717935281488251
10,162,tqwt_entropy_log_dec_14,0.05706622320720833
10,163,tqwt_skewnessValue_dec_12,0.05687125598771625
10,164,tqwt_energy_dec_17,0.0568697305820014
10,165,app_entropy_shannon_2_coef,0.05667568276279544
10,166,tqwt_kurtosisValue_dec_35,0.0562817171377854
10,167,app_TKEO_std_6_coef,0.05578294829374841
10,168,tqwt_kurtosisValue_dec_18,0.05558000327423951
10,169,tqwt_energy_dec_12,0.05537705066827203
10,170,app_LT_TKEO_std_3_coef,0.05529417954539051
10,171,app_entropy_log_1_coef,0.055183582920197205
10,172,tqwt_stdValue_dec_10,0.05515648262307504
10,173,tqwt_medianValue_dec_24,0.05496090051571212
10,174,tqwt_skewnessValue_dec_22,0.05495756043400979
10,175,tqwt_stdValue_dec_30,0.054586522085495304
10,176,tqwt_medianValue_dec_20,0.05458310969880742
10,177,app_LT_entropy_log_4_coef,0.05458133973441415
10,178,mean_MFCC_0th_coef,0.054319828079532284
10,179,tqwt_entropy_shannon_dec_6,0.05427483929312782
10,180,std_4th_delta_delta,0.05394625394882935
10,181,tqwt_skewnessValue_dec_24,0.053796476624241585
10,182,std_10th_delta_delta,0.053667056958474735
10,183,tqwt_skewnessValue_dec_17,0.05359990835361628
10,184,tqwt_stdValue_dec_36,0.05347658781083142
10,185,tqwt_skewnessValue_dec_30,0.053226469284486155
10,186,app_TKEO_std_8_coef,0.0530861632795514
10,187,tqwt_kurtosisValue_dec_27,0.053062671778922654
10,188,tqwt_stdValue_dec_19,0.052769348118652415
10,189,tqwt_maxValue_dec_14,0.05266527780297503
10,190,apq11Shimmer,0.052594507269975166
10,191,stdDevPeriodPulses,0.052547944781716094
10,192,GQ_std_cycle_open,0.0524017627991773
10,193,tqwt_entropy_log_dec_27,0.052389439834816365
10,194,tqwt_stdValue_dec_18,0.05228687808549881
10,195,tqwt_skewnessValue_dec_16,0.052278760330505936
10,196,app_TKEO_std_1_coef,0.05223912145970777
10,197,tqwt_maxValue_dec_15,0.052131357041676374
10,198,tqwt_skewnessValue_dec_18,0.05197757793321456
10,199,std_11th_delta,0.051812059482152284
10,200,tqwt_entropy_shannon_dec_27,0.05166257113782602
10,201,tqwt_energy_dec_24,0.0516043192368385
10,202,tqwt_stdValue_dec_16,0.05132579408205107
10,203,tqwt_kurtosisValue_dec_22,0.05109281545771349
10,204,tqwt_medianValue_dec_31,0.05104816839337234
10,205,tqwt_medianValue_dec_7,0.05100129776652018
10,206,tqwt_TKEO_mean_dec_36,0.0509751239880718
10,207,app_TKEO_std_5_coef,0.050643808967188786
10,208,tqwt_entropy_shannon_dec_16,0.05063593844231695
10,209,tqwt_energy_dec_15,0.050462609738819664
10,210,tqwt_stdValue_dec_8,0.0503592236955015
10,211,mean_MFCC_3rd_coef,0.050312521945676814
10,212,locShimmer,0.050108144866601645
10,213,app_LT_TKEO_std_7_coef,0.05009815646061688
10,214,tqwt_stdValue_dec_20,0.049784586674826325
10,215,tqwt_stdValue_dec_34,0.049699966554406005
10,216,tqwt_maxValue_dec_9,0.049521376611796786
10,217,tqwt_stdValue_dec_32,0.049519266357824554
10,218,locAbsJitter,0.049272324021970126
10,219,tqwt_kurtosisValue_dec_16,0.049202735903278505
10,220,tqwt_TKEO_mean_dec_14,0.049179306167131065
10,221,tqwt_TKEO_mean_dec_6,0.048941533824078176
10,222,app_TKEO_std_7_coef,0.04884311541604469
10,223,tqwt_entropy_log_dec_34,0.048824803443793474
10,224,app_LT_entropy_log_3_coef,0.048706713935312784
10,225,tqwt_minValue_dec_23,0.04859804097254572
10,226,meanPeriodPulses,0.04858580709281979
10,227,app_det_TKEO_mean_6_coef,0.04852362228767659
10,228,tqwt_TKEO_std_dec_17,0.0484658582013231
10,229,app_entropy_log_4_coef,0.04841976197796782
10,230,app_det_TKEO_mean_10_coef,0.048273008387162086
10,231,tqwt_entropy_log_dec_9,0.048231085986293776
10,232,numPulses,0.04821086882100101
10,233,mean_MFCC_1st_coef,0.04771379383168273
10,234,tqwt_medianValue_dec_27,0.04769483287181053
10,235,tqwt_skewnessValue_dec_28,0.04767262471904665
10,236,std_12th_delta,0.047585801105590964
10,237,app_LT_entropy_shannon_1_coef,0.04750243557535194
10,238,app_LT_TKEO_mean_5_coef,0.04732494676183463
10,239,app_det_TKEO_mean_8_coef,0.047168330034975
10,240,tqwt_entropy_shannon_dec_17,0.047156078869380114
10,241,tqwt_kurtosisValue_dec_17,0.047123157641450364
10,242,app_det_TKEO_mean_5_coef,0.046897706395006455
10,243,det_LT_TKEO_mean_5_coef,0.04686160498631575
10,244,tqwt_TKEO_std_dec_18,0.04658664334871765
10,245,tqwt_TKEO_std_dec_10,0.04658262940478486
10,246,tqwt_medianValue_dec_17,0.04657710395839931
10,247,app_entropy_shannon_1_coef,0.046460698434941605
10,248,app_TKEO_std_10_coef,0.046386784167073536
10,249,tqwt_entropy_log_dec_36,0.04622447561356302
10,250,Ed2_3_coef,0.046220637442057955
10,251,Ed2_2_coef,0.046148564081192056
10,252,std_10th_delta,0.04614843415754355
10,253,IMF_SNR_SEO,0.045765983030032986
10,254,app_TKEO_std_3_coef,0.04553150329451694
10,255,tqwt_maxValue_dec_1,0.045525495291469875
10,256,GNE_mean,0.045502970405235654
10,257,det_LT_entropy_shannon_3_coef,0.04529087759833761
10,258,app_LT_entropy_log_1_coef,0.04521883002265481
10,259,std_7th_delta,0.04515705582889229
10,260,app_LT_TKEO_mean_10_coef,0.04500264730012371
10,261,std_4th_delta,0.04482988048323899
10,262,rapJitter,0.04480754781725116
10,263,tqwt_stdValue_dec_9,0.04454660886225548
10,264,tqwt_stdValue_dec_33,0.04428250130329503
10,265,tqwt_entropy_shannon_dec_5,0.044179470099538154
10,266,tqwt_TKEO_std_dec_19,0.044112691382099944
10,267,tqwt_entropy_shannon_dec_3,0.0440894616787626
10,268,tqwt_entropy_log_dec_5,0.044056909475922
10,269,tqwt_minValue_dec_33,0.04404433296346322
10,270,app_LT_TKEO_std_9_coef,0.04390919273905425
10,271,app_LT_TKEO_mean_3_coef,0.04386877740887307
10,272,f1,0.0438531841991765
10,273,app_LT_TKEO_mean_2_coef,0.04367736465121275
10,274,tqwt_skewnessValue_dec_20,0.04366185171542236
10,275,tqwt_medianValue_dec_18,0.043639016019110244
10,276,tqwt_maxValue_dec_35,0.043580478046521876
10,277,tqwt_entropy_shannon_dec_19,0.043434357518628675
10,278,app_LT_TKEO_mean_6_coef,0.04340377934210804
10,279,app_det_TKEO_mean_2_coef,0.0432837781585802
10,280,tqwt_TKEO_mean_dec_26,0.04323332236279387
10,281,tqwt_medianValue_dec_36,0.04319480791539432
10,282,app_det_TKEO_mean_9_coef,0.04310476283715192
10,283,tqwt_energy_dec_11,0.04281290570591456
10,284,app_LT_TKEO_mean_7_coef,0.04278270016897934
10,285,det_LT_entropy_log_1_coef,0.042754310540435325
10,286,app_LT_TKEO_std_10_coef,0.04236113053014878
10,287,tqwt_entropy_shannon_dec_1,0.04217312302445575
10,288,tqwt_medianValue_dec_9,0.04182568497064332
10,289,tqwt_medianValue_dec_21,0.0417581030639631
10,290,tqwt_medianValue_dec_22,0.041672687201928627
10,291,tqwt_entropy_log_dec_7,0.0415964516098799
10,292,apq5Shimmer,0.04154758722695262
10,293,IMF_SNR_entropy,0.04122638417981839
10,294,tqwt_kurtosisValue_dec_5,0.04108124804264124
10,295,tqwt_kurtosisValue_dec_19,0.04075286451963822
10,296,tqwt_skewnessValue_dec_8,0.04038880843714354
10,297,tqwt_entropy_log_dec_28,0.04024890925943825
10,298,std_12th_delta_delta,0.04022650511000392
10,299,tqwt_entropy_log_dec_4,0.04015320118959176
10,300,tqwt_entropy_shannon_dec_10,0.03989629023359598
10,301,tqwt_medianValue_dec_13,0.03981537544923919
10,302,app_det_TKEO_mean_3_coef,0.03963618836464433
10,303,tqwt_TKEO_mean_dec_5,0.039510119912880004
10,304,tqwt_maxValue_dec_28,0.03950577651364573
10,305,tqwt_TKEO_std_dec_20,0.039429149587325574
10,306,std_MFCC_7th_coef,0.03923733660490436
10,307,std_2nd_delta,0.0389237378338545
10,308,tqwt_TKEO_std_dec_9,0.038835262239651724
10,309,tqwt_energy_dec_1,0.03862454445996866
10,310,tqwt_stdValue_dec_24,0.03827458548667351
10,311,tqwt_minValue_dec_2,0.03823268550424053
10,312,tqwt_kurtosisValue_dec_34,0.038163257697335196
10,313,tqwt_entropy_shannon_dec_33,0.038116765871548886
10,314,Ed_4_coef,0.03775868897662593
10,315,tqwt_medianValue_dec_33,0.03758408471306862
10,316,tqwt_TKEO_mean_dec_34,0.037479512264604775
10,317,tqwt_skewnessValue_dec_11,0.03744993817095632
10,318,tqwt_energy_dec_14,0.03736443561648284
10,319,det_entropy_log_1_coef,0.037301315634781895
10,320,tqwt_TKEO_std_dec_31,0.037299231554180245
10,321,app_LT_TKEO_std_1_coef,0.03723001743562859
10,322,VFER_entropy,0.03720792041194554
10,323,Ed_9_coef,0.03693961496493259
10,324,app_LT_TKEO_std_4_coef,0.03678895160836371
10,325,tqwt_kurtosisValue_dec_20,0.03667700087767467
10,326,mean_0th_delta,0.0365862436551565
10,327,Ed_2_coef,0.03654434329824019
10,328,std_MFCC_8th_coef,0.03636319754758066
10,329,IMF_NSR_entropy,0.03635584120223778
10,330,tqwt_TKEO_std_dec_36,0.03630547440184273
10,331,tqwt_entropy_shannon_dec_34,0.03630184964786198
10,332,tqwt_maxValue_dec_19,0.03623265329184355
10,333,tqwt_skewnessValue_dec_27,0.0361986536850023
10,334,app_det_TKEO_mean_4_coef,0.03618045193401298
10,335,tqwt_energy_dec_6,0.03609264085492736
10,336,GQ_prc5_95,0.036045566671384144
10,337,RPDE,0.03591723712295547
10,338,tqwt_stdValue_dec_5,0.03591037887318671
10,339,tqwt_meanValue_dec_17,0.03589683321125903
10,340,mean_2nd_delta,0.03584779987313458
10,341,tqwt_medianValue_dec_35,0.03563177597248335
10,342,Ed_3_coef,0.03539866329156394
10,343,tqwt_kurtosisValue_dec_2,0.03520870418890332
10,344,tqwt_energy_dec_29,0.03508600563906539
10,345,tqwt_maxValue_dec_6,0.03507995727082536
10,346,mean_MFCC_5th_coef,0.03455498695974768
10,347,tqwt_medianValue_dec_5,0.03391212934061061
10,348,tqwt_skewnessValue_dec_21,0.03387105036205007
10,349,Ed_10_coef,0.03372818987250725
10,350,det_TKEO_mean_1_coef,0.033556273081147614
10,351,tqwt_kurtosisValue_dec_28,0.03292438673353404
10,352,tqwt_entropy_shannon_dec_32,0.03285903347474761
10,353,tqwt_kurtosisValue_dec_23,0.032747222111741525
10,354,tqwt_energy_dec_28,0.032715510819560034
10,355,tqwt_entropy_shannon_dec_24,0.03269051788397892
10,356,locDbShimmer,0.03223011443172097
10,357,std_5th_delta_delta,0.03213522823747672
10,358,mean_11th_delta_delta,0.032082880616644216
10,359,std_MFCC_9th_coef,0.031917361536643485
10,360,tqwt_skewnessValue_dec_35,0.0318722007572414
10,361,tqwt_entropy_log_dec_3,0.03138017756038414
10,362,det_TKEO_std_5_coef,0.03134270596144284
10,363,Ed2_8_coef,0.03125553391187208
10,364,tqwt_TKEO_mean_dec_20,0.031242155738481214
10,365,tqwt_entropy_shannon_dec_4,0.03119355720095518
10,366,tqwt_maxValue_dec_18,0.031100726678003898
10,367,tqwt_meanValue_dec_22,0.03101052917265079
10,368,det_LT_TKEO_std_2_coef,0.030970377772919333
10,369,tqwt_maxValue_dec_2,0.03092687723407961
10,370,det_LT_entropy_shannon_4_coef,0.030698933741649004
10,371,tqwt_kurtosisValue_dec_12,0.0306752655099658
10,372,tqwt_TKEO_std_dec_34,0.030278560578287816
10,373,VFER_NSR_SEO,0.03021548198744317
10,374,tqwt_kurtosisValue_dec_1,0.030191109950291395
10,375,tqwt_energy_dec_4,0.03016973484782759
10,376,tqwt_medianValue_dec_30,0.030147839297209877
10,377,tqwt_medianValue_dec_15,0.029893657799107576
10,378,GNE_SNR_SEO,0.029889794326527275
10,379,std_MFCC_12th_coef,0.029844549225349182
10,380,tqwt_TKEO_mean_dec_4,0.029624469583103163
10,381,tqwt_minValue_dec_18,0.029559444505721455
10,382,tqwt_energy_dec_22,0.02928720937413143
10,383,tqwt_stdValue_dec_21,0.02927964265146099
10,384,tqwt_TKEO_std_dec_3,0.02918161549026821
10,385,std_MFCC_1st_coef,0.029173818644337324
10,386,tqwt_TKEO_mean_dec_30,0.02909714315608647
10,387,GNE_std,0.029035569914231507
10,388,tqwt_stdValue_dec_1,0.029019235964514722
10,389,tqwt_kurtosisValue_dec_25,0.028787281242277585
10,390,std_MFCC_10th_coef,0.02866574229035379
10,391,std_MFCC_4th_coef,0.02846297729806846
10,392,tqwt_entropy_shannon_dec_29,0.028414857901507107
10,393,app_det_TKEO_mean_7_coef,0.028088341646024473
10,394,det_TKEO_std_2_coef,0.027861394457349364
10,395,tqwt_maxValue_dec_3,0.027685486764055023
10,396,tqwt_energy_dec_18,0.02764292637112087
10,397,std_MFCC_0th_coef,0.027580942882558857
10,398,tqwt_entropy_shannon_dec_9,0.027535085827181227
10,399,tqwt_entropy_shannon_dec_18,0.02726396658229069
10,400,tqwt_skewnessValue_dec_1,0.027164089186774376
10,401,det_LT_entropy_shannon_8_coef,0.026952392358622124
10,402,tqwt_energy_dec_32,0.026885119092508347
10,403,tqwt_TKEO_mean_dec_32,0.02679211751555788
10,404,IMF_NSR_TKEO,0.026710276783443065
10,405,tqwt_entropy_shannon_dec_26,0.026485484396277403
10,406,tqwt_stdValue_dec_4,0.02644746074788973
10,407,tqwt_minValue_dec_3,0.026159563489148052
10,408,tqwt_TKEO_std_dec_35,0.026116405229128947
10,409,tqwt_maxValue_dec_5,0.026040558950791715
10,410,tqwt_medianValue_dec_11,0.025978199239341304
10,411,det_LT_TKEO_mean_9_coef,0.02554933975067586
10,412,tqwt_stdValue_dec_28,0.02520643973041503
10,413,tqwt_maxValue_dec_21,0.025192987386627674
10,414,tqwt_entropy_log_dec_18,0.024684865982116166
10,415,mean_9th_delta_delta,0.024479621363517667
10,416,tqwt_meanValue_dec_36,0.024234087615639277
10,417,tqwt_TKEO_mean_dec_35,0.0240973538722844
10,418,VFER_std,0.024016170583030627
10,419,tqwt_stdValue_dec_27,0.023893793785187967
10,420,tqwt_maxValue_dec_23,0.023882076650332484
10,421,tqwt_entropy_log_dec_21,0.02382337864791384
10,422,tqwt_entropy_shannon_dec_22,0.02374765754679431
10,423,tqwt_medianValue_dec_6,0.023740072389246247
10,424,tqwt_entropy_log_dec_23,0.023732258151295982
10,425,app_TKEO_std_4_coef,0.02368613182360746
10,426,tqwt_entropy_log_dec_33,0.023633948374814695
10,427,tqwt_TKEO_mean_dec_27,0.023588455801304198
10,428,tqwt_meanValue_dec_25,0.02331144697572829
10,429,det_LT_TKEO_mean_3_coef,0.023280858798348847
10,430,mean_6th_delta,0.022974261667548346
10,431,tqwt_TKEO_std_dec_32,0.022871691494845248
10,432,tqwt_energy_dec_33,0.02267669368122882
10,433,Ed_1_coef,0.022645172941876845
10,434,meanNoiseToHarmHarmonicity,0.022599631883816418
10,435,std_MFCC_6th_coef,0.02252434632509881
10,436,det_entropy_log_10_coef,0.022513680718698303
10,437,meanAutoCorrHarmonicity,0.022208613955446044
10,438,tqwt_energy_dec_10,0.02216799558699556
10,439,tqwt_minValue_dec_25,0.022073183313763955
10,440,mean_MFCC_12th_coef,0.022042753358131995
10,441,tqwt_minValue_dec_34,0.02194786611724675
10,442,det_LT_TKEO_std_1_coef,0.021849530376712334
10,443,mean_delta_log_energy,0.021615839806285342
10,444,det_LT_TKEO_mean_1_coef,0.021536802629719576
10,445,tqwt_entropy_shannon_dec_20,0.02148769393667327
10,446,tqwt_kurtosisValue_dec_24,0.02137411793425592
10,447,tqwt_maxValue_dec_33,0.021364948399396733
10,448,tqwt_energy_dec_30,0.021279845677232512
10,449,tqwt_TKEO_std_dec_22,0.020990281367075925
10,450,tqwt_meanValue_dec_34,0.02072408449120422
10,451,tqwt_maxValue_dec_34,0.020555068056943515
10,452,tqwt_energy_dec_21,0.02042498461787079
10,453,tqwt_TKEO_std_dec_23,0.020389851479733156
10,454,tqwt_maxValue_dec_4,0.020355704383051787
10,455,tqwt_maxValue_dec_36,0.02020075227101925
10,456,tqwt_maxValue_dec_32,0.020153157425079726
10,457,det_entropy_shannon_4_coef,0.020013889347440417
10,458,tqwt_TKEO_std_dec_4,0.019668438479329975
10,459,mean_4th_delta,0.019661416565947887
10,460,tqwt_meanValue_dec_20,0.01944695407225505
10,461,mean_7th_delta_delta,0.01939689780328102
10,462,det_LT_entropy_log_2_coef,0.019364351489737253
10,463,tqwt_TKEO_std_dec_5,0.0193050983737042
10,464,tqwt_TKEO_std_dec_21,0.019189847683314554
10,465,GQ_std_cycle_closed,0.019158779205145526
10,466,tqwt_energy_dec_8,0.019000002347386635
10,467,tqwt_medianValue_dec_19,0.018995459110941137
10,468,tqwt_kurtosisValue_dec_21,0.018906677670442074
10,469,det_entropy_shannon_3_coef,0.018850639190377105
10,470,tqwt_minValue_dec_19,0.018772716709982706
10,471,det_TKEO_mean_7_coef,0.018726282285796758
10,472,tqwt_energy_dec_19,0.01870315424874769
10,473,det_TKEO_std_7_coef,0.018589943209081694
10,474,tqwt_medianValue_dec_3,0.018535101964504586
10,475,tqwt_meanValue_dec_30,0.018527193571548972
10,476,GNE_NSR_SEO,0.018475309385022953
10,477,std_0th_delta,0.018186338337172314
10,478,det_LT_TKEO_mean_10_coef,0.018180299786296317
10,479,tqwt_minValue_dec_35,0.018133807555294146
10,480,f3,0.018090036096799045
10,481,tqwt_TKEO_std_dec_2,0.01807644552316523
10,482,tqwt_energy_dec_7,0.01803399290237362
10,483,mean_4th_delta_delta,0.017970935567022117
10,484,tqwt_kurtosisValue_dec_13,0.017771204831643406
10,485,tqwt_maxValue_dec_27,0.017769749737647222
10,486,tqwt_TKEO_std_dec_1,0.017755338405037735
10,487,tqwt_stdValue_dec_23,0.01773960749286818
10,488,mean_MFCC_10th_coef,0.017704201109701945
10,489,VFER_mean,0.01761910649217424
10,490,det_TKEO_std_3_coef,0.017471105884300897
10,491,det_entropy_shannon_7_coef,0.017395765931049523
10,492,meanHarmToNoiseHarmonicity,0.01733759063033613
10,493,tqwt_entropy_shannon_dec_30,0.017312173024867983
10,494,tqwt_TKEO_mean_dec_33,0.017120733897639795
10,495,det_TKEO_mean_8_coef,0.017064618196363845
10,496,tqwt_TKEO_mean_dec_23,0.016956635291896616
10,497,tqwt_TKEO_mean_dec_3,0.016780326580267513
10,498,tqwt_stdValue_dec_3,0.016629663596191557
10,499,tqwt_maxValue_dec_26,0.016392692928464347
10,500,tqwt_skewnessValue_dec_34,0.016349535775985524
10,501,mean_delta_delta_0th,0.01624591167565792
10,502,tqwt_entropy_shannon_dec_23,0.01609653712733361
10,503,tqwt_skewnessValue_dec_19,0.01609497889880962
10,504,det_TKEO_std_8_coef,0.015869292447973304
10,505,tqwt_minValue_dec_36,0.015836301752218285
10,506,tqwt_TKEO_mean_dec_28,0.015720361046550835
10,507,tqwt_minValue_dec_31,0.015577686989685313
10,508,tqwt_meanValue_dec_10,0.015458650478948899
10,509,tqwt_minValue_dec_5,0.015283158245399386
10,510,Ed2_4_coef,0.015218328277552207
10,511,mean_MFCC_4th_coef,0.015045030943798166
10,512,tqwt_stdValue_dec_22,0.014924676996541208
10,513,mean_MFCC_6th_coef,0.014821185873754805
10,514,tqwt_stdValue_dec_25,0.014622960150859843
10,515,tqwt_medianValue_dec_1,0.014412690854026522
10,516,tqwt_minValue_dec_29,0.014385737071921145
10,517,tqwt_TKEO_mean_dec_2,0.014330234503487471
10,518,tqwt_medianValue_dec_29,0.014309858613010373
10,519,tqwt_entropy_shannon_dec_31,0.01427651708378419
10,520,tqwt_maxValue_dec_24,0.014126150741222476
10,521,tqwt_maxValue_dec_29,0.013975334780928828
10,522,mean_Log_energy,0.013829034074307467
10,523,IMF_NSR_SEO,0.01370480400307783
10,524,tqwt_entropy_log_dec_30,0.013632656837840651
10,525,mean_12th_delta_delta,0.013561691045262503
10,526,IMF_SNR_TKEO,0.013454703110799882
10,527,tqwt_TKEO_mean_dec_1,0.013192040657119763
10,528,det_LT_entropy_shannon_10_coef,0.013179725739537185
10,529,std_delta_delta_0th,0.013166086270045563
10,530,det_entropy_log_2_coef,0.013096782545258812
10,531,det_LT_entropy_shannon_9_coef,0.012783508046620762
10,532,tqwt_skewnessValue_dec_3,0.012531842224225542
10,533,tqwt_entropy_log_dec_1,0.01241504516264258
10,534,det_LT_TKEO_std_7_coef,0.012351198343489411
10,535,det_LT_entropy_log_4_coef,0.012342563726511546
10,536,tqwt_entropy_shannon_dec_28,0.012215508688745436
10,537,det_LT_TKEO_mean_2_coef,0.012196673413876313
10,538,tqwt_entropy_log_dec_25,0.012145626895341266
10,539,tqwt_minValue_dec_26,0.012065843051934921
10,540,det_LT_TKEO_mean_8_coef,0.01182584230716488
10,541,apq3Shimmer,0.011775197455272002
10,542,mean_delta_delta_log_energy,0.011575593779129534
10,543,det_entropy_shannon_8_coef,0.011485359271775186
10,544,tqwt_TKEO_std_dec_26,0.011464145183907926
10,545,tqwt_minValue_dec_20,0.011236738479053265
10,546,tqwt_medianValue_dec_14,0.011204119052868666
10,547,tqwt_stdValue_dec_29,0.011144673084185541
10,548,tqwt_meanValue_dec_32,0.011072954770919852
10,549,mean_2nd_delta_delta,0.011036587011013177
10,550,tqwt_entropy_shannon_dec_21,0.010916109804601337
10,551,std_1st_delta,0.01086475344618787
10,552,VFER_SNR_TKEO,0.01081948574385394
10,553,tqwt_kurtosisValue_dec_7,0.010748679145380358
10,554,ddaShimmer,0.01060657288356337
10,555,tqwt_skewnessValue_dec_33,0.010559827384861498
10,556,mean_11th_delta,0.010440208009116825
10,557,tqwt_kurtosisValue_dec_9,0.010386119612184386
10,558,tqwt_minValue_dec_28,0.009947357242026555
10,559,det_entropy_log_6_coef,0.009929789966990343
10,560,tqwt_medianValue_dec_32,0.009782304438542111
10,561,tqwt_maxValue_dec_22,0.009780397769329818
10,562,det_LT_TKEO_std_4_coef,0.009758233051930576
10,563,tqwt_kurtosisValue_dec_3,0.009730936841006566
10,564,tqwt_skewnessValue_dec_29,0.009709044966871971
10,565,tqwt_TKEO_std_dec_28,0.009632241514968554
10,566,det_LT_TKEO_mean_6_coef,0.009350196809397637
10,567,tqwt_energy_dec_2,0.009263690765238364
10,568,tqwt_minValue_dec_27,0.009014674542552559
10,569,det_entropy_shannon_2_coef,0.008989877889186815
10,570,tqwt_skewnessValue_dec_32,0.008683471660719144
10,571,tqwt_entropy_log_dec_22,0.008193235711575042
10,572,det_TKEO_std_1_coef,0.008139566554878686
10,573,tqwt_kurtosisValue_dec_11,0.008006128862525053
10,574,tqwt_entropy_log_dec_32,0.0079718239284563
10,575,tqwt_meanValue_dec_15,0.007968926488974404
10,576,tqwt_kurtosisValue_dec_29,0.007926852896291026
10,577,tqwt_entropy_log_dec_29,0.007795639575681079
10,578,det_LT_entropy_shannon_2_coef,0.007643892581266742
10,579,tqwt_minValue_dec_1,0.007628302390719988
10,580,std_1st_delta_delta,0.007327520944118371
10,581,tqwt_skewnessValue_dec_10,0.007258132196732436
10,582,tqwt_energy_dec_35,0.007209311016730613
10,583,det_LT_entropy_log_6_coef,0.007129834497048959
10,584,tqwt_kurtosisValue_dec_8,0.0068642418439843755
10,585,tqwt_kurtosisValue_dec_15,0.006826163130349672
10,586,tqwt_meanValue_dec_4,0.00656656482321516
10,587,det_LT_entropy_log_3_coef,0.006559730071342473
10,588,tqwt_energy_dec_31,0.0065026850166665096
10,589,std_MFCC_11th_coef,0.006502047479823414
10,590,tqwt_skewnessValue_dec_2,0.006077567572646547
10,591,tqwt_medianValue_dec_4,0.006042106581930273
10,592,mean_3rd_delta,0.005898454960702182
10,593,std_MFCC_2nd_coef,0.005833893013053482
10,594,Ed2_6_coef,0.005614140960579439
10,595,det_LT_entropy_shannon_1_coef,0.005376219550932149
10,596,det_LT_TKEO_std_3_coef,0.005338844494110706
10,597,det_TKEO_mean_9_coef,0.005261215813339826
10,598,Ed2_9_coef,0.00514019636222951
10,599,mean_MFCC_11th_coef,0.004830010188507483
10,600,tqwt_energy_dec_3,0.004679388039149801
10,601,det_LT_TKEO_std_9_coef,0.004594881433104048
10,602,tqwt_TKEO_std_dec_33,0.0045537593641922225
10,603,tqwt_meanValue_dec_18,0.004495293706008763
10,604,tqwt_stdValue_dec_2,0.004411102180210458
10,605,tqwt_medianValue_dec_2,0.004377877363198168
10,606,mean_6th_delta_delta,0.004364891161166451
10,607,std_2nd_delta_delta,0.004278566108704807
10,608,b1,0.004271196545747813
10,609,tqwt_entropy_shannon_dec_2,0.0042402770386615884
10,610,tqwt_TKEO_mean_dec_22,0.004060903731679
10,611,tqwt_maxValue_dec_31,0.004012578399074096
10,612,mean_8th_delta_delta,0.003940831995564498
10,613,tqwt_TKEO_mean_dec_29,0.0039247340099997086
10,614,det_LT_TKEO_mean_4_coef,0.003869694991470052
10,615,tqwt_meanValue_dec_27,0.0036060754524893657
10,616,tqwt_energy_dec_34,0.0034709192967676827
10,617,det_LT_TKEO_std_10_coef,0.0034618618485491304
10,618,tqwt_minValue_dec_21,0.0033436728391513793
10,619,tqwt_kurtosisValue_dec_32,0.003248715424969406
10,620,mean_9th_delta,0.0030195527811320844
10,621,tqwt_skewnessValue_dec_7,0.00296407100438123
10,622,det_LT_TKEO_std_8_coef,0.0028094425781299837
10,623,tqwt_kurtosisValue_dec_4,0.0025691607129256777
10,624,mean_10th_delta_delta,0.0024445072567558235
10,625,f4,0.002361589321008495
10,626,tqwt_meanValue_dec_14,0.0023306848765769494
10,627,tqwt_maxValue_dec_20,0.00213139763188952
10,628,mean_MFCC_9th_coef,0.0021141384758558424
10,629,std_MFCC_5th_coef,0.002107933747827584
10,630,det_LT_TKEO_std_5_coef,0.0021026591520494353
10,631,gender,0.0020097924631308217
10,632,tqwt_TKEO_mean_dec_24,0.0019422739846752801
10,633,tqwt_energy_dec_9,0.0018315180825019262
10,634,tqwt_entropy_shannon_dec_25,0.001755229986975415
10,635,mean_8th_delta,0.0015787567971456973
10,636,Ea2,0.001318959809131215
10,637,det_TKEO_std_6_coef,0.0012703608304516223
10,638,f2,0.0009518221387361248
10,639,tqwt_meanValue_dec_12,0.0008409024640223528
10,640,det_entropy_log_3_coef,0.0007610649977110029
10,641,b4,0.0006501453883827057
10,642,Ed_8_coef,0.0005270271802877424
10,643,tqwt_stdValue_dec_31,0.00041636595869487536
10,644,tqwt_medianValue_dec_28,0.00026031535478865386
10,645,det_entropy_log_7_coef,5.4843243003421804e-05
10,646,Ea,0.0
10,647,Ed2_10_coef,0.0
10,648,Ed2_1_coef,0.0
10,649,Ed2_5_coef,0.0
10,650,Ed2_7_coef,0.0
10,651,Ed_5_coef,0.0
10,652,Ed_6_coef,0.0
10,653,Ed_7_coef,0.0
10,654,GNE_NSR_TKEO,0.0
10,655,GNE_SNR_TKEO,0.0
10,656,PPE,0.0
10,657,VFER_NSR_TKEO,0.0
10,658,VFER_SNR_SEO,0.0
10,659,b2,0.0
10,660,b3,0.0
10,661,det_LT_TKEO_mean_7_coef,0.0
10,662,det_LT_TKEO_std_6_coef,0.0
10,663,det_LT_entropy_log_10_coef,0.0
10,664,det_LT_entropy_log_5_coef,0.0
10,665,det_LT_entropy_log_7_coef,0.0
10,666,det_LT_entropy_log_8_coef,0.0
10,667,det_LT_entropy_log_9_coef,0.0
10,668,det_LT_entropy_shannon_5_coef,0.0
10,669,det_LT_entropy_shannon_6_coef,0.0
10,670,det_LT_entropy_shannon_7_coef,0.0
10,671,det_TKEO_mean_10_coef,0.0
10,672,det_TKEO_mean_2_coef,0.0
10,673,det_TKEO_mean_3_coef,0.0
10,674,det_TKEO_mean_4_coef,0.0
10,675,det_TKEO_mean_5_coef,0.0
10,676,det_TKEO_mean_6_coef,0.0
10,677,det_TKEO_std_10_coef,0.0
10,678,det_TKEO_std_4_coef,0.0
10,679,det_TKEO_std_9_coef,0.0
10,680,det_entropy_log_4_coef,0.0
10,681,det_entropy_log_5_coef,0.0
10,682,det_entropy_log_8_coef,0.0
10,683,det_entropy_log_9_coef,0.0
10,684,det_entropy_shannon_10_coef,0.0
10,685,det_entropy_shannon_1_coef,0.0
10,686,det_entropy_shannon_5_coef,0.0
10,687,det_entropy_shannon_6_coef,0.0
10,688,det_entropy_shannon_9_coef,0.0
10,689,mean_10th_delta,0.0
10,690,mean_12th_delta,0.0
10,691,mean_1st_delta,0.0
10,692,mean_1st_delta_delta,0.0
10,693,mean_3rd_delta_delta,0.0
10,694,mean_5th_delta,0.0
10,695,mean_5th_delta_delta,0.0
10,696,mean_7th_delta,0.0
10,697,mean_MFCC_7th_coef,0.0
10,698,mean_MFCC_8th_coef,0.0
10,699,std_MFCC_3rd_coef,0.0
10,700,tqwt_TKEO_mean_dec_21,0.0
10,701,tqwt_TKEO_mean_dec_25,0.0
10,702,tqwt_TKEO_mean_dec_31,0.0
10,703,tqwt_TKEO_std_dec_24,0.0
10,704,tqwt_TKEO_std_dec_25,0.0
10,705,tqwt_TKEO_std_dec_27,0.0
10,706,tqwt_TKEO_std_dec_29,0.0
10,707,tqwt_TKEO_std_dec_30,0.0
10,708,tqwt_energy_dec_20,0.0
10,709,tqwt_energy_dec_23,0.0
10,710,tqwt_energy_dec_36,0.0
10,711,tqwt_entropy_log_dec_2,0.0
10,712,tqwt_entropy_log_dec_24,0.0
10,713,tqwt_entropy_log_dec_31,0.0
10,714,tqwt_kurtosisValue_dec_10,0.0
10,715,tqwt_kurtosisValue_dec_14,0.0
10,716,tqwt_kurtosisValue_dec_30,0.0
10,717,tqwt_kurtosisValue_dec_31,0.0
10,718,tqwt_kurtosisValue_dec_33,0.0
10,719,tqwt_maxValue_dec_25,0.0
10,720,tqwt_maxValue_dec_30,0.0
10,721,tqwt_meanValue_dec_1,0.0
10,722,tqwt_meanValue_dec_11,0.0
10,723,tqwt_meanValue_dec_13,0.0
10,724,tqwt_meanValue_dec_16,0.0
10,725,tqwt_meanValue_dec_19,0.0
10,726,tqwt_meanValue_dec_2,0.0
10,727,tqwt_meanValue_dec_21,0.0
10,728,tqwt_meanValue_dec_23,0.0
10,729,tqwt_meanValue_dec_24,0.0
10,730,tqwt_meanValue_dec_26,0.0
10,731,tqwt_meanValue_dec_28,0.0
10,732,tqwt_meanValue_dec_29,0.0
10,733,tqwt_meanValue_dec_3,0.0
10,734,tqwt_meanValue_dec_31,0.0
10,735,tqwt_meanValue_dec_33,0.0
10,736,tqwt_meanValue_dec_35,0.0
10,737,tqwt_meanValue_dec_5,0.0
10,738,tqwt_meanValue_dec_6,0.0
10,739,tqwt_meanValue_dec_7,0.0
10,740,tqwt_meanValue_dec_8,0.0
10,741,tqwt_meanValue_dec_9,0.0
10,742,tqwt_minValue_dec_22,0.0
10,743,tqwt_minValue_dec_24,0.0
10,744,tqwt_minValue_dec_30,0.0
10,745,tqwt_minValue_dec_32,0.0
10,746,tqwt_minValue_dec_4,0.0
10,747,tqwt_skewnessValue_dec_14,0.0
10,748,tqwt_skewnessValue_dec_15,0.0
10,749,tqwt_skewnessValue_dec_31,0.0
10,750,tqwt_skewnessValue_dec_4,0.0
10,751,tqwt_skewnessValue_dec_6,0.0
10,752,tqwt_skewnessValue_dec_9,0.0
10,753,tqwt_stdValue_dec_26,0.0
