row_index,model_name,model_family,feature_mode,fold,y_true,y_pred,y_score
26,SVM,classical,direct_top10,1,1,0,0.30861963884048754
32,SVM,classical,direct_top10,1,1,1,0.9072691582160723
34,SVM,classical,direct_top10,1,0,0,0.23602023140619285
50,SVM,classical,direct_top10,1,1,1,0.9309129532215771
51,SVM,classical,direct_top10,1,1,1,0.9472333675463985
57,SVM,classical,direct_top10,1,1,1,0.9375211956166879
60,SVM,classical,direct_top10,1,1,1,0.911820033398155
97,SVM,classical,direct_top10,1,1,1,0.8433189562937072
137,SVM,classical,direct_top10,1,0,0,0.15984933818807273
139,SVM,classical,direct_top10,1,1,1,0.8633395037666457
147,SVM,classical,direct_top10,1,0,0,0.01567614731467746
148,SVM,classical,direct_top10,1,0,0,0.02092347396685728
154,SVM,classical,direct_top10,1,1,1,0.8951987520434512
158,SVM,classical,direct_top10,1,1,1,0.9567240062920325
160,SVM,classical,direct_top10,1,1,1,0.8868676561490952
162,SVM,classical,direct_top10,1,1,1,0.9048571046517576
171,SVM,classical,direct_top10,1,1,1,0.907902270853425
179,SVM,classical,direct_top10,1,1,1,0.9400749909443192
181,SVM,classical,direct_top10,1,1,1,0.8531911710500875
228,SVM,classical,direct_top10,1,1,1,0.9251466860522644
231,SVM,classical,direct_top10,1,1,1,0.8901743895152805
242,SVM,classical,direct_top10,1,1,1,0.9051915254543622
246,SVM,classical,direct_top10,1,1,1,0.848847550486538
261,SVM,classical,direct_top10,1,1,1,0.8176340526528642
272,SVM,classical,direct_top10,1,1,1,0.9345689107663062
273,SVM,classical,direct_top10,1,1,1,0.8808053729596603
287,SVM,classical,direct_top10,1,1,1,0.9358026907465474
294,SVM,classical,direct_top10,1,1,1,0.846456895449229
296,SVM,classical,direct_top10,1,1,1,0.8702152118840151
301,SVM,classical,direct_top10,1,1,1,0.9150686538238828
302,SVM,classical,direct_top10,1,1,1,0.9207055678881587
305,SVM,classical,direct_top10,1,1,1,0.894879384183194
318,SVM,classical,direct_top10,1,1,1,0.8935835259413066
322,SVM,classical,direct_top10,1,1,1,0.8225648997034309
323,SVM,classical,direct_top10,1,1,1,0.8880870047676803
325,SVM,classical,direct_top10,1,1,1,0.9285290778064444
327,SVM,classical,direct_top10,1,1,1,0.9513465391583885
333,SVM,classical,direct_top10,1,0,1,0.8462169323474328
368,SVM,classical,direct_top10,1,1,1,0.876408738448326
369,SVM,classical,direct_top10,1,0,1,0.5606087884530883
375,SVM,classical,direct_top10,1,0,0,0.08140941375122544
388,SVM,classical,direct_top10,1,1,1,0.8677597555625594
392,SVM,classical,direct_top10,1,0,1,0.5
393,SVM,classical,direct_top10,1,0,0,0.15963704572942392
396,SVM,classical,direct_top10,1,0,0,0.13000812019377492
469,SVM,classical,direct_top10,1,0,0,0.16611874673418212
501,SVM,classical,direct_top10,1,1,1,0.8915440321013794
510,SVM,classical,direct_top10,1,1,1,0.6259688561762894
511,SVM,classical,direct_top10,1,1,1,0.938824222731327
512,SVM,classical,direct_top10,1,1,1,0.6143381631905146
520,SVM,classical,direct_top10,1,0,0,0.027361545087746502
521,SVM,classical,direct_top10,1,0,0,0.017836795338926393
523,SVM,classical,direct_top10,1,1,1,0.9474299094866624
530,SVM,classical,direct_top10,1,1,0,0.37851787798724734
546,SVM,classical,direct_top10,1,1,1,0.8995746895444396
560,SVM,classical,direct_top10,1,1,1,0.8629375862749912
564,SVM,classical,direct_top10,1,1,1,0.8530462327742584
567,SVM,classical,direct_top10,1,0,0,0.01809303627738198
573,SVM,classical,direct_top10,1,1,1,0.9070506455516288
603,SVM,classical,direct_top10,1,1,1,0.45007946046122427
608,SVM,classical,direct_top10,1,1,1,0.818838854141336
613,SVM,classical,direct_top10,1,1,1,0.8690100718788444
620,SVM,classical,direct_top10,1,1,1,0.9224005839533789
630,SVM,classical,direct_top10,1,0,1,0.7040704726639381
641,SVM,classical,direct_top10,1,0,1,0.864538738461111
646,SVM,classical,direct_top10,1,1,1,0.9497494118919714
660,SVM,classical,direct_top10,1,1,1,0.8657772345439582
662,SVM,classical,direct_top10,1,1,1,0.8657602243119622
671,SVM,classical,direct_top10,1,1,1,0.9195960085666134
675,SVM,classical,direct_top10,1,1,1,0.8039954208555541
684,SVM,classical,direct_top10,1,1,1,0.9279168118914873
709,SVM,classical,direct_top10,1,1,1,0.6030063820386657
733,SVM,classical,direct_top10,1,0,0,0.09520294124202591
739,SVM,classical,direct_top10,1,0,0,0.1933289980357815
744,SVM,classical,direct_top10,1,1,1,0.8860324091676036
755,SVM,classical,direct_top10,1,0,1,0.5
10,SVM,classical,direct_top10,2,1,1,0.9514557387155227
27,SVM,classical,direct_top10,2,1,1,0.935835718717257
31,SVM,classical,direct_top10,2,1,1,0.8472460696104923
36,SVM,classical,direct_top10,2,1,1,0.9330807441392847
39,SVM,classical,direct_top10,2,1,1,0.6381951255170202
40,SVM,classical,direct_top10,2,1,1,0.9798520841933794
44,SVM,classical,direct_top10,2,0,1,0.9133361249927406
48,SVM,classical,direct_top10,2,1,1,0.9709387150918897
55,SVM,classical,direct_top10,2,1,1,0.8825943026712357
59,SVM,classical,direct_top10,2,1,1,0.8816538724966433
66,SVM,classical,direct_top10,2,1,0,0.3906889761184696
80,SVM,classical,direct_top10,2,0,1,0.5923143534260258
84,SVM,classical,direct_top10,2,1,1,0.7903722564887838
86,SVM,classical,direct_top10,2,1,1,0.6755933557911395
93,SVM,classical,direct_top10,2,1,1,0.8839623239633173
96,SVM,classical,direct_top10,2,1,1,0.9150900973827787
113,SVM,classical,direct_top10,2,1,1,0.8682994474236774
114,SVM,classical,direct_top10,2,1,1,0.8914771515947332
121,SVM,classical,direct_top10,2,1,1,0.9217343705397016
127,SVM,classical,direct_top10,2,0,1,0.870122038060466
131,SVM,classical,direct_top10,2,1,1,0.8648614262649122
133,SVM,classical,direct_top10,2,1,1,0.8677228199208671
135,SVM,classical,direct_top10,2,0,0,0.16814912778563887
146,SVM,classical,direct_top10,2,0,1,0.8617237277508251
151,SVM,classical,direct_top10,2,1,1,0.8683259492907135
167,SVM,classical,direct_top10,2,1,1,0.8950173122025933
182,SVM,classical,direct_top10,2,1,1,0.9388957817150531
184,SVM,classical,direct_top10,2,1,1,0.9537204421516823
198,SVM,classical,direct_top10,2,1,1,0.8859286841805362
207,SVM,classical,direct_top10,2,0,0,0.3152484511148536
262,SVM,classical,direct_top10,2,1,1,0.48687575655647736
268,SVM,classical,direct_top10,2,0,0,0.2589832167220356
270,SVM,classical,direct_top10,2,1,1,0.9688732371243298
275,SVM,classical,direct_top10,2,1,1,0.8661865309668113
283,SVM,classical,direct_top10,2,1,1,0.8706391261046146
286,SVM,classical,direct_top10,2,1,1,0.8757977976741341
308,SVM,classical,direct_top10,2,1,1,0.9767170116837206
315,SVM,classical,direct_top10,2,1,1,0.9265415686412405
335,SVM,classical,direct_top10,2,0,1,0.8073949901606161
339,SVM,classical,direct_top10,2,1,1,0.8468605792283629
350,SVM,classical,direct_top10,2,1,1,0.9618137849929581
352,SVM,classical,direct_top10,2,1,1,0.8940052552077075
378,SVM,classical,direct_top10,2,1,1,0.6155654628301007
379,SVM,classical,direct_top10,2,1,1,0.8417908582553326
391,SVM,classical,direct_top10,2,0,1,0.7725866636769642
410,SVM,classical,direct_top10,2,0,1,0.6668451553825024
415,SVM,classical,direct_top10,2,1,1,0.9024731725088939
419,SVM,classical,direct_top10,2,1,1,0.8272662170690438
454,SVM,classical,direct_top10,2,1,1,0.8863691755308329
459,SVM,classical,direct_top10,2,0,1,0.9647866157251062
470,SVM,classical,direct_top10,2,0,0,0.448635189232358
471,SVM,classical,direct_top10,2,0,1,0.8836724965089263
496,SVM,classical,direct_top10,2,1,1,0.8486273029668161
503,SVM,classical,direct_top10,2,1,1,0.8928316230668193
505,SVM,classical,direct_top10,2,1,1,0.8489390444394536
522,SVM,classical,direct_top10,2,1,1,0.9125283834333712
542,SVM,classical,direct_top10,2,0,1,0.8172378617876568
549,SVM,classical,direct_top10,2,1,1,0.8896788604089887
555,SVM,classical,direct_top10,2,1,1,0.7848108896724082
558,SVM,classical,direct_top10,2,1,1,0.878887817594435
587,SVM,classical,direct_top10,2,0,1,0.5
599,SVM,classical,direct_top10,2,1,1,0.8554598117348773
606,SVM,classical,direct_top10,2,1,1,0.881132949598029
611,SVM,classical,direct_top10,2,0,1,0.8153657284057481
632,SVM,classical,direct_top10,2,0,1,0.8596400823610358
656,SVM,classical,direct_top10,2,1,1,0.870488231188152
673,SVM,classical,direct_top10,2,1,1,0.9320601079637447
680,SVM,classical,direct_top10,2,1,0,0.24133524217445831
700,SVM,classical,direct_top10,2,1,0,0.030608544573514133
704,SVM,classical,direct_top10,2,0,0,0.1347085326420423
724,SVM,classical,direct_top10,2,1,0,0.23765003911940719
729,SVM,classical,direct_top10,2,1,1,0.8755517221619245
732,SVM,classical,direct_top10,2,0,0,0.19640837549427176
745,SVM,classical,direct_top10,2,1,1,0.9221077370531585
746,SVM,classical,direct_top10,2,1,1,0.9294141323107835
749,SVM,classical,direct_top10,2,1,1,0.8328271171021803
11,SVM,classical,direct_top10,3,1,1,0.8904066018439618
15,SVM,classical,direct_top10,3,1,1,0.8117123827201871
19,SVM,classical,direct_top10,3,1,1,0.8830590385934276
20,SVM,classical,direct_top10,3,1,1,0.9557099331461003
25,SVM,classical,direct_top10,3,1,1,0.7316084634184118
33,SVM,classical,direct_top10,3,0,1,0.7202141153514757
41,SVM,classical,direct_top10,3,1,1,0.8887857174951632
56,SVM,classical,direct_top10,3,1,1,0.8501039107744444
65,SVM,classical,direct_top10,3,1,1,0.8938404985693839
70,SVM,classical,direct_top10,3,1,1,0.8782906866100281
117,SVM,classical,direct_top10,3,1,1,0.856108674766319
125,SVM,classical,direct_top10,3,0,0,0.22837431145958637
134,SVM,classical,direct_top10,3,1,1,0.9187854584297611
144,SVM,classical,direct_top10,3,0,1,0.5465094832944027
145,SVM,classical,direct_top10,3,0,0,0.18036555346707916
156,SVM,classical,direct_top10,3,1,1,0.9524601473488269
168,SVM,classical,direct_top10,3,1,1,0.9190374802378555
170,SVM,classical,direct_top10,3,1,1,0.8944474614608452
200,SVM,classical,direct_top10,3,1,1,0.9397419806931967
203,SVM,classical,direct_top10,3,1,1,0.7254445211939657
204,SVM,classical,direct_top10,3,1,1,0.8755603215940999
208,SVM,classical,direct_top10,3,0,0,0.016124900169032605
217,SVM,classical,direct_top10,3,1,1,0.9165108302767273
218,SVM,classical,direct_top10,3,1,1,0.9285347279242823
220,SVM,classical,direct_top10,3,0,1,0.9428874179998882
255,SVM,classical,direct_top10,3,1,1,0.8486303489024992
256,SVM,classical,direct_top10,3,1,1,0.8066097488235503
267,SVM,classical,direct_top10,3,0,0,0.02537340400967714
289,SVM,classical,direct_top10,3,0,1,0.4508661182485053
295,SVM,classical,direct_top10,3,1,1,0.9010294652648855
328,SVM,classical,direct_top10,3,1,1,0.9427199168546376
341,SVM,classical,direct_top10,3,1,1,0.8993489702017058
345,SVM,classical,direct_top10,3,1,1,0.9757510467231137
355,SVM,classical,direct_top10,3,1,1,0.876419205904244
372,SVM,classical,direct_top10,3,1,1,0.9043577204643538
377,SVM,classical,direct_top10,3,0,1,0.8226887298221006
385,SVM,classical,direct_top10,3,1,1,0.8535331744212613
394,SVM,classical,direct_top10,3,0,0,0.19692217941390422
402,SVM,classical,direct_top10,3,1,1,0.9052410537295317
404,SVM,classical,direct_top10,3,1,1,0.9426852682476123
413,SVM,classical,direct_top10,3,1,1,0.9482385735271991
416,SVM,classical,direct_top10,3,1,1,0.8911492721968094
423,SVM,classical,direct_top10,3,1,1,0.7975701348569738
434,SVM,classical,direct_top10,3,1,1,0.8958544382275697
439,SVM,classical,direct_top10,3,1,1,0.9349118761603072
447,SVM,classical,direct_top10,3,0,0,0.09583183571811894
461,SVM,classical,direct_top10,3,0,1,0.8841005122716514
463,SVM,classical,direct_top10,3,1,1,0.8714690208754151
472,SVM,classical,direct_top10,3,0,1,0.8233753830647834
474,SVM,classical,direct_top10,3,1,1,0.9591299153439007
476,SVM,classical,direct_top10,3,1,1,0.8653217191152611
481,SVM,classical,direct_top10,3,1,1,0.8356030025793462
482,SVM,classical,direct_top10,3,1,1,0.8269097063917883
488,SVM,classical,direct_top10,3,1,1,0.8594868356299193
499,SVM,classical,direct_top10,3,1,1,0.922252038465082
502,SVM,classical,direct_top10,3,1,1,0.8692093636251148
509,SVM,classical,direct_top10,3,1,1,0.8931169024544313
513,SVM,classical,direct_top10,3,1,1,0.882416376930942
514,SVM,classical,direct_top10,3,1,1,0.8787172728836344
572,SVM,classical,direct_top10,3,1,1,0.8820047009175273
589,SVM,classical,direct_top10,3,0,0,0.04753830718428552
592,SVM,classical,direct_top10,3,1,1,0.8246031493654288
598,SVM,classical,direct_top10,3,1,1,0.953930750031039
600,SVM,classical,direct_top10,3,1,1,0.8925085012359517
601,SVM,classical,direct_top10,3,1,1,0.8844922732495578
612,SVM,classical,direct_top10,3,1,1,0.9230373830303389
645,SVM,classical,direct_top10,3,1,1,0.8998283853997996
666,SVM,classical,direct_top10,3,0,1,0.8745806938997527
668,SVM,classical,direct_top10,3,0,1,0.8776742480794577
688,SVM,classical,direct_top10,3,1,1,0.8619862303349848
696,SVM,classical,direct_top10,3,0,0,0.01804220563084645
702,SVM,classical,direct_top10,3,0,1,0.8437410421711815
715,SVM,classical,direct_top10,3,1,1,0.884451965766239
723,SVM,classical,direct_top10,3,1,0,0.24900433519897672
727,SVM,classical,direct_top10,3,0,1,0.9165786301072049
743,SVM,classical,direct_top10,3,1,1,0.8741830154656733
9,SVM,classical,direct_top10,4,1,1,0.8377144819455212
13,SVM,classical,direct_top10,4,1,1,0.8260721525593376
21,SVM,classical,direct_top10,4,1,1,0.8480834268427374
22,SVM,classical,direct_top10,4,1,1,0.8645677580864334
28,SVM,classical,direct_top10,4,1,1,0.8962067815644171
61,SVM,classical,direct_top10,4,1,1,0.9339800362034014
72,SVM,classical,direct_top10,4,0,0,0.18226440180673986
77,SVM,classical,direct_top10,4,1,1,0.8651406563193834
100,SVM,classical,direct_top10,4,0,1,0.8610679082474914
104,SVM,classical,direct_top10,4,0,1,0.413192839684825
106,SVM,classical,direct_top10,4,1,1,0.6402292632690348
116,SVM,classical,direct_top10,4,1,1,0.8672662182746783
120,SVM,classical,direct_top10,4,1,1,0.9071941556580098
126,SVM,classical,direct_top10,4,0,1,0.8700218914263893
150,SVM,classical,direct_top10,4,1,1,0.8904389712418636
157,SVM,classical,direct_top10,4,1,1,0.9440691041846379
180,SVM,classical,direct_top10,4,1,1,0.8507621297905167
191,SVM,classical,direct_top10,4,1,1,0.8822739437276481
193,SVM,classical,direct_top10,4,1,1,0.8888605493744888
206,SVM,classical,direct_top10,4,1,1,0.9462909640588356
211,SVM,classical,direct_top10,4,1,1,0.7722320666111973
229,SVM,classical,direct_top10,4,1,1,0.9163449680437229
260,SVM,classical,direct_top10,4,1,1,0.9436399975991574
264,SVM,classical,direct_top10,4,1,1,0.8355725385924065
269,SVM,classical,direct_top10,4,0,0,0.06595332018072654
282,SVM,classical,direct_top10,4,1,1,0.8519799867244957
284,SVM,classical,direct_top10,4,1,1,0.8243757412968208
290,SVM,classical,direct_top10,4,0,1,0.713423966385792
297,SVM,classical,direct_top10,4,1,1,0.6547885529827532
312,SVM,classical,direct_top10,4,1,1,0.8641148515870339
320,SVM,classical,direct_top10,4,1,1,0.8672398661672946
324,SVM,classical,direct_top10,4,1,1,0.8061946995411876
331,SVM,classical,direct_top10,4,1,1,0.8664266448689047
337,SVM,classical,direct_top10,4,1,1,0.9145127628120734
344,SVM,classical,direct_top10,4,1,1,0.9400062874575218
400,SVM,classical,direct_top10,4,1,1,0.7935777590168324
424,SVM,classical,direct_top10,4,1,1,0.8815727173621154
425,SVM,classical,direct_top10,4,1,1,0.8951938882029984
436,SVM,classical,direct_top10,4,1,1,0.7187582177373472
438,SVM,classical,direct_top10,4,1,1,0.9404618683399557
455,SVM,classical,direct_top10,4,1,1,0.8837438371413949
477,SVM,classical,direct_top10,4,1,1,0.8676993686522493
484,SVM,classical,direct_top10,4,1,1,0.9054277351305159
489,SVM,classical,direct_top10,4,0,1,0.8324342305797261
507,SVM,classical,direct_top10,4,1,1,0.913871588378107
517,SVM,classical,direct_top10,4,1,1,0.8981767912288275
528,SVM,classical,direct_top10,4,1,0,0.25045480489920885
533,SVM,classical,direct_top10,4,1,1,0.676824872758689
536,SVM,classical,direct_top10,4,0,0,0.06087980153860963
540,SVM,classical,direct_top10,4,0,0,0.15923834136846485
550,SVM,classical,direct_top10,4,1,1,0.8915698081453319
552,SVM,classical,direct_top10,4,1,1,0.9257427393662374
554,SVM,classical,direct_top10,4,1,1,0.9188154973227048
557,SVM,classical,direct_top10,4,1,1,0.6201928202636645
561,SVM,classical,direct_top10,4,0,0,0.018622433713889643
569,SVM,classical,direct_top10,4,0,0,0.016474955986252482
571,SVM,classical,direct_top10,4,1,1,0.9147265297555673
586,SVM,classical,direct_top10,4,0,1,0.8879088895063292
590,SVM,classical,direct_top10,4,0,0,0.1387764415635643
595,SVM,classical,direct_top10,4,0,1,0.8274195160976534
615,SVM,classical,direct_top10,4,1,1,0.8256535081138984
617,SVM,classical,direct_top10,4,1,1,0.8711342374232338
624,SVM,classical,direct_top10,4,1,1,0.7548966788174757
625,SVM,classical,direct_top10,4,1,1,0.7655103081745124
644,SVM,classical,direct_top10,4,1,1,0.8342965063993617
647,SVM,classical,direct_top10,4,1,1,0.924042901544581
649,SVM,classical,direct_top10,4,0,0,0.14818890020191103
652,SVM,classical,direct_top10,4,1,1,0.8151269099315684
659,SVM,classical,direct_top10,4,0,1,0.6885178952162718
674,SVM,classical,direct_top10,4,1,1,0.6766851747272212
694,SVM,classical,direct_top10,4,1,1,0.8403961489769814
707,SVM,classical,direct_top10,4,0,0,0.15205838487366719
717,SVM,classical,direct_top10,4,1,1,0.8868010824293745
734,SVM,classical,direct_top10,4,0,0,0.09719682418782959
741,SVM,classical,direct_top10,4,1,1,0.9290080732134097
753,SVM,classical,direct_top10,4,0,0,0.026221372239621232
2,SVM,classical,direct_top10,5,1,1,0.8626920490702152
6,SVM,classical,direct_top10,5,1,1,0.7108590348924833
12,SVM,classical,direct_top10,5,1,1,0.8527389363791817
16,SVM,classical,direct_top10,5,1,1,0.8982920075502406
23,SVM,classical,direct_top10,5,1,1,0.6502125370562796
29,SVM,classical,direct_top10,5,1,1,0.9096181819339377
45,SVM,classical,direct_top10,5,1,1,0.8894016652196913
64,SVM,classical,direct_top10,5,1,1,0.8755342085476935
68,SVM,classical,direct_top10,5,1,1,0.6039522072840946
79,SVM,classical,direct_top10,5,0,0,0.4230890711794679
81,SVM,classical,direct_top10,5,0,1,0.8267199331143809
92,SVM,classical,direct_top10,5,1,1,0.9019473113014562
101,SVM,classical,direct_top10,5,0,1,0.8144711155013543
105,SVM,classical,direct_top10,5,1,1,0.796579223159344
108,SVM,classical,direct_top10,5,1,1,0.6529131367411378
118,SVM,classical,direct_top10,5,1,1,0.9103894422143564
124,SVM,classical,direct_top10,5,0,0,0.134905823907932
130,SVM,classical,direct_top10,5,1,1,0.9009904782719653
136,SVM,classical,direct_top10,5,0,1,0.8172325126148653
143,SVM,classical,direct_top10,5,0,0,0.2166602483693244
164,SVM,classical,direct_top10,5,1,1,0.8748398276616943
185,SVM,classical,direct_top10,5,1,1,0.9015166786474306
196,SVM,classical,direct_top10,5,0,1,0.8372353270779732
249,SVM,classical,direct_top10,5,0,1,0.8524773632581703
253,SVM,classical,direct_top10,5,1,1,0.8567254330075176
257,SVM,classical,direct_top10,5,1,1,0.7516380633995992
263,SVM,classical,direct_top10,5,1,1,0.8288225120821235
265,SVM,classical,direct_top10,5,1,1,0.8819954002871111
274,SVM,classical,direct_top10,5,1,1,0.8617310056101829
276,SVM,classical,direct_top10,5,1,1,0.8538644612171999
280,SVM,classical,direct_top10,5,1,1,0.8506477384917163
293,SVM,classical,direct_top10,5,1,1,0.8427088519998
303,SVM,classical,direct_top10,5,1,1,0.9087593811636856
321,SVM,classical,direct_top10,5,1,1,0.7503440727084232
326,SVM,classical,direct_top10,5,1,1,0.8773376420480894
329,SVM,classical,direct_top10,5,1,1,0.8857256292672047
358,SVM,classical,direct_top10,5,0,0,0.05346325168042306
370,SVM,classical,direct_top10,5,0,1,0.6145905538827051
371,SVM,classical,direct_top10,5,0,1,0.6164302839837605
373,SVM,classical,direct_top10,5,1,1,0.9408143248354526
382,SVM,classical,direct_top10,5,1,1,0.9434337621695401
386,SVM,classical,direct_top10,5,1,1,0.9116659069727451
408,SVM,classical,direct_top10,5,0,0,0.23142831193631216
409,SVM,classical,direct_top10,5,0,0,0.20879173193697817
417,SVM,classical,direct_top10,5,1,1,0.9273090716175527
427,SVM,classical,direct_top10,5,1,1,0.8568741684785197
465,SVM,classical,direct_top10,5,1,1,0.9069145967909904
479,SVM,classical,direct_top10,5,1,1,0.8662536852974958
480,SVM,classical,direct_top10,5,1,1,0.638300457628628
504,SVM,classical,direct_top10,5,1,1,0.9032415144427246
506,SVM,classical,direct_top10,5,1,1,0.8558161942198091
519,SVM,classical,direct_top10,5,0,0,0.18720541975546443
524,SVM,classical,direct_top10,5,1,1,0.9531321742815551
538,SVM,classical,direct_top10,5,1,1,0.9415596880838183
544,SVM,classical,direct_top10,5,1,1,0.8307303878017126
547,SVM,classical,direct_top10,5,1,1,0.8568866040270575
562,SVM,classical,direct_top10,5,0,0,0.020537734218851023
566,SVM,classical,direct_top10,5,1,1,0.8924380220660791
575,SVM,classical,direct_top10,5,1,1,0.967067106748234
579,SVM,classical,direct_top10,5,1,1,0.9040614379778408
582,SVM,classical,direct_top10,5,0,0,0.025406282488344215
583,SVM,classical,direct_top10,5,0,0,0.06336465507937891
619,SVM,classical,direct_top10,5,1,1,0.9366338423792174
623,SVM,classical,direct_top10,5,1,1,0.949136415930924
628,SVM,classical,direct_top10,5,1,1,0.8712882943912624
638,SVM,classical,direct_top10,5,1,1,0.8534473333078011
655,SVM,classical,direct_top10,5,1,1,0.8991666404240588
683,SVM,classical,direct_top10,5,1,1,0.9224375589448833
687,SVM,classical,direct_top10,5,1,1,0.8651705899821822
693,SVM,classical,direct_top10,5,1,1,0.8664850799290812
708,SVM,classical,direct_top10,5,1,1,0.7888727643171016
716,SVM,classical,direct_top10,5,1,1,0.8914753209512926
726,SVM,classical,direct_top10,5,0,1,0.7241244457869439
747,SVM,classical,direct_top10,5,1,1,0.8554733332836646
750,SVM,classical,direct_top10,5,0,0,0.047825381259342874
752,SVM,classical,direct_top10,5,0,1,0.7165665435536733
5,SVM,classical,direct_top10,6,1,1,0.971944292715914
43,SVM,classical,direct_top10,6,0,1,0.9306969411293449
46,SVM,classical,direct_top10,6,1,1,0.8867529035583278
67,SVM,classical,direct_top10,6,1,0,0.13699921886249955
69,SVM,classical,direct_top10,6,1,1,0.91694282963106
74,SVM,classical,direct_top10,6,0,0,0.06278815135047144
76,SVM,classical,direct_top10,6,1,1,0.9450089113577939
85,SVM,classical,direct_top10,6,1,1,0.9339870178251997
87,SVM,classical,direct_top10,6,0,0,0.2889960872137339
95,SVM,classical,direct_top10,6,1,1,0.8720973235107958
102,SVM,classical,direct_top10,6,0,1,0.6773599974894529
103,SVM,classical,direct_top10,6,0,1,0.6307277747424013
132,SVM,classical,direct_top10,6,1,1,0.5959576133821733
140,SVM,classical,direct_top10,6,1,1,0.8806968456566371
142,SVM,classical,direct_top10,6,0,0,0.2366171908480656
155,SVM,classical,direct_top10,6,1,1,0.8904823349599216
161,SVM,classical,direct_top10,6,1,1,0.8963843037607829
165,SVM,classical,direct_top10,6,1,1,0.8878871822368538
166,SVM,classical,direct_top10,6,1,1,0.8825633567132124
176,SVM,classical,direct_top10,6,1,1,0.90537975220954
183,SVM,classical,direct_top10,6,1,1,0.8998773564213817
190,SVM,classical,direct_top10,6,1,1,0.8699862375583061
197,SVM,classical,direct_top10,6,0,1,0.8715967507059673
201,SVM,classical,direct_top10,6,1,1,0.7228619083489353
222,SVM,classical,direct_top10,6,1,1,0.9410515805652766
232,SVM,classical,direct_top10,6,1,1,0.9428576590633247
234,SVM,classical,direct_top10,6,0,1,0.8675050586594387
245,SVM,classical,direct_top10,6,1,1,0.5
258,SVM,classical,direct_top10,6,1,1,0.8988294458242584
271,SVM,classical,direct_top10,6,1,1,0.9606978516390968
291,SVM,classical,direct_top10,6,1,1,0.8929930132298753
300,SVM,classical,direct_top10,6,1,1,0.9159275157600392
309,SVM,classical,direct_top10,6,0,1,0.607556638631626
317,SVM,classical,direct_top10,6,1,1,0.9583591905826887
342,SVM,classical,direct_top10,6,1,1,0.7553084609129248
346,SVM,classical,direct_top10,6,1,1,0.8596711149447417
347,SVM,classical,direct_top10,6,1,1,0.9597584619993279
363,SVM,classical,direct_top10,6,1,1,0.8628148800672771
364,SVM,classical,direct_top10,6,1,1,0.8856645760869625
367,SVM,classical,direct_top10,6,1,1,0.8901592835822201
380,SVM,classical,direct_top10,6,1,1,0.8905405421089387
384,SVM,classical,direct_top10,6,1,1,0.7755618498038295
395,SVM,classical,direct_top10,6,0,0,0.041874204812641314
399,SVM,classical,direct_top10,6,1,1,0.8597771103420215
418,SVM,classical,direct_top10,6,1,1,0.8897858885041678
421,SVM,classical,direct_top10,6,1,1,0.9245936541868873
426,SVM,classical,direct_top10,6,1,1,0.815636346601004
449,SVM,classical,direct_top10,6,0,0,0.013476009034470422
450,SVM,classical,direct_top10,6,1,1,0.9178132406020346
462,SVM,classical,direct_top10,6,1,1,0.882710362903488
466,SVM,classical,direct_top10,6,1,1,0.8013846666243812
475,SVM,classical,direct_top10,6,1,1,0.8798232665952876
493,SVM,classical,direct_top10,6,1,1,0.8971697873388693
535,SVM,classical,direct_top10,6,0,0,0.138616033633342
556,SVM,classical,direct_top10,6,1,1,0.9301153066042063
563,SVM,classical,direct_top10,6,0,0,0.081308690643373
570,SVM,classical,direct_top10,6,1,1,0.8820370647102422
581,SVM,classical,direct_top10,6,1,1,0.9337280389022933
584,SVM,classical,direct_top10,6,0,0,0.015214693548024988
604,SVM,classical,direct_top10,6,1,0,0.23301563133639352
607,SVM,classical,direct_top10,6,1,1,0.8762409423720798
622,SVM,classical,direct_top10,6,1,1,0.8871680078865684
626,SVM,classical,direct_top10,6,1,1,0.8877793804176525
636,SVM,classical,direct_top10,6,1,1,0.7781959367959048
654,SVM,classical,direct_top10,6,1,1,0.8778906436832842
667,SVM,classical,direct_top10,6,0,1,0.8887430927961095
681,SVM,classical,direct_top10,6,1,1,0.8798660291054414
685,SVM,classical,direct_top10,6,1,1,0.9101415056498521
706,SVM,classical,direct_top10,6,0,0,0.05754449229630095
710,SVM,classical,direct_top10,6,1,1,0.9211361196194958
713,SVM,classical,direct_top10,6,0,1,0.6730407403327141
722,SVM,classical,direct_top10,6,1,1,0.884224403901441
731,SVM,classical,direct_top10,6,1,1,0.9039711445245878
737,SVM,classical,direct_top10,6,0,1,0.8977696460850391
751,SVM,classical,direct_top10,6,0,0,0.3152242382172945
754,SVM,classical,direct_top10,6,0,1,0.821452204398734
8,SVM,classical,direct_top10,7,1,0,0.3443825302880742
35,SVM,classical,direct_top10,7,0,1,0.6272920651723696
49,SVM,classical,direct_top10,7,1,1,0.9110720042890057
53,SVM,classical,direct_top10,7,1,1,0.8828034944459042
54,SVM,classical,direct_top10,7,1,1,0.8290572619763124
63,SVM,classical,direct_top10,7,1,1,0.893957670619289
82,SVM,classical,direct_top10,7,0,1,0.8526409286750792
98,SVM,classical,direct_top10,7,1,1,0.8964903519808693
110,SVM,classical,direct_top10,7,1,1,0.8792464623932427
129,SVM,classical,direct_top10,7,1,1,0.8801245055225904
138,SVM,classical,direct_top10,7,1,1,0.8107405953644368
153,SVM,classical,direct_top10,7,1,1,0.9010417308251096
178,SVM,classical,direct_top10,7,1,1,0.8235956291085808
189,SVM,classical,direct_top10,7,1,1,0.8597399352292786
192,SVM,classical,direct_top10,7,1,1,0.8202819250239476
214,SVM,classical,direct_top10,7,1,1,0.9209848581216065
225,SVM,classical,direct_top10,7,0,1,0.49274452316064965
226,SVM,classical,direct_top10,7,0,1,0.67548006109995
238,SVM,classical,direct_top10,7,1,1,0.8498997781259523
241,SVM,classical,direct_top10,7,1,1,0.8584952665641944
247,SVM,classical,direct_top10,7,1,1,0.8594868620375311
259,SVM,classical,direct_top10,7,1,1,0.8603216064515846
292,SVM,classical,direct_top10,7,1,1,0.8677978787766901
299,SVM,classical,direct_top10,7,1,1,0.8306765610651843
310,SVM,classical,direct_top10,7,0,1,0.775405667525176
313,SVM,classical,direct_top10,7,1,1,0.9005067826509997
316,SVM,classical,direct_top10,7,1,1,0.9228149411723278
340,SVM,classical,direct_top10,7,1,1,0.8805987437134277
353,SVM,classical,direct_top10,7,1,1,0.7882318236967536
356,SVM,classical,direct_top10,7,1,1,0.9010153355785152
357,SVM,classical,direct_top10,7,0,0,0.33440609904498614
360,SVM,classical,direct_top10,7,1,1,0.7991928046687873
365,SVM,classical,direct_top10,7,1,1,0.8547615705634232
389,SVM,classical,direct_top10,7,1,1,0.8493175293586485
398,SVM,classical,direct_top10,7,0,0,0.06230232404348755
401,SVM,classical,direct_top10,7,1,1,0.6876135574757046
405,SVM,classical,direct_top10,7,0,0,0.10888300580511766
406,SVM,classical,direct_top10,7,0,0,0.16375939275795387
411,SVM,classical,direct_top10,7,1,1,0.8083524914208907
412,SVM,classical,direct_top10,7,1,1,0.8620047364267094
428,SVM,classical,direct_top10,7,1,1,0.876732840741464
431,SVM,classical,direct_top10,7,1,1,0.9158259406744772
435,SVM,classical,direct_top10,7,1,1,0.7813996081422352
441,SVM,classical,direct_top10,7,1,1,0.7812013006391613
446,SVM,classical,direct_top10,7,1,1,0.8408834310071638
453,SVM,classical,direct_top10,7,1,1,0.8703515747631552
460,SVM,classical,direct_top10,7,0,1,0.9138870589472446
467,SVM,classical,direct_top10,7,1,1,0.6985477848948768
468,SVM,classical,direct_top10,7,0,1,0.8085164962583352
487,SVM,classical,direct_top10,7,1,1,0.8809943356893101
491,SVM,classical,direct_top10,7,0,1,0.8234267541530367
498,SVM,classical,direct_top10,7,1,1,0.9013637082353463
526,SVM,classical,direct_top10,7,1,1,0.7396991529198252
537,SVM,classical,direct_top10,7,1,1,0.9361557229660092
539,SVM,classical,direct_top10,7,1,1,0.9327915557292289
576,SVM,classical,direct_top10,7,0,0,0.01722913437988011
580,SVM,classical,direct_top10,7,1,1,0.8104411966949925
588,SVM,classical,direct_top10,7,0,0,0.052062915468222004
593,SVM,classical,direct_top10,7,1,1,0.8090416021283796
605,SVM,classical,direct_top10,7,1,1,0.834033528307433
614,SVM,classical,direct_top10,7,1,1,0.8645052750945477
637,SVM,classical,direct_top10,7,1,0,0.3197589896985623
661,SVM,classical,direct_top10,7,1,1,0.8804709723009948
663,SVM,classical,direct_top10,7,0,0,0.3580769712560969
664,SVM,classical,direct_top10,7,0,0,0.14058735509426473
670,SVM,classical,direct_top10,7,1,1,0.9019747649633333
679,SVM,classical,direct_top10,7,1,1,0.8797213412306051
682,SVM,classical,direct_top10,7,1,1,0.9187644260137299
686,SVM,classical,direct_top10,7,1,1,0.9035782368251393
703,SVM,classical,direct_top10,7,0,1,0.8827222762387811
711,SVM,classical,direct_top10,7,0,0,0.060394059445945156
718,SVM,classical,direct_top10,7,1,1,0.7827595146960323
721,SVM,classical,direct_top10,7,1,1,0.859627138009468
725,SVM,classical,direct_top10,7,1,0,0.19781453022733783
728,SVM,classical,direct_top10,7,0,1,0.48928187020946484
14,SVM,classical,direct_top10,8,1,1,0.8625599969917314
17,SVM,classical,direct_top10,8,1,1,0.8300454408135842
42,SVM,classical,direct_top10,8,0,1,0.8958828827447686
47,SVM,classical,direct_top10,8,1,1,0.8751294085304585
73,SVM,classical,direct_top10,8,0,0,0.1352531070508902
78,SVM,classical,direct_top10,8,0,1,0.7032894573655968
88,SVM,classical,direct_top10,8,0,0,0.18313785106694455
90,SVM,classical,direct_top10,8,1,1,0.9019432085911924
91,SVM,classical,direct_top10,8,1,1,0.8993989290293308
107,SVM,classical,direct_top10,8,1,1,0.6469868965628787
112,SVM,classical,direct_top10,8,1,1,0.9605591952515842
159,SVM,classical,direct_top10,8,1,1,0.8731006014830804
172,SVM,classical,direct_top10,8,1,1,0.922051946307315
173,SVM,classical,direct_top10,8,1,1,0.9167752970050692
177,SVM,classical,direct_top10,8,1,1,0.847869484853586
187,SVM,classical,direct_top10,8,1,1,0.9202384790388939
199,SVM,classical,direct_top10,8,1,1,0.939494712520243
213,SVM,classical,direct_top10,8,1,0,0.37526778347493034
216,SVM,classical,direct_top10,8,1,1,0.9097630917727398
221,SVM,classical,direct_top10,8,0,1,0.8496494254421592
223,SVM,classical,direct_top10,8,1,1,0.9547055412650424
230,SVM,classical,direct_top10,8,1,1,0.8805955164120656
235,SVM,classical,direct_top10,8,0,1,0.8843838920051419
237,SVM,classical,direct_top10,8,1,1,0.9319719112764913
248,SVM,classical,direct_top10,8,1,1,0.8786519124883135
266,SVM,classical,direct_top10,8,1,1,0.7580474499738891
277,SVM,classical,direct_top10,8,1,1,0.8615279776259198
285,SVM,classical,direct_top10,8,1,1,0.9212600173555281
288,SVM,classical,direct_top10,8,0,0,0.2389205069361111
304,SVM,classical,direct_top10,8,1,1,0.957626379294519
307,SVM,classical,direct_top10,8,1,1,0.9553824924357934
332,SVM,classical,direct_top10,8,1,1,0.8915010780171776
338,SVM,classical,direct_top10,8,1,1,0.952519535653269
348,SVM,classical,direct_top10,8,1,1,0.9602412800194282
351,SVM,classical,direct_top10,8,1,1,0.893309728641445
359,SVM,classical,direct_top10,8,0,0,0.034081633617538715
361,SVM,classical,direct_top10,8,1,1,0.7493634662412604
422,SVM,classical,direct_top10,8,1,1,0.950421755053136
429,SVM,classical,direct_top10,8,1,1,0.88219169422508
430,SVM,classical,direct_top10,8,1,1,0.874367725378553
442,SVM,classical,direct_top10,8,1,1,0.5
445,SVM,classical,direct_top10,8,1,1,0.9250111141431101
451,SVM,classical,direct_top10,8,1,1,0.7908647876989396
457,SVM,classical,direct_top10,8,1,1,0.9041846347188159
458,SVM,classical,direct_top10,8,1,1,0.9016623592813678
464,SVM,classical,direct_top10,8,1,1,0.8853076841713091
478,SVM,classical,direct_top10,8,1,1,0.8618909301392992
483,SVM,classical,direct_top10,8,1,1,0.9760723146339079
486,SVM,classical,direct_top10,8,1,1,0.8804794717956763
497,SVM,classical,direct_top10,8,1,1,0.9124743600762064
500,SVM,classical,direct_top10,8,1,1,0.9368599993093302
516,SVM,classical,direct_top10,8,1,1,0.8271244116633117
525,SVM,classical,direct_top10,8,1,1,0.5
543,SVM,classical,direct_top10,8,1,1,0.7509448304900106
559,SVM,classical,direct_top10,8,1,1,0.9055823677300068
565,SVM,classical,direct_top10,8,1,1,0.9051994752066831
568,SVM,classical,direct_top10,8,0,0,0.09633945579513825
591,SVM,classical,direct_top10,8,1,0,0.40207224353995147
609,SVM,classical,direct_top10,8,0,1,0.8234609005082973
618,SVM,classical,direct_top10,8,1,1,0.9412170891675563
639,SVM,classical,direct_top10,8,0,1,0.5517195467498399
643,SVM,classical,direct_top10,8,1,1,0.9047869591959458
648,SVM,classical,direct_top10,8,0,0,0.30028660142594
651,SVM,classical,direct_top10,8,1,1,0.7875277707919875
658,SVM,classical,direct_top10,8,0,1,0.8687873787777024
665,SVM,classical,direct_top10,8,0,1,0.48223181958266986
672,SVM,classical,direct_top10,8,1,1,0.8984829880941849
677,SVM,classical,direct_top10,8,1,1,0.8600034085620364
698,SVM,classical,direct_top10,8,0,0,0.04655696876972997
712,SVM,classical,direct_top10,8,0,0,0.3211749465358907
719,SVM,classical,direct_top10,8,1,1,0.7852068848507603
735,SVM,classical,direct_top10,8,0,1,0.910840724645064
736,SVM,classical,direct_top10,8,0,1,0.905147075984795
740,SVM,classical,direct_top10,8,0,1,0.44591438220587754
748,SVM,classical,direct_top10,8,1,1,0.8557006405998941
4,SVM,classical,direct_top10,9,1,1,0.9400115338509294
7,SVM,classical,direct_top10,9,1,0,0.22285780598452035
24,SVM,classical,direct_top10,9,1,1,0.6747739208194468
75,SVM,classical,direct_top10,9,1,1,0.9243705802970603
89,SVM,classical,direct_top10,9,0,0,0.07372679871931397
94,SVM,classical,direct_top10,9,1,1,0.864266498091807
115,SVM,classical,direct_top10,9,1,1,0.8678092097015264
123,SVM,classical,direct_top10,9,0,0,0.021272211784894503
128,SVM,classical,direct_top10,9,0,1,0.8687011516778701
149,SVM,classical,direct_top10,9,0,0,0.025119837836286536
163,SVM,classical,direct_top10,9,1,1,0.8945926333156365
169,SVM,classical,direct_top10,9,1,1,0.8939856195324237
174,SVM,classical,direct_top10,9,1,1,0.8241808258557475
194,SVM,classical,direct_top10,9,1,1,0.8784577928299506
195,SVM,classical,direct_top10,9,0,1,0.8378386468257842
202,SVM,classical,direct_top10,9,1,0,0.11397326218693318
212,SVM,classical,direct_top10,9,1,1,0.8632198420957811
219,SVM,classical,direct_top10,9,0,1,0.8977983972187692
224,SVM,classical,direct_top10,9,1,1,0.8579523351883763
227,SVM,classical,direct_top10,9,0,1,0.5435564558570413
233,SVM,classical,direct_top10,9,1,1,0.921043783021132
243,SVM,classical,direct_top10,9,1,0,0.2767053767860308
244,SVM,classical,direct_top10,9,1,1,0.6665335621115634
251,SVM,classical,direct_top10,9,0,1,0.8687477542682807
254,SVM,classical,direct_top10,9,1,1,0.8730876059669525
278,SVM,classical,direct_top10,9,1,0,0.27264575679910585
279,SVM,classical,direct_top10,9,1,1,0.8240672020992712
281,SVM,classical,direct_top10,9,1,1,0.8739230722944777
298,SVM,classical,direct_top10,9,1,1,0.5395485541306275
306,SVM,classical,direct_top10,9,1,1,0.9359495369930462
349,SVM,classical,direct_top10,9,1,1,0.934907772938072
362,SVM,classical,direct_top10,9,1,1,0.8445445602812995
366,SVM,classical,direct_top10,9,1,1,0.8940858201445802
374,SVM,classical,direct_top10,9,1,1,0.9026321472306854
387,SVM,classical,direct_top10,9,1,1,0.8970149918880269
390,SVM,classical,direct_top10,9,0,1,0.8491944245037305
397,SVM,classical,direct_top10,9,0,0,0.022398972693796003
403,SVM,classical,direct_top10,9,1,1,0.9228547578763996
407,SVM,classical,direct_top10,9,0,1,0.5509239064086215
414,SVM,classical,direct_top10,9,1,1,0.8136303554716696
432,SVM,classical,direct_top10,9,1,1,0.833286020679348
433,SVM,classical,direct_top10,9,1,1,0.8839855711396299
440,SVM,classical,direct_top10,9,1,1,0.9583133609088652
443,SVM,classical,direct_top10,9,1,1,0.8946156405715504
444,SVM,classical,direct_top10,9,1,1,0.7042012400248157
448,SVM,classical,direct_top10,9,0,0,0.07055199352629904
473,SVM,classical,direct_top10,9,0,1,0.8619180358725631
485,SVM,classical,direct_top10,9,1,1,0.8911920208066327
495,SVM,classical,direct_top10,9,1,1,0.9369673298318034
508,SVM,classical,direct_top10,9,1,1,0.9320479293452528
515,SVM,classical,direct_top10,9,1,1,0.8922749861790319
518,SVM,classical,direct_top10,9,1,0,0.06038417317764015
529,SVM,classical,direct_top10,9,1,0,0.20497594897182242
532,SVM,classical,direct_top10,9,1,1,0.4753089976973171
541,SVM,classical,direct_top10,9,0,0,0.06484840037179494
545,SVM,classical,direct_top10,9,1,1,0.9515032517227011
574,SVM,classical,direct_top10,9,1,1,0.9035968919120115
577,SVM,classical,direct_top10,9,0,0,0.09353478414325639
578,SVM,classical,direct_top10,9,0,0,0.029146776541987433
596,SVM,classical,direct_top10,9,0,1,0.5687888457001868
631,SVM,classical,direct_top10,9,0,1,0.9033957172553748
633,SVM,classical,direct_top10,9,1,1,0.8852982222560691
634,SVM,classical,direct_top10,9,1,1,0.8431425017877656
642,SVM,classical,direct_top10,9,1,1,0.847164658753177
653,SVM,classical,direct_top10,9,1,1,0.9008873449381932
678,SVM,classical,direct_top10,9,1,1,0.8721148375920239
690,SVM,classical,direct_top10,9,1,1,0.8372652496939792
692,SVM,classical,direct_top10,9,1,1,0.8757192964978597
695,SVM,classical,direct_top10,9,1,1,0.8681659951301125
697,SVM,classical,direct_top10,9,0,0,0.17298606788540621
701,SVM,classical,direct_top10,9,1,0,0.13716443016533328
714,SVM,classical,direct_top10,9,1,1,0.8911193565422812
720,SVM,classical,direct_top10,9,1,1,0.8964617342113795
730,SVM,classical,direct_top10,9,1,1,0.8568495012526808
742,SVM,classical,direct_top10,9,1,1,0.89398069537075
0,SVM,classical,direct_top10,10,1,1,0.8635653463560535
1,SVM,classical,direct_top10,10,1,1,0.8486950132813563
3,SVM,classical,direct_top10,10,1,1,0.8669291342184424
18,SVM,classical,direct_top10,10,1,1,0.9151631510631968
30,SVM,classical,direct_top10,10,1,1,0.8990771898100315
37,SVM,classical,direct_top10,10,1,1,0.8895875072024938
38,SVM,classical,direct_top10,10,1,1,0.8911824567682565
52,SVM,classical,direct_top10,10,1,1,0.7428270959498833
58,SVM,classical,direct_top10,10,1,1,0.9018442206805645
62,SVM,classical,direct_top10,10,1,1,0.8822034332905123
71,SVM,classical,direct_top10,10,1,1,0.923040019459955
83,SVM,classical,direct_top10,10,0,1,0.8465563371354483
99,SVM,classical,direct_top10,10,0,1,0.8930872830600672
109,SVM,classical,direct_top10,10,1,1,0.8898754412324676
111,SVM,classical,direct_top10,10,1,1,0.8608534375168936
119,SVM,classical,direct_top10,10,1,1,0.8373457914289012
122,SVM,classical,direct_top10,10,1,1,0.8999699971855686
141,SVM,classical,direct_top10,10,0,1,0.5084256917389823
152,SVM,classical,direct_top10,10,1,1,0.938011603927741
175,SVM,classical,direct_top10,10,1,1,0.9203341064500405
186,SVM,classical,direct_top10,10,1,1,0.9072969391693998
188,SVM,classical,direct_top10,10,1,1,0.9167806166580202
205,SVM,classical,direct_top10,10,1,1,0.8405532969090539
209,SVM,classical,direct_top10,10,0,0,0.016662682658955298
210,SVM,classical,direct_top10,10,1,1,0.8605654017343338
215,SVM,classical,direct_top10,10,1,1,0.9180311510915191
236,SVM,classical,direct_top10,10,0,1,0.8907954112868959
239,SVM,classical,direct_top10,10,1,1,0.9227840323823999
240,SVM,classical,direct_top10,10,1,1,0.8235858857185725
250,SVM,classical,direct_top10,10,0,1,0.8212529165977998
252,SVM,classical,direct_top10,10,1,1,0.839766965224169
311,SVM,classical,direct_top10,10,0,0,0.2661699073961017
314,SVM,classical,direct_top10,10,1,1,0.917219727940752
319,SVM,classical,direct_top10,10,1,1,0.8854253152794587
330,SVM,classical,direct_top10,10,1,1,0.9154653958854644
334,SVM,classical,direct_top10,10,0,1,0.7971733403490462
336,SVM,classical,direct_top10,10,1,1,0.8513481072297024
343,SVM,classical,direct_top10,10,1,1,0.9258937420907016
354,SVM,classical,direct_top10,10,1,1,0.8927887071529426
376,SVM,classical,direct_top10,10,0,0,0.20827499533052587
381,SVM,classical,direct_top10,10,1,1,0.9011696974234166
383,SVM,classical,direct_top10,10,1,1,0.9225152496066515
420,SVM,classical,direct_top10,10,1,1,0.8712543759764786
437,SVM,classical,direct_top10,10,1,1,0.885960479126962
452,SVM,classical,direct_top10,10,1,0,0.3644380982957715
456,SVM,classical,direct_top10,10,1,1,0.8863263380196055
490,SVM,classical,direct_top10,10,0,1,0.9048627949885653
492,SVM,classical,direct_top10,10,1,1,0.8324573814324314
494,SVM,classical,direct_top10,10,1,1,0.8490108526009735
527,SVM,classical,direct_top10,10,1,0,0.1885251340668268
531,SVM,classical,direct_top10,10,1,1,0.8466570504572924
534,SVM,classical,direct_top10,10,0,0,0.14627018501366496
548,SVM,classical,direct_top10,10,1,1,0.9107004418905864
551,SVM,classical,direct_top10,10,1,1,0.9238750687119401
553,SVM,classical,direct_top10,10,1,1,0.8956137791231227
585,SVM,classical,direct_top10,10,0,1,0.694480702647189
594,SVM,classical,direct_top10,10,0,1,0.8449927468001199
597,SVM,classical,direct_top10,10,1,1,0.9190443413590708
602,SVM,classical,direct_top10,10,1,1,0.8919751026287679
610,SVM,classical,direct_top10,10,0,1,0.7720340740139482
616,SVM,classical,direct_top10,10,1,1,0.8644532166777327
621,SVM,classical,direct_top10,10,1,1,0.9243177992774241
627,SVM,classical,direct_top10,10,1,1,0.8185605730722609
629,SVM,classical,direct_top10,10,1,1,0.8325983895382577
635,SVM,classical,direct_top10,10,1,1,0.9011417524362443
640,SVM,classical,direct_top10,10,0,1,0.8613207562735392
650,SVM,classical,direct_top10,10,0,0,0.09489649101983143
657,SVM,classical,direct_top10,10,0,1,0.8279079605960653
669,SVM,classical,direct_top10,10,1,1,0.8902610975153783
676,SVM,classical,direct_top10,10,1,1,0.9022002165220445
689,SVM,classical,direct_top10,10,1,1,0.8877575134749912
691,SVM,classical,direct_top10,10,1,1,0.8772676077738543
699,SVM,classical,direct_top10,10,1,0,0.13808743388936667
705,SVM,classical,direct_top10,10,0,0,0.391604399523641
738,SVM,classical,direct_top10,10,0,0,0.2579160109312655
26,QSVM,quantum,direct_top10,1,1,1,7.362544761756729e-20
32,QSVM,quantum,direct_top10,1,1,1,6.992098679137815e-20
34,QSVM,quantum,direct_top10,1,0,1,6.106757434192492e-20
50,QSVM,quantum,direct_top10,1,1,1,6.925608500478813e-20
51,QSVM,quantum,direct_top10,1,1,1,6.854186644648681e-20
57,QSVM,quantum,direct_top10,1,1,1,6.25481843657527e-20
60,QSVM,quantum,direct_top10,1,1,1,5.650462116000448e-20
97,QSVM,quantum,direct_top10,1,1,1,7.525822010012273e-20
137,QSVM,quantum,direct_top10,1,0,1,6.882638475264696e-20
139,QSVM,quantum,direct_top10,1,1,1,7.011888136170707e-20
147,QSVM,quantum,direct_top10,1,0,1,7.41414063012701e-20
148,QSVM,quantum,direct_top10,1,0,1,7.169174973834328e-20
154,QSVM,quantum,direct_top10,1,1,1,6.069212202838514e-20
158,QSVM,quantum,direct_top10,1,1,1,6.84730593012223e-20
160,QSVM,quantum,direct_top10,1,1,1,6.012050927031714e-20
162,QSVM,quantum,direct_top10,1,1,1,6.795269987901299e-20
171,QSVM,quantum,direct_top10,1,1,1,6.50500458600529e-20
179,QSVM,quantum,direct_top10,1,1,1,6.825140236913143e-20
181,QSVM,quantum,direct_top10,1,1,1,7.189238717432624e-20
228,QSVM,quantum,direct_top10,1,1,1,6.747602206099689e-20
231,QSVM,quantum,direct_top10,1,1,1,5.955904996922872e-20
242,QSVM,quantum,direct_top10,1,1,1,6.259418480030663e-20
246,QSVM,quantum,direct_top10,1,1,1,7.344328880880803e-20
261,QSVM,quantum,direct_top10,1,1,1,6.798256927562776e-20
272,QSVM,quantum,direct_top10,1,1,1,3.9768294395016616e-20
273,QSVM,quantum,direct_top10,1,1,1,7.203979649667921e-20
287,QSVM,quantum,direct_top10,1,1,1,6.48638125683162e-20
294,QSVM,quantum,direct_top10,1,1,1,6.006788024687496e-20
296,QSVM,quantum,direct_top10,1,1,1,6.177501736329699e-20
301,QSVM,quantum,direct_top10,1,1,1,6.530842214524911e-20
302,QSVM,quantum,direct_top10,1,1,1,6.752812457988479e-20
305,QSVM,quantum,direct_top10,1,1,1,6.342638842668886e-20
318,QSVM,quantum,direct_top10,1,1,1,6.117382755142689e-20
322,QSVM,quantum,direct_top10,1,1,1,6.198654466579936e-20
323,QSVM,quantum,direct_top10,1,1,1,6.012351473603511e-20
325,QSVM,quantum,direct_top10,1,1,1,7.060510235372847e-20
327,QSVM,quantum,direct_top10,1,1,1,6.865289959037126e-20
333,QSVM,quantum,direct_top10,1,0,1,6.686371991239375e-20
368,QSVM,quantum,direct_top10,1,1,1,5.469030688101281e-20
369,QSVM,quantum,direct_top10,1,0,1,6.525459330229496e-20
375,QSVM,quantum,direct_top10,1,0,1,7.350801706670226e-20
388,QSVM,quantum,direct_top10,1,1,1,6.538317876484972e-20
392,QSVM,quantum,direct_top10,1,0,1,6.726783277595703e-20
393,QSVM,quantum,direct_top10,1,0,1,7.234276114784545e-20
396,QSVM,quantum,direct_top10,1,0,1,6.926698101671419e-20
469,QSVM,quantum,direct_top10,1,0,1,7.354115499307369e-20
501,QSVM,quantum,direct_top10,1,1,1,6.384379248913547e-20
510,QSVM,quantum,direct_top10,1,1,1,6.038816774473642e-20
511,QSVM,quantum,direct_top10,1,1,1,5.2847863225426986e-20
512,QSVM,quantum,direct_top10,1,1,1,6.546019555381846e-20
520,QSVM,quantum,direct_top10,1,0,1,7.012385157318105e-20
521,QSVM,quantum,direct_top10,1,0,1,6.952271904683599e-20
523,QSVM,quantum,direct_top10,1,1,1,6.727106128557103e-20
530,QSVM,quantum,direct_top10,1,1,1,7.008402000935463e-20
546,QSVM,quantum,direct_top10,1,1,1,6.4466509087794e-20
560,QSVM,quantum,direct_top10,1,1,1,6.246025907569426e-20
564,QSVM,quantum,direct_top10,1,1,1,6.622014278218321e-20
567,QSVM,quantum,direct_top10,1,0,1,7.099136882761172e-20
573,QSVM,quantum,direct_top10,1,1,1,6.002426450597668e-20
603,QSVM,quantum,direct_top10,1,1,1,7.061735973010509e-20
608,QSVM,quantum,direct_top10,1,1,1,7.081730292464435e-20
613,QSVM,quantum,direct_top10,1,1,1,6.870539811124841e-20
620,QSVM,quantum,direct_top10,1,1,1,6.350392039012602e-20
630,QSVM,quantum,direct_top10,1,0,1,6.007041684819051e-20
641,QSVM,quantum,direct_top10,1,0,1,6.456632312497405e-20
646,QSVM,quantum,direct_top10,1,1,1,6.85542020279686e-20
660,QSVM,quantum,direct_top10,1,1,1,5.500633174874554e-20
662,QSVM,quantum,direct_top10,1,1,1,6.77174665804963e-20
671,QSVM,quantum,direct_top10,1,1,1,6.223197379131342e-20
675,QSVM,quantum,direct_top10,1,1,1,6.413426721638408e-20
684,QSVM,quantum,direct_top10,1,1,1,5.982641445323944e-20
709,QSVM,quantum,direct_top10,1,1,1,6.282951939330284e-20
733,QSVM,quantum,direct_top10,1,0,1,7.06644775512431e-20
739,QSVM,quantum,direct_top10,1,0,1,6.49902697447387e-20
744,QSVM,quantum,direct_top10,1,1,1,6.722055017059667e-20
755,QSVM,quantum,direct_top10,1,0,1,5.552966532358121e-20
10,QSVM,quantum,direct_top10,2,1,1,4.033389051880945e-12
27,QSVM,quantum,direct_top10,2,1,1,4.2427951181324195e-12
31,QSVM,quantum,direct_top10,2,1,1,3.81741351618983e-12
36,QSVM,quantum,direct_top10,2,1,1,4.785329508804841e-12
39,QSVM,quantum,direct_top10,2,1,1,5.178680595374408e-12
40,QSVM,quantum,direct_top10,2,1,1,4.3857856603073715e-12
44,QSVM,quantum,direct_top10,2,0,1,3.0946057197843005e-12
48,QSVM,quantum,direct_top10,2,1,1,4.531177981419709e-12
55,QSVM,quantum,direct_top10,2,1,1,2.5195039314337035e-12
59,QSVM,quantum,direct_top10,2,1,1,3.795780286087594e-12
66,QSVM,quantum,direct_top10,2,1,1,4.841626964196411e-12
80,QSVM,quantum,direct_top10,2,0,1,4.874505378602995e-12
84,QSVM,quantum,direct_top10,2,1,1,5.343413870450481e-12
86,QSVM,quantum,direct_top10,2,1,1,5.039319366218713e-12
93,QSVM,quantum,direct_top10,2,1,1,2.7619292256395755e-12
96,QSVM,quantum,direct_top10,2,1,1,4.483514018072069e-12
113,QSVM,quantum,direct_top10,2,1,1,4.962319792488182e-12
114,QSVM,quantum,direct_top10,2,1,1,4.075865246642092e-12
121,QSVM,quantum,direct_top10,2,1,1,4.295119188044927e-12
127,QSVM,quantum,direct_top10,2,0,1,3.783772523054675e-12
131,QSVM,quantum,direct_top10,2,1,1,4.238704073004828e-12
133,QSVM,quantum,direct_top10,2,1,1,3.886666984999405e-12
135,QSVM,quantum,direct_top10,2,0,1,4.569566563554805e-12
146,QSVM,quantum,direct_top10,2,0,1,4.1510913403819564e-12
151,QSVM,quantum,direct_top10,2,1,1,4.485705460096221e-12
167,QSVM,quantum,direct_top10,2,1,1,4.0599914516548184e-12
182,QSVM,quantum,direct_top10,2,1,1,4.7484474020770305e-12
184,QSVM,quantum,direct_top10,2,1,1,4.3535168446388534e-12
198,QSVM,quantum,direct_top10,2,1,1,2.971425750988926e-12
207,QSVM,quantum,direct_top10,2,0,1,4.7146011890794234e-12
262,QSVM,quantum,direct_top10,2,1,1,4.70078473184032e-12
268,QSVM,quantum,direct_top10,2,0,1,4.742559587881432e-12
270,QSVM,quantum,direct_top10,2,1,1,3.865921221357815e-12
275,QSVM,quantum,direct_top10,2,1,1,1.6944531967791868e-12
283,QSVM,quantum,direct_top10,2,1,1,3.6529351616455604e-12
286,QSVM,quantum,direct_top10,2,1,1,3.9137904545216195e-12
308,QSVM,quantum,direct_top10,2,1,1,3.686845396983694e-12
315,QSVM,quantum,direct_top10,2,1,1,4.092129006977799e-12
335,QSVM,quantum,direct_top10,2,0,1,4.159976010192713e-12
339,QSVM,quantum,direct_top10,2,1,1,4.38521187584948e-12
350,QSVM,quantum,direct_top10,2,1,1,3.800944133089949e-12
352,QSVM,quantum,direct_top10,2,1,1,3.66212596481635e-12
378,QSVM,quantum,direct_top10,2,1,1,4.8059756863803444e-12
379,QSVM,quantum,direct_top10,2,1,1,4.2409941700676424e-12
391,QSVM,quantum,direct_top10,2,0,1,4.5420938920359954e-12
410,QSVM,quantum,direct_top10,2,0,1,4.6742065430894934e-12
415,QSVM,quantum,direct_top10,2,1,1,5.1486419620243595e-12
419,QSVM,quantum,direct_top10,2,1,1,5.4655643696808766e-12
454,QSVM,quantum,direct_top10,2,1,1,3.585803600045802e-12
459,QSVM,quantum,direct_top10,2,0,1,4.49495103563563e-12
470,QSVM,quantum,direct_top10,2,0,1,5.263670371678281e-12
471,QSVM,quantum,direct_top10,2,0,1,3.789012549486424e-12
496,QSVM,quantum,direct_top10,2,1,1,4.192074293709401e-12
503,QSVM,quantum,direct_top10,2,1,1,4.024107888343769e-12
505,QSVM,quantum,direct_top10,2,1,1,3.701171090335391e-12
522,QSVM,quantum,direct_top10,2,1,1,4.6059593418131426e-12
542,QSVM,quantum,direct_top10,2,0,1,4.833086443531553e-12
549,QSVM,quantum,direct_top10,2,1,1,3.409959354747769e-12
555,QSVM,quantum,direct_top10,2,1,1,4.95147681630989e-12
558,QSVM,quantum,direct_top10,2,1,1,3.712093410748688e-12
587,QSVM,quantum,direct_top10,2,0,1,4.392362763340069e-12
599,QSVM,quantum,direct_top10,2,1,1,3.720985459049017e-12
606,QSVM,quantum,direct_top10,2,1,1,4.313334496488516e-12
611,QSVM,quantum,direct_top10,2,0,1,3.3351823110165025e-12
632,QSVM,quantum,direct_top10,2,0,1,3.6106074256185572e-12
656,QSVM,quantum,direct_top10,2,1,1,2.5695996197163714e-12
673,QSVM,quantum,direct_top10,2,1,1,3.5763132789290356e-12
680,QSVM,quantum,direct_top10,2,1,1,4.82124595720648e-12
700,QSVM,quantum,direct_top10,2,1,1,5.271731726897131e-12
704,QSVM,quantum,direct_top10,2,0,1,4.9528206187836596e-12
724,QSVM,quantum,direct_top10,2,1,1,5.080290694022527e-12
729,QSVM,quantum,direct_top10,2,1,1,3.2055521377029252e-12
732,QSVM,quantum,direct_top10,2,0,1,4.7548694996223626e-12
745,QSVM,quantum,direct_top10,2,1,1,4.5935727053733084e-12
746,QSVM,quantum,direct_top10,2,1,1,4.021552079147841e-12
749,QSVM,quantum,direct_top10,2,1,1,4.415440542856526e-12
11,QSVM,quantum,direct_top10,3,1,1,1.0890379198934341e-14
15,QSVM,quantum,direct_top10,3,1,1,1.1705767515259826e-14
19,QSVM,quantum,direct_top10,3,1,1,9.764856495214235e-15
20,QSVM,quantum,direct_top10,3,1,1,1.016754002845365e-14
25,QSVM,quantum,direct_top10,3,1,1,1.1340047500030242e-14
33,QSVM,quantum,direct_top10,3,0,1,1.1193669431379206e-14
41,QSVM,quantum,direct_top10,3,1,1,1.080803931890347e-14
56,QSVM,quantum,direct_top10,3,1,1,1.1819541297251622e-14
65,QSVM,quantum,direct_top10,3,1,1,1.0728379007384807e-14
70,QSVM,quantum,direct_top10,3,1,1,1.0335444214119346e-14
117,QSVM,quantum,direct_top10,3,1,1,1.139297260603085e-14
125,QSVM,quantum,direct_top10,3,0,1,1.199727252904505e-14
134,QSVM,quantum,direct_top10,3,1,1,1.1105045673876322e-14
144,QSVM,quantum,direct_top10,3,0,1,1.2022303567187084e-14
145,QSVM,quantum,direct_top10,3,0,1,1.1664116989988749e-14
156,QSVM,quantum,direct_top10,3,1,1,1.1568690328686669e-14
168,QSVM,quantum,direct_top10,3,1,1,1.1708911063336397e-14
170,QSVM,quantum,direct_top10,3,1,1,1.0880908110678326e-14
200,QSVM,quantum,direct_top10,3,1,1,1.1220426275696152e-14
203,QSVM,quantum,direct_top10,3,1,1,1.1961088013635797e-14
204,QSVM,quantum,direct_top10,3,1,1,1.0950710513669538e-14
208,QSVM,quantum,direct_top10,3,0,1,1.1507007194355737e-14
217,QSVM,quantum,direct_top10,3,1,1,1.1003332258987264e-14
218,QSVM,quantum,direct_top10,3,1,1,1.0797584856542326e-14
220,QSVM,quantum,direct_top10,3,0,1,1.1104654638241124e-14
255,QSVM,quantum,direct_top10,3,1,1,1.0128433679482942e-14
256,QSVM,quantum,direct_top10,3,1,1,1.0466795236633264e-14
267,QSVM,quantum,direct_top10,3,0,1,1.2063371561911154e-14
289,QSVM,quantum,direct_top10,3,0,1,1.0667162580339243e-14
295,QSVM,quantum,direct_top10,3,1,1,1.0667232887732656e-14
328,QSVM,quantum,direct_top10,3,1,1,1.0917818840721873e-14
341,QSVM,quantum,direct_top10,3,1,1,1.0372283524802323e-14
345,QSVM,quantum,direct_top10,3,1,1,1.1267696417414132e-14
355,QSVM,quantum,direct_top10,3,1,1,1.0736891215841117e-14
372,QSVM,quantum,direct_top10,3,1,1,1.0996593296592077e-14
377,QSVM,quantum,direct_top10,3,0,1,9.71800165104479e-15
385,QSVM,quantum,direct_top10,3,1,1,1.1100667704418384e-14
394,QSVM,quantum,direct_top10,3,0,1,1.1441143879237459e-14
402,QSVM,quantum,direct_top10,3,1,1,1.1291426474843715e-14
404,QSVM,quantum,direct_top10,3,1,1,1.0306707553834522e-14
413,QSVM,quantum,direct_top10,3,1,1,1.068673578127623e-14
416,QSVM,quantum,direct_top10,3,1,1,1.0122461224727354e-14
423,QSVM,quantum,direct_top10,3,1,1,1.1767505990211821e-14
434,QSVM,quantum,direct_top10,3,1,1,1.2184883623899497e-14
439,QSVM,quantum,direct_top10,3,1,1,1.1317361856345893e-14
447,QSVM,quantum,direct_top10,3,0,1,1.2553338671524774e-14
461,QSVM,quantum,direct_top10,3,0,1,1.0739312882050809e-14
463,QSVM,quantum,direct_top10,3,1,1,1.1608988387979665e-14
472,QSVM,quantum,direct_top10,3,0,1,1.1703520482310033e-14
474,QSVM,quantum,direct_top10,3,1,1,1.003749347987464e-14
476,QSVM,quantum,direct_top10,3,1,1,9.611149544824316e-15
481,QSVM,quantum,direct_top10,3,1,1,1.0119690942789779e-14
482,QSVM,quantum,direct_top10,3,1,1,8.815053095398694e-15
488,QSVM,quantum,direct_top10,3,1,1,9.838250665498719e-15
499,QSVM,quantum,direct_top10,3,1,1,1.0408179689189666e-14
502,QSVM,quantum,direct_top10,3,1,1,9.738060346731344e-15
509,QSVM,quantum,direct_top10,3,1,1,1.1438297321796522e-14
513,QSVM,quantum,direct_top10,3,1,1,1.1027494650646701e-14
514,QSVM,quantum,direct_top10,3,1,1,1.0068000071477999e-14
572,QSVM,quantum,direct_top10,3,1,1,1.0740424549531282e-14
589,QSVM,quantum,direct_top10,3,0,1,1.1910705324899606e-14
592,QSVM,quantum,direct_top10,3,1,1,9.919297922774284e-15
598,QSVM,quantum,direct_top10,3,1,1,1.0446229608790908e-14
600,QSVM,quantum,direct_top10,3,1,1,1.0466571749889361e-14
601,QSVM,quantum,direct_top10,3,1,1,1.0654998910527197e-14
612,QSVM,quantum,direct_top10,3,1,1,1.0176419871175805e-14
645,QSVM,quantum,direct_top10,3,1,1,1.135837964469545e-14
666,QSVM,quantum,direct_top10,3,0,1,9.47504040703304e-15
668,QSVM,quantum,direct_top10,3,0,1,1.0333530738554342e-14
688,QSVM,quantum,direct_top10,3,1,1,1.0080455217443114e-14
696,QSVM,quantum,direct_top10,3,0,1,1.2107962991545605e-14
702,QSVM,quantum,direct_top10,3,0,1,8.642135870071708e-15
715,QSVM,quantum,direct_top10,3,1,1,9.6644293230615e-15
723,QSVM,quantum,direct_top10,3,1,1,1.2069945224344806e-14
727,QSVM,quantum,direct_top10,3,0,1,9.431957357213243e-15
743,QSVM,quantum,direct_top10,3,1,1,1.0135751052282932e-14
9,QSVM,quantum,direct_top10,4,1,1,3.3739823992435705e-11
13,QSVM,quantum,direct_top10,4,1,1,3.205101933335669e-11
21,QSVM,quantum,direct_top10,4,1,1,3.150475951914789e-11
22,QSVM,quantum,direct_top10,4,1,1,3.307823977062393e-11
28,QSVM,quantum,direct_top10,4,1,1,3.254618378874397e-11
61,QSVM,quantum,direct_top10,4,1,1,2.8612543461277873e-11
72,QSVM,quantum,direct_top10,4,0,1,3.622200243514016e-11
77,QSVM,quantum,direct_top10,4,1,1,3.398484926147137e-11
100,QSVM,quantum,direct_top10,4,0,1,3.2560407364596345e-11
104,QSVM,quantum,direct_top10,4,0,1,2.9882554587808326e-11
106,QSVM,quantum,direct_top10,4,1,1,3.144400314772366e-11
116,QSVM,quantum,direct_top10,4,1,1,3.220775204136146e-11
120,QSVM,quantum,direct_top10,4,1,1,2.8809997730017335e-11
126,QSVM,quantum,direct_top10,4,0,1,3.323794090278535e-11
150,QSVM,quantum,direct_top10,4,1,1,3.1332485876457135e-11
157,QSVM,quantum,direct_top10,4,1,1,3.080040510680876e-11
180,QSVM,quantum,direct_top10,4,1,1,3.28396637952793e-11
191,QSVM,quantum,direct_top10,4,1,1,2.996664949770861e-11
193,QSVM,quantum,direct_top10,4,1,1,3.560669741345059e-11
206,QSVM,quantum,direct_top10,4,1,1,3.2645134595081016e-11
211,QSVM,quantum,direct_top10,4,1,1,3.2214130754493064e-11
229,QSVM,quantum,direct_top10,4,1,1,3.0608725665168564e-11
260,QSVM,quantum,direct_top10,4,1,1,3.140990051381375e-11
264,QSVM,quantum,direct_top10,4,1,1,3.508567848457638e-11
269,QSVM,quantum,direct_top10,4,0,1,3.658425488906136e-11
282,QSVM,quantum,direct_top10,4,1,1,3.21807755114151e-11
284,QSVM,quantum,direct_top10,4,1,1,3.407110256675709e-11
290,QSVM,quantum,direct_top10,4,0,1,3.4395195277560937e-11
297,QSVM,quantum,direct_top10,4,1,1,3.59133697582712e-11
312,QSVM,quantum,direct_top10,4,1,1,3.5008592003307875e-11
320,QSVM,quantum,direct_top10,4,1,1,2.8139639003752554e-11
324,QSVM,quantum,direct_top10,4,1,1,3.551675849594352e-11
331,QSVM,quantum,direct_top10,4,1,1,2.7561507812946366e-11
337,QSVM,quantum,direct_top10,4,1,1,3.329920313820482e-11
344,QSVM,quantum,direct_top10,4,1,1,3.3354719991250294e-11
400,QSVM,quantum,direct_top10,4,1,1,3.288874748896328e-11
424,QSVM,quantum,direct_top10,4,1,1,3.1794285962948273e-11
425,QSVM,quantum,direct_top10,4,1,1,2.959108425035014e-11
436,QSVM,quantum,direct_top10,4,1,1,3.421523860771481e-11
438,QSVM,quantum,direct_top10,4,1,1,3.34096697421467e-11
455,QSVM,quantum,direct_top10,4,1,1,3.1943608140046185e-11
477,QSVM,quantum,direct_top10,4,1,1,3.348137614655877e-11
484,QSVM,quantum,direct_top10,4,1,1,3.721040842154871e-11
489,QSVM,quantum,direct_top10,4,0,1,3.4442093948769254e-11
507,QSVM,quantum,direct_top10,4,1,1,2.9097896696211412e-11
517,QSVM,quantum,direct_top10,4,1,1,3.486962802112526e-11
528,QSVM,quantum,direct_top10,4,1,1,3.7366920646465626e-11
533,QSVM,quantum,direct_top10,4,1,1,3.38819724264023e-11
536,QSVM,quantum,direct_top10,4,0,1,3.963956176602158e-11
540,QSVM,quantum,direct_top10,4,0,1,3.740834549045196e-11
550,QSVM,quantum,direct_top10,4,1,1,3.4974913319516705e-11
552,QSVM,quantum,direct_top10,4,1,1,3.2163300645595515e-11
554,QSVM,quantum,direct_top10,4,1,1,3.1496667937641914e-11
557,QSVM,quantum,direct_top10,4,1,1,3.4758276265339143e-11
561,QSVM,quantum,direct_top10,4,0,1,3.5335831448563943e-11
569,QSVM,quantum,direct_top10,4,0,1,3.3001254896274856e-11
571,QSVM,quantum,direct_top10,4,1,1,3.09801342532246e-11
586,QSVM,quantum,direct_top10,4,0,1,3.5966674785701924e-11
590,QSVM,quantum,direct_top10,4,0,1,3.53509127996421e-11
595,QSVM,quantum,direct_top10,4,0,1,3.502520326538387e-11
615,QSVM,quantum,direct_top10,4,1,1,3.351968328589752e-11
617,QSVM,quantum,direct_top10,4,1,1,3.172472707008145e-11
624,QSVM,quantum,direct_top10,4,1,1,3.377575184977711e-11
625,QSVM,quantum,direct_top10,4,1,1,3.3225880338283574e-11
644,QSVM,quantum,direct_top10,4,1,1,3.171642123220417e-11
647,QSVM,quantum,direct_top10,4,1,1,3.212147430421131e-11
649,QSVM,quantum,direct_top10,4,0,1,3.5572261934746836e-11
652,QSVM,quantum,direct_top10,4,1,1,3.165137117905291e-11
659,QSVM,quantum,direct_top10,4,0,1,3.627578502498936e-11
674,QSVM,quantum,direct_top10,4,1,1,3.3655507230089084e-11
694,QSVM,quantum,direct_top10,4,1,1,3.4206946808696356e-11
707,QSVM,quantum,direct_top10,4,0,1,3.500614592585885e-11
717,QSVM,quantum,direct_top10,4,1,1,3.3693299091415995e-11
734,QSVM,quantum,direct_top10,4,0,1,3.556219992991104e-11
741,QSVM,quantum,direct_top10,4,1,1,3.294953574296526e-11
753,QSVM,quantum,direct_top10,4,0,1,3.6150200541378517e-11
2,QSVM,quantum,direct_top10,5,1,1,3.376436672314886e-11
6,QSVM,quantum,direct_top10,5,1,1,4.646834455571273e-11
12,QSVM,quantum,direct_top10,5,1,1,3.497150794791269e-11
16,QSVM,quantum,direct_top10,5,1,1,3.667569236572009e-11
23,QSVM,quantum,direct_top10,5,1,1,3.312849694034449e-11
29,QSVM,quantum,direct_top10,5,1,1,3.287694597611542e-11
45,QSVM,quantum,direct_top10,5,1,1,3.273641219347373e-11
64,QSVM,quantum,direct_top10,5,1,1,3.464196046102936e-11
68,QSVM,quantum,direct_top10,5,1,1,3.614052350919614e-11
79,QSVM,quantum,direct_top10,5,0,1,4.4614827288436e-11
81,QSVM,quantum,direct_top10,5,0,1,3.358508546326915e-11
92,QSVM,quantum,direct_top10,5,1,1,3.63496261548012e-11
101,QSVM,quantum,direct_top10,5,0,1,3.499669849083513e-11
105,QSVM,quantum,direct_top10,5,1,1,2.7617547582559925e-11
108,QSVM,quantum,direct_top10,5,1,1,4.0577516349539176e-11
118,QSVM,quantum,direct_top10,5,1,1,3.5135969079139446e-11
124,QSVM,quantum,direct_top10,5,0,1,3.899271831793709e-11
130,QSVM,quantum,direct_top10,5,1,1,3.2527544992567434e-11
136,QSVM,quantum,direct_top10,5,0,1,3.709899363279111e-11
143,QSVM,quantum,direct_top10,5,0,1,3.8537797008749146e-11
164,QSVM,quantum,direct_top10,5,1,1,3.360460998706035e-11
185,QSVM,quantum,direct_top10,5,1,1,3.5502990829032445e-11
196,QSVM,quantum,direct_top10,5,0,1,3.3321421879738674e-11
249,QSVM,quantum,direct_top10,5,0,1,3.4808020273535834e-11
253,QSVM,quantum,direct_top10,5,1,1,3.540546752636911e-11
257,QSVM,quantum,direct_top10,5,1,1,4.275103910880202e-11
263,QSVM,quantum,direct_top10,5,1,1,3.490689873245064e-11
265,QSVM,quantum,direct_top10,5,1,1,3.473666733946816e-11
274,QSVM,quantum,direct_top10,5,1,1,3.1590918900286775e-11
276,QSVM,quantum,direct_top10,5,1,1,3.33493267890072e-11
280,QSVM,quantum,direct_top10,5,1,1,3.5011535697480836e-11
293,QSVM,quantum,direct_top10,5,1,1,3.5747420513267085e-11
303,QSVM,quantum,direct_top10,5,1,1,2.9378821397290846e-11
321,QSVM,quantum,direct_top10,5,1,1,3.069034683892073e-11
326,QSVM,quantum,direct_top10,5,1,1,3.5848140805101795e-11
329,QSVM,quantum,direct_top10,5,1,1,3.3483929760771836e-11
358,QSVM,quantum,direct_top10,5,0,1,3.8455012836879226e-11
370,QSVM,quantum,direct_top10,5,0,1,3.715038435248155e-11
371,QSVM,quantum,direct_top10,5,0,1,3.4393529859114785e-11
373,QSVM,quantum,direct_top10,5,1,1,3.367929338088199e-11
382,QSVM,quantum,direct_top10,5,1,1,3.110186035926511e-11
386,QSVM,quantum,direct_top10,5,1,1,3.48558522098065e-11
408,QSVM,quantum,direct_top10,5,0,1,3.9791464765896744e-11
409,QSVM,quantum,direct_top10,5,0,1,4.4729618667514065e-11
417,QSVM,quantum,direct_top10,5,1,1,3.107443646488942e-11
427,QSVM,quantum,direct_top10,5,1,1,3.677982091990493e-11
465,QSVM,quantum,direct_top10,5,1,1,2.7917051854311445e-11
479,QSVM,quantum,direct_top10,5,1,1,3.5396496680575724e-11
480,QSVM,quantum,direct_top10,5,1,1,4.5546140468611086e-11
504,QSVM,quantum,direct_top10,5,1,1,3.475466128347279e-11
506,QSVM,quantum,direct_top10,5,1,1,3.371032281633277e-11
519,QSVM,quantum,direct_top10,5,0,1,4.358799450133284e-11
524,QSVM,quantum,direct_top10,5,1,1,2.990170930223471e-11
538,QSVM,quantum,direct_top10,5,1,1,3.4719027767671635e-11
544,QSVM,quantum,direct_top10,5,1,1,3.495599015769774e-11
547,QSVM,quantum,direct_top10,5,1,1,3.2650855313590614e-11
562,QSVM,quantum,direct_top10,5,0,1,3.7346857546649785e-11
566,QSVM,quantum,direct_top10,5,1,1,3.5363749359030346e-11
575,QSVM,quantum,direct_top10,5,1,1,3.31959571193991e-11
579,QSVM,quantum,direct_top10,5,1,1,3.4349035235460957e-11
582,QSVM,quantum,direct_top10,5,0,1,3.7191912088860267e-11
583,QSVM,quantum,direct_top10,5,0,1,3.0222413655759816e-11
619,QSVM,quantum,direct_top10,5,1,1,3.215323955688769e-11
623,QSVM,quantum,direct_top10,5,1,1,3.1212077003463197e-11
628,QSVM,quantum,direct_top10,5,1,1,3.9907749937392426e-11
638,QSVM,quantum,direct_top10,5,1,1,3.5342723913549926e-11
655,QSVM,quantum,direct_top10,5,1,1,3.33885836275624e-11
683,QSVM,quantum,direct_top10,5,1,1,2.6208933274238918e-11
687,QSVM,quantum,direct_top10,5,1,1,3.750329429434404e-11
693,QSVM,quantum,direct_top10,5,1,1,3.5596237698561334e-11
708,QSVM,quantum,direct_top10,5,1,1,4.0708978620102433e-11
716,QSVM,quantum,direct_top10,5,1,1,3.6090590124192897e-11
726,QSVM,quantum,direct_top10,5,0,1,3.185824584967812e-11
747,QSVM,quantum,direct_top10,5,1,1,3.3632081466515426e-11
750,QSVM,quantum,direct_top10,5,0,1,4.127823654212056e-11
752,QSVM,quantum,direct_top10,5,0,1,3.412306020687243e-11
5,QSVM,quantum,direct_top10,6,1,1,2.004776017148382e-17
43,QSVM,quantum,direct_top10,6,0,1,2.2693305952408724e-17
46,QSVM,quantum,direct_top10,6,1,1,2.8045198917164066e-17
67,QSVM,quantum,direct_top10,6,1,1,2.952452713310556e-17
69,QSVM,quantum,direct_top10,6,1,1,2.588252975827942e-17
74,QSVM,quantum,direct_top10,6,0,1,2.941914730612455e-17
76,QSVM,quantum,direct_top10,6,1,1,2.9319878395481674e-17
85,QSVM,quantum,direct_top10,6,1,1,2.5750061050810872e-17
87,QSVM,quantum,direct_top10,6,0,1,2.7961239725060916e-17
95,QSVM,quantum,direct_top10,6,1,1,1.4482505463235066e-17
102,QSVM,quantum,direct_top10,6,0,1,2.615506314708951e-17
103,QSVM,quantum,direct_top10,6,0,1,2.3247325482043998e-17
132,QSVM,quantum,direct_top10,6,1,1,3.045163296340104e-17
140,QSVM,quantum,direct_top10,6,1,1,2.5487633369829093e-17
142,QSVM,quantum,direct_top10,6,0,1,3.0165716570978825e-17
155,QSVM,quantum,direct_top10,6,1,1,2.5826310758065758e-17
161,QSVM,quantum,direct_top10,6,1,1,2.4504582784116287e-17
165,QSVM,quantum,direct_top10,6,1,1,2.6308243932251732e-17
166,QSVM,quantum,direct_top10,6,1,1,2.598701842462577e-17
176,QSVM,quantum,direct_top10,6,1,1,1.920957036717076e-17
183,QSVM,quantum,direct_top10,6,1,1,2.340304503100424e-17
190,QSVM,quantum,direct_top10,6,1,1,1.56723537092635e-17
197,QSVM,quantum,direct_top10,6,0,1,1.8446609416374053e-17
201,QSVM,quantum,direct_top10,6,1,1,2.894386671425066e-17
222,QSVM,quantum,direct_top10,6,1,1,2.367795657771563e-17
232,QSVM,quantum,direct_top10,6,1,1,2.7496673539083022e-17
234,QSVM,quantum,direct_top10,6,0,1,1.9111017280630046e-17
245,QSVM,quantum,direct_top10,6,1,1,2.9403759956963085e-17
258,QSVM,quantum,direct_top10,6,1,1,2.223832100088832e-17
271,QSVM,quantum,direct_top10,6,1,1,2.0804686314699152e-17
291,QSVM,quantum,direct_top10,6,1,1,2.3734766354130013e-17
300,QSVM,quantum,direct_top10,6,1,1,2.4390920925424405e-17
309,QSVM,quantum,direct_top10,6,0,1,2.518828645919838e-17
317,QSVM,quantum,direct_top10,6,1,1,2.919503541094073e-17
342,QSVM,quantum,direct_top10,6,1,1,2.881361502484173e-17
346,QSVM,quantum,direct_top10,6,1,1,2.9039277311989314e-17
347,QSVM,quantum,direct_top10,6,1,1,2.779205352511963e-17
363,QSVM,quantum,direct_top10,6,1,1,2.4833967951078537e-17
364,QSVM,quantum,direct_top10,6,1,1,2.5862580851265282e-17
367,QSVM,quantum,direct_top10,6,1,1,2.530818290366148e-17
380,QSVM,quantum,direct_top10,6,1,1,2.7271106103852382e-17
384,QSVM,quantum,direct_top10,6,1,1,3.0726776267128836e-17
395,QSVM,quantum,direct_top10,6,0,1,2.986582472596702e-17
399,QSVM,quantum,direct_top10,6,1,1,2.935692179920696e-17
418,QSVM,quantum,direct_top10,6,1,1,2.7169157780327753e-17
421,QSVM,quantum,direct_top10,6,1,1,2.415527953937402e-17
426,QSVM,quantum,direct_top10,6,1,1,3.008408078294288e-17
449,QSVM,quantum,direct_top10,6,0,1,2.9358666489620935e-17
450,QSVM,quantum,direct_top10,6,1,1,3.0789225264318374e-17
462,QSVM,quantum,direct_top10,6,1,1,2.816528921697402e-17
466,QSVM,quantum,direct_top10,6,1,1,2.8893275395568004e-17
475,QSVM,quantum,direct_top10,6,1,1,2.814174360036426e-17
493,QSVM,quantum,direct_top10,6,1,1,2.0065033836090867e-17
535,QSVM,quantum,direct_top10,6,0,1,3.020941024128245e-17
556,QSVM,quantum,direct_top10,6,1,1,2.827537655594206e-17
563,QSVM,quantum,direct_top10,6,0,1,2.998988614741755e-17
570,QSVM,quantum,direct_top10,6,1,1,2.354524293298537e-17
581,QSVM,quantum,direct_top10,6,1,1,2.3985373498757983e-17
584,QSVM,quantum,direct_top10,6,0,1,2.8437917519284344e-17
604,QSVM,quantum,direct_top10,6,1,1,2.7876744371516806e-17
607,QSVM,quantum,direct_top10,6,1,1,2.5932632288653456e-17
622,QSVM,quantum,direct_top10,6,1,1,2.596927470108076e-17
626,QSVM,quantum,direct_top10,6,1,1,2.0357086613470134e-17
636,QSVM,quantum,direct_top10,6,1,1,2.960199553211247e-17
654,QSVM,quantum,direct_top10,6,1,1,1.9255659149775617e-17
667,QSVM,quantum,direct_top10,6,0,1,2.7162026749694658e-17
681,QSVM,quantum,direct_top10,6,1,1,2.471115334525549e-17
685,QSVM,quantum,direct_top10,6,1,1,2.3626931570806233e-17
706,QSVM,quantum,direct_top10,6,0,1,2.8539623941678856e-17
710,QSVM,quantum,direct_top10,6,1,1,2.6555068188373946e-17
713,QSVM,quantum,direct_top10,6,0,1,2.740791084213333e-17
722,QSVM,quantum,direct_top10,6,1,1,1.1860955650729035e-17
731,QSVM,quantum,direct_top10,6,1,1,1.8191993220771157e-17
737,QSVM,quantum,direct_top10,6,0,1,2.4487598675314048e-17
751,QSVM,quantum,direct_top10,6,0,1,2.905211256567166e-17
754,QSVM,quantum,direct_top10,6,0,1,2.6740122116990658e-17
8,QSVM,quantum,direct_top10,7,1,1,6.322303806735578e-13
35,QSVM,quantum,direct_top10,7,0,1,5.987684688320985e-13
49,QSVM,quantum,direct_top10,7,1,1,5.600541246587151e-13
53,QSVM,quantum,direct_top10,7,1,1,6.612312328517273e-13
54,QSVM,quantum,direct_top10,7,1,1,5.583732593622257e-13
63,QSVM,quantum,direct_top10,7,1,1,5.922909803121737e-13
82,QSVM,quantum,direct_top10,7,0,1,5.135947928857938e-13
98,QSVM,quantum,direct_top10,7,1,1,6.198952365061895e-13
110,QSVM,quantum,direct_top10,7,1,1,6.331020271006037e-13
129,QSVM,quantum,direct_top10,7,1,1,5.286634972861731e-13
138,QSVM,quantum,direct_top10,7,1,1,6.566664199617962e-13
153,QSVM,quantum,direct_top10,7,1,1,6.435308543411743e-13
178,QSVM,quantum,direct_top10,7,1,1,5.997550959114174e-13
189,QSVM,quantum,direct_top10,7,1,1,6.160413165178217e-13
192,QSVM,quantum,direct_top10,7,1,1,6.441405867273583e-13
214,QSVM,quantum,direct_top10,7,1,1,6.422295629306146e-13
225,QSVM,quantum,direct_top10,7,0,1,5.811619186414338e-13
226,QSVM,quantum,direct_top10,7,0,1,6.247167310876302e-13
238,QSVM,quantum,direct_top10,7,1,1,6.041614840877254e-13
241,QSVM,quantum,direct_top10,7,1,1,5.458196445960537e-13
247,QSVM,quantum,direct_top10,7,1,1,6.471839512702515e-13
259,QSVM,quantum,direct_top10,7,1,1,5.525128613241816e-13
292,QSVM,quantum,direct_top10,7,1,1,6.223319214696123e-13
299,QSVM,quantum,direct_top10,7,1,1,6.527557340202854e-13
310,QSVM,quantum,direct_top10,7,0,1,4.647606578663935e-13
313,QSVM,quantum,direct_top10,7,1,1,5.796567830443022e-13
316,QSVM,quantum,direct_top10,7,1,1,5.294021286049005e-13
340,QSVM,quantum,direct_top10,7,1,1,6.02807166577872e-13
353,QSVM,quantum,direct_top10,7,1,1,6.062318309152185e-13
356,QSVM,quantum,direct_top10,7,1,1,5.881486911938726e-13
357,QSVM,quantum,direct_top10,7,0,1,6.664603410800224e-13
360,QSVM,quantum,direct_top10,7,1,1,5.688420381102649e-13
365,QSVM,quantum,direct_top10,7,1,1,5.656396865148025e-13
389,QSVM,quantum,direct_top10,7,1,1,6.146319897435774e-13
398,QSVM,quantum,direct_top10,7,0,1,6.850988425088646e-13
401,QSVM,quantum,direct_top10,7,1,1,6.415423051905593e-13
405,QSVM,quantum,direct_top10,7,0,1,7.123949651392912e-13
406,QSVM,quantum,direct_top10,7,0,1,6.560538232270565e-13
411,QSVM,quantum,direct_top10,7,1,1,6.272410249653869e-13
412,QSVM,quantum,direct_top10,7,1,1,6.561452059855208e-13
428,QSVM,quantum,direct_top10,7,1,1,6.402869679780609e-13
431,QSVM,quantum,direct_top10,7,1,1,5.874140269444178e-13
435,QSVM,quantum,direct_top10,7,1,1,5.743273238445547e-13
441,QSVM,quantum,direct_top10,7,1,1,6.374555810097241e-13
446,QSVM,quantum,direct_top10,7,1,1,6.437649199578725e-13
453,QSVM,quantum,direct_top10,7,1,1,5.542133137140542e-13
460,QSVM,quantum,direct_top10,7,0,1,4.84601504362329e-13
467,QSVM,quantum,direct_top10,7,1,1,4.463194257626302e-13
468,QSVM,quantum,direct_top10,7,0,1,6.49608760093962e-13
487,QSVM,quantum,direct_top10,7,1,1,5.070465117754284e-13
491,QSVM,quantum,direct_top10,7,0,1,5.227980508855015e-13
498,QSVM,quantum,direct_top10,7,1,1,5.684272607060219e-13
526,QSVM,quantum,direct_top10,7,1,1,6.147128180003044e-13
537,QSVM,quantum,direct_top10,7,1,1,5.628417370895301e-13
539,QSVM,quantum,direct_top10,7,1,1,5.524344895032064e-13
576,QSVM,quantum,direct_top10,7,0,1,6.547357097431746e-13
580,QSVM,quantum,direct_top10,7,1,1,5.795114938673664e-13
588,QSVM,quantum,direct_top10,7,0,1,6.373003643187691e-13
593,QSVM,quantum,direct_top10,7,1,1,6.184263243262532e-13
605,QSVM,quantum,direct_top10,7,1,1,6.232041127092224e-13
614,QSVM,quantum,direct_top10,7,1,1,4.995287238966785e-13
637,QSVM,quantum,direct_top10,7,1,1,6.914951474949331e-13
661,QSVM,quantum,direct_top10,7,1,1,6.283254357429869e-13
663,QSVM,quantum,direct_top10,7,0,1,6.43875619829628e-13
664,QSVM,quantum,direct_top10,7,0,1,6.765277659291331e-13
670,QSVM,quantum,direct_top10,7,1,1,5.830582212307114e-13
679,QSVM,quantum,direct_top10,7,1,1,6.410436013718617e-13
682,QSVM,quantum,direct_top10,7,1,1,5.619659057854149e-13
686,QSVM,quantum,direct_top10,7,1,1,5.695042002831503e-13
703,QSVM,quantum,direct_top10,7,0,1,6.171065722607953e-13
711,QSVM,quantum,direct_top10,7,0,1,6.35879246075486e-13
718,QSVM,quantum,direct_top10,7,1,1,5.767999591141411e-13
721,QSVM,quantum,direct_top10,7,1,1,5.092545009351929e-13
725,QSVM,quantum,direct_top10,7,1,1,5.434640796719757e-13
728,QSVM,quantum,direct_top10,7,0,1,5.907125896234635e-13
14,QSVM,quantum,direct_top10,8,1,1,2.5979446411413e-10
17,QSVM,quantum,direct_top10,8,1,1,2.455640600459825e-10
42,QSVM,quantum,direct_top10,8,0,1,2.2776753330535457e-10
47,QSVM,quantum,direct_top10,8,1,1,2.533644160231842e-10
73,QSVM,quantum,direct_top10,8,0,1,2.7768599471938507e-10
78,QSVM,quantum,direct_top10,8,0,1,2.432435995948303e-10
88,QSVM,quantum,direct_top10,8,0,1,6.196366242455537e-10
90,QSVM,quantum,direct_top10,8,1,1,2.3040291268146546e-10
91,QSVM,quantum,direct_top10,8,1,1,2.418694370065616e-10
107,QSVM,quantum,direct_top10,8,1,1,2.7546015526795065e-10
112,QSVM,quantum,direct_top10,8,1,1,2.445937147339951e-10
159,QSVM,quantum,direct_top10,8,1,1,2.2622149084471215e-10
172,QSVM,quantum,direct_top10,8,1,1,2.4793719123440775e-10
173,QSVM,quantum,direct_top10,8,1,1,2.168629753780881e-10
177,QSVM,quantum,direct_top10,8,1,1,2.6827252299376614e-10
187,QSVM,quantum,direct_top10,8,1,1,2.2262101073471475e-10
199,QSVM,quantum,direct_top10,8,1,1,2.09974034337734e-10
213,QSVM,quantum,direct_top10,8,1,1,2.7103074374052167e-10
216,QSVM,quantum,direct_top10,8,1,1,2.2372502100202892e-10
221,QSVM,quantum,direct_top10,8,0,1,2.241337327776117e-10
223,QSVM,quantum,direct_top10,8,1,1,2.2724818820881004e-10
230,QSVM,quantum,direct_top10,8,1,1,2.2853138892293652e-10
235,QSVM,quantum,direct_top10,8,0,1,1.9802062114123855e-10
237,QSVM,quantum,direct_top10,8,1,1,1.8575457753116713e-10
248,QSVM,quantum,direct_top10,8,1,1,2.2954588217927556e-10
266,QSVM,quantum,direct_top10,8,1,1,2.406071139402261e-10
277,QSVM,quantum,direct_top10,8,1,1,2.6918211362636605e-10
285,QSVM,quantum,direct_top10,8,1,1,2.2259902654848496e-10
288,QSVM,quantum,direct_top10,8,0,1,2.863442850635714e-10
304,QSVM,quantum,direct_top10,8,1,1,2.196911878071499e-10
307,QSVM,quantum,direct_top10,8,1,1,2.1700680993469607e-10
332,QSVM,quantum,direct_top10,8,1,1,2.1021305629694925e-10
338,QSVM,quantum,direct_top10,8,1,1,2.3594492029070147e-10
348,QSVM,quantum,direct_top10,8,1,1,2.2195385586098725e-10
351,QSVM,quantum,direct_top10,8,1,1,2.2448229931474762e-10
359,QSVM,quantum,direct_top10,8,0,1,2.715541214814932e-10
361,QSVM,quantum,direct_top10,8,1,1,2.7024268829024883e-10
422,QSVM,quantum,direct_top10,8,1,1,2.1128308609977086e-10
429,QSVM,quantum,direct_top10,8,1,1,1.9842179439427415e-10
430,QSVM,quantum,direct_top10,8,1,1,2.0809835176848356e-10
442,QSVM,quantum,direct_top10,8,1,1,2.54162385187115e-10
445,QSVM,quantum,direct_top10,8,1,1,2.2471429395265534e-10
451,QSVM,quantum,direct_top10,8,1,1,2.5775115705309986e-10
457,QSVM,quantum,direct_top10,8,1,1,2.0861617567193077e-10
458,QSVM,quantum,direct_top10,8,1,1,2.0952111229443094e-10
464,QSVM,quantum,direct_top10,8,1,1,2.5128636598529195e-10
478,QSVM,quantum,direct_top10,8,1,1,2.428997635396686e-10
483,QSVM,quantum,direct_top10,8,1,1,2.1454642954978603e-10
486,QSVM,quantum,direct_top10,8,1,1,2.345225973333627e-10
497,QSVM,quantum,direct_top10,8,1,1,2.3291751135538634e-10
500,QSVM,quantum,direct_top10,8,1,1,2.1659529749955048e-10
516,QSVM,quantum,direct_top10,8,1,1,2.668032556758689e-10
525,QSVM,quantum,direct_top10,8,1,1,3.123159579909879e-10
543,QSVM,quantum,direct_top10,8,1,1,2.572647684165486e-10
559,QSVM,quantum,direct_top10,8,1,1,1.7536158994811375e-10
565,QSVM,quantum,direct_top10,8,1,1,2.413294268325319e-10
568,QSVM,quantum,direct_top10,8,0,1,2.6643782569022674e-10
591,QSVM,quantum,direct_top10,8,1,1,2.690501105743648e-10
609,QSVM,quantum,direct_top10,8,0,1,2.5377134816167e-10
618,QSVM,quantum,direct_top10,8,1,1,2.549689626695167e-10
639,QSVM,quantum,direct_top10,8,0,1,2.7305292616324306e-10
643,QSVM,quantum,direct_top10,8,1,1,2.3024082527106634e-10
648,QSVM,quantum,direct_top10,8,0,1,3.289063076760338e-10
651,QSVM,quantum,direct_top10,8,1,1,2.708273461053619e-10
658,QSVM,quantum,direct_top10,8,0,1,2.361910003334384e-10
665,QSVM,quantum,direct_top10,8,0,1,2.69111390025743e-10
672,QSVM,quantum,direct_top10,8,1,1,2.635720910680546e-10
677,QSVM,quantum,direct_top10,8,1,1,2.234300344582194e-10
698,QSVM,quantum,direct_top10,8,0,1,2.865161028964301e-10
712,QSVM,quantum,direct_top10,8,0,1,2.612478225959536e-10
719,QSVM,quantum,direct_top10,8,1,1,2.1584288793690136e-10
735,QSVM,quantum,direct_top10,8,0,1,2.2535009934556932e-10
736,QSVM,quantum,direct_top10,8,0,1,2.3095629875499015e-10
740,QSVM,quantum,direct_top10,8,0,1,2.659517586573074e-10
748,QSVM,quantum,direct_top10,8,1,1,2.2908319776164563e-10
4,QSVM,quantum,direct_top10,9,1,1,1.4747909354453341e-15
7,QSVM,quantum,direct_top10,9,1,1,1.4007208468668479e-15
24,QSVM,quantum,direct_top10,9,1,1,1.614617243517527e-15
75,QSVM,quantum,direct_top10,9,1,1,1.421839576377426e-15
89,QSVM,quantum,direct_top10,9,0,1,1.4788464881460349e-15
94,QSVM,quantum,direct_top10,9,1,1,1.3366699782765502e-15
115,QSVM,quantum,direct_top10,9,1,1,1.3377857665999933e-15
123,QSVM,quantum,direct_top10,9,0,1,1.6232954206494404e-15
128,QSVM,quantum,direct_top10,9,0,1,1.232597030323235e-15
149,QSVM,quantum,direct_top10,9,0,1,1.6512641482671741e-15
163,QSVM,quantum,direct_top10,9,1,1,1.4533566937822043e-15
169,QSVM,quantum,direct_top10,9,1,1,1.3753085158636932e-15
174,QSVM,quantum,direct_top10,9,1,1,1.359628423610363e-15
194,QSVM,quantum,direct_top10,9,1,1,1.590983897985442e-15
195,QSVM,quantum,direct_top10,9,0,1,1.438927102460539e-15
202,QSVM,quantum,direct_top10,9,1,1,1.55933815429184e-15
212,QSVM,quantum,direct_top10,9,1,1,1.479715893907861e-15
219,QSVM,quantum,direct_top10,9,0,1,1.387209248443049e-15
224,QSVM,quantum,direct_top10,9,1,1,1.296004024756393e-15
227,QSVM,quantum,direct_top10,9,0,1,1.416044318226987e-15
233,QSVM,quantum,direct_top10,9,1,1,1.4928614348858038e-15
243,QSVM,quantum,direct_top10,9,1,1,1.497117201615161e-15
244,QSVM,quantum,direct_top10,9,1,1,1.5442982398249013e-15
251,QSVM,quantum,direct_top10,9,0,1,1.3079968057017625e-15
254,QSVM,quantum,direct_top10,9,1,1,1.2621462978303263e-15
278,QSVM,quantum,direct_top10,9,1,1,1.625314960601288e-15
279,QSVM,quantum,direct_top10,9,1,1,1.3694467929048495e-15
281,QSVM,quantum,direct_top10,9,1,1,1.486867205598122e-15
298,QSVM,quantum,direct_top10,9,1,1,1.4898172353953638e-15
306,QSVM,quantum,direct_top10,9,1,1,1.3820177622450415e-15
349,QSVM,quantum,direct_top10,9,1,1,1.2983289370049718e-15
362,QSVM,quantum,direct_top10,9,1,1,1.473142969104521e-15
366,QSVM,quantum,direct_top10,9,1,1,1.3613687876591066e-15
374,QSVM,quantum,direct_top10,9,1,1,1.3676843027216774e-15
387,QSVM,quantum,direct_top10,9,1,1,1.3403370726161913e-15
390,QSVM,quantum,direct_top10,9,0,1,1.3274773101735996e-15
397,QSVM,quantum,direct_top10,9,0,1,1.6466245938132289e-15
403,QSVM,quantum,direct_top10,9,1,1,1.3888046128339062e-15
407,QSVM,quantum,direct_top10,9,0,1,1.5996261096123806e-15
414,QSVM,quantum,direct_top10,9,1,1,1.3874256333255437e-15
432,QSVM,quantum,direct_top10,9,1,1,1.4376478986199259e-15
433,QSVM,quantum,direct_top10,9,1,1,1.5538106839717924e-15
440,QSVM,quantum,direct_top10,9,1,1,1.4174893581391667e-15
443,QSVM,quantum,direct_top10,9,1,1,1.2637240908171668e-15
444,QSVM,quantum,direct_top10,9,1,1,1.4902145421611345e-15
448,QSVM,quantum,direct_top10,9,0,1,1.5155659816494737e-15
473,QSVM,quantum,direct_top10,9,0,1,1.2445595280470083e-15
485,QSVM,quantum,direct_top10,9,1,1,1.3564694860412359e-15
495,QSVM,quantum,direct_top10,9,1,1,1.4920727201238883e-15
508,QSVM,quantum,direct_top10,9,1,1,1.2307911357216172e-15
515,QSVM,quantum,direct_top10,9,1,1,1.5662766608092458e-15
518,QSVM,quantum,direct_top10,9,1,1,1.660188454399562e-15
529,QSVM,quantum,direct_top10,9,1,1,1.3883698505249182e-15
532,QSVM,quantum,direct_top10,9,1,1,1.3778684933992992e-15
541,QSVM,quantum,direct_top10,9,0,1,1.4138467153291138e-15
545,QSVM,quantum,direct_top10,9,1,1,1.4757874161014738e-15
574,QSVM,quantum,direct_top10,9,1,1,1.4305547450607453e-15
577,QSVM,quantum,direct_top10,9,0,1,1.407696297790273e-15
578,QSVM,quantum,direct_top10,9,0,1,1.6831844367652398e-15
596,QSVM,quantum,direct_top10,9,0,1,1.4090538210241018e-15
631,QSVM,quantum,direct_top10,9,0,1,1.4060083926471616e-15
633,QSVM,quantum,direct_top10,9,1,1,1.3438014444686785e-15
634,QSVM,quantum,direct_top10,9,1,1,1.5060867650669841e-15
642,QSVM,quantum,direct_top10,9,1,1,1.4141705640183994e-15
653,QSVM,quantum,direct_top10,9,1,1,1.4813397969686864e-15
678,QSVM,quantum,direct_top10,9,1,1,1.2437679076086136e-15
690,QSVM,quantum,direct_top10,9,1,1,1.2571628045898657e-15
692,QSVM,quantum,direct_top10,9,1,1,1.7368984981172357e-15
695,QSVM,quantum,direct_top10,9,1,1,1.4465374910125413e-15
697,QSVM,quantum,direct_top10,9,0,1,1.6551741886888257e-15
701,QSVM,quantum,direct_top10,9,1,1,1.5748863128475539e-15
714,QSVM,quantum,direct_top10,9,1,1,1.3133553548795289e-15
720,QSVM,quantum,direct_top10,9,1,1,1.1721098366883576e-15
730,QSVM,quantum,direct_top10,9,1,1,1.269918354541483e-15
742,QSVM,quantum,direct_top10,9,1,1,1.3375528333022405e-15
0,QSVM,quantum,direct_top10,10,1,1,1.7842746468841317e-09
1,QSVM,quantum,direct_top10,10,1,1,1.7860181022249759e-09
3,QSVM,quantum,direct_top10,10,1,1,1.8097280694856721e-09
18,QSVM,quantum,direct_top10,10,1,1,1.5326623288176014e-09
30,QSVM,quantum,direct_top10,10,1,1,2.0139229091864434e-09
37,QSVM,quantum,direct_top10,10,1,1,1.7171865295256837e-09
38,QSVM,quantum,direct_top10,10,1,1,1.8911915797488245e-09
52,QSVM,quantum,direct_top10,10,1,1,2.0012409439050606e-09
58,QSVM,quantum,direct_top10,10,1,1,1.8712123974397707e-09
62,QSVM,quantum,direct_top10,10,1,1,1.7981325681817598e-09
71,QSVM,quantum,direct_top10,10,1,1,1.5806039534284497e-09
83,QSVM,quantum,direct_top10,10,0,1,1.863660287640791e-09
99,QSVM,quantum,direct_top10,10,0,1,1.6998239308033648e-09
109,QSVM,quantum,direct_top10,10,1,1,1.9920250167409575e-09
111,QSVM,quantum,direct_top10,10,1,1,2.046123253946587e-09
119,QSVM,quantum,direct_top10,10,1,1,1.8260807484724106e-09
122,QSVM,quantum,direct_top10,10,1,1,1.8097030274683078e-09
141,QSVM,quantum,direct_top10,10,0,1,2.17474676838231e-09
152,QSVM,quantum,direct_top10,10,1,1,1.817901116874443e-09
175,QSVM,quantum,direct_top10,10,1,1,1.905205293568635e-09
186,QSVM,quantum,direct_top10,10,1,1,1.7944260018045761e-09
188,QSVM,quantum,direct_top10,10,1,1,1.7944741085696025e-09
205,QSVM,quantum,direct_top10,10,1,1,1.7457875535214583e-09
209,QSVM,quantum,direct_top10,10,0,1,2.108267336081321e-09
210,QSVM,quantum,direct_top10,10,1,1,1.866088435703762e-09
215,QSVM,quantum,direct_top10,10,1,1,1.900081990328543e-09
236,QSVM,quantum,direct_top10,10,0,1,2.0109258480815706e-09
239,QSVM,quantum,direct_top10,10,1,1,1.8430877772533812e-09
240,QSVM,quantum,direct_top10,10,1,1,1.7757136587850444e-09
250,QSVM,quantum,direct_top10,10,0,1,1.7550997926696168e-09
252,QSVM,quantum,direct_top10,10,1,1,1.6733105015040448e-09
311,QSVM,quantum,direct_top10,10,0,1,1.9104021479119982e-09
314,QSVM,quantum,direct_top10,10,1,1,2.0457564908410355e-09
319,QSVM,quantum,direct_top10,10,1,1,1.8261053978220146e-09
330,QSVM,quantum,direct_top10,10,1,1,1.8009605027555906e-09
334,QSVM,quantum,direct_top10,10,0,1,1.9481619966171413e-09
336,QSVM,quantum,direct_top10,10,1,1,1.8496654700448015e-09
343,QSVM,quantum,direct_top10,10,1,1,1.7874788039967311e-09
354,QSVM,quantum,direct_top10,10,1,1,1.8468970978815505e-09
376,QSVM,quantum,direct_top10,10,0,1,1.9420726848191655e-09
381,QSVM,quantum,direct_top10,10,1,1,1.7706091532402558e-09
383,QSVM,quantum,direct_top10,10,1,1,1.7223192026829548e-09
420,QSVM,quantum,direct_top10,10,1,1,1.7162677485659852e-09
437,QSVM,quantum,direct_top10,10,1,1,1.640794674463559e-09
452,QSVM,quantum,direct_top10,10,1,1,1.8456650990117342e-09
456,QSVM,quantum,direct_top10,10,1,1,1.7341199756852772e-09
490,QSVM,quantum,direct_top10,10,0,1,1.5108277636288577e-09
492,QSVM,quantum,direct_top10,10,1,1,1.7908693610408462e-09
494,QSVM,quantum,direct_top10,10,1,1,1.5397854295591072e-09
527,QSVM,quantum,direct_top10,10,1,1,1.9681963303502985e-09
531,QSVM,quantum,direct_top10,10,1,1,1.7524801259631815e-09
534,QSVM,quantum,direct_top10,10,0,1,2.079603928289136e-09
548,QSVM,quantum,direct_top10,10,1,1,1.6877563447302183e-09
551,QSVM,quantum,direct_top10,10,1,1,1.826138882980597e-09
553,QSVM,quantum,direct_top10,10,1,1,1.5519733103942449e-09
585,QSVM,quantum,direct_top10,10,0,1,1.9114044456925066e-09
594,QSVM,quantum,direct_top10,10,0,1,1.8766685963382963e-09
597,QSVM,quantum,direct_top10,10,1,1,1.8482847574969933e-09
602,QSVM,quantum,direct_top10,10,1,1,1.78527306799563e-09
610,QSVM,quantum,direct_top10,10,0,1,1.7103527227391469e-09
616,QSVM,quantum,direct_top10,10,1,1,1.5152459363702198e-09
621,QSVM,quantum,direct_top10,10,1,1,1.7231360002359465e-09
627,QSVM,quantum,direct_top10,10,1,1,1.8236672568232414e-09
629,QSVM,quantum,direct_top10,10,1,1,1.6290950248101812e-09
635,QSVM,quantum,direct_top10,10,1,1,1.8355265137250997e-09
640,QSVM,quantum,direct_top10,10,0,1,1.9746874689216613e-09
650,QSVM,quantum,direct_top10,10,0,1,1.9536838754828036e-09
657,QSVM,quantum,direct_top10,10,0,1,1.837167637852277e-09
669,QSVM,quantum,direct_top10,10,1,1,1.7747914737596649e-09
676,QSVM,quantum,direct_top10,10,1,1,1.6653207378547583e-09
689,QSVM,quantum,direct_top10,10,1,1,1.762475895746923e-09
691,QSVM,quantum,direct_top10,10,1,1,1.9266649959426915e-09
699,QSVM,quantum,direct_top10,10,1,1,1.8967327847414848e-09
705,QSVM,quantum,direct_top10,10,0,1,2.0264905096642913e-09
738,QSVM,quantum,direct_top10,10,0,1,1.8336463857030271e-09
26,VQC,quantum,direct_top10,1,1,0,0.5087890625
32,VQC,quantum,direct_top10,1,1,1,0.5380859375
34,VQC,quantum,direct_top10,1,0,0,0.4677734375
50,VQC,quantum,direct_top10,1,1,0,0.5390625
51,VQC,quantum,direct_top10,1,1,0,0.4775390625
57,VQC,quantum,direct_top10,1,1,1,0.5166015625
60,VQC,quantum,direct_top10,1,1,1,0.4619140625
97,VQC,quantum,direct_top10,1,1,1,0.5087890625
137,VQC,quantum,direct_top10,1,0,1,0.5087890625
139,VQC,quantum,direct_top10,1,1,0,0.4873046875
147,VQC,quantum,direct_top10,1,0,0,0.4833984375
148,VQC,quantum,direct_top10,1,0,1,0.4716796875
154,VQC,quantum,direct_top10,1,1,1,0.5185546875
158,VQC,quantum,direct_top10,1,1,1,0.541015625
160,VQC,quantum,direct_top10,1,1,0,0.498046875
162,VQC,quantum,direct_top10,1,1,0,0.5146484375
171,VQC,quantum,direct_top10,1,1,0,0.5107421875
179,VQC,quantum,direct_top10,1,1,1,0.5009765625
181,VQC,quantum,direct_top10,1,1,0,0.4765625
228,VQC,quantum,direct_top10,1,1,1,0.564453125
231,VQC,quantum,direct_top10,1,1,0,0.515625
242,VQC,quantum,direct_top10,1,1,0,0.484375
246,VQC,quantum,direct_top10,1,1,1,0.5068359375
261,VQC,quantum,direct_top10,1,1,0,0.4912109375
272,VQC,quantum,direct_top10,1,1,1,0.5068359375
273,VQC,quantum,direct_top10,1,1,1,0.4677734375
287,VQC,quantum,direct_top10,1,1,1,0.498046875
294,VQC,quantum,direct_top10,1,1,1,0.5087890625
296,VQC,quantum,direct_top10,1,1,0,0.4619140625
301,VQC,quantum,direct_top10,1,1,1,0.513671875
302,VQC,quantum,direct_top10,1,1,1,0.5068359375
305,VQC,quantum,direct_top10,1,1,1,0.5078125
318,VQC,quantum,direct_top10,1,1,1,0.5107421875
322,VQC,quantum,direct_top10,1,1,1,0.4921875
323,VQC,quantum,direct_top10,1,1,0,0.4609375
325,VQC,quantum,direct_top10,1,1,1,0.525390625
327,VQC,quantum,direct_top10,1,1,1,0.5087890625
333,VQC,quantum,direct_top10,1,0,0,0.4814453125
368,VQC,quantum,direct_top10,1,1,1,0.501953125
369,VQC,quantum,direct_top10,1,0,1,0.5341796875
375,VQC,quantum,direct_top10,1,0,1,0.5341796875
388,VQC,quantum,direct_top10,1,1,1,0.4775390625
392,VQC,quantum,direct_top10,1,0,0,0.51171875
393,VQC,quantum,direct_top10,1,0,1,0.482421875
396,VQC,quantum,direct_top10,1,0,0,0.525390625
469,VQC,quantum,direct_top10,1,0,0,0.501953125
501,VQC,quantum,direct_top10,1,1,0,0.490234375
510,VQC,quantum,direct_top10,1,1,1,0.5146484375
511,VQC,quantum,direct_top10,1,1,1,0.5048828125
512,VQC,quantum,direct_top10,1,1,1,0.48828125
520,VQC,quantum,direct_top10,1,0,1,0.533203125
521,VQC,quantum,direct_top10,1,0,0,0.4921875
523,VQC,quantum,direct_top10,1,1,0,0.4814453125
530,VQC,quantum,direct_top10,1,1,1,0.5087890625
546,VQC,quantum,direct_top10,1,1,0,0.4580078125
560,VQC,quantum,direct_top10,1,1,0,0.5029296875
564,VQC,quantum,direct_top10,1,1,0,0.4794921875
567,VQC,quantum,direct_top10,1,0,0,0.498046875
573,VQC,quantum,direct_top10,1,1,0,0.494140625
603,VQC,quantum,direct_top10,1,1,1,0.5068359375
608,VQC,quantum,direct_top10,1,1,1,0.5322265625
613,VQC,quantum,direct_top10,1,1,1,0.5390625
620,VQC,quantum,direct_top10,1,1,1,0.5029296875
630,VQC,quantum,direct_top10,1,0,0,0.4580078125
641,VQC,quantum,direct_top10,1,0,1,0.4873046875
646,VQC,quantum,direct_top10,1,1,0,0.451171875
660,VQC,quantum,direct_top10,1,1,0,0.48828125
662,VQC,quantum,direct_top10,1,1,1,0.505859375
671,VQC,quantum,direct_top10,1,1,0,0.4951171875
675,VQC,quantum,direct_top10,1,1,1,0.5361328125
684,VQC,quantum,direct_top10,1,1,1,0.505859375
709,VQC,quantum,direct_top10,1,1,0,0.48828125
733,VQC,quantum,direct_top10,1,0,0,0.501953125
739,VQC,quantum,direct_top10,1,0,1,0.5517578125
744,VQC,quantum,direct_top10,1,1,0,0.4931640625
755,VQC,quantum,direct_top10,1,0,1,0.4873046875
10,VQC,quantum,direct_top10,2,1,0,0.486328125
27,VQC,quantum,direct_top10,2,1,1,0.4970703125
31,VQC,quantum,direct_top10,2,1,1,0.5205078125
36,VQC,quantum,direct_top10,2,1,0,0.50390625
39,VQC,quantum,direct_top10,2,1,0,0.4990234375
40,VQC,quantum,direct_top10,2,1,1,0.498046875
44,VQC,quantum,direct_top10,2,0,1,0.45703125
48,VQC,quantum,direct_top10,2,1,1,0.5078125
55,VQC,quantum,direct_top10,2,1,1,0.52734375
59,VQC,quantum,direct_top10,2,1,0,0.490234375
66,VQC,quantum,direct_top10,2,1,1,0.4951171875
80,VQC,quantum,direct_top10,2,0,1,0.51953125
84,VQC,quantum,direct_top10,2,1,0,0.4951171875
86,VQC,quantum,direct_top10,2,1,0,0.4921875
93,VQC,quantum,direct_top10,2,1,0,0.4873046875
96,VQC,quantum,direct_top10,2,1,1,0.5146484375
113,VQC,quantum,direct_top10,2,1,0,0.453125
114,VQC,quantum,direct_top10,2,1,1,0.546875
121,VQC,quantum,direct_top10,2,1,1,0.5146484375
127,VQC,quantum,direct_top10,2,0,0,0.5244140625
131,VQC,quantum,direct_top10,2,1,1,0.52734375
133,VQC,quantum,direct_top10,2,1,1,0.5205078125
135,VQC,quantum,direct_top10,2,0,1,0.5283203125
146,VQC,quantum,direct_top10,2,0,1,0.501953125
151,VQC,quantum,direct_top10,2,1,0,0.4267578125
167,VQC,quantum,direct_top10,2,1,1,0.513671875
182,VQC,quantum,direct_top10,2,1,0,0.4970703125
184,VQC,quantum,direct_top10,2,1,0,0.53125
198,VQC,quantum,direct_top10,2,1,0,0.4755859375
207,VQC,quantum,direct_top10,2,0,0,0.5029296875
262,VQC,quantum,direct_top10,2,1,0,0.478515625
268,VQC,quantum,direct_top10,2,0,1,0.5263671875
270,VQC,quantum,direct_top10,2,1,1,0.5
275,VQC,quantum,direct_top10,2,1,1,0.4833984375
283,VQC,quantum,direct_top10,2,1,0,0.4765625
286,VQC,quantum,direct_top10,2,1,0,0.49609375
308,VQC,quantum,direct_top10,2,1,1,0.5263671875
315,VQC,quantum,direct_top10,2,1,0,0.5390625
335,VQC,quantum,direct_top10,2,0,1,0.5341796875
339,VQC,quantum,direct_top10,2,1,0,0.513671875
350,VQC,quantum,direct_top10,2,1,0,0.4716796875
352,VQC,quantum,direct_top10,2,1,1,0.517578125
378,VQC,quantum,direct_top10,2,1,0,0.4853515625
379,VQC,quantum,direct_top10,2,1,1,0.5234375
391,VQC,quantum,direct_top10,2,0,1,0.5048828125
410,VQC,quantum,direct_top10,2,0,0,0.4873046875
415,VQC,quantum,direct_top10,2,1,0,0.5126953125
419,VQC,quantum,direct_top10,2,1,1,0.5341796875
454,VQC,quantum,direct_top10,2,1,0,0.4775390625
459,VQC,quantum,direct_top10,2,0,1,0.47265625
470,VQC,quantum,direct_top10,2,0,0,0.4775390625
471,VQC,quantum,direct_top10,2,0,0,0.5146484375
496,VQC,quantum,direct_top10,2,1,1,0.53125
503,VQC,quantum,direct_top10,2,1,1,0.5224609375
505,VQC,quantum,direct_top10,2,1,0,0.513671875
522,VQC,quantum,direct_top10,2,1,1,0.5078125
542,VQC,quantum,direct_top10,2,0,0,0.46875
549,VQC,quantum,direct_top10,2,1,1,0.52734375
555,VQC,quantum,direct_top10,2,1,0,0.4853515625
558,VQC,quantum,direct_top10,2,1,1,0.6953125
587,VQC,quantum,direct_top10,2,0,0,0.4814453125
599,VQC,quantum,direct_top10,2,1,0,0.50390625
606,VQC,quantum,direct_top10,2,1,1,0.5185546875
611,VQC,quantum,direct_top10,2,0,0,0.4736328125
632,VQC,quantum,direct_top10,2,0,1,0.501953125
656,VQC,quantum,direct_top10,2,1,0,0.470703125
673,VQC,quantum,direct_top10,2,1,1,0.5078125
680,VQC,quantum,direct_top10,2,1,0,0.505859375
700,VQC,quantum,direct_top10,2,1,1,0.51953125
704,VQC,quantum,direct_top10,2,0,1,0.5234375
724,VQC,quantum,direct_top10,2,1,1,0.486328125
729,VQC,quantum,direct_top10,2,1,0,0.49609375
732,VQC,quantum,direct_top10,2,0,0,0.4580078125
745,VQC,quantum,direct_top10,2,1,1,0.5068359375
746,VQC,quantum,direct_top10,2,1,0,0.490234375
749,VQC,quantum,direct_top10,2,1,0,0.462890625
11,VQC,quantum,direct_top10,3,1,1,0.4765625
15,VQC,quantum,direct_top10,3,1,1,0.462890625
19,VQC,quantum,direct_top10,3,1,0,0.46875
20,VQC,quantum,direct_top10,3,1,1,0.5224609375
25,VQC,quantum,direct_top10,3,1,1,0.5068359375
33,VQC,quantum,direct_top10,3,0,1,0.5078125
41,VQC,quantum,direct_top10,3,1,1,0.5185546875
56,VQC,quantum,direct_top10,3,1,1,0.5009765625
65,VQC,quantum,direct_top10,3,1,0,0.4775390625
70,VQC,quantum,direct_top10,3,1,1,0.5361328125
117,VQC,quantum,direct_top10,3,1,0,0.45703125
125,VQC,quantum,direct_top10,3,0,0,0.484375
134,VQC,quantum,direct_top10,3,1,0,0.4951171875
144,VQC,quantum,direct_top10,3,0,1,0.521484375
145,VQC,quantum,direct_top10,3,0,0,0.4970703125
156,VQC,quantum,direct_top10,3,1,0,0.5078125
168,VQC,quantum,direct_top10,3,1,0,0.451171875
170,VQC,quantum,direct_top10,3,1,0,0.4599609375
200,VQC,quantum,direct_top10,3,1,1,0.4873046875
203,VQC,quantum,direct_top10,3,1,1,0.49609375
204,VQC,quantum,direct_top10,3,1,1,0.5341796875
208,VQC,quantum,direct_top10,3,0,1,0.4599609375
217,VQC,quantum,direct_top10,3,1,0,0.490234375
218,VQC,quantum,direct_top10,3,1,0,0.5087890625
220,VQC,quantum,direct_top10,3,0,0,0.458984375
255,VQC,quantum,direct_top10,3,1,1,0.5234375
256,VQC,quantum,direct_top10,3,1,1,0.5458984375
267,VQC,quantum,direct_top10,3,0,1,0.537109375
289,VQC,quantum,direct_top10,3,0,0,0.46875
295,VQC,quantum,direct_top10,3,1,0,0.4677734375
328,VQC,quantum,direct_top10,3,1,0,0.46484375
341,VQC,quantum,direct_top10,3,1,0,0.478515625
345,VQC,quantum,direct_top10,3,1,0,0.462890625
355,VQC,quantum,direct_top10,3,1,1,0.515625
372,VQC,quantum,direct_top10,3,1,0,0.4560546875
377,VQC,quantum,direct_top10,3,0,1,0.5556640625
385,VQC,quantum,direct_top10,3,1,1,0.5498046875
394,VQC,quantum,direct_top10,3,0,0,0.4892578125
402,VQC,quantum,direct_top10,3,1,0,0.4580078125
404,VQC,quantum,direct_top10,3,1,0,0.443359375
413,VQC,quantum,direct_top10,3,1,0,0.4599609375
416,VQC,quantum,direct_top10,3,1,0,0.5166015625
423,VQC,quantum,direct_top10,3,1,0,0.4462890625
434,VQC,quantum,direct_top10,3,1,0,0.5
439,VQC,quantum,direct_top10,3,1,0,0.5615234375
447,VQC,quantum,direct_top10,3,0,1,0.494140625
461,VQC,quantum,direct_top10,3,0,0,0.494140625
463,VQC,quantum,direct_top10,3,1,1,0.5234375
472,VQC,quantum,direct_top10,3,0,1,0.51953125
474,VQC,quantum,direct_top10,3,1,1,0.482421875
476,VQC,quantum,direct_top10,3,1,1,0.54296875
481,VQC,quantum,direct_top10,3,1,1,0.48046875
482,VQC,quantum,direct_top10,3,1,0,0.4541015625
488,VQC,quantum,direct_top10,3,1,1,0.5380859375
499,VQC,quantum,direct_top10,3,1,0,0.5009765625
502,VQC,quantum,direct_top10,3,1,1,0.515625
509,VQC,quantum,direct_top10,3,1,0,0.4755859375
513,VQC,quantum,direct_top10,3,1,0,0.4775390625
514,VQC,quantum,direct_top10,3,1,1,0.51953125
572,VQC,quantum,direct_top10,3,1,1,0.482421875
589,VQC,quantum,direct_top10,3,0,1,0.5126953125
592,VQC,quantum,direct_top10,3,1,1,0.5546875
598,VQC,quantum,direct_top10,3,1,1,0.4970703125
600,VQC,quantum,direct_top10,3,1,0,0.4619140625
601,VQC,quantum,direct_top10,3,1,0,0.4853515625
612,VQC,quantum,direct_top10,3,1,0,0.48828125
645,VQC,quantum,direct_top10,3,1,1,0.498046875
666,VQC,quantum,direct_top10,3,0,1,0.4814453125
668,VQC,quantum,direct_top10,3,0,1,0.501953125
688,VQC,quantum,direct_top10,3,1,0,0.4775390625
696,VQC,quantum,direct_top10,3,0,0,0.4931640625
702,VQC,quantum,direct_top10,3,0,1,0.552734375
715,VQC,quantum,direct_top10,3,1,0,0.5009765625
723,VQC,quantum,direct_top10,3,1,0,0.48828125
727,VQC,quantum,direct_top10,3,0,0,0.5302734375
743,VQC,quantum,direct_top10,3,1,0,0.5
9,VQC,quantum,direct_top10,4,1,0,0.501953125
13,VQC,quantum,direct_top10,4,1,1,0.5087890625
21,VQC,quantum,direct_top10,4,1,1,0.5048828125
22,VQC,quantum,direct_top10,4,1,1,0.5009765625
28,VQC,quantum,direct_top10,4,1,1,0.484375
61,VQC,quantum,direct_top10,4,1,1,0.5009765625
72,VQC,quantum,direct_top10,4,0,0,0.494140625
77,VQC,quantum,direct_top10,4,1,1,0.455078125
100,VQC,quantum,direct_top10,4,0,1,0.4912109375
104,VQC,quantum,direct_top10,4,0,1,0.4921875
106,VQC,quantum,direct_top10,4,1,1,0.45703125
116,VQC,quantum,direct_top10,4,1,0,0.4814453125
120,VQC,quantum,direct_top10,4,1,0,0.4853515625
126,VQC,quantum,direct_top10,4,0,0,0.4833984375
150,VQC,quantum,direct_top10,4,1,0,0.517578125
157,VQC,quantum,direct_top10,4,1,0,0.4609375
180,VQC,quantum,direct_top10,4,1,1,0.5205078125
191,VQC,quantum,direct_top10,4,1,0,0.4755859375
193,VQC,quantum,direct_top10,4,1,1,0.490234375
206,VQC,quantum,direct_top10,4,1,0,0.498046875
211,VQC,quantum,direct_top10,4,1,1,0.5791015625
229,VQC,quantum,direct_top10,4,1,1,0.9404296875
260,VQC,quantum,direct_top10,4,1,0,0.509765625
264,VQC,quantum,direct_top10,4,1,1,0.49609375
269,VQC,quantum,direct_top10,4,0,0,0.5107421875
282,VQC,quantum,direct_top10,4,1,1,0.498046875
284,VQC,quantum,direct_top10,4,1,0,0.49609375
290,VQC,quantum,direct_top10,4,0,1,0.4990234375
297,VQC,quantum,direct_top10,4,1,0,0.5107421875
312,VQC,quantum,direct_top10,4,1,1,0.5361328125
320,VQC,quantum,direct_top10,4,1,1,0.525390625
324,VQC,quantum,direct_top10,4,1,0,0.5029296875
331,VQC,quantum,direct_top10,4,1,1,0.583984375
337,VQC,quantum,direct_top10,4,1,1,0.5322265625
344,VQC,quantum,direct_top10,4,1,1,0.505859375
400,VQC,quantum,direct_top10,4,1,0,0.529296875
424,VQC,quantum,direct_top10,4,1,1,0.5126953125
425,VQC,quantum,direct_top10,4,1,0,0.3447265625
436,VQC,quantum,direct_top10,4,1,1,0.48046875
438,VQC,quantum,direct_top10,4,1,0,0.4619140625
455,VQC,quantum,direct_top10,4,1,1,0.4912109375
477,VQC,quantum,direct_top10,4,1,1,0.5009765625
484,VQC,quantum,direct_top10,4,1,1,0.5068359375
489,VQC,quantum,direct_top10,4,0,1,0.5009765625
507,VQC,quantum,direct_top10,4,1,1,0.4873046875
517,VQC,quantum,direct_top10,4,1,0,0.5224609375
528,VQC,quantum,direct_top10,4,1,0,0.5166015625
533,VQC,quantum,direct_top10,4,1,0,0.484375
536,VQC,quantum,direct_top10,4,0,0,0.478515625
540,VQC,quantum,direct_top10,4,0,0,0.4833984375
550,VQC,quantum,direct_top10,4,1,0,0.4775390625
552,VQC,quantum,direct_top10,4,1,1,0.50390625
554,VQC,quantum,direct_top10,4,1,1,0.4833984375
557,VQC,quantum,direct_top10,4,1,1,0.5009765625
561,VQC,quantum,direct_top10,4,0,0,0.501953125
569,VQC,quantum,direct_top10,4,0,1,0.5009765625
571,VQC,quantum,direct_top10,4,1,1,0.4677734375
586,VQC,quantum,direct_top10,4,0,1,0.509765625
590,VQC,quantum,direct_top10,4,0,1,0.4931640625
595,VQC,quantum,direct_top10,4,0,0,0.4716796875
615,VQC,quantum,direct_top10,4,1,0,0.5009765625
617,VQC,quantum,direct_top10,4,1,0,0.5009765625
624,VQC,quantum,direct_top10,4,1,0,0.517578125
625,VQC,quantum,direct_top10,4,1,1,0.5302734375
644,VQC,quantum,direct_top10,4,1,0,0.5283203125
647,VQC,quantum,direct_top10,4,1,0,0.4931640625
649,VQC,quantum,direct_top10,4,0,0,0.4501953125
652,VQC,quantum,direct_top10,4,1,0,0.494140625
659,VQC,quantum,direct_top10,4,0,1,0.501953125
674,VQC,quantum,direct_top10,4,1,0,0.5146484375
694,VQC,quantum,direct_top10,4,1,0,0.4814453125
707,VQC,quantum,direct_top10,4,0,0,0.51171875
717,VQC,quantum,direct_top10,4,1,1,0.5419921875
734,VQC,quantum,direct_top10,4,0,0,0.50390625
741,VQC,quantum,direct_top10,4,1,1,0.4736328125
753,VQC,quantum,direct_top10,4,0,0,0.4638671875
2,VQC,quantum,direct_top10,5,1,0,0.53125
6,VQC,quantum,direct_top10,5,1,1,0.5048828125
12,VQC,quantum,direct_top10,5,1,1,0.5087890625
16,VQC,quantum,direct_top10,5,1,1,0.505859375
23,VQC,quantum,direct_top10,5,1,1,0.4677734375
29,VQC,quantum,direct_top10,5,1,1,0.48046875
45,VQC,quantum,direct_top10,5,1,1,0.5146484375
64,VQC,quantum,direct_top10,5,1,1,0.4921875
68,VQC,quantum,direct_top10,5,1,1,0.498046875
79,VQC,quantum,direct_top10,5,0,0,0.5048828125
81,VQC,quantum,direct_top10,5,0,1,0.5009765625
92,VQC,quantum,direct_top10,5,1,1,0.5244140625
101,VQC,quantum,direct_top10,5,0,0,0.466796875
105,VQC,quantum,direct_top10,5,1,0,0.501953125
108,VQC,quantum,direct_top10,5,1,1,0.5166015625
118,VQC,quantum,direct_top10,5,1,0,0.494140625
124,VQC,quantum,direct_top10,5,0,1,0.4794921875
130,VQC,quantum,direct_top10,5,1,0,0.451171875
136,VQC,quantum,direct_top10,5,0,0,0.49609375
143,VQC,quantum,direct_top10,5,0,0,0.5048828125
164,VQC,quantum,direct_top10,5,1,1,0.4697265625
185,VQC,quantum,direct_top10,5,1,0,0.5078125
196,VQC,quantum,direct_top10,5,0,0,0.5146484375
249,VQC,quantum,direct_top10,5,0,1,0.48828125
253,VQC,quantum,direct_top10,5,1,1,0.5107421875
257,VQC,quantum,direct_top10,5,1,0,0.4892578125
263,VQC,quantum,direct_top10,5,1,0,0.498046875
265,VQC,quantum,direct_top10,5,1,1,0.533203125
274,VQC,quantum,direct_top10,5,1,1,0.5029296875
276,VQC,quantum,direct_top10,5,1,1,0.5048828125
280,VQC,quantum,direct_top10,5,1,0,0.4931640625
293,VQC,quantum,direct_top10,5,1,0,0.4970703125
303,VQC,quantum,direct_top10,5,1,0,0.494140625
321,VQC,quantum,direct_top10,5,1,0,0.4912109375
326,VQC,quantum,direct_top10,5,1,0,0.51953125
329,VQC,quantum,direct_top10,5,1,0,0.4921875
358,VQC,quantum,direct_top10,5,0,0,0.49609375
370,VQC,quantum,direct_top10,5,0,1,0.498046875
371,VQC,quantum,direct_top10,5,0,0,0.498046875
373,VQC,quantum,direct_top10,5,1,1,0.5078125
382,VQC,quantum,direct_top10,5,1,1,0.5419921875
386,VQC,quantum,direct_top10,5,1,0,0.4892578125
408,VQC,quantum,direct_top10,5,0,0,0.5068359375
409,VQC,quantum,direct_top10,5,0,1,0.5126953125
417,VQC,quantum,direct_top10,5,1,1,0.505859375
427,VQC,quantum,direct_top10,5,1,1,0.5166015625
465,VQC,quantum,direct_top10,5,1,0,0.5048828125
479,VQC,quantum,direct_top10,5,1,1,0.5185546875
480,VQC,quantum,direct_top10,5,1,1,0.501953125
504,VQC,quantum,direct_top10,5,1,0,0.517578125
506,VQC,quantum,direct_top10,5,1,1,0.498046875
519,VQC,quantum,direct_top10,5,0,0,0.48046875
524,VQC,quantum,direct_top10,5,1,0,0.4853515625
538,VQC,quantum,direct_top10,5,1,0,0.474609375
544,VQC,quantum,direct_top10,5,1,0,0.501953125
547,VQC,quantum,direct_top10,5,1,0,0.49609375
562,VQC,quantum,direct_top10,5,0,1,0.5166015625
566,VQC,quantum,direct_top10,5,1,0,0.5185546875
575,VQC,quantum,direct_top10,5,1,0,0.4990234375
579,VQC,quantum,direct_top10,5,1,1,0.4755859375
582,VQC,quantum,direct_top10,5,0,1,0.4931640625
583,VQC,quantum,direct_top10,5,0,1,0.5029296875
619,VQC,quantum,direct_top10,5,1,0,0.5234375
623,VQC,quantum,direct_top10,5,1,1,0.498046875
628,VQC,quantum,direct_top10,5,1,0,0.505859375
638,VQC,quantum,direct_top10,5,1,1,0.5205078125
655,VQC,quantum,direct_top10,5,1,0,0.521484375
683,VQC,quantum,direct_top10,5,1,1,0.494140625
687,VQC,quantum,direct_top10,5,1,1,0.4921875
693,VQC,quantum,direct_top10,5,1,0,0.48046875
708,VQC,quantum,direct_top10,5,1,0,0.5205078125
716,VQC,quantum,direct_top10,5,1,1,0.5087890625
726,VQC,quantum,direct_top10,5,0,1,0.6455078125
747,VQC,quantum,direct_top10,5,1,1,0.4814453125
750,VQC,quantum,direct_top10,5,0,0,0.5224609375
752,VQC,quantum,direct_top10,5,0,0,0.484375
5,VQC,quantum,direct_top10,6,1,0,0.4677734375
43,VQC,quantum,direct_top10,6,0,1,0.5498046875
46,VQC,quantum,direct_top10,6,1,1,0.5283203125
67,VQC,quantum,direct_top10,6,1,0,0.447265625
69,VQC,quantum,direct_top10,6,1,1,0.529296875
74,VQC,quantum,direct_top10,6,0,0,0.4580078125
76,VQC,quantum,direct_top10,6,1,1,0.4931640625
85,VQC,quantum,direct_top10,6,1,1,0.4990234375
87,VQC,quantum,direct_top10,6,0,0,0.5009765625
95,VQC,quantum,direct_top10,6,1,0,0.49609375
102,VQC,quantum,direct_top10,6,0,1,0.51953125
103,VQC,quantum,direct_top10,6,0,0,0.4912109375
132,VQC,quantum,direct_top10,6,1,0,0.5087890625
140,VQC,quantum,direct_top10,6,1,1,0.4833984375
142,VQC,quantum,direct_top10,6,0,0,0.478515625
155,VQC,quantum,direct_top10,6,1,0,0.4814453125
161,VQC,quantum,direct_top10,6,1,0,0.4912109375
165,VQC,quantum,direct_top10,6,1,0,0.4970703125
166,VQC,quantum,direct_top10,6,1,1,0.5556640625
176,VQC,quantum,direct_top10,6,1,1,0.5126953125
183,VQC,quantum,direct_top10,6,1,1,0.515625
190,VQC,quantum,direct_top10,6,1,1,0.52734375
197,VQC,quantum,direct_top10,6,0,0,0.462890625
201,VQC,quantum,direct_top10,6,1,1,0.4951171875
222,VQC,quantum,direct_top10,6,1,0,0.4580078125
232,VQC,quantum,direct_top10,6,1,1,0.6630859375
234,VQC,quantum,direct_top10,6,0,1,0.5546875
245,VQC,quantum,direct_top10,6,1,1,0.50390625
258,VQC,quantum,direct_top10,6,1,0,0.4619140625
271,VQC,quantum,direct_top10,6,1,0,0.45703125
291,VQC,quantum,direct_top10,6,1,0,0.505859375
300,VQC,quantum,direct_top10,6,1,0,0.4853515625
309,VQC,quantum,direct_top10,6,0,0,0.4912109375
317,VQC,quantum,direct_top10,6,1,0,0.478515625
342,VQC,quantum,direct_top10,6,1,0,0.4892578125
346,VQC,quantum,direct_top10,6,1,1,0.4755859375
347,VQC,quantum,direct_top10,6,1,1,0.537109375
363,VQC,quantum,direct_top10,6,1,1,0.53125
364,VQC,quantum,direct_top10,6,1,1,0.501953125
367,VQC,quantum,direct_top10,6,1,0,0.5087890625
380,VQC,quantum,direct_top10,6,1,1,0.505859375
384,VQC,quantum,direct_top10,6,1,0,0.46484375
395,VQC,quantum,direct_top10,6,0,0,0.5
399,VQC,quantum,direct_top10,6,1,1,0.5595703125
418,VQC,quantum,direct_top10,6,1,0,0.5078125
421,VQC,quantum,direct_top10,6,1,0,0.4853515625
426,VQC,quantum,direct_top10,6,1,1,0.49609375
449,VQC,quantum,direct_top10,6,0,1,0.548828125
450,VQC,quantum,direct_top10,6,1,1,0.4873046875
462,VQC,quantum,direct_top10,6,1,0,0.4931640625
466,VQC,quantum,direct_top10,6,1,0,0.482421875
475,VQC,quantum,direct_top10,6,1,1,0.505859375
493,VQC,quantum,direct_top10,6,1,1,0.490234375
535,VQC,quantum,direct_top10,6,0,1,0.55078125
556,VQC,quantum,direct_top10,6,1,1,0.541015625
563,VQC,quantum,direct_top10,6,0,1,0.64453125
570,VQC,quantum,direct_top10,6,1,0,0.474609375
581,VQC,quantum,direct_top10,6,1,0,0.4892578125
584,VQC,quantum,direct_top10,6,0,0,0.482421875
604,VQC,quantum,direct_top10,6,1,0,0.49609375
607,VQC,quantum,direct_top10,6,1,0,0.5107421875
622,VQC,quantum,direct_top10,6,1,0,0.490234375
626,VQC,quantum,direct_top10,6,1,1,0.4970703125
636,VQC,quantum,direct_top10,6,1,1,0.578125
654,VQC,quantum,direct_top10,6,1,1,0.5146484375
667,VQC,quantum,direct_top10,6,0,1,0.537109375
681,VQC,quantum,direct_top10,6,1,0,0.4677734375
685,VQC,quantum,direct_top10,6,1,0,0.4912109375
706,VQC,quantum,direct_top10,6,0,0,0.4912109375
710,VQC,quantum,direct_top10,6,1,0,0.48046875
713,VQC,quantum,direct_top10,6,0,1,0.4990234375
722,VQC,quantum,direct_top10,6,1,1,0.53125
731,VQC,quantum,direct_top10,6,1,1,0.5244140625
737,VQC,quantum,direct_top10,6,0,0,0.4814453125
751,VQC,quantum,direct_top10,6,0,1,0.5322265625
754,VQC,quantum,direct_top10,6,0,1,0.4599609375
8,VQC,quantum,direct_top10,7,1,0,0.4990234375
35,VQC,quantum,direct_top10,7,0,1,0.4951171875
49,VQC,quantum,direct_top10,7,1,0,0.509765625
53,VQC,quantum,direct_top10,7,1,1,0.4609375
54,VQC,quantum,direct_top10,7,1,1,0.4814453125
63,VQC,quantum,direct_top10,7,1,0,0.4853515625
82,VQC,quantum,direct_top10,7,0,1,0.49609375
98,VQC,quantum,direct_top10,7,1,1,0.4990234375
110,VQC,quantum,direct_top10,7,1,0,0.5087890625
129,VQC,quantum,direct_top10,7,1,0,0.49609375
138,VQC,quantum,direct_top10,7,1,0,0.486328125
153,VQC,quantum,direct_top10,7,1,0,0.509765625
178,VQC,quantum,direct_top10,7,1,0,0.501953125
189,VQC,quantum,direct_top10,7,1,1,0.49609375
192,VQC,quantum,direct_top10,7,1,1,0.490234375
214,VQC,quantum,direct_top10,7,1,0,0.5029296875
225,VQC,quantum,direct_top10,7,0,0,0.4814453125
226,VQC,quantum,direct_top10,7,0,0,0.529296875
238,VQC,quantum,direct_top10,7,1,1,0.4736328125
241,VQC,quantum,direct_top10,7,1,1,0.5009765625
247,VQC,quantum,direct_top10,7,1,0,0.494140625
259,VQC,quantum,direct_top10,7,1,1,0.4990234375
292,VQC,quantum,direct_top10,7,1,1,0.4931640625
299,VQC,quantum,direct_top10,7,1,0,0.51171875
310,VQC,quantum,direct_top10,7,0,0,0.4658203125
313,VQC,quantum,direct_top10,7,1,0,0.498046875
316,VQC,quantum,direct_top10,7,1,1,0.484375
340,VQC,quantum,direct_top10,7,1,0,0.4912109375
353,VQC,quantum,direct_top10,7,1,1,0.482421875
356,VQC,quantum,direct_top10,7,1,1,0.5185546875
357,VQC,quantum,direct_top10,7,0,0,0.5087890625
360,VQC,quantum,direct_top10,7,1,1,0.5166015625
365,VQC,quantum,direct_top10,7,1,0,0.5107421875
389,VQC,quantum,direct_top10,7,1,1,0.51171875
398,VQC,quantum,direct_top10,7,0,0,0.515625
401,VQC,quantum,direct_top10,7,1,1,0.5
405,VQC,quantum,direct_top10,7,0,0,0.4951171875
406,VQC,quantum,direct_top10,7,0,0,0.513671875
411,VQC,quantum,direct_top10,7,1,0,0.46484375
412,VQC,quantum,direct_top10,7,1,0,0.4794921875
428,VQC,quantum,direct_top10,7,1,1,0.5302734375
431,VQC,quantum,direct_top10,7,1,0,0.44140625
435,VQC,quantum,direct_top10,7,1,0,0.4892578125
441,VQC,quantum,direct_top10,7,1,1,0.4873046875
446,VQC,quantum,direct_top10,7,1,0,0.5068359375
453,VQC,quantum,direct_top10,7,1,1,0.4931640625
460,VQC,quantum,direct_top10,7,0,1,0.521484375
467,VQC,quantum,direct_top10,7,1,0,0.486328125
468,VQC,quantum,direct_top10,7,0,0,0.4921875
487,VQC,quantum,direct_top10,7,1,0,0.501953125
491,VQC,quantum,direct_top10,7,0,1,0.5029296875
498,VQC,quantum,direct_top10,7,1,1,0.50390625
526,VQC,quantum,direct_top10,7,1,1,0.4765625
537,VQC,quantum,direct_top10,7,1,1,0.5107421875
539,VQC,quantum,direct_top10,7,1,0,0.498046875
576,VQC,quantum,direct_top10,7,0,0,0.5029296875
580,VQC,quantum,direct_top10,7,1,0,0.4873046875
588,VQC,quantum,direct_top10,7,0,0,0.53125
593,VQC,quantum,direct_top10,7,1,0,0.4990234375
605,VQC,quantum,direct_top10,7,1,1,0.490234375
614,VQC,quantum,direct_top10,7,1,0,0.4970703125
637,VQC,quantum,direct_top10,7,1,0,0.4833984375
661,VQC,quantum,direct_top10,7,1,1,0.4892578125
663,VQC,quantum,direct_top10,7,0,1,0.5078125
664,VQC,quantum,direct_top10,7,0,0,0.484375
670,VQC,quantum,direct_top10,7,1,0,0.4970703125
679,VQC,quantum,direct_top10,7,1,1,0.5
682,VQC,quantum,direct_top10,7,1,0,0.5029296875
686,VQC,quantum,direct_top10,7,1,0,0.5009765625
703,VQC,quantum,direct_top10,7,0,1,0.5078125
711,VQC,quantum,direct_top10,7,0,1,0.48828125
718,VQC,quantum,direct_top10,7,1,0,0.5205078125
721,VQC,quantum,direct_top10,7,1,1,0.560546875
725,VQC,quantum,direct_top10,7,1,0,0.3515625
728,VQC,quantum,direct_top10,7,0,0,0.5048828125
14,VQC,quantum,direct_top10,8,1,0,0.5205078125
17,VQC,quantum,direct_top10,8,1,1,0.5087890625
42,VQC,quantum,direct_top10,8,0,1,0.501953125
47,VQC,quantum,direct_top10,8,1,1,0.662109375
73,VQC,quantum,direct_top10,8,0,0,0.498046875
78,VQC,quantum,direct_top10,8,0,0,0.4765625
88,VQC,quantum,direct_top10,8,0,0,0.490234375
90,VQC,quantum,direct_top10,8,1,1,0.5029296875
91,VQC,quantum,direct_top10,8,1,1,0.61328125
107,VQC,quantum,direct_top10,8,1,0,0.5048828125
112,VQC,quantum,direct_top10,8,1,0,0.4951171875
159,VQC,quantum,direct_top10,8,1,1,0.4765625
172,VQC,quantum,direct_top10,8,1,1,0.5517578125
173,VQC,quantum,direct_top10,8,1,0,0.513671875
177,VQC,quantum,direct_top10,8,1,1,0.5322265625
187,VQC,quantum,direct_top10,8,1,1,0.53125
199,VQC,quantum,direct_top10,8,1,1,0.5087890625
213,VQC,quantum,direct_top10,8,1,1,0.4931640625
216,VQC,quantum,direct_top10,8,1,1,0.5205078125
221,VQC,quantum,direct_top10,8,0,1,0.5791015625
223,VQC,quantum,direct_top10,8,1,0,0.48046875
230,VQC,quantum,direct_top10,8,1,1,0.48828125
235,VQC,quantum,direct_top10,8,0,0,0.4931640625
237,VQC,quantum,direct_top10,8,1,1,0.4853515625
248,VQC,quantum,direct_top10,8,1,1,0.4873046875
266,VQC,quantum,direct_top10,8,1,1,0.5361328125
277,VQC,quantum,direct_top10,8,1,0,0.4873046875
285,VQC,quantum,direct_top10,8,1,0,0.4873046875
288,VQC,quantum,direct_top10,8,0,1,0.5224609375
304,VQC,quantum,direct_top10,8,1,1,0.529296875
307,VQC,quantum,direct_top10,8,1,1,0.51953125
332,VQC,quantum,direct_top10,8,1,1,0.5390625
338,VQC,quantum,direct_top10,8,1,1,0.513671875
348,VQC,quantum,direct_top10,8,1,0,0.5107421875
351,VQC,quantum,direct_top10,8,1,1,0.5087890625
359,VQC,quantum,direct_top10,8,0,1,0.490234375
361,VQC,quantum,direct_top10,8,1,0,0.4814453125
422,VQC,quantum,direct_top10,8,1,0,0.5107421875
429,VQC,quantum,direct_top10,8,1,1,0.5087890625
430,VQC,quantum,direct_top10,8,1,0,0.517578125
442,VQC,quantum,direct_top10,8,1,1,0.5126953125
445,VQC,quantum,direct_top10,8,1,1,0.458984375
451,VQC,quantum,direct_top10,8,1,1,0.4921875
457,VQC,quantum,direct_top10,8,1,1,0.509765625
458,VQC,quantum,direct_top10,8,1,0,0.482421875
464,VQC,quantum,direct_top10,8,1,1,0.5224609375
478,VQC,quantum,direct_top10,8,1,1,0.494140625
483,VQC,quantum,direct_top10,8,1,1,0.529296875
486,VQC,quantum,direct_top10,8,1,0,0.4765625
497,VQC,quantum,direct_top10,8,1,1,0.4970703125
500,VQC,quantum,direct_top10,8,1,1,0.49609375
516,VQC,quantum,direct_top10,8,1,1,0.5244140625
525,VQC,quantum,direct_top10,8,1,1,0.490234375
543,VQC,quantum,direct_top10,8,1,0,0.484375
559,VQC,quantum,direct_top10,8,1,0,0.48828125
565,VQC,quantum,direct_top10,8,1,1,0.50390625
568,VQC,quantum,direct_top10,8,0,0,0.494140625
591,VQC,quantum,direct_top10,8,1,1,0.556640625
609,VQC,quantum,direct_top10,8,0,1,0.5107421875
618,VQC,quantum,direct_top10,8,1,0,0.4775390625
639,VQC,quantum,direct_top10,8,0,1,0.5322265625
643,VQC,quantum,direct_top10,8,1,0,0.51171875
648,VQC,quantum,direct_top10,8,0,0,0.5146484375
651,VQC,quantum,direct_top10,8,1,1,0.49609375
658,VQC,quantum,direct_top10,8,0,0,0.494140625
665,VQC,quantum,direct_top10,8,0,0,0.498046875
672,VQC,quantum,direct_top10,8,1,1,0.490234375
677,VQC,quantum,direct_top10,8,1,0,0.41796875
698,VQC,quantum,direct_top10,8,0,0,0.4912109375
712,VQC,quantum,direct_top10,8,0,1,0.521484375
719,VQC,quantum,direct_top10,8,1,1,0.5380859375
735,VQC,quantum,direct_top10,8,0,0,0.4736328125
736,VQC,quantum,direct_top10,8,0,1,0.5302734375
740,VQC,quantum,direct_top10,8,0,1,0.615234375
748,VQC,quantum,direct_top10,8,1,0,0.458984375
4,VQC,quantum,direct_top10,9,1,1,0.5009765625
7,VQC,quantum,direct_top10,9,1,1,0.498046875
24,VQC,quantum,direct_top10,9,1,0,0.521484375
75,VQC,quantum,direct_top10,9,1,0,0.46484375
89,VQC,quantum,direct_top10,9,0,1,0.5283203125
94,VQC,quantum,direct_top10,9,1,1,0.541015625
115,VQC,quantum,direct_top10,9,1,1,0.4580078125
123,VQC,quantum,direct_top10,9,0,0,0.484375
128,VQC,quantum,direct_top10,9,0,0,0.505859375
149,VQC,quantum,direct_top10,9,0,1,0.494140625
163,VQC,quantum,direct_top10,9,1,0,0.5224609375
169,VQC,quantum,direct_top10,9,1,0,0.53125
174,VQC,quantum,direct_top10,9,1,1,0.5244140625
194,VQC,quantum,direct_top10,9,1,1,0.52734375
195,VQC,quantum,direct_top10,9,0,1,0.486328125
202,VQC,quantum,direct_top10,9,1,1,0.548828125
212,VQC,quantum,direct_top10,9,1,1,0.486328125
219,VQC,quantum,direct_top10,9,0,1,0.5029296875
224,VQC,quantum,direct_top10,9,1,1,0.5048828125
227,VQC,quantum,direct_top10,9,0,1,0.5234375
233,VQC,quantum,direct_top10,9,1,1,0.5107421875
243,VQC,quantum,direct_top10,9,1,1,0.5283203125
244,VQC,quantum,direct_top10,9,1,1,0.5263671875
251,VQC,quantum,direct_top10,9,0,1,0.5517578125
254,VQC,quantum,direct_top10,9,1,0,0.443359375
278,VQC,quantum,direct_top10,9,1,0,0.4970703125
279,VQC,quantum,direct_top10,9,1,0,0.5
281,VQC,quantum,direct_top10,9,1,1,0.541015625
298,VQC,quantum,direct_top10,9,1,0,0.4931640625
306,VQC,quantum,direct_top10,9,1,1,0.482421875
349,VQC,quantum,direct_top10,9,1,0,0.5146484375
362,VQC,quantum,direct_top10,9,1,0,0.4755859375
366,VQC,quantum,direct_top10,9,1,1,0.4658203125
374,VQC,quantum,direct_top10,9,1,0,0.498046875
387,VQC,quantum,direct_top10,9,1,0,0.4658203125
390,VQC,quantum,direct_top10,9,0,1,0.4892578125
397,VQC,quantum,direct_top10,9,0,1,0.501953125
403,VQC,quantum,direct_top10,9,1,0,0.5322265625
407,VQC,quantum,direct_top10,9,0,1,0.5146484375
414,VQC,quantum,direct_top10,9,1,1,0.484375
432,VQC,quantum,direct_top10,9,1,0,0.4833984375
433,VQC,quantum,direct_top10,9,1,0,0.4033203125
440,VQC,quantum,direct_top10,9,1,0,0.46875
443,VQC,quantum,direct_top10,9,1,0,0.55078125
444,VQC,quantum,direct_top10,9,1,0,0.5283203125
448,VQC,quantum,direct_top10,9,0,0,0.4287109375
473,VQC,quantum,direct_top10,9,0,0,0.5068359375
485,VQC,quantum,direct_top10,9,1,1,0.5302734375
495,VQC,quantum,direct_top10,9,1,1,0.5302734375
508,VQC,quantum,direct_top10,9,1,1,0.5224609375
515,VQC,quantum,direct_top10,9,1,0,0.4765625
518,VQC,quantum,direct_top10,9,1,1,0.4892578125
529,VQC,quantum,direct_top10,9,1,0,0.5
532,VQC,quantum,direct_top10,9,1,1,0.53125
541,VQC,quantum,direct_top10,9,0,0,0.5458984375
545,VQC,quantum,direct_top10,9,1,0,0.494140625
574,VQC,quantum,direct_top10,9,1,1,0.486328125
577,VQC,quantum,direct_top10,9,0,1,0.5263671875
578,VQC,quantum,direct_top10,9,0,1,0.50390625
596,VQC,quantum,direct_top10,9,0,1,0.5146484375
631,VQC,quantum,direct_top10,9,0,0,0.5029296875
633,VQC,quantum,direct_top10,9,1,1,0.4921875
634,VQC,quantum,direct_top10,9,1,1,0.5009765625
642,VQC,quantum,direct_top10,9,1,1,0.478515625
653,VQC,quantum,direct_top10,9,1,0,0.494140625
678,VQC,quantum,direct_top10,9,1,1,0.494140625
690,VQC,quantum,direct_top10,9,1,1,0.4853515625
692,VQC,quantum,direct_top10,9,1,1,0.4931640625
695,VQC,quantum,direct_top10,9,1,1,0.537109375
697,VQC,quantum,direct_top10,9,0,0,0.4736328125
701,VQC,quantum,direct_top10,9,1,0,0.5068359375
714,VQC,quantum,direct_top10,9,1,0,0.5009765625
720,VQC,quantum,direct_top10,9,1,1,0.4931640625
730,VQC,quantum,direct_top10,9,1,1,0.51171875
742,VQC,quantum,direct_top10,9,1,1,0.490234375
0,VQC,quantum,direct_top10,10,1,1,0.5888671875
1,VQC,quantum,direct_top10,10,1,0,0.4248046875
3,VQC,quantum,direct_top10,10,1,0,0.4599609375
18,VQC,quantum,direct_top10,10,1,0,0.5078125
30,VQC,quantum,direct_top10,10,1,1,0.521484375
37,VQC,quantum,direct_top10,10,1,1,0.5546875
38,VQC,quantum,direct_top10,10,1,0,0.482421875
52,VQC,quantum,direct_top10,10,1,1,0.5205078125
58,VQC,quantum,direct_top10,10,1,1,0.4892578125
62,VQC,quantum,direct_top10,10,1,1,0.509765625
71,VQC,quantum,direct_top10,10,1,1,0.5078125
83,VQC,quantum,direct_top10,10,0,1,0.505859375
99,VQC,quantum,direct_top10,10,0,1,0.5263671875
109,VQC,quantum,direct_top10,10,1,1,0.5244140625
111,VQC,quantum,direct_top10,10,1,0,0.4892578125
119,VQC,quantum,direct_top10,10,1,0,0.4794921875
122,VQC,quantum,direct_top10,10,1,1,0.4775390625
141,VQC,quantum,direct_top10,10,0,0,0.5009765625
152,VQC,quantum,direct_top10,10,1,0,0.5234375
175,VQC,quantum,direct_top10,10,1,1,0.4990234375
186,VQC,quantum,direct_top10,10,1,1,0.51171875
188,VQC,quantum,direct_top10,10,1,0,0.48828125
205,VQC,quantum,direct_top10,10,1,0,0.5078125
209,VQC,quantum,direct_top10,10,0,0,0.47265625
210,VQC,quantum,direct_top10,10,1,1,0.5771484375
215,VQC,quantum,direct_top10,10,1,0,0.5380859375
236,VQC,quantum,direct_top10,10,0,0,0.51171875
239,VQC,quantum,direct_top10,10,1,0,0.4892578125
240,VQC,quantum,direct_top10,10,1,0,0.51953125
250,VQC,quantum,direct_top10,10,0,1,0.5302734375
252,VQC,quantum,direct_top10,10,1,1,0.4775390625
311,VQC,quantum,direct_top10,10,0,1,0.52734375
314,VQC,quantum,direct_top10,10,1,0,0.4453125
319,VQC,quantum,direct_top10,10,1,0,0.46875
330,VQC,quantum,direct_top10,10,1,0,0.4462890625
334,VQC,quantum,direct_top10,10,0,1,0.513671875
336,VQC,quantum,direct_top10,10,1,0,0.4736328125
343,VQC,quantum,direct_top10,10,1,1,0.4951171875
354,VQC,quantum,direct_top10,10,1,1,0.703125
376,VQC,quantum,direct_top10,10,0,0,0.513671875
381,VQC,quantum,direct_top10,10,1,0,0.5263671875
383,VQC,quantum,direct_top10,10,1,1,0.513671875
420,VQC,quantum,direct_top10,10,1,1,0.4873046875
437,VQC,quantum,direct_top10,10,1,1,0.5224609375
452,VQC,quantum,direct_top10,10,1,1,0.533203125
456,VQC,quantum,direct_top10,10,1,0,0.5185546875
490,VQC,quantum,direct_top10,10,0,1,0.5087890625
492,VQC,quantum,direct_top10,10,1,1,0.5556640625
494,VQC,quantum,direct_top10,10,1,0,0.513671875
527,VQC,quantum,direct_top10,10,1,1,0.5283203125
531,VQC,quantum,direct_top10,10,1,1,0.4990234375
534,VQC,quantum,direct_top10,10,0,0,0.486328125
548,VQC,quantum,direct_top10,10,1,0,0.5078125
551,VQC,quantum,direct_top10,10,1,0,0.4501953125
553,VQC,quantum,direct_top10,10,1,1,0.5244140625
585,VQC,quantum,direct_top10,10,0,0,0.4970703125
594,VQC,quantum,direct_top10,10,0,0,0.4736328125
597,VQC,quantum,direct_top10,10,1,0,0.4921875
602,VQC,quantum,direct_top10,10,1,0,0.49609375
610,VQC,quantum,direct_top10,10,0,1,0.4697265625
616,VQC,quantum,direct_top10,10,1,0,0.5009765625
621,VQC,quantum,direct_top10,10,1,1,0.509765625
627,VQC,quantum,direct_top10,10,1,1,0.4892578125
629,VQC,quantum,direct_top10,10,1,1,0.5556640625
635,VQC,quantum,direct_top10,10,1,1,0.517578125
640,VQC,quantum,direct_top10,10,0,0,0.5341796875
650,VQC,quantum,direct_top10,10,0,1,0.478515625
657,VQC,quantum,direct_top10,10,0,1,0.517578125
669,VQC,quantum,direct_top10,10,1,1,0.5283203125
676,VQC,quantum,direct_top10,10,1,1,0.5068359375
689,VQC,quantum,direct_top10,10,1,0,0.4755859375
691,VQC,quantum,direct_top10,10,1,1,0.4912109375
699,VQC,quantum,direct_top10,10,1,1,0.4951171875
705,VQC,quantum,direct_top10,10,0,1,0.5205078125
738,VQC,quantum,direct_top10,10,0,1,0.48828125
26,XGBoost,classical,direct_top10,1,1,1,0.873957633972168
32,XGBoost,classical,direct_top10,1,1,1,0.9876680970191956
34,XGBoost,classical,direct_top10,1,0,0,0.2372041791677475
50,XGBoost,classical,direct_top10,1,1,1,0.982792317867279
51,XGBoost,classical,direct_top10,1,1,1,0.9968982934951782
57,XGBoost,classical,direct_top10,1,1,1,0.9886254072189331
60,XGBoost,classical,direct_top10,1,1,1,0.9976072311401367
97,XGBoost,classical,direct_top10,1,1,1,0.9260187149047852
137,XGBoost,classical,direct_top10,1,0,0,0.07814738899469376
139,XGBoost,classical,direct_top10,1,1,1,0.9968764781951904
147,XGBoost,classical,direct_top10,1,0,0,0.008053290657699108
148,XGBoost,classical,direct_top10,1,0,0,0.009656727313995361
154,XGBoost,classical,direct_top10,1,1,1,0.8614972233772278
158,XGBoost,classical,direct_top10,1,1,1,0.9988871216773987
160,XGBoost,classical,direct_top10,1,1,1,0.9937279224395752
162,XGBoost,classical,direct_top10,1,1,1,0.9921762347221375
171,XGBoost,classical,direct_top10,1,1,1,0.99210524559021
179,XGBoost,classical,direct_top10,1,1,1,0.987643837928772
181,XGBoost,classical,direct_top10,1,1,1,0.9878952503204346
228,XGBoost,classical,direct_top10,1,1,1,0.9975007176399231
231,XGBoost,classical,direct_top10,1,1,1,0.79756098985672
242,XGBoost,classical,direct_top10,1,1,1,0.9352784752845764
246,XGBoost,classical,direct_top10,1,1,1,0.9967161417007446
261,XGBoost,classical,direct_top10,1,1,1,0.9390844702720642
272,XGBoost,classical,direct_top10,1,1,1,0.6454167366027832
273,XGBoost,classical,direct_top10,1,1,1,0.9988753199577332
287,XGBoost,classical,direct_top10,1,1,1,0.9993379712104797
294,XGBoost,classical,direct_top10,1,1,0,0.43661201000213623
296,XGBoost,classical,direct_top10,1,1,1,0.5630963444709778
301,XGBoost,classical,direct_top10,1,1,1,0.9970959424972534
302,XGBoost,classical,direct_top10,1,1,1,0.9966561794281006
305,XGBoost,classical,direct_top10,1,1,1,0.984154462814331
318,XGBoost,classical,direct_top10,1,1,1,0.9837930798530579
322,XGBoost,classical,direct_top10,1,1,1,0.9265946745872498
323,XGBoost,classical,direct_top10,1,1,1,0.9888314008712769
325,XGBoost,classical,direct_top10,1,1,1,0.9930006265640259
327,XGBoost,classical,direct_top10,1,1,1,0.9846466183662415
333,XGBoost,classical,direct_top10,1,0,1,0.8858031630516052
368,XGBoost,classical,direct_top10,1,1,1,0.9835137128829956
369,XGBoost,classical,direct_top10,1,0,0,0.04633275792002678
375,XGBoost,classical,direct_top10,1,0,0,0.06766457855701447
388,XGBoost,classical,direct_top10,1,1,1,0.9901915788650513
392,XGBoost,classical,direct_top10,1,0,0,0.07720255106687546
393,XGBoost,classical,direct_top10,1,0,0,0.37904608249664307
396,XGBoost,classical,direct_top10,1,0,0,0.2484225034713745
469,XGBoost,classical,direct_top10,1,0,0,0.08553341031074524
501,XGBoost,classical,direct_top10,1,1,1,0.9842846393585205
510,XGBoost,classical,direct_top10,1,1,0,0.43291956186294556
511,XGBoost,classical,direct_top10,1,1,1,0.8446003794670105
512,XGBoost,classical,direct_top10,1,1,1,0.7959414124488831
520,XGBoost,classical,direct_top10,1,0,0,0.06355852633714676
521,XGBoost,classical,direct_top10,1,0,0,0.10260384529829025
523,XGBoost,classical,direct_top10,1,1,1,0.9975626468658447
530,XGBoost,classical,direct_top10,1,1,1,0.9592868089675903
546,XGBoost,classical,direct_top10,1,1,1,0.9787244200706482
560,XGBoost,classical,direct_top10,1,1,1,0.9654425978660583
564,XGBoost,classical,direct_top10,1,1,1,0.6343799829483032
567,XGBoost,classical,direct_top10,1,0,0,0.023244161158800125
573,XGBoost,classical,direct_top10,1,1,1,0.9875965118408203
603,XGBoost,classical,direct_top10,1,1,1,0.5203452706336975
608,XGBoost,classical,direct_top10,1,1,1,0.9674526453018188
613,XGBoost,classical,direct_top10,1,1,1,0.9647853374481201
620,XGBoost,classical,direct_top10,1,1,1,0.9758993983268738
630,XGBoost,classical,direct_top10,1,0,0,0.48626792430877686
641,XGBoost,classical,direct_top10,1,0,1,0.9581448435783386
646,XGBoost,classical,direct_top10,1,1,1,0.9976505637168884
660,XGBoost,classical,direct_top10,1,1,0,0.4973149299621582
662,XGBoost,classical,direct_top10,1,1,1,0.993722140789032
671,XGBoost,classical,direct_top10,1,1,1,0.9934665560722351
675,XGBoost,classical,direct_top10,1,1,0,0.3409379720687866
684,XGBoost,classical,direct_top10,1,1,1,0.9967125654220581
709,XGBoost,classical,direct_top10,1,1,1,0.8827441930770874
733,XGBoost,classical,direct_top10,1,0,0,0.03355509042739868
739,XGBoost,classical,direct_top10,1,0,0,0.06677892059087753
744,XGBoost,classical,direct_top10,1,1,1,0.9963098168373108
755,XGBoost,classical,direct_top10,1,0,1,0.6190940141677856
10,XGBoost,classical,direct_top10,2,1,1,0.9764140248298645
27,XGBoost,classical,direct_top10,2,1,1,0.9453313946723938
31,XGBoost,classical,direct_top10,2,1,1,0.9716481566429138
36,XGBoost,classical,direct_top10,2,1,1,0.9922351241111755
39,XGBoost,classical,direct_top10,2,1,0,0.48601722717285156
40,XGBoost,classical,direct_top10,2,1,1,0.9672755002975464
44,XGBoost,classical,direct_top10,2,0,1,0.9909034371376038
48,XGBoost,classical,direct_top10,2,1,1,0.9951136708259583
55,XGBoost,classical,direct_top10,2,1,1,0.9858850240707397
59,XGBoost,classical,direct_top10,2,1,1,0.9659762382507324
66,XGBoost,classical,direct_top10,2,1,1,0.718173086643219
80,XGBoost,classical,direct_top10,2,0,0,0.20874135196208954
84,XGBoost,classical,direct_top10,2,1,1,0.972987949848175
86,XGBoost,classical,direct_top10,2,1,1,0.9785946011543274
93,XGBoost,classical,direct_top10,2,1,1,0.9952503442764282
96,XGBoost,classical,direct_top10,2,1,1,0.9936754107475281
113,XGBoost,classical,direct_top10,2,1,1,0.9881622195243835
114,XGBoost,classical,direct_top10,2,1,1,0.9925063252449036
121,XGBoost,classical,direct_top10,2,1,1,0.987228512763977
127,XGBoost,classical,direct_top10,2,0,1,0.5948243737220764
131,XGBoost,classical,direct_top10,2,1,1,0.9406828284263611
133,XGBoost,classical,direct_top10,2,1,1,0.6723869442939758
135,XGBoost,classical,direct_top10,2,0,0,0.19105006754398346
146,XGBoost,classical,direct_top10,2,0,1,0.902865469455719
151,XGBoost,classical,direct_top10,2,1,1,0.9967509508132935
167,XGBoost,classical,direct_top10,2,1,1,0.9904690384864807
182,XGBoost,classical,direct_top10,2,1,1,0.9935874938964844
184,XGBoost,classical,direct_top10,2,1,1,0.9977866411209106
198,XGBoost,classical,direct_top10,2,1,1,0.9879276156425476
207,XGBoost,classical,direct_top10,2,0,0,0.061341606080532074
262,XGBoost,classical,direct_top10,2,1,0,0.42394858598709106
268,XGBoost,classical,direct_top10,2,0,0,0.10887362062931061
270,XGBoost,classical,direct_top10,2,1,1,0.9953675270080566
275,XGBoost,classical,direct_top10,2,1,1,0.9582423567771912
283,XGBoost,classical,direct_top10,2,1,1,0.6504713892936707
286,XGBoost,classical,direct_top10,2,1,1,0.9933939576148987
308,XGBoost,classical,direct_top10,2,1,1,0.9976689219474792
315,XGBoost,classical,direct_top10,2,1,1,0.9809591174125671
335,XGBoost,classical,direct_top10,2,0,0,0.37451761960983276
339,XGBoost,classical,direct_top10,2,1,1,0.9939994812011719
350,XGBoost,classical,direct_top10,2,1,1,0.9954496026039124
352,XGBoost,classical,direct_top10,2,1,1,0.9864470958709717
378,XGBoost,classical,direct_top10,2,1,1,0.8402420878410339
379,XGBoost,classical,direct_top10,2,1,1,0.8891708850860596
391,XGBoost,classical,direct_top10,2,0,1,0.9127708673477173
410,XGBoost,classical,direct_top10,2,0,1,0.957855224609375
415,XGBoost,classical,direct_top10,2,1,1,0.9844471216201782
419,XGBoost,classical,direct_top10,2,1,1,0.958820104598999
454,XGBoost,classical,direct_top10,2,1,1,0.9829634428024292
459,XGBoost,classical,direct_top10,2,0,1,0.9665917158126831
470,XGBoost,classical,direct_top10,2,0,1,0.7866150736808777
471,XGBoost,classical,direct_top10,2,0,1,0.9837549328804016
496,XGBoost,classical,direct_top10,2,1,1,0.8282665014266968
503,XGBoost,classical,direct_top10,2,1,1,0.952518880367279
505,XGBoost,classical,direct_top10,2,1,1,0.9606441855430603
522,XGBoost,classical,direct_top10,2,1,1,0.9616559147834778
542,XGBoost,classical,direct_top10,2,0,1,0.5780994296073914
549,XGBoost,classical,direct_top10,2,1,1,0.8150198459625244
555,XGBoost,classical,direct_top10,2,1,1,0.9719431400299072
558,XGBoost,classical,direct_top10,2,1,1,0.9811156988143921
587,XGBoost,classical,direct_top10,2,0,1,0.531882107257843
599,XGBoost,classical,direct_top10,2,1,1,0.8473489284515381
606,XGBoost,classical,direct_top10,2,1,1,0.9956399202346802
611,XGBoost,classical,direct_top10,2,0,0,0.4675345718860626
632,XGBoost,classical,direct_top10,2,0,1,0.9823136925697327
656,XGBoost,classical,direct_top10,2,1,1,0.9040427207946777
673,XGBoost,classical,direct_top10,2,1,1,0.9508742690086365
680,XGBoost,classical,direct_top10,2,1,1,0.8786592483520508
700,XGBoost,classical,direct_top10,2,1,0,0.0096309008076787
704,XGBoost,classical,direct_top10,2,0,0,0.3817077577114105
724,XGBoost,classical,direct_top10,2,1,0,0.4231609106063843
729,XGBoost,classical,direct_top10,2,1,1,0.9907071590423584
732,XGBoost,classical,direct_top10,2,0,0,0.08331591635942459
745,XGBoost,classical,direct_top10,2,1,1,0.9630403518676758
746,XGBoost,classical,direct_top10,2,1,1,0.9971217513084412
749,XGBoost,classical,direct_top10,2,1,1,0.970427930355072
11,XGBoost,classical,direct_top10,3,1,1,0.9180375933647156
15,XGBoost,classical,direct_top10,3,1,1,0.9441711902618408
19,XGBoost,classical,direct_top10,3,1,1,0.5978499054908752
20,XGBoost,classical,direct_top10,3,1,1,0.9791386723518372
25,XGBoost,classical,direct_top10,3,1,1,0.9649761319160461
33,XGBoost,classical,direct_top10,3,0,1,0.9420298337936401
41,XGBoost,classical,direct_top10,3,1,1,0.9777781367301941
56,XGBoost,classical,direct_top10,3,1,1,0.984176754951477
65,XGBoost,classical,direct_top10,3,1,1,0.9928470253944397
70,XGBoost,classical,direct_top10,3,1,1,0.5985785722732544
117,XGBoost,classical,direct_top10,3,1,1,0.8579205274581909
125,XGBoost,classical,direct_top10,3,0,0,0.006708977278321981
134,XGBoost,classical,direct_top10,3,1,1,0.8598150014877319
144,XGBoost,classical,direct_top10,3,0,0,0.15578234195709229
145,XGBoost,classical,direct_top10,3,0,0,0.4072626531124115
156,XGBoost,classical,direct_top10,3,1,1,0.9962665438652039
168,XGBoost,classical,direct_top10,3,1,1,0.9954727292060852
170,XGBoost,classical,direct_top10,3,1,1,0.9932100176811218
200,XGBoost,classical,direct_top10,3,1,1,0.9948009252548218
203,XGBoost,classical,direct_top10,3,1,1,0.6104498505592346
204,XGBoost,classical,direct_top10,3,1,1,0.979448139667511
208,XGBoost,classical,direct_top10,3,0,0,0.010213869623839855
217,XGBoost,classical,direct_top10,3,1,1,0.9851081967353821
218,XGBoost,classical,direct_top10,3,1,1,0.9888627529144287
220,XGBoost,classical,direct_top10,3,0,1,0.9872785806655884
255,XGBoost,classical,direct_top10,3,1,1,0.8112908601760864
256,XGBoost,classical,direct_top10,3,1,1,0.5818531513214111
267,XGBoost,classical,direct_top10,3,0,0,0.00916831474751234
289,XGBoost,classical,direct_top10,3,0,0,0.10512108355760574
295,XGBoost,classical,direct_top10,3,1,1,0.9477505087852478
328,XGBoost,classical,direct_top10,3,1,1,0.9555931091308594
341,XGBoost,classical,direct_top10,3,1,1,0.9948850274085999
345,XGBoost,classical,direct_top10,3,1,1,0.9975156784057617
355,XGBoost,classical,direct_top10,3,1,1,0.9877471923828125
372,XGBoost,classical,direct_top10,3,1,1,0.99875807762146
377,XGBoost,classical,direct_top10,3,0,1,0.9790661931037903
385,XGBoost,classical,direct_top10,3,1,1,0.9919610619544983
394,XGBoost,classical,direct_top10,3,0,0,0.13156431913375854
402,XGBoost,classical,direct_top10,3,1,1,0.999512791633606
404,XGBoost,classical,direct_top10,3,1,1,0.9866176247596741
413,XGBoost,classical,direct_top10,3,1,1,0.9980265498161316
416,XGBoost,classical,direct_top10,3,1,1,0.9795148372650146
423,XGBoost,classical,direct_top10,3,1,1,0.9793696999549866
434,XGBoost,classical,direct_top10,3,1,1,0.9727236032485962
439,XGBoost,classical,direct_top10,3,1,1,0.9849256873130798
447,XGBoost,classical,direct_top10,3,0,0,0.02578004263341427
461,XGBoost,classical,direct_top10,3,0,1,0.9138185977935791
463,XGBoost,classical,direct_top10,3,1,1,0.8563002347946167
472,XGBoost,classical,direct_top10,3,0,1,0.7195658683776855
474,XGBoost,classical,direct_top10,3,1,1,0.9816874861717224
476,XGBoost,classical,direct_top10,3,1,1,0.8384631872177124
481,XGBoost,classical,direct_top10,3,1,1,0.8704972863197327
482,XGBoost,classical,direct_top10,3,1,1,0.8391168117523193
488,XGBoost,classical,direct_top10,3,1,0,0.3476450443267822
499,XGBoost,classical,direct_top10,3,1,1,0.9949178695678711
502,XGBoost,classical,direct_top10,3,1,1,0.9915870428085327
509,XGBoost,classical,direct_top10,3,1,1,0.9976162910461426
513,XGBoost,classical,direct_top10,3,1,1,0.9974162578582764
514,XGBoost,classical,direct_top10,3,1,1,0.9975960850715637
572,XGBoost,classical,direct_top10,3,1,1,0.9407288432121277
589,XGBoost,classical,direct_top10,3,0,0,0.013157441280782223
592,XGBoost,classical,direct_top10,3,1,1,0.8129034638404846
598,XGBoost,classical,direct_top10,3,1,1,0.9855509996414185
600,XGBoost,classical,direct_top10,3,1,1,0.9734679460525513
601,XGBoost,classical,direct_top10,3,1,1,0.8260445594787598
612,XGBoost,classical,direct_top10,3,1,1,0.9858340620994568
645,XGBoost,classical,direct_top10,3,1,1,0.6356748342514038
666,XGBoost,classical,direct_top10,3,0,1,0.913806676864624
668,XGBoost,classical,direct_top10,3,0,1,0.8830839395523071
688,XGBoost,classical,direct_top10,3,1,1,0.9841961860656738
696,XGBoost,classical,direct_top10,3,0,0,0.028263263404369354
702,XGBoost,classical,direct_top10,3,0,1,0.882028341293335
715,XGBoost,classical,direct_top10,3,1,1,0.9755964875221252
723,XGBoost,classical,direct_top10,3,1,0,0.11408132314682007
727,XGBoost,classical,direct_top10,3,0,1,0.9801920652389526
743,XGBoost,classical,direct_top10,3,1,1,0.9947025179862976
9,XGBoost,classical,direct_top10,4,1,1,0.969423770904541
13,XGBoost,classical,direct_top10,4,1,1,0.61420077085495
21,XGBoost,classical,direct_top10,4,1,1,0.7186920642852783
22,XGBoost,classical,direct_top10,4,1,1,0.8069939017295837
28,XGBoost,classical,direct_top10,4,1,1,0.9910857081413269
61,XGBoost,classical,direct_top10,4,1,1,0.9987112283706665
72,XGBoost,classical,direct_top10,4,0,0,0.03945806995034218
77,XGBoost,classical,direct_top10,4,1,1,0.971817135810852
100,XGBoost,classical,direct_top10,4,0,0,0.4887793958187103
104,XGBoost,classical,direct_top10,4,0,1,0.5787400007247925
106,XGBoost,classical,direct_top10,4,1,1,0.7903833389282227
116,XGBoost,classical,direct_top10,4,1,1,0.9941349625587463
120,XGBoost,classical,direct_top10,4,1,1,0.9940189123153687
126,XGBoost,classical,direct_top10,4,0,1,0.7790586352348328
150,XGBoost,classical,direct_top10,4,1,1,0.9308976531028748
157,XGBoost,classical,direct_top10,4,1,1,0.9934346675872803
180,XGBoost,classical,direct_top10,4,1,1,0.9553022980690002
191,XGBoost,classical,direct_top10,4,1,1,0.9879790544509888
193,XGBoost,classical,direct_top10,4,1,1,0.9985217452049255
206,XGBoost,classical,direct_top10,4,1,1,0.9680983424186707
211,XGBoost,classical,direct_top10,4,1,1,0.9968376159667969
229,XGBoost,classical,direct_top10,4,1,1,0.9858265519142151
260,XGBoost,classical,direct_top10,4,1,1,0.9988075494766235
264,XGBoost,classical,direct_top10,4,1,1,0.6069943308830261
269,XGBoost,classical,direct_top10,4,0,0,0.015242601744830608
282,XGBoost,classical,direct_top10,4,1,1,0.9637240767478943
284,XGBoost,classical,direct_top10,4,1,1,0.8690348267555237
290,XGBoost,classical,direct_top10,4,0,0,0.2383011132478714
297,XGBoost,classical,direct_top10,4,1,1,0.8207082152366638
312,XGBoost,classical,direct_top10,4,1,1,0.9484543204307556
320,XGBoost,classical,direct_top10,4,1,1,0.9838256239891052
324,XGBoost,classical,direct_top10,4,1,1,0.9966976642608643
331,XGBoost,classical,direct_top10,4,1,1,0.9675726294517517
337,XGBoost,classical,direct_top10,4,1,1,0.9904599189758301
344,XGBoost,classical,direct_top10,4,1,1,0.9919731616973877
400,XGBoost,classical,direct_top10,4,1,0,0.10029417276382446
424,XGBoost,classical,direct_top10,4,1,1,0.8915926218032837
425,XGBoost,classical,direct_top10,4,1,1,0.9561396241188049
436,XGBoost,classical,direct_top10,4,1,1,0.6795971393585205
438,XGBoost,classical,direct_top10,4,1,1,0.9305496215820312
455,XGBoost,classical,direct_top10,4,1,1,0.98391193151474
477,XGBoost,classical,direct_top10,4,1,1,0.9910248517990112
484,XGBoost,classical,direct_top10,4,1,1,0.9708369374275208
489,XGBoost,classical,direct_top10,4,0,0,0.2797912061214447
507,XGBoost,classical,direct_top10,4,1,1,0.995664656162262
517,XGBoost,classical,direct_top10,4,1,1,0.9922758936882019
528,XGBoost,classical,direct_top10,4,1,1,0.6919903755187988
533,XGBoost,classical,direct_top10,4,1,1,0.640061616897583
536,XGBoost,classical,direct_top10,4,0,1,0.79182368516922
540,XGBoost,classical,direct_top10,4,0,0,0.48576444387435913
550,XGBoost,classical,direct_top10,4,1,1,0.9970709085464478
552,XGBoost,classical,direct_top10,4,1,1,0.9933638572692871
554,XGBoost,classical,direct_top10,4,1,1,0.9920367002487183
557,XGBoost,classical,direct_top10,4,1,1,0.7213277220726013
561,XGBoost,classical,direct_top10,4,0,0,0.001711375778540969
569,XGBoost,classical,direct_top10,4,0,0,0.006859364919364452
571,XGBoost,classical,direct_top10,4,1,1,0.9967471361160278
586,XGBoost,classical,direct_top10,4,0,1,0.946025013923645
590,XGBoost,classical,direct_top10,4,0,0,0.06311021000146866
595,XGBoost,classical,direct_top10,4,0,1,0.5889430642127991
615,XGBoost,classical,direct_top10,4,1,1,0.8296493887901306
617,XGBoost,classical,direct_top10,4,1,1,0.9483978152275085
624,XGBoost,classical,direct_top10,4,1,1,0.8055418729782104
625,XGBoost,classical,direct_top10,4,1,1,0.8854725360870361
644,XGBoost,classical,direct_top10,4,1,1,0.9367014169692993
647,XGBoost,classical,direct_top10,4,1,1,0.9762870669364929
649,XGBoost,classical,direct_top10,4,0,0,0.34924718737602234
652,XGBoost,classical,direct_top10,4,1,1,0.8375492095947266
659,XGBoost,classical,direct_top10,4,0,0,0.26226985454559326
674,XGBoost,classical,direct_top10,4,1,1,0.876790463924408
694,XGBoost,classical,direct_top10,4,1,1,0.8747090697288513
707,XGBoost,classical,direct_top10,4,0,0,0.02959294058382511
717,XGBoost,classical,direct_top10,4,1,1,0.8431499004364014
734,XGBoost,classical,direct_top10,4,0,0,0.006390685681253672
741,XGBoost,classical,direct_top10,4,1,1,0.9991199374198914
753,XGBoost,classical,direct_top10,4,0,0,0.020466633141040802
2,XGBoost,classical,direct_top10,5,1,1,0.9919255375862122
6,XGBoost,classical,direct_top10,5,1,1,0.7451185584068298
12,XGBoost,classical,direct_top10,5,1,1,0.9158849120140076
16,XGBoost,classical,direct_top10,5,1,1,0.9943523406982422
23,XGBoost,classical,direct_top10,5,1,1,0.6937987804412842
29,XGBoost,classical,direct_top10,5,1,1,0.9867406487464905
45,XGBoost,classical,direct_top10,5,1,1,0.9770845770835876
64,XGBoost,classical,direct_top10,5,1,1,0.9941089153289795
68,XGBoost,classical,direct_top10,5,1,1,0.8956938982009888
79,XGBoost,classical,direct_top10,5,0,0,0.1627657413482666
81,XGBoost,classical,direct_top10,5,0,0,0.4405040144920349
92,XGBoost,classical,direct_top10,5,1,1,0.9978931546211243
101,XGBoost,classical,direct_top10,5,0,0,0.1556812822818756
105,XGBoost,classical,direct_top10,5,1,1,0.5658799409866333
108,XGBoost,classical,direct_top10,5,1,1,0.9545765519142151
118,XGBoost,classical,direct_top10,5,1,1,0.9547904133796692
124,XGBoost,classical,direct_top10,5,0,0,0.0093987500295043
130,XGBoost,classical,direct_top10,5,1,1,0.9746522903442383
136,XGBoost,classical,direct_top10,5,0,1,0.9005340337753296
143,XGBoost,classical,direct_top10,5,0,0,0.27103424072265625
164,XGBoost,classical,direct_top10,5,1,1,0.9984044432640076
185,XGBoost,classical,direct_top10,5,1,1,0.9970400929450989
196,XGBoost,classical,direct_top10,5,0,1,0.7569000124931335
249,XGBoost,classical,direct_top10,5,0,1,0.9387180805206299
253,XGBoost,classical,direct_top10,5,1,1,0.9877954721450806
257,XGBoost,classical,direct_top10,5,1,1,0.520751953125
263,XGBoost,classical,direct_top10,5,1,1,0.9347429871559143
265,XGBoost,classical,direct_top10,5,1,1,0.5139387845993042
274,XGBoost,classical,direct_top10,5,1,1,0.8823136687278748
276,XGBoost,classical,direct_top10,5,1,1,0.9895988702774048
280,XGBoost,classical,direct_top10,5,1,1,0.6683914661407471
293,XGBoost,classical,direct_top10,5,1,1,0.9980243444442749
303,XGBoost,classical,direct_top10,5,1,1,0.9897698163986206
321,XGBoost,classical,direct_top10,5,1,1,0.8184133172035217
326,XGBoost,classical,direct_top10,5,1,1,0.9946643114089966
329,XGBoost,classical,direct_top10,5,1,1,0.91341233253479
358,XGBoost,classical,direct_top10,5,0,0,0.012406958267092705
370,XGBoost,classical,direct_top10,5,0,0,0.10786835849285126
371,XGBoost,classical,direct_top10,5,0,0,0.05309604853391647
373,XGBoost,classical,direct_top10,5,1,1,0.999417781829834
382,XGBoost,classical,direct_top10,5,1,1,0.9970287680625916
386,XGBoost,classical,direct_top10,5,1,1,0.9759949445724487
408,XGBoost,classical,direct_top10,5,0,0,0.05627639591693878
409,XGBoost,classical,direct_top10,5,0,0,0.019694022834300995
417,XGBoost,classical,direct_top10,5,1,1,0.9977005124092102
427,XGBoost,classical,direct_top10,5,1,1,0.997533917427063
465,XGBoost,classical,direct_top10,5,1,1,0.7003083229064941
479,XGBoost,classical,direct_top10,5,1,1,0.994556188583374
480,XGBoost,classical,direct_top10,5,1,1,0.5010018348693848
504,XGBoost,classical,direct_top10,5,1,1,0.997730553150177
506,XGBoost,classical,direct_top10,5,1,1,0.9955829977989197
519,XGBoost,classical,direct_top10,5,0,1,0.543094277381897
524,XGBoost,classical,direct_top10,5,1,1,0.9994375109672546
538,XGBoost,classical,direct_top10,5,1,1,0.9864559173583984
544,XGBoost,classical,direct_top10,5,1,1,0.8227857351303101
547,XGBoost,classical,direct_top10,5,1,1,0.8929322957992554
562,XGBoost,classical,direct_top10,5,0,0,0.006139995064586401
566,XGBoost,classical,direct_top10,5,1,1,0.9877378940582275
575,XGBoost,classical,direct_top10,5,1,1,0.998677670955658
579,XGBoost,classical,direct_top10,5,1,1,0.9586501717567444
582,XGBoost,classical,direct_top10,5,0,0,0.3234146535396576
583,XGBoost,classical,direct_top10,5,0,0,0.2842625081539154
619,XGBoost,classical,direct_top10,5,1,1,0.9988658428192139
623,XGBoost,classical,direct_top10,5,1,1,0.9983667731285095
628,XGBoost,classical,direct_top10,5,1,1,0.900567889213562
638,XGBoost,classical,direct_top10,5,1,1,0.8984031677246094
655,XGBoost,classical,direct_top10,5,1,1,0.9922979474067688
683,XGBoost,classical,direct_top10,5,1,1,0.9991934895515442
687,XGBoost,classical,direct_top10,5,1,1,0.9963294863700867
693,XGBoost,classical,direct_top10,5,1,1,0.7552897930145264
708,XGBoost,classical,direct_top10,5,1,1,0.812161922454834
716,XGBoost,classical,direct_top10,5,1,1,0.9287925362586975
726,XGBoost,classical,direct_top10,5,0,1,0.6431277990341187
747,XGBoost,classical,direct_top10,5,1,1,0.5793737173080444
750,XGBoost,classical,direct_top10,5,0,0,0.18767432868480682
752,XGBoost,classical,direct_top10,5,0,0,0.372896671295166
5,XGBoost,classical,direct_top10,6,1,1,0.9987629652023315
43,XGBoost,classical,direct_top10,6,0,1,0.9945359230041504
46,XGBoost,classical,direct_top10,6,1,1,0.9971789121627808
67,XGBoost,classical,direct_top10,6,1,0,0.4990563988685608
69,XGBoost,classical,direct_top10,6,1,1,0.9827255010604858
74,XGBoost,classical,direct_top10,6,0,0,0.022164708003401756
76,XGBoost,classical,direct_top10,6,1,1,0.9764002561569214
85,XGBoost,classical,direct_top10,6,1,1,0.9437970519065857
87,XGBoost,classical,direct_top10,6,0,0,0.09764094650745392
95,XGBoost,classical,direct_top10,6,1,1,0.9934729933738708
102,XGBoost,classical,direct_top10,6,0,1,0.9554938077926636
103,XGBoost,classical,direct_top10,6,0,1,0.9733999371528625
132,XGBoost,classical,direct_top10,6,1,1,0.8094883561134338
140,XGBoost,classical,direct_top10,6,1,1,0.9975255131721497
142,XGBoost,classical,direct_top10,6,0,0,0.07026630640029907
155,XGBoost,classical,direct_top10,6,1,1,0.9784252047538757
161,XGBoost,classical,direct_top10,6,1,1,0.9918409585952759
165,XGBoost,classical,direct_top10,6,1,1,0.9976533055305481
166,XGBoost,classical,direct_top10,6,1,1,0.9978477954864502
176,XGBoost,classical,direct_top10,6,1,1,0.9818998575210571
183,XGBoost,classical,direct_top10,6,1,1,0.9992271661758423
190,XGBoost,classical,direct_top10,6,1,1,0.9865562915802002
197,XGBoost,classical,direct_top10,6,0,1,0.5049214959144592
201,XGBoost,classical,direct_top10,6,1,1,0.8115536570549011
222,XGBoost,classical,direct_top10,6,1,1,0.977256178855896
232,XGBoost,classical,direct_top10,6,1,1,0.9937390089035034
234,XGBoost,classical,direct_top10,6,0,1,0.9676327705383301
245,XGBoost,classical,direct_top10,6,1,1,0.7716629505157471
258,XGBoost,classical,direct_top10,6,1,1,0.9957770109176636
271,XGBoost,classical,direct_top10,6,1,1,0.9971298575401306
291,XGBoost,classical,direct_top10,6,1,1,0.9976441264152527
300,XGBoost,classical,direct_top10,6,1,1,0.9892080426216125
309,XGBoost,classical,direct_top10,6,0,1,0.6238605976104736
317,XGBoost,classical,direct_top10,6,1,1,0.999072790145874
342,XGBoost,classical,direct_top10,6,1,1,0.9243589043617249
346,XGBoost,classical,direct_top10,6,1,1,0.9947486519813538
347,XGBoost,classical,direct_top10,6,1,1,0.993952214717865
363,XGBoost,classical,direct_top10,6,1,1,0.991844117641449
364,XGBoost,classical,direct_top10,6,1,1,0.880706250667572
367,XGBoost,classical,direct_top10,6,1,1,0.9690561890602112
380,XGBoost,classical,direct_top10,6,1,1,0.8999760150909424
384,XGBoost,classical,direct_top10,6,1,1,0.8485652208328247
395,XGBoost,classical,direct_top10,6,0,0,0.022593170404434204
399,XGBoost,classical,direct_top10,6,1,1,0.7072354555130005
418,XGBoost,classical,direct_top10,6,1,1,0.9984283447265625
421,XGBoost,classical,direct_top10,6,1,1,0.9925618767738342
426,XGBoost,classical,direct_top10,6,1,1,0.9895100593566895
449,XGBoost,classical,direct_top10,6,0,0,0.00514812720939517
450,XGBoost,classical,direct_top10,6,1,1,0.977796733379364
462,XGBoost,classical,direct_top10,6,1,1,0.929124116897583
466,XGBoost,classical,direct_top10,6,1,1,0.8658658862113953
475,XGBoost,classical,direct_top10,6,1,1,0.9512931704521179
493,XGBoost,classical,direct_top10,6,1,1,0.9833035469055176
535,XGBoost,classical,direct_top10,6,0,1,0.6604999899864197
556,XGBoost,classical,direct_top10,6,1,1,0.9917049407958984
563,XGBoost,classical,direct_top10,6,0,0,0.056358594447374344
570,XGBoost,classical,direct_top10,6,1,1,0.9470421075820923
581,XGBoost,classical,direct_top10,6,1,1,0.9954246878623962
584,XGBoost,classical,direct_top10,6,0,0,0.02571137808263302
604,XGBoost,classical,direct_top10,6,1,0,0.15601222217082977
607,XGBoost,classical,direct_top10,6,1,1,0.8795149922370911
622,XGBoost,classical,direct_top10,6,1,1,0.9930311441421509
626,XGBoost,classical,direct_top10,6,1,1,0.9952320456504822
636,XGBoost,classical,direct_top10,6,1,1,0.8282259702682495
654,XGBoost,classical,direct_top10,6,1,1,0.9650236368179321
667,XGBoost,classical,direct_top10,6,0,1,0.7960970997810364
681,XGBoost,classical,direct_top10,6,1,1,0.9951033592224121
685,XGBoost,classical,direct_top10,6,1,1,0.9517590403556824
706,XGBoost,classical,direct_top10,6,0,0,0.014377436600625515
710,XGBoost,classical,direct_top10,6,1,1,0.7511045932769775
713,XGBoost,classical,direct_top10,6,0,0,0.32387083768844604
722,XGBoost,classical,direct_top10,6,1,1,0.9931544065475464
731,XGBoost,classical,direct_top10,6,1,1,0.9972777962684631
737,XGBoost,classical,direct_top10,6,0,1,0.791182279586792
751,XGBoost,classical,direct_top10,6,0,0,0.02165183238685131
754,XGBoost,classical,direct_top10,6,0,1,0.842673659324646
8,XGBoost,classical,direct_top10,7,1,0,0.14173570275306702
35,XGBoost,classical,direct_top10,7,0,1,0.6980370879173279
49,XGBoost,classical,direct_top10,7,1,1,0.9870636463165283
53,XGBoost,classical,direct_top10,7,1,1,0.9375420808792114
54,XGBoost,classical,direct_top10,7,1,1,0.9879416823387146
63,XGBoost,classical,direct_top10,7,1,1,0.9980852603912354
82,XGBoost,classical,direct_top10,7,0,0,0.45019781589508057
98,XGBoost,classical,direct_top10,7,1,1,0.9959611296653748
110,XGBoost,classical,direct_top10,7,1,1,0.9443426728248596
129,XGBoost,classical,direct_top10,7,1,1,0.9950762391090393
138,XGBoost,classical,direct_top10,7,1,1,0.9974188804626465
153,XGBoost,classical,direct_top10,7,1,1,0.9955314993858337
178,XGBoost,classical,direct_top10,7,1,1,0.8614992499351501
189,XGBoost,classical,direct_top10,7,1,1,0.9784743189811707
192,XGBoost,classical,direct_top10,7,1,1,0.99578458070755
214,XGBoost,classical,direct_top10,7,1,1,0.9966549873352051
225,XGBoost,classical,direct_top10,7,0,0,0.037696462124586105
226,XGBoost,classical,direct_top10,7,0,0,0.1821184605360031
238,XGBoost,classical,direct_top10,7,1,1,0.960799515247345
241,XGBoost,classical,direct_top10,7,1,1,0.8124808669090271
247,XGBoost,classical,direct_top10,7,1,1,0.9936875700950623
259,XGBoost,classical,direct_top10,7,1,1,0.9969168901443481
292,XGBoost,classical,direct_top10,7,1,1,0.9854090809822083
299,XGBoost,classical,direct_top10,7,1,1,0.5399865508079529
310,XGBoost,classical,direct_top10,7,0,1,0.9267099499702454
313,XGBoost,classical,direct_top10,7,1,1,0.9848979115486145
316,XGBoost,classical,direct_top10,7,1,1,0.9432469010353088
340,XGBoost,classical,direct_top10,7,1,1,0.9168924689292908
353,XGBoost,classical,direct_top10,7,1,1,0.9490360021591187
356,XGBoost,classical,direct_top10,7,1,1,0.9930463433265686
357,XGBoost,classical,direct_top10,7,0,0,0.3667044937610626
360,XGBoost,classical,direct_top10,7,1,1,0.9235327839851379
365,XGBoost,classical,direct_top10,7,1,1,0.8715555667877197
389,XGBoost,classical,direct_top10,7,1,1,0.9906694889068604
398,XGBoost,classical,direct_top10,7,0,0,0.014920836314558983
401,XGBoost,classical,direct_top10,7,1,1,0.8083637952804565
405,XGBoost,classical,direct_top10,7,0,0,0.027912111952900887
406,XGBoost,classical,direct_top10,7,0,0,0.20184163749217987
411,XGBoost,classical,direct_top10,7,1,1,0.7633838653564453
412,XGBoost,classical,direct_top10,7,1,1,0.9904606938362122
428,XGBoost,classical,direct_top10,7,1,1,0.9956737160682678
431,XGBoost,classical,direct_top10,7,1,1,0.9980402588844299
435,XGBoost,classical,direct_top10,7,1,1,0.5399900078773499
441,XGBoost,classical,direct_top10,7,1,1,0.5980623364448547
446,XGBoost,classical,direct_top10,7,1,1,0.8128281831741333
453,XGBoost,classical,direct_top10,7,1,1,0.9842175245285034
460,XGBoost,classical,direct_top10,7,0,1,0.9308640360832214
467,XGBoost,classical,direct_top10,7,1,0,0.3671492338180542
468,XGBoost,classical,direct_top10,7,0,0,0.3271152079105377
487,XGBoost,classical,direct_top10,7,1,1,0.9082196354866028
491,XGBoost,classical,direct_top10,7,0,0,0.16016072034835815
498,XGBoost,classical,direct_top10,7,1,1,0.9979515671730042
526,XGBoost,classical,direct_top10,7,1,1,0.9032744765281677
537,XGBoost,classical,direct_top10,7,1,1,0.9683972001075745
539,XGBoost,classical,direct_top10,7,1,1,0.6412692666053772
576,XGBoost,classical,direct_top10,7,0,0,0.038889992982149124
580,XGBoost,classical,direct_top10,7,1,1,0.6439108848571777
588,XGBoost,classical,direct_top10,7,0,0,0.0849301815032959
593,XGBoost,classical,direct_top10,7,1,1,0.7843748927116394
605,XGBoost,classical,direct_top10,7,1,1,0.7409353852272034
614,XGBoost,classical,direct_top10,7,1,1,0.9448724389076233
637,XGBoost,classical,direct_top10,7,1,1,0.7176643013954163
661,XGBoost,classical,direct_top10,7,1,1,0.9649735689163208
663,XGBoost,classical,direct_top10,7,0,0,0.057566095143556595
664,XGBoost,classical,direct_top10,7,0,0,0.1041279137134552
670,XGBoost,classical,direct_top10,7,1,1,0.9961470365524292
679,XGBoost,classical,direct_top10,7,1,1,0.9806673526763916
682,XGBoost,classical,direct_top10,7,1,1,0.998956561088562
686,XGBoost,classical,direct_top10,7,1,1,0.9868364334106445
703,XGBoost,classical,direct_top10,7,0,1,0.9678172469139099
711,XGBoost,classical,direct_top10,7,0,0,0.00941197108477354
718,XGBoost,classical,direct_top10,7,1,1,0.564099907875061
721,XGBoost,classical,direct_top10,7,1,1,0.7734236121177673
725,XGBoost,classical,direct_top10,7,1,0,0.14804707467556
728,XGBoost,classical,direct_top10,7,0,1,0.5587754249572754
14,XGBoost,classical,direct_top10,8,1,1,0.8145087957382202
17,XGBoost,classical,direct_top10,8,1,1,0.9927138686180115
42,XGBoost,classical,direct_top10,8,0,0,0.34839990735054016
47,XGBoost,classical,direct_top10,8,1,1,0.9952066540718079
73,XGBoost,classical,direct_top10,8,0,0,0.050623029470443726
78,XGBoost,classical,direct_top10,8,0,1,0.948763906955719
88,XGBoost,classical,direct_top10,8,0,0,0.1295250505208969
90,XGBoost,classical,direct_top10,8,1,1,0.9990767240524292
91,XGBoost,classical,direct_top10,8,1,1,0.9969198703765869
107,XGBoost,classical,direct_top10,8,1,1,0.8908736705780029
112,XGBoost,classical,direct_top10,8,1,1,0.9939470291137695
159,XGBoost,classical,direct_top10,8,1,1,0.9685473442077637
172,XGBoost,classical,direct_top10,8,1,1,0.9720326662063599
173,XGBoost,classical,direct_top10,8,1,1,0.9968138337135315
177,XGBoost,classical,direct_top10,8,1,1,0.9674962759017944
187,XGBoost,classical,direct_top10,8,1,1,0.9985596537590027
199,XGBoost,classical,direct_top10,8,1,1,0.9851813316345215
213,XGBoost,classical,direct_top10,8,1,1,0.903054416179657
216,XGBoost,classical,direct_top10,8,1,1,0.9964325428009033
221,XGBoost,classical,direct_top10,8,0,1,0.7983309626579285
223,XGBoost,classical,direct_top10,8,1,1,0.9460592269897461
230,XGBoost,classical,direct_top10,8,1,1,0.9848219752311707
235,XGBoost,classical,direct_top10,8,0,1,0.9252356886863708
237,XGBoost,classical,direct_top10,8,1,1,0.9791510105133057
248,XGBoost,classical,direct_top10,8,1,1,0.9939291477203369
266,XGBoost,classical,direct_top10,8,1,1,0.9306400418281555
277,XGBoost,classical,direct_top10,8,1,1,0.8724085092544556
285,XGBoost,classical,direct_top10,8,1,1,0.9992388486862183
288,XGBoost,classical,direct_top10,8,0,0,0.21569688618183136
304,XGBoost,classical,direct_top10,8,1,1,0.9914426207542419
307,XGBoost,classical,direct_top10,8,1,1,0.9950478076934814
332,XGBoost,classical,direct_top10,8,1,1,0.995951771736145
338,XGBoost,classical,direct_top10,8,1,1,0.9890622496604919
348,XGBoost,classical,direct_top10,8,1,1,0.9971840977668762
351,XGBoost,classical,direct_top10,8,1,1,0.9761509895324707
359,XGBoost,classical,direct_top10,8,0,0,0.12192395329475403
361,XGBoost,classical,direct_top10,8,1,1,0.7687302231788635
422,XGBoost,classical,direct_top10,8,1,1,0.8821260929107666
429,XGBoost,classical,direct_top10,8,1,1,0.9829431772232056
430,XGBoost,classical,direct_top10,8,1,1,0.9856889247894287
442,XGBoost,classical,direct_top10,8,1,1,0.7309034466743469
445,XGBoost,classical,direct_top10,8,1,1,0.9810740351676941
451,XGBoost,classical,direct_top10,8,1,1,0.9440088272094727
457,XGBoost,classical,direct_top10,8,1,1,0.9915605187416077
458,XGBoost,classical,direct_top10,8,1,1,0.9968143105506897
464,XGBoost,classical,direct_top10,8,1,1,0.9695669412612915
478,XGBoost,classical,direct_top10,8,1,1,0.9902061820030212
483,XGBoost,classical,direct_top10,8,1,1,0.990441083908081
486,XGBoost,classical,direct_top10,8,1,1,0.974202036857605
497,XGBoost,classical,direct_top10,8,1,1,0.9729593992233276
500,XGBoost,classical,direct_top10,8,1,1,0.9658010601997375
516,XGBoost,classical,direct_top10,8,1,1,0.9965870380401611
525,XGBoost,classical,direct_top10,8,1,1,0.8178159594535828
543,XGBoost,classical,direct_top10,8,1,1,0.6841270923614502
559,XGBoost,classical,direct_top10,8,1,1,0.9833773374557495
565,XGBoost,classical,direct_top10,8,1,1,0.8751562237739563
568,XGBoost,classical,direct_top10,8,0,0,0.09167000651359558
591,XGBoost,classical,direct_top10,8,1,0,0.07646458595991135
609,XGBoost,classical,direct_top10,8,0,0,0.23639971017837524
618,XGBoost,classical,direct_top10,8,1,1,0.9979838132858276
639,XGBoost,classical,direct_top10,8,0,1,0.8779481053352356
643,XGBoost,classical,direct_top10,8,1,1,0.9984264373779297
648,XGBoost,classical,direct_top10,8,0,0,0.060270968824625015
651,XGBoost,classical,direct_top10,8,1,1,0.9595471620559692
658,XGBoost,classical,direct_top10,8,0,1,0.7432765960693359
665,XGBoost,classical,direct_top10,8,0,1,0.7171663045883179
672,XGBoost,classical,direct_top10,8,1,1,0.8269181847572327
677,XGBoost,classical,direct_top10,8,1,1,0.7209323048591614
698,XGBoost,classical,direct_top10,8,0,0,0.09275980293750763
712,XGBoost,classical,direct_top10,8,0,0,0.05878457799553871
719,XGBoost,classical,direct_top10,8,1,1,0.8028057217597961
735,XGBoost,classical,direct_top10,8,0,1,0.9986094236373901
736,XGBoost,classical,direct_top10,8,0,1,0.9914148449897766
740,XGBoost,classical,direct_top10,8,0,0,0.1267022043466568
748,XGBoost,classical,direct_top10,8,1,1,0.9755841493606567
4,XGBoost,classical,direct_top10,9,1,1,0.9088382720947266
7,XGBoost,classical,direct_top10,9,1,1,0.5808941721916199
24,XGBoost,classical,direct_top10,9,1,0,0.4207940995693207
75,XGBoost,classical,direct_top10,9,1,1,0.8885830640792847
89,XGBoost,classical,direct_top10,9,0,0,0.03731905668973923
94,XGBoost,classical,direct_top10,9,1,1,0.8170924186706543
115,XGBoost,classical,direct_top10,9,1,1,0.8293091654777527
123,XGBoost,classical,direct_top10,9,0,0,0.010036726482212543
128,XGBoost,classical,direct_top10,9,0,1,0.7027734518051147
149,XGBoost,classical,direct_top10,9,0,0,0.014667658135294914
163,XGBoost,classical,direct_top10,9,1,1,0.9964584708213806
169,XGBoost,classical,direct_top10,9,1,1,0.9939855933189392
174,XGBoost,classical,direct_top10,9,1,0,0.407731831073761
194,XGBoost,classical,direct_top10,9,1,1,0.9964116215705872
195,XGBoost,classical,direct_top10,9,0,1,0.7048193216323853
202,XGBoost,classical,direct_top10,9,1,0,0.2806318402290344
212,XGBoost,classical,direct_top10,9,1,1,0.9945728182792664
219,XGBoost,classical,direct_top10,9,0,1,0.9206362962722778
224,XGBoost,classical,direct_top10,9,1,1,0.9201369285583496
227,XGBoost,classical,direct_top10,9,0,0,0.057790759950876236
233,XGBoost,classical,direct_top10,9,1,1,0.9982661604881287
243,XGBoost,classical,direct_top10,9,1,1,0.9339680671691895
244,XGBoost,classical,direct_top10,9,1,1,0.9866639375686646
251,XGBoost,classical,direct_top10,9,0,1,0.9746583700180054
254,XGBoost,classical,direct_top10,9,1,1,0.9686233997344971
278,XGBoost,classical,direct_top10,9,1,1,0.8271111249923706
279,XGBoost,classical,direct_top10,9,1,1,0.9832046627998352
281,XGBoost,classical,direct_top10,9,1,1,0.7153009176254272
298,XGBoost,classical,direct_top10,9,1,1,0.8733581900596619
306,XGBoost,classical,direct_top10,9,1,1,0.9954690933227539
349,XGBoost,classical,direct_top10,9,1,1,0.9238132834434509
362,XGBoost,classical,direct_top10,9,1,1,0.9317998290061951
366,XGBoost,classical,direct_top10,9,1,1,0.9296767115592957
374,XGBoost,classical,direct_top10,9,1,1,0.9960916638374329
387,XGBoost,classical,direct_top10,9,1,1,0.9921396374702454
390,XGBoost,classical,direct_top10,9,0,1,0.8524370789527893
397,XGBoost,classical,direct_top10,9,0,0,0.014979274943470955
403,XGBoost,classical,direct_top10,9,1,1,0.9948837161064148
407,XGBoost,classical,direct_top10,9,0,0,0.05437377840280533
414,XGBoost,classical,direct_top10,9,1,1,0.8319777846336365
432,XGBoost,classical,direct_top10,9,1,1,0.9820104241371155
433,XGBoost,classical,direct_top10,9,1,1,0.9934244155883789
440,XGBoost,classical,direct_top10,9,1,1,0.9907082319259644
443,XGBoost,classical,direct_top10,9,1,0,0.22446396946907043
444,XGBoost,classical,direct_top10,9,1,1,0.8329336643218994
448,XGBoost,classical,direct_top10,9,0,0,0.08203762024641037
473,XGBoost,classical,direct_top10,9,0,1,0.5011431574821472
485,XGBoost,classical,direct_top10,9,1,1,0.9279241561889648
495,XGBoost,classical,direct_top10,9,1,1,0.9596397280693054
508,XGBoost,classical,direct_top10,9,1,1,0.9990994930267334
515,XGBoost,classical,direct_top10,9,1,1,0.9976094961166382
518,XGBoost,classical,direct_top10,9,1,0,0.025017157196998596
529,XGBoost,classical,direct_top10,9,1,0,0.28823572397232056
532,XGBoost,classical,direct_top10,9,1,1,0.6122696995735168
541,XGBoost,classical,direct_top10,9,0,0,0.08878215402364731
545,XGBoost,classical,direct_top10,9,1,1,0.9986571073532104
574,XGBoost,classical,direct_top10,9,1,1,0.9910686016082764
577,XGBoost,classical,direct_top10,9,0,0,0.0855897068977356
578,XGBoost,classical,direct_top10,9,0,0,0.021442458033561707
596,XGBoost,classical,direct_top10,9,0,1,0.5942463278770447
631,XGBoost,classical,direct_top10,9,0,1,0.9597033858299255
633,XGBoost,classical,direct_top10,9,1,1,0.8476698994636536
634,XGBoost,classical,direct_top10,9,1,1,0.9919143915176392
642,XGBoost,classical,direct_top10,9,1,1,0.9851691722869873
653,XGBoost,classical,direct_top10,9,1,1,0.9944329857826233
678,XGBoost,classical,direct_top10,9,1,1,0.973673939704895
690,XGBoost,classical,direct_top10,9,1,1,0.7708707451820374
692,XGBoost,classical,direct_top10,9,1,1,0.9641430974006653
695,XGBoost,classical,direct_top10,9,1,0,0.22554653882980347
697,XGBoost,classical,direct_top10,9,0,0,0.017845628783106804
701,XGBoost,classical,direct_top10,9,1,0,0.3487507104873657
714,XGBoost,classical,direct_top10,9,1,1,0.8239359259605408
720,XGBoost,classical,direct_top10,9,1,1,0.9851245284080505
730,XGBoost,classical,direct_top10,9,1,1,0.9321355223655701
742,XGBoost,classical,direct_top10,9,1,1,0.9650739431381226
0,XGBoost,classical,direct_top10,10,1,1,0.7038975954055786
1,XGBoost,classical,direct_top10,10,1,1,0.5917720198631287
3,XGBoost,classical,direct_top10,10,1,1,0.8776487708091736
18,XGBoost,classical,direct_top10,10,1,1,0.9206096529960632
30,XGBoost,classical,direct_top10,10,1,1,0.9979684948921204
37,XGBoost,classical,direct_top10,10,1,1,0.9249827861785889
38,XGBoost,classical,direct_top10,10,1,1,0.943358302116394
52,XGBoost,classical,direct_top10,10,1,1,0.9881559610366821
58,XGBoost,classical,direct_top10,10,1,1,0.9984475374221802
62,XGBoost,classical,direct_top10,10,1,1,0.9973679184913635
71,XGBoost,classical,direct_top10,10,1,1,0.9722099900245667
83,XGBoost,classical,direct_top10,10,0,1,0.7684292197227478
99,XGBoost,classical,direct_top10,10,0,1,0.6147580146789551
109,XGBoost,classical,direct_top10,10,1,1,0.9598423838615417
111,XGBoost,classical,direct_top10,10,1,1,0.9738932251930237
119,XGBoost,classical,direct_top10,10,1,1,0.8543614745140076
122,XGBoost,classical,direct_top10,10,1,1,0.9936291575431824
141,XGBoost,classical,direct_top10,10,0,1,0.7455018162727356
152,XGBoost,classical,direct_top10,10,1,1,0.994351863861084
175,XGBoost,classical,direct_top10,10,1,1,0.9933924078941345
186,XGBoost,classical,direct_top10,10,1,1,0.9993583559989929
188,XGBoost,classical,direct_top10,10,1,1,0.9974316954612732
205,XGBoost,classical,direct_top10,10,1,1,0.9317794442176819
209,XGBoost,classical,direct_top10,10,0,0,0.012127011083066463
210,XGBoost,classical,direct_top10,10,1,1,0.9932710528373718
215,XGBoost,classical,direct_top10,10,1,1,0.9956820011138916
236,XGBoost,classical,direct_top10,10,0,1,0.9879106283187866
239,XGBoost,classical,direct_top10,10,1,1,0.9905967712402344
240,XGBoost,classical,direct_top10,10,1,1,0.8919305801391602
250,XGBoost,classical,direct_top10,10,0,1,0.8369636535644531
252,XGBoost,classical,direct_top10,10,1,1,0.796843945980072
311,XGBoost,classical,direct_top10,10,0,0,0.28960084915161133
314,XGBoost,classical,direct_top10,10,1,1,0.9955095052719116
319,XGBoost,classical,direct_top10,10,1,1,0.9889401793479919
330,XGBoost,classical,direct_top10,10,1,1,0.9981574416160583
334,XGBoost,classical,direct_top10,10,0,0,0.29315605759620667
336,XGBoost,classical,direct_top10,10,1,1,0.9520105123519897
343,XGBoost,classical,direct_top10,10,1,1,0.9918466806411743
354,XGBoost,classical,direct_top10,10,1,1,0.9956067204475403
376,XGBoost,classical,direct_top10,10,0,0,0.03290023282170296
381,XGBoost,classical,direct_top10,10,1,1,0.9957278966903687
383,XGBoost,classical,direct_top10,10,1,1,0.9131569862365723
420,XGBoost,classical,direct_top10,10,1,1,0.9884485602378845
437,XGBoost,classical,direct_top10,10,1,1,0.8367225527763367
452,XGBoost,classical,direct_top10,10,1,1,0.8254814147949219
456,XGBoost,classical,direct_top10,10,1,1,0.9856457114219666
490,XGBoost,classical,direct_top10,10,0,0,0.4305487275123596
492,XGBoost,classical,direct_top10,10,1,1,0.8759524822235107
494,XGBoost,classical,direct_top10,10,1,1,0.7620699405670166
527,XGBoost,classical,direct_top10,10,1,1,0.7748066186904907
531,XGBoost,classical,direct_top10,10,1,1,0.8264957666397095
534,XGBoost,classical,direct_top10,10,0,0,0.2882959842681885
548,XGBoost,classical,direct_top10,10,1,1,0.9976918697357178
551,XGBoost,classical,direct_top10,10,1,1,0.9978367686271667
553,XGBoost,classical,direct_top10,10,1,1,0.9966152310371399
585,XGBoost,classical,direct_top10,10,0,1,0.5779845118522644
594,XGBoost,classical,direct_top10,10,0,1,0.79740971326828
597,XGBoost,classical,direct_top10,10,1,1,0.9977707862854004
602,XGBoost,classical,direct_top10,10,1,1,0.96164870262146
610,XGBoost,classical,direct_top10,10,0,0,0.22131521999835968
616,XGBoost,classical,direct_top10,10,1,1,0.9466210007667542
621,XGBoost,classical,direct_top10,10,1,1,0.9966830611228943
627,XGBoost,classical,direct_top10,10,1,0,0.24036280810832977
629,XGBoost,classical,direct_top10,10,1,0,0.3181536793708801
635,XGBoost,classical,direct_top10,10,1,1,0.9975903034210205
640,XGBoost,classical,direct_top10,10,0,0,0.29996567964553833
650,XGBoost,classical,direct_top10,10,0,0,0.24355435371398926
657,XGBoost,classical,direct_top10,10,0,1,0.7215031385421753
669,XGBoost,classical,direct_top10,10,1,1,0.9986991882324219
676,XGBoost,classical,direct_top10,10,1,1,0.9262307286262512
689,XGBoost,classical,direct_top10,10,1,1,0.9980981945991516
691,XGBoost,classical,direct_top10,10,1,1,0.8890641927719116
699,XGBoost,classical,direct_top10,10,1,0,0.1920444369316101
705,XGBoost,classical,direct_top10,10,0,0,0.15052567422389984
738,XGBoost,classical,direct_top10,10,0,0,0.28449490666389465
26,LogisticRegression,classical,direct_top10,1,1,0,0.49535470956017097
32,LogisticRegression,classical,direct_top10,1,1,1,0.9931923045183567
34,LogisticRegression,classical,direct_top10,1,0,0,0.3833123052377123
50,LogisticRegression,classical,direct_top10,1,1,1,0.8799123422939858
51,LogisticRegression,classical,direct_top10,1,1,1,0.9359513954519592
57,LogisticRegression,classical,direct_top10,1,1,1,0.8632654990388359
60,LogisticRegression,classical,direct_top10,1,1,1,0.9192522150183947
97,LogisticRegression,classical,direct_top10,1,1,1,0.9934974796268392
137,LogisticRegression,classical,direct_top10,1,0,0,0.4111531832743244
139,LogisticRegression,classical,direct_top10,1,1,1,0.9966598368642302
147,LogisticRegression,classical,direct_top10,1,0,0,0.1547425592765926
148,LogisticRegression,classical,direct_top10,1,0,0,0.13311396582639268
154,LogisticRegression,classical,direct_top10,1,1,1,0.9470622051808704
158,LogisticRegression,classical,direct_top10,1,1,1,0.971748213956476
160,LogisticRegression,classical,direct_top10,1,1,1,0.8390058227083649
162,LogisticRegression,classical,direct_top10,1,1,1,0.9901918052270412
171,LogisticRegression,classical,direct_top10,1,1,1,0.9692550766770558
179,LogisticRegression,classical,direct_top10,1,1,1,0.9033946192265707
181,LogisticRegression,classical,direct_top10,1,1,1,0.9695422268327988
228,LogisticRegression,classical,direct_top10,1,1,1,0.9851787887083536
231,LogisticRegression,classical,direct_top10,1,1,1,0.8208680827748909
242,LogisticRegression,classical,direct_top10,1,1,1,0.6565317720725357
246,LogisticRegression,classical,direct_top10,1,1,1,0.9932767480850022
261,LogisticRegression,classical,direct_top10,1,1,1,0.9066630971371792
272,LogisticRegression,classical,direct_top10,1,1,1,0.7634452641213783
273,LogisticRegression,classical,direct_top10,1,1,1,0.9989339223023533
287,LogisticRegression,classical,direct_top10,1,1,1,0.8997608090740286
294,LogisticRegression,classical,direct_top10,1,1,1,0.6315198517850378
296,LogisticRegression,classical,direct_top10,1,1,1,0.6703493793213375
301,LogisticRegression,classical,direct_top10,1,1,1,0.979897783924801
302,LogisticRegression,classical,direct_top10,1,1,1,0.9626927209291488
305,LogisticRegression,classical,direct_top10,1,1,1,0.9863615341694492
318,LogisticRegression,classical,direct_top10,1,1,1,0.9654917242103864
322,LogisticRegression,classical,direct_top10,1,1,1,0.9397515343092272
323,LogisticRegression,classical,direct_top10,1,1,1,0.9339329417264957
325,LogisticRegression,classical,direct_top10,1,1,1,0.9767236180773592
327,LogisticRegression,classical,direct_top10,1,1,1,0.955194941130552
333,LogisticRegression,classical,direct_top10,1,0,1,0.7915150282990107
368,LogisticRegression,classical,direct_top10,1,1,1,0.8616453706276627
369,LogisticRegression,classical,direct_top10,1,0,0,0.44298290415131375
375,LogisticRegression,classical,direct_top10,1,0,0,0.1938676087473259
388,LogisticRegression,classical,direct_top10,1,1,1,0.9873722988946735
392,LogisticRegression,classical,direct_top10,1,0,0,0.40324587878468043
393,LogisticRegression,classical,direct_top10,1,0,0,0.1479760154280009
396,LogisticRegression,classical,direct_top10,1,0,1,0.5202291669698793
469,LogisticRegression,classical,direct_top10,1,0,1,0.5836342995398416
501,LogisticRegression,classical,direct_top10,1,1,1,0.9092325954812535
510,LogisticRegression,classical,direct_top10,1,1,1,0.5288777378463565
511,LogisticRegression,classical,direct_top10,1,1,1,0.7755247930350643
512,LogisticRegression,classical,direct_top10,1,1,1,0.5107722468975147
520,LogisticRegression,classical,direct_top10,1,0,0,0.22243152957453388
521,LogisticRegression,classical,direct_top10,1,0,0,0.23921314750195408
523,LogisticRegression,classical,direct_top10,1,1,1,0.9800650133772227
530,LogisticRegression,classical,direct_top10,1,1,0,0.47662156107385545
546,LogisticRegression,classical,direct_top10,1,1,1,0.847396749326634
560,LogisticRegression,classical,direct_top10,1,1,1,0.9737116785602542
564,LogisticRegression,classical,direct_top10,1,1,1,0.8957249021208442
567,LogisticRegression,classical,direct_top10,1,0,0,0.13746581442935124
573,LogisticRegression,classical,direct_top10,1,1,1,0.7988524249993336
603,LogisticRegression,classical,direct_top10,1,1,1,0.7662917073020622
608,LogisticRegression,classical,direct_top10,1,1,1,0.9842297490928119
613,LogisticRegression,classical,direct_top10,1,1,1,0.9062194764694504
620,LogisticRegression,classical,direct_top10,1,1,1,0.9184841976459254
630,LogisticRegression,classical,direct_top10,1,0,1,0.9473065726601845
641,LogisticRegression,classical,direct_top10,1,0,1,0.8042605619554117
646,LogisticRegression,classical,direct_top10,1,1,1,0.9828755160466327
660,LogisticRegression,classical,direct_top10,1,1,1,0.9544425995636306
662,LogisticRegression,classical,direct_top10,1,1,1,0.9836344810360392
671,LogisticRegression,classical,direct_top10,1,1,1,0.9571623801266994
675,LogisticRegression,classical,direct_top10,1,1,1,0.5431309636492846
684,LogisticRegression,classical,direct_top10,1,1,1,0.9684312207645639
709,LogisticRegression,classical,direct_top10,1,1,0,0.26365180342059225
733,LogisticRegression,classical,direct_top10,1,0,0,0.037587743558003546
739,LogisticRegression,classical,direct_top10,1,0,0,0.26677198360636517
744,LogisticRegression,classical,direct_top10,1,1,1,0.9764172463511789
755,LogisticRegression,classical,direct_top10,1,0,1,0.5180726641728725
10,LogisticRegression,classical,direct_top10,2,1,1,0.9565516939556062
27,LogisticRegression,classical,direct_top10,2,1,1,0.9605825153356399
31,LogisticRegression,classical,direct_top10,2,1,1,0.9946525415132563
36,LogisticRegression,classical,direct_top10,2,1,1,0.7875743605880517
39,LogisticRegression,classical,direct_top10,2,1,1,0.5209635121868775
40,LogisticRegression,classical,direct_top10,2,1,1,0.9511476708873616
44,LogisticRegression,classical,direct_top10,2,0,1,0.9173987082317243
48,LogisticRegression,classical,direct_top10,2,1,1,0.9246893600968296
55,LogisticRegression,classical,direct_top10,2,1,1,0.9658486394630847
59,LogisticRegression,classical,direct_top10,2,1,1,0.7289480850071107
66,LogisticRegression,classical,direct_top10,2,1,1,0.578299644428793
80,LogisticRegression,classical,direct_top10,2,0,1,0.5265659107437457
84,LogisticRegression,classical,direct_top10,2,1,1,0.6935098634354141
86,LogisticRegression,classical,direct_top10,2,1,1,0.6460334666407214
93,LogisticRegression,classical,direct_top10,2,1,1,0.8970551754502497
96,LogisticRegression,classical,direct_top10,2,1,1,0.9955648247590174
113,LogisticRegression,classical,direct_top10,2,1,1,0.7769329698058676
114,LogisticRegression,classical,direct_top10,2,1,1,0.8407550455245311
121,LogisticRegression,classical,direct_top10,2,1,1,0.9677472491049952
127,LogisticRegression,classical,direct_top10,2,0,1,0.7255614203489348
131,LogisticRegression,classical,direct_top10,2,1,1,0.7254517218141394
133,LogisticRegression,classical,direct_top10,2,1,1,0.7010593407132318
135,LogisticRegression,classical,direct_top10,2,0,1,0.5169760792332417
146,LogisticRegression,classical,direct_top10,2,0,1,0.7854637320632472
151,LogisticRegression,classical,direct_top10,2,1,1,0.695452611127655
167,LogisticRegression,classical,direct_top10,2,1,1,0.9288380437629901
182,LogisticRegression,classical,direct_top10,2,1,1,0.7999848964847386
184,LogisticRegression,classical,direct_top10,2,1,1,0.9919481294930333
198,LogisticRegression,classical,direct_top10,2,1,1,0.7563305393252427
207,LogisticRegression,classical,direct_top10,2,0,0,0.44786044043991974
262,LogisticRegression,classical,direct_top10,2,1,0,0.47150221992955255
268,LogisticRegression,classical,direct_top10,2,0,0,0.3534712641145076
270,LogisticRegression,classical,direct_top10,2,1,1,0.9055081802740986
275,LogisticRegression,classical,direct_top10,2,1,1,0.9570529687883931
283,LogisticRegression,classical,direct_top10,2,1,1,0.9615595002819516
286,LogisticRegression,classical,direct_top10,2,1,1,0.9779513308902591
308,LogisticRegression,classical,direct_top10,2,1,1,0.9543533296810212
315,LogisticRegression,classical,direct_top10,2,1,1,0.8662552607332275
335,LogisticRegression,classical,direct_top10,2,0,1,0.6975522713286324
339,LogisticRegression,classical,direct_top10,2,1,1,0.999993909338913
350,LogisticRegression,classical,direct_top10,2,1,1,0.9481763051152912
352,LogisticRegression,classical,direct_top10,2,1,1,0.8974820114632349
378,LogisticRegression,classical,direct_top10,2,1,1,0.6898108071999126
379,LogisticRegression,classical,direct_top10,2,1,1,0.7193394650102137
391,LogisticRegression,classical,direct_top10,2,0,1,0.6444315154484658
410,LogisticRegression,classical,direct_top10,2,0,1,0.5178878987991493
415,LogisticRegression,classical,direct_top10,2,1,1,0.7580568791756075
419,LogisticRegression,classical,direct_top10,2,1,1,0.7367292173389545
454,LogisticRegression,classical,direct_top10,2,1,1,0.9743359464084883
459,LogisticRegression,classical,direct_top10,2,0,1,0.8671136698944425
470,LogisticRegression,classical,direct_top10,2,0,0,0.3473525243277269
471,LogisticRegression,classical,direct_top10,2,0,1,0.9429724050705925
496,LogisticRegression,classical,direct_top10,2,1,1,0.7064928940148346
503,LogisticRegression,classical,direct_top10,2,1,1,0.8908384039599543
505,LogisticRegression,classical,direct_top10,2,1,1,0.9829105313858213
522,LogisticRegression,classical,direct_top10,2,1,1,0.9338458774319384
542,LogisticRegression,classical,direct_top10,2,0,1,0.509744693755885
549,LogisticRegression,classical,direct_top10,2,1,1,0.9167459310214993
555,LogisticRegression,classical,direct_top10,2,1,1,0.5166411203642117
558,LogisticRegression,classical,direct_top10,2,1,1,0.8806441907394033
587,LogisticRegression,classical,direct_top10,2,0,0,0.49860290407786345
599,LogisticRegression,classical,direct_top10,2,1,1,0.7149167365175657
606,LogisticRegression,classical,direct_top10,2,1,1,0.9823539900554915
611,LogisticRegression,classical,direct_top10,2,0,1,0.9866063531797791
632,LogisticRegression,classical,direct_top10,2,0,1,0.8451538947365912
656,LogisticRegression,classical,direct_top10,2,1,1,0.9288087827693164
673,LogisticRegression,classical,direct_top10,2,1,1,0.7846544279364703
680,LogisticRegression,classical,direct_top10,2,1,0,0.3447519850639212
700,LogisticRegression,classical,direct_top10,2,1,0,0.17682939809072334
704,LogisticRegression,classical,direct_top10,2,0,0,0.364411900659677
724,LogisticRegression,classical,direct_top10,2,1,0,0.22488306000456365
729,LogisticRegression,classical,direct_top10,2,1,1,0.839044118710962
732,LogisticRegression,classical,direct_top10,2,0,0,0.02522639261972124
745,LogisticRegression,classical,direct_top10,2,1,1,0.7397547887489531
746,LogisticRegression,classical,direct_top10,2,1,1,0.8917680803858903
749,LogisticRegression,classical,direct_top10,2,1,1,0.6316272165717851
11,LogisticRegression,classical,direct_top10,3,1,1,0.6330303155934924
15,LogisticRegression,classical,direct_top10,3,1,1,0.8422286362758094
19,LogisticRegression,classical,direct_top10,3,1,1,0.6638942512430684
20,LogisticRegression,classical,direct_top10,3,1,1,0.8614928763549146
25,LogisticRegression,classical,direct_top10,3,1,1,0.748346476996405
33,LogisticRegression,classical,direct_top10,3,0,1,0.6464112862771952
41,LogisticRegression,classical,direct_top10,3,1,1,0.7055422516671198
56,LogisticRegression,classical,direct_top10,3,1,1,0.9464347012054611
65,LogisticRegression,classical,direct_top10,3,1,1,0.9627180053414995
70,LogisticRegression,classical,direct_top10,3,1,1,0.7395509816133518
117,LogisticRegression,classical,direct_top10,3,1,1,0.8928066651368445
125,LogisticRegression,classical,direct_top10,3,0,0,0.06734004093657726
134,LogisticRegression,classical,direct_top10,3,1,1,0.7972361163536784
144,LogisticRegression,classical,direct_top10,3,0,0,0.31276134639773706
145,LogisticRegression,classical,direct_top10,3,0,0,0.23593974821828598
156,LogisticRegression,classical,direct_top10,3,1,1,0.9203759739352224
168,LogisticRegression,classical,direct_top10,3,1,1,0.9799476359269225
170,LogisticRegression,classical,direct_top10,3,1,1,0.9437891037847299
200,LogisticRegression,classical,direct_top10,3,1,1,0.8523989803515689
203,LogisticRegression,classical,direct_top10,3,1,1,0.5673060287237291
204,LogisticRegression,classical,direct_top10,3,1,1,0.6551724930231992
208,LogisticRegression,classical,direct_top10,3,0,0,0.17332115374501594
217,LogisticRegression,classical,direct_top10,3,1,1,0.9477239986885424
218,LogisticRegression,classical,direct_top10,3,1,1,0.93392124631987
220,LogisticRegression,classical,direct_top10,3,0,1,0.863646828244357
255,LogisticRegression,classical,direct_top10,3,1,1,0.6581505649351148
256,LogisticRegression,classical,direct_top10,3,1,1,0.6128354038939696
267,LogisticRegression,classical,direct_top10,3,0,0,0.25504382172957935
289,LogisticRegression,classical,direct_top10,3,0,1,0.6665283803972649
295,LogisticRegression,classical,direct_top10,3,1,1,0.7250163393421281
328,LogisticRegression,classical,direct_top10,3,1,1,0.8811384517314703
341,LogisticRegression,classical,direct_top10,3,1,1,0.9449885674632224
345,LogisticRegression,classical,direct_top10,3,1,1,0.9433887073142683
355,LogisticRegression,classical,direct_top10,3,1,1,0.9631088041395386
372,LogisticRegression,classical,direct_top10,3,1,1,0.9589589749851632
377,LogisticRegression,classical,direct_top10,3,0,1,0.5296538857742956
385,LogisticRegression,classical,direct_top10,3,1,1,0.9967830075150929
394,LogisticRegression,classical,direct_top10,3,0,0,0.3746539734317209
402,LogisticRegression,classical,direct_top10,3,1,1,0.9854135672455969
404,LogisticRegression,classical,direct_top10,3,1,1,0.9068459275295291
413,LogisticRegression,classical,direct_top10,3,1,1,0.965824066793165
416,LogisticRegression,classical,direct_top10,3,1,1,0.7488303961876105
423,LogisticRegression,classical,direct_top10,3,1,1,0.9991139558533931
434,LogisticRegression,classical,direct_top10,3,1,1,0.9669197682669181
439,LogisticRegression,classical,direct_top10,3,1,1,0.948106860092653
447,LogisticRegression,classical,direct_top10,3,0,0,0.17775594137510572
461,LogisticRegression,classical,direct_top10,3,0,1,0.7473049206154034
463,LogisticRegression,classical,direct_top10,3,1,1,0.8173159112056143
472,LogisticRegression,classical,direct_top10,3,0,1,0.9522893476573221
474,LogisticRegression,classical,direct_top10,3,1,1,0.810746565446314
476,LogisticRegression,classical,direct_top10,3,1,1,0.675617119629412
481,LogisticRegression,classical,direct_top10,3,1,1,0.5281705578566743
482,LogisticRegression,classical,direct_top10,3,1,1,0.5557041007973161
488,LogisticRegression,classical,direct_top10,3,1,1,0.7654935276246185
499,LogisticRegression,classical,direct_top10,3,1,1,0.9137330137960766
502,LogisticRegression,classical,direct_top10,3,1,1,0.9509007175085614
509,LogisticRegression,classical,direct_top10,3,1,1,0.9795745599377194
513,LogisticRegression,classical,direct_top10,3,1,1,0.9968465335617329
514,LogisticRegression,classical,direct_top10,3,1,1,0.9961780419103234
572,LogisticRegression,classical,direct_top10,3,1,1,0.8753500465554923
589,LogisticRegression,classical,direct_top10,3,0,0,0.33020810522676114
592,LogisticRegression,classical,direct_top10,3,1,1,0.6449881981811968
598,LogisticRegression,classical,direct_top10,3,1,1,0.8661145910525375
600,LogisticRegression,classical,direct_top10,3,1,1,0.9331363745292088
601,LogisticRegression,classical,direct_top10,3,1,1,0.9407230015025612
612,LogisticRegression,classical,direct_top10,3,1,1,0.9443772080527045
645,LogisticRegression,classical,direct_top10,3,1,1,0.8559346899905722
666,LogisticRegression,classical,direct_top10,3,0,1,0.9454754704034084
668,LogisticRegression,classical,direct_top10,3,0,1,0.91540019864758
688,LogisticRegression,classical,direct_top10,3,1,1,0.9784296511543579
696,LogisticRegression,classical,direct_top10,3,0,0,0.1787047339755539
702,LogisticRegression,classical,direct_top10,3,0,1,0.6221053035955313
715,LogisticRegression,classical,direct_top10,3,1,1,0.8023653611368942
723,LogisticRegression,classical,direct_top10,3,1,0,0.23134276911620213
727,LogisticRegression,classical,direct_top10,3,0,1,0.845828304193228
743,LogisticRegression,classical,direct_top10,3,1,1,0.7014804527460506
9,LogisticRegression,classical,direct_top10,4,1,1,0.7049132143729739
13,LogisticRegression,classical,direct_top10,4,1,1,0.8479943519372873
21,LogisticRegression,classical,direct_top10,4,1,1,0.8334806144423511
22,LogisticRegression,classical,direct_top10,4,1,1,0.9007888274444004
28,LogisticRegression,classical,direct_top10,4,1,1,0.9207342028769543
61,LogisticRegression,classical,direct_top10,4,1,1,0.9339968957935244
72,LogisticRegression,classical,direct_top10,4,0,1,0.5780089875391177
77,LogisticRegression,classical,direct_top10,4,1,1,0.6344237139055489
100,LogisticRegression,classical,direct_top10,4,0,1,0.7662476305139981
104,LogisticRegression,classical,direct_top10,4,0,1,0.5183029026847581
106,LogisticRegression,classical,direct_top10,4,1,1,0.6316886490033052
116,LogisticRegression,classical,direct_top10,4,1,1,0.9158380742228815
120,LogisticRegression,classical,direct_top10,4,1,1,0.9669752579763123
126,LogisticRegression,classical,direct_top10,4,0,1,0.8011403607927337
150,LogisticRegression,classical,direct_top10,4,1,1,0.7154354799179103
157,LogisticRegression,classical,direct_top10,4,1,1,0.9350661988644888
180,LogisticRegression,classical,direct_top10,4,1,1,0.6307291003264786
191,LogisticRegression,classical,direct_top10,4,1,1,0.97277888641854
193,LogisticRegression,classical,direct_top10,4,1,1,0.9960445495347966
206,LogisticRegression,classical,direct_top10,4,1,1,0.8829486979529904
211,LogisticRegression,classical,direct_top10,4,1,1,0.9452195663842055
229,LogisticRegression,classical,direct_top10,4,1,1,0.9519983300914571
260,LogisticRegression,classical,direct_top10,4,1,1,0.9762344350485729
264,LogisticRegression,classical,direct_top10,4,1,1,0.6592731472767592
269,LogisticRegression,classical,direct_top10,4,0,0,0.20594108486923224
282,LogisticRegression,classical,direct_top10,4,1,1,0.8583717056828093
284,LogisticRegression,classical,direct_top10,4,1,1,0.769966539898704
290,LogisticRegression,classical,direct_top10,4,0,1,0.6219007994407224
297,LogisticRegression,classical,direct_top10,4,1,0,0.43890960330548434
312,LogisticRegression,classical,direct_top10,4,1,1,0.6861848056747222
320,LogisticRegression,classical,direct_top10,4,1,1,0.9643365048743714
324,LogisticRegression,classical,direct_top10,4,1,1,0.9580589802361518
331,LogisticRegression,classical,direct_top10,4,1,1,0.9613281453816529
337,LogisticRegression,classical,direct_top10,4,1,1,0.9574026540597226
344,LogisticRegression,classical,direct_top10,4,1,1,0.8701227346250427
400,LogisticRegression,classical,direct_top10,4,1,1,0.7255779669652975
424,LogisticRegression,classical,direct_top10,4,1,1,0.963934611175403
425,LogisticRegression,classical,direct_top10,4,1,1,0.9738309712503928
436,LogisticRegression,classical,direct_top10,4,1,1,0.7484072093456982
438,LogisticRegression,classical,direct_top10,4,1,1,0.9405077592212594
455,LogisticRegression,classical,direct_top10,4,1,1,0.9093734061911675
477,LogisticRegression,classical,direct_top10,4,1,1,0.9421635826742623
484,LogisticRegression,classical,direct_top10,4,1,1,0.6269868900694382
489,LogisticRegression,classical,direct_top10,4,0,1,0.6379994650446031
507,LogisticRegression,classical,direct_top10,4,1,1,0.9856281926122858
517,LogisticRegression,classical,direct_top10,4,1,1,0.9835197752450761
528,LogisticRegression,classical,direct_top10,4,1,0,0.26926044203242894
533,LogisticRegression,classical,direct_top10,4,1,0,0.4997598605711121
536,LogisticRegression,classical,direct_top10,4,0,0,0.03301698348894938
540,LogisticRegression,classical,direct_top10,4,0,0,0.27450346002778175
550,LogisticRegression,classical,direct_top10,4,1,1,0.9475282375303449
552,LogisticRegression,classical,direct_top10,4,1,1,0.9709749064754541
554,LogisticRegression,classical,direct_top10,4,1,1,0.9927618883779026
557,LogisticRegression,classical,direct_top10,4,1,0,0.39694626215548723
561,LogisticRegression,classical,direct_top10,4,0,0,0.22680254973511213
569,LogisticRegression,classical,direct_top10,4,0,0,0.18833646076583144
571,LogisticRegression,classical,direct_top10,4,1,1,0.9434787498017214
586,LogisticRegression,classical,direct_top10,4,0,1,0.6079403104703835
590,LogisticRegression,classical,direct_top10,4,0,0,0.22679576054184217
595,LogisticRegression,classical,direct_top10,4,0,1,0.6339517422589861
615,LogisticRegression,classical,direct_top10,4,1,1,0.6673146537438437
617,LogisticRegression,classical,direct_top10,4,1,1,0.7318088430511859
624,LogisticRegression,classical,direct_top10,4,1,1,0.6305748598647918
625,LogisticRegression,classical,direct_top10,4,1,1,0.6248243208614769
644,LogisticRegression,classical,direct_top10,4,1,1,0.9772413967434417
647,LogisticRegression,classical,direct_top10,4,1,1,0.8939158611217379
649,LogisticRegression,classical,direct_top10,4,0,1,0.5137271165702819
652,LogisticRegression,classical,direct_top10,4,1,1,0.7512062864298248
659,LogisticRegression,classical,direct_top10,4,0,1,0.7898497111303215
674,LogisticRegression,classical,direct_top10,4,1,1,0.6442770350779305
694,LogisticRegression,classical,direct_top10,4,1,1,0.7722205663833452
707,LogisticRegression,classical,direct_top10,4,0,1,0.5020096737480613
717,LogisticRegression,classical,direct_top10,4,1,1,0.9207701666459427
734,LogisticRegression,classical,direct_top10,4,0,0,0.017113558486178442
741,LogisticRegression,classical,direct_top10,4,1,1,0.9475393867241555
753,LogisticRegression,classical,direct_top10,4,0,0,0.3062714953713269
2,LogisticRegression,classical,direct_top10,5,1,1,0.9973142119422295
6,LogisticRegression,classical,direct_top10,5,1,1,0.5417640670639066
12,LogisticRegression,classical,direct_top10,5,1,1,0.9452287718910483
16,LogisticRegression,classical,direct_top10,5,1,1,0.9402134502262907
23,LogisticRegression,classical,direct_top10,5,1,1,0.5302424012428985
29,LogisticRegression,classical,direct_top10,5,1,1,0.9288987156960083
45,LogisticRegression,classical,direct_top10,5,1,1,0.9945406217779504
64,LogisticRegression,classical,direct_top10,5,1,1,0.9816073862479551
68,LogisticRegression,classical,direct_top10,5,1,1,0.7418829181745248
79,LogisticRegression,classical,direct_top10,5,0,0,0.3580152978388553
81,LogisticRegression,classical,direct_top10,5,0,1,0.7966267012797653
92,LogisticRegression,classical,direct_top10,5,1,1,0.9949036565288455
101,LogisticRegression,classical,direct_top10,5,0,1,0.7327638541757846
105,LogisticRegression,classical,direct_top10,5,1,1,0.6347591591224263
108,LogisticRegression,classical,direct_top10,5,1,1,0.6123527208854527
118,LogisticRegression,classical,direct_top10,5,1,1,0.9185186027740985
124,LogisticRegression,classical,direct_top10,5,0,0,0.02896290523753423
130,LogisticRegression,classical,direct_top10,5,1,1,0.9562583613740364
136,LogisticRegression,classical,direct_top10,5,0,1,0.7643901246546676
143,LogisticRegression,classical,direct_top10,5,0,0,0.4814027896612679
164,LogisticRegression,classical,direct_top10,5,1,1,0.991792089201274
185,LogisticRegression,classical,direct_top10,5,1,1,0.989785452367184
196,LogisticRegression,classical,direct_top10,5,0,1,0.5435102581686214
249,LogisticRegression,classical,direct_top10,5,0,1,0.863620183859102
253,LogisticRegression,classical,direct_top10,5,1,1,0.8299441664755528
257,LogisticRegression,classical,direct_top10,5,1,0,0.44062439365691786
263,LogisticRegression,classical,direct_top10,5,1,1,0.779149640254277
265,LogisticRegression,classical,direct_top10,5,1,1,0.752048207000166
274,LogisticRegression,classical,direct_top10,5,1,1,0.8993210540205336
276,LogisticRegression,classical,direct_top10,5,1,1,0.7843025490934273
280,LogisticRegression,classical,direct_top10,5,1,1,0.6054147227808608
293,LogisticRegression,classical,direct_top10,5,1,1,0.9996635671751416
303,LogisticRegression,classical,direct_top10,5,1,1,0.9631388966003689
321,LogisticRegression,classical,direct_top10,5,1,1,0.8599131333164353
326,LogisticRegression,classical,direct_top10,5,1,1,0.9807169678211263
329,LogisticRegression,classical,direct_top10,5,1,1,0.9768218965308005
358,LogisticRegression,classical,direct_top10,5,0,0,0.0879386009779656
370,LogisticRegression,classical,direct_top10,5,0,0,0.4300622915509676
371,LogisticRegression,classical,direct_top10,5,0,0,0.45652271118152055
373,LogisticRegression,classical,direct_top10,5,1,1,0.9857835505472777
382,LogisticRegression,classical,direct_top10,5,1,1,0.9808307135749764
386,LogisticRegression,classical,direct_top10,5,1,1,0.9671723986548305
408,LogisticRegression,classical,direct_top10,5,0,0,0.352722295648867
409,LogisticRegression,classical,direct_top10,5,0,0,0.3507981358449666
417,LogisticRegression,classical,direct_top10,5,1,1,0.9864580133720204
427,LogisticRegression,classical,direct_top10,5,1,1,0.9997306504449576
465,LogisticRegression,classical,direct_top10,5,1,1,0.8483252258995073
479,LogisticRegression,classical,direct_top10,5,1,1,0.951131338524478
480,LogisticRegression,classical,direct_top10,5,1,1,0.5209834883164364
504,LogisticRegression,classical,direct_top10,5,1,1,0.9372153213657534
506,LogisticRegression,classical,direct_top10,5,1,1,0.9284663993714958
519,LogisticRegression,classical,direct_top10,5,0,0,0.3522142412266229
524,LogisticRegression,classical,direct_top10,5,1,1,0.9910378028249942
538,LogisticRegression,classical,direct_top10,5,1,1,0.9902667248249726
544,LogisticRegression,classical,direct_top10,5,1,1,0.7072277620247912
547,LogisticRegression,classical,direct_top10,5,1,1,0.7590277867117623
562,LogisticRegression,classical,direct_top10,5,0,0,0.08463286033655831
566,LogisticRegression,classical,direct_top10,5,1,1,0.9656060274985212
575,LogisticRegression,classical,direct_top10,5,1,1,0.9612801985556926
579,LogisticRegression,classical,direct_top10,5,1,1,0.7870556382072988
582,LogisticRegression,classical,direct_top10,5,0,0,0.26006505329845886
583,LogisticRegression,classical,direct_top10,5,0,0,0.2862385969966002
619,LogisticRegression,classical,direct_top10,5,1,1,0.9887752853823206
623,LogisticRegression,classical,direct_top10,5,1,1,0.9294945749882864
628,LogisticRegression,classical,direct_top10,5,1,1,0.6686819771068976
638,LogisticRegression,classical,direct_top10,5,1,1,0.6024648839982482
655,LogisticRegression,classical,direct_top10,5,1,1,0.9684942278933182
683,LogisticRegression,classical,direct_top10,5,1,1,0.9904652212014327
687,LogisticRegression,classical,direct_top10,5,1,1,0.9505423359745823
693,LogisticRegression,classical,direct_top10,5,1,1,0.6401929750427411
708,LogisticRegression,classical,direct_top10,5,1,0,0.3767954969234113
716,LogisticRegression,classical,direct_top10,5,1,1,0.8595459380917911
726,LogisticRegression,classical,direct_top10,5,0,1,0.7083306348969604
747,LogisticRegression,classical,direct_top10,5,1,1,0.5652250747568267
750,LogisticRegression,classical,direct_top10,5,0,0,0.17960974756035583
752,LogisticRegression,classical,direct_top10,5,0,1,0.9234914766682859
5,LogisticRegression,classical,direct_top10,6,1,1,0.9703704952311897
43,LogisticRegression,classical,direct_top10,6,0,1,0.9397971837756837
46,LogisticRegression,classical,direct_top10,6,1,1,0.9944593707375816
67,LogisticRegression,classical,direct_top10,6,1,0,0.24125161057493574
69,LogisticRegression,classical,direct_top10,6,1,1,0.8211876697684636
74,LogisticRegression,classical,direct_top10,6,0,0,0.20280589261042517
76,LogisticRegression,classical,direct_top10,6,1,1,0.8452858149597414
85,LogisticRegression,classical,direct_top10,6,1,1,0.8826641561804124
87,LogisticRegression,classical,direct_top10,6,0,1,0.5561586042398794
95,LogisticRegression,classical,direct_top10,6,1,1,0.9248763660054439
102,LogisticRegression,classical,direct_top10,6,0,1,0.576260859417963
103,LogisticRegression,classical,direct_top10,6,0,1,0.7458713786709582
132,LogisticRegression,classical,direct_top10,6,1,0,0.4729070497582567
140,LogisticRegression,classical,direct_top10,6,1,1,0.9934347739871021
142,LogisticRegression,classical,direct_top10,6,0,1,0.560419729743694
155,LogisticRegression,classical,direct_top10,6,1,1,0.9387088573102863
161,LogisticRegression,classical,direct_top10,6,1,1,0.9275437519750701
165,LogisticRegression,classical,direct_top10,6,1,1,0.9924415532046535
166,LogisticRegression,classical,direct_top10,6,1,1,0.9660531162829712
176,LogisticRegression,classical,direct_top10,6,1,1,0.8624748419964594
183,LogisticRegression,classical,direct_top10,6,1,1,0.986858516105555
190,LogisticRegression,classical,direct_top10,6,1,1,0.9768350814041464
197,LogisticRegression,classical,direct_top10,6,0,1,0.815394474650982
201,LogisticRegression,classical,direct_top10,6,1,0,0.4915198370236463
222,LogisticRegression,classical,direct_top10,6,1,1,0.8407236899091511
232,LogisticRegression,classical,direct_top10,6,1,1,0.944506134069328
234,LogisticRegression,classical,direct_top10,6,0,1,0.9386342073275283
245,LogisticRegression,classical,direct_top10,6,1,1,0.9966368366393467
258,LogisticRegression,classical,direct_top10,6,1,1,0.9672834857068103
271,LogisticRegression,classical,direct_top10,6,1,1,0.9256518860151258
291,LogisticRegression,classical,direct_top10,6,1,1,0.9968726321628565
300,LogisticRegression,classical,direct_top10,6,1,1,0.8925354690972179
309,LogisticRegression,classical,direct_top10,6,0,1,0.5263839117425672
317,LogisticRegression,classical,direct_top10,6,1,1,0.9451967499595398
342,LogisticRegression,classical,direct_top10,6,1,1,0.6645842125039597
346,LogisticRegression,classical,direct_top10,6,1,1,0.9836084924461171
347,LogisticRegression,classical,direct_top10,6,1,1,0.9296066747083847
363,LogisticRegression,classical,direct_top10,6,1,1,0.7632760611214757
364,LogisticRegression,classical,direct_top10,6,1,1,0.7195707234228016
367,LogisticRegression,classical,direct_top10,6,1,1,0.852995560476976
380,LogisticRegression,classical,direct_top10,6,1,1,0.84176942847502
384,LogisticRegression,classical,direct_top10,6,1,1,0.6529868629139854
395,LogisticRegression,classical,direct_top10,6,0,0,0.06287170084196088
399,LogisticRegression,classical,direct_top10,6,1,1,0.9146551268835836
418,LogisticRegression,classical,direct_top10,6,1,1,0.9975362021357952
421,LogisticRegression,classical,direct_top10,6,1,1,0.9079122243149266
426,LogisticRegression,classical,direct_top10,6,1,1,0.9997468213486457
449,LogisticRegression,classical,direct_top10,6,0,0,0.16623841533433828
450,LogisticRegression,classical,direct_top10,6,1,1,0.7839444391821472
462,LogisticRegression,classical,direct_top10,6,1,1,0.8404721734819828
466,LogisticRegression,classical,direct_top10,6,1,1,0.8817864118106392
475,LogisticRegression,classical,direct_top10,6,1,1,0.6983770900139037
493,LogisticRegression,classical,direct_top10,6,1,1,0.9228363978259877
535,LogisticRegression,classical,direct_top10,6,0,0,0.21309188737712856
556,LogisticRegression,classical,direct_top10,6,1,1,0.739500124576468
563,LogisticRegression,classical,direct_top10,6,0,0,0.2732951585752406
570,LogisticRegression,classical,direct_top10,6,1,1,0.8591631118999445
581,LogisticRegression,classical,direct_top10,6,1,1,0.9432415155637828
584,LogisticRegression,classical,direct_top10,6,0,0,0.12297893663407537
604,LogisticRegression,classical,direct_top10,6,1,0,0.25642823983502694
607,LogisticRegression,classical,direct_top10,6,1,1,0.9892020139398214
622,LogisticRegression,classical,direct_top10,6,1,1,0.864665480362656
626,LogisticRegression,classical,direct_top10,6,1,1,0.7551375462201968
636,LogisticRegression,classical,direct_top10,6,1,1,0.7023712420008527
654,LogisticRegression,classical,direct_top10,6,1,1,0.9500400808170859
667,LogisticRegression,classical,direct_top10,6,0,1,0.8725658765241209
681,LogisticRegression,classical,direct_top10,6,1,1,0.9810948575874322
685,LogisticRegression,classical,direct_top10,6,1,1,0.9211395904082154
706,LogisticRegression,classical,direct_top10,6,0,0,0.37993811141123174
710,LogisticRegression,classical,direct_top10,6,1,1,0.7047406316867727
713,LogisticRegression,classical,direct_top10,6,0,1,0.553645084149473
722,LogisticRegression,classical,direct_top10,6,1,1,0.835124052235754
731,LogisticRegression,classical,direct_top10,6,1,1,0.8232050621079645
737,LogisticRegression,classical,direct_top10,6,0,1,0.9257149746469862
751,LogisticRegression,classical,direct_top10,6,0,0,0.15635244829894937
754,LogisticRegression,classical,direct_top10,6,0,1,0.6380357538680477
8,LogisticRegression,classical,direct_top10,7,1,0,0.30546817806669424
35,LogisticRegression,classical,direct_top10,7,0,1,0.5152811678720396
49,LogisticRegression,classical,direct_top10,7,1,1,0.9100916286128915
53,LogisticRegression,classical,direct_top10,7,1,1,0.8737747383190863
54,LogisticRegression,classical,direct_top10,7,1,1,0.9317926159546674
63,LogisticRegression,classical,direct_top10,7,1,1,0.9803388896172223
82,LogisticRegression,classical,direct_top10,7,0,1,0.7563740965252106
98,LogisticRegression,classical,direct_top10,7,1,1,0.992727614994135
110,LogisticRegression,classical,direct_top10,7,1,1,0.8800641904691712
129,LogisticRegression,classical,direct_top10,7,1,1,0.9246207491060905
138,LogisticRegression,classical,direct_top10,7,1,1,0.9999919713462555
153,LogisticRegression,classical,direct_top10,7,1,1,0.9873953881707764
178,LogisticRegression,classical,direct_top10,7,1,1,0.5875850899747108
189,LogisticRegression,classical,direct_top10,7,1,1,0.9583431711938497
192,LogisticRegression,classical,direct_top10,7,1,1,0.9998709445784323
214,LogisticRegression,classical,direct_top10,7,1,1,0.7209590569540187
225,LogisticRegression,classical,direct_top10,7,0,0,0.32479911563846775
226,LogisticRegression,classical,direct_top10,7,0,0,0.4181537466370727
238,LogisticRegression,classical,direct_top10,7,1,1,0.7569583871355653
241,LogisticRegression,classical,direct_top10,7,1,1,0.7395757937781448
247,LogisticRegression,classical,direct_top10,7,1,1,0.9730878437037329
259,LogisticRegression,classical,direct_top10,7,1,1,0.9810792762315227
292,LogisticRegression,classical,direct_top10,7,1,1,0.9938767093706693
299,LogisticRegression,classical,direct_top10,7,1,1,0.6231392774140441
310,LogisticRegression,classical,direct_top10,7,0,1,0.8074762236879028
313,LogisticRegression,classical,direct_top10,7,1,1,0.9022693875944207
316,LogisticRegression,classical,direct_top10,7,1,1,0.7833146200068348
340,LogisticRegression,classical,direct_top10,7,1,1,0.9355642451539272
353,LogisticRegression,classical,direct_top10,7,1,1,0.9363242847890376
356,LogisticRegression,classical,direct_top10,7,1,1,0.96985323283021
357,LogisticRegression,classical,direct_top10,7,0,0,0.48249898982850753
360,LogisticRegression,classical,direct_top10,7,1,0,0.46675444852370745
365,LogisticRegression,classical,direct_top10,7,1,1,0.6782906754099072
389,LogisticRegression,classical,direct_top10,7,1,1,0.9500397262423874
398,LogisticRegression,classical,direct_top10,7,0,0,0.2989016300407472
401,LogisticRegression,classical,direct_top10,7,1,1,0.6410105844118097
405,LogisticRegression,classical,direct_top10,7,0,0,0.31905179594914324
406,LogisticRegression,classical,direct_top10,7,0,0,0.34198500310784885
411,LogisticRegression,classical,direct_top10,7,1,1,0.9898977766227512
412,LogisticRegression,classical,direct_top10,7,1,1,0.8340252086019562
428,LogisticRegression,classical,direct_top10,7,1,1,0.999715661668793
431,LogisticRegression,classical,direct_top10,7,1,1,0.9121589599533985
435,LogisticRegression,classical,direct_top10,7,1,1,0.6279868071872313
441,LogisticRegression,classical,direct_top10,7,1,1,0.5451492396122244
446,LogisticRegression,classical,direct_top10,7,1,0,0.47465719550744584
453,LogisticRegression,classical,direct_top10,7,1,1,0.9855422384098186
460,LogisticRegression,classical,direct_top10,7,0,1,0.8077333342691349
467,LogisticRegression,classical,direct_top10,7,1,1,0.7273674951525103
468,LogisticRegression,classical,direct_top10,7,0,1,0.6793876081687064
487,LogisticRegression,classical,direct_top10,7,1,1,0.9240648227957194
491,LogisticRegression,classical,direct_top10,7,0,1,0.6571247209913804
498,LogisticRegression,classical,direct_top10,7,1,1,0.9264387706933462
526,LogisticRegression,classical,direct_top10,7,1,1,0.5927962776063779
537,LogisticRegression,classical,direct_top10,7,1,1,0.8255172013500239
539,LogisticRegression,classical,direct_top10,7,1,1,0.8460064682567492
576,LogisticRegression,classical,direct_top10,7,0,0,0.17747541160993735
580,LogisticRegression,classical,direct_top10,7,1,1,0.715963055110721
588,LogisticRegression,classical,direct_top10,7,0,0,0.20370229152469554
593,LogisticRegression,classical,direct_top10,7,1,1,0.5863294508068577
605,LogisticRegression,classical,direct_top10,7,1,1,0.6963268016907617
614,LogisticRegression,classical,direct_top10,7,1,1,0.7387141295159544
637,LogisticRegression,classical,direct_top10,7,1,1,0.6697369158110598
661,LogisticRegression,classical,direct_top10,7,1,1,0.9644959662531858
663,LogisticRegression,classical,direct_top10,7,0,0,0.2247314612065486
664,LogisticRegression,classical,direct_top10,7,0,0,0.19206686152219812
670,LogisticRegression,classical,direct_top10,7,1,1,0.9711534985714251
679,LogisticRegression,classical,direct_top10,7,1,1,0.8556302550759196
682,LogisticRegression,classical,direct_top10,7,1,1,0.9972783070045791
686,LogisticRegression,classical,direct_top10,7,1,1,0.971868241649901
703,LogisticRegression,classical,direct_top10,7,0,1,0.8410581987623793
711,LogisticRegression,classical,direct_top10,7,0,0,0.23698537196333097
718,LogisticRegression,classical,direct_top10,7,1,1,0.6355463005824086
721,LogisticRegression,classical,direct_top10,7,1,1,0.6357463079248643
725,LogisticRegression,classical,direct_top10,7,1,0,0.3392281477384221
728,LogisticRegression,classical,direct_top10,7,0,1,0.7770135987576839
14,LogisticRegression,classical,direct_top10,8,1,1,0.9076817380139108
17,LogisticRegression,classical,direct_top10,8,1,1,0.7421897806725727
42,LogisticRegression,classical,direct_top10,8,0,1,0.7165737792447783
47,LogisticRegression,classical,direct_top10,8,1,1,0.9994353534401983
73,LogisticRegression,classical,direct_top10,8,0,0,0.1900638213299881
78,LogisticRegression,classical,direct_top10,8,0,1,0.5769110899915446
88,LogisticRegression,classical,direct_top10,8,0,0,0.33734614277554725
90,LogisticRegression,classical,direct_top10,8,1,1,0.9965320748159293
91,LogisticRegression,classical,direct_top10,8,1,1,0.9983230620498988
107,LogisticRegression,classical,direct_top10,8,1,1,0.6116054415211356
112,LogisticRegression,classical,direct_top10,8,1,1,0.9638907370820429
159,LogisticRegression,classical,direct_top10,8,1,1,0.6823648830280686
172,LogisticRegression,classical,direct_top10,8,1,1,0.9579583371936906
173,LogisticRegression,classical,direct_top10,8,1,1,0.9951499381733241
177,LogisticRegression,classical,direct_top10,8,1,1,0.7278148700529042
187,LogisticRegression,classical,direct_top10,8,1,1,0.9832225315364016
199,LogisticRegression,classical,direct_top10,8,1,1,0.8547744336926814
213,LogisticRegression,classical,direct_top10,8,1,1,0.6541191462429526
216,LogisticRegression,classical,direct_top10,8,1,1,0.9169200625943572
221,LogisticRegression,classical,direct_top10,8,0,1,0.6615902049844522
223,LogisticRegression,classical,direct_top10,8,1,1,0.8464404620540009
230,LogisticRegression,classical,direct_top10,8,1,1,0.9600446694853781
235,LogisticRegression,classical,direct_top10,8,0,1,0.9146791547115963
237,LogisticRegression,classical,direct_top10,8,1,1,0.898943868385511
248,LogisticRegression,classical,direct_top10,8,1,1,0.973885821359591
266,LogisticRegression,classical,direct_top10,8,1,0,0.4544916163505568
277,LogisticRegression,classical,direct_top10,8,1,1,0.8374051064214412
285,LogisticRegression,classical,direct_top10,8,1,1,0.9829395493198576
288,LogisticRegression,classical,direct_top10,8,0,0,0.47977369186388463
304,LogisticRegression,classical,direct_top10,8,1,1,0.9504687852486123
307,LogisticRegression,classical,direct_top10,8,1,1,0.9314713694530664
332,LogisticRegression,classical,direct_top10,8,1,1,0.9797713416650898
338,LogisticRegression,classical,direct_top10,8,1,1,0.9381962500764248
348,LogisticRegression,classical,direct_top10,8,1,1,0.9228538709706534
351,LogisticRegression,classical,direct_top10,8,1,1,0.6917789201465667
359,LogisticRegression,classical,direct_top10,8,0,0,0.3288474899873802
361,LogisticRegression,classical,direct_top10,8,1,1,0.5631831376567302
422,LogisticRegression,classical,direct_top10,8,1,1,0.854881696371284
429,LogisticRegression,classical,direct_top10,8,1,1,0.8055819644267945
430,LogisticRegression,classical,direct_top10,8,1,1,0.7389086060166936
442,LogisticRegression,classical,direct_top10,8,1,0,0.4033693085796361
445,LogisticRegression,classical,direct_top10,8,1,1,0.8231543063906215
451,LogisticRegression,classical,direct_top10,8,1,1,0.8614353776041436
457,LogisticRegression,classical,direct_top10,8,1,1,0.8008612867169836
458,LogisticRegression,classical,direct_top10,8,1,1,0.8561903706175951
464,LogisticRegression,classical,direct_top10,8,1,1,0.885531191992559
478,LogisticRegression,classical,direct_top10,8,1,1,0.9962278291820718
483,LogisticRegression,classical,direct_top10,8,1,1,0.9235168437283828
486,LogisticRegression,classical,direct_top10,8,1,1,0.9443352222293733
497,LogisticRegression,classical,direct_top10,8,1,1,0.795285929894542
500,LogisticRegression,classical,direct_top10,8,1,1,0.905133265747853
516,LogisticRegression,classical,direct_top10,8,1,1,0.9295187485946125
525,LogisticRegression,classical,direct_top10,8,1,0,0.3315106659977943
543,LogisticRegression,classical,direct_top10,8,1,1,0.6661925780648288
559,LogisticRegression,classical,direct_top10,8,1,1,0.897533066928828
565,LogisticRegression,classical,direct_top10,8,1,1,0.8162360013414163
568,LogisticRegression,classical,direct_top10,8,0,0,0.33222444162837245
591,LogisticRegression,classical,direct_top10,8,1,1,0.547186337231294
609,LogisticRegression,classical,direct_top10,8,0,1,0.9842477812476037
618,LogisticRegression,classical,direct_top10,8,1,1,0.9791211353493792
639,LogisticRegression,classical,direct_top10,8,0,0,0.34214813680298617
643,LogisticRegression,classical,direct_top10,8,1,1,0.9995425525687686
648,LogisticRegression,classical,direct_top10,8,0,1,0.6187007443879999
651,LogisticRegression,classical,direct_top10,8,1,1,0.6261048808971289
658,LogisticRegression,classical,direct_top10,8,0,1,0.6455881943422523
665,LogisticRegression,classical,direct_top10,8,0,1,0.6403589920534027
672,LogisticRegression,classical,direct_top10,8,1,1,0.8305063888794877
677,LogisticRegression,classical,direct_top10,8,1,1,0.6621522281278033
698,LogisticRegression,classical,direct_top10,8,0,0,0.2047268754888972
712,LogisticRegression,classical,direct_top10,8,0,0,0.38427693776039046
719,LogisticRegression,classical,direct_top10,8,1,1,0.8421783598185321
735,LogisticRegression,classical,direct_top10,8,0,1,0.9342872957156237
736,LogisticRegression,classical,direct_top10,8,0,1,0.8964591683817651
740,LogisticRegression,classical,direct_top10,8,0,1,0.5519198998842852
748,LogisticRegression,classical,direct_top10,8,1,1,0.6340767800375933
4,LogisticRegression,classical,direct_top10,9,1,1,0.7994808829511846
7,LogisticRegression,classical,direct_top10,9,1,0,0.35294689845843347
24,LogisticRegression,classical,direct_top10,9,1,1,0.5731341469598495
75,LogisticRegression,classical,direct_top10,9,1,1,0.7158748596849206
89,LogisticRegression,classical,direct_top10,9,0,0,0.3278854681704177
94,LogisticRegression,classical,direct_top10,9,1,1,0.8682716208098441
115,LogisticRegression,classical,direct_top10,9,1,1,0.9432780807407519
123,LogisticRegression,classical,direct_top10,9,0,0,0.08838232839348709
128,LogisticRegression,classical,direct_top10,9,0,1,0.7708428982872403
149,LogisticRegression,classical,direct_top10,9,0,0,0.3290657759769968
163,LogisticRegression,classical,direct_top10,9,1,1,0.994315102868852
169,LogisticRegression,classical,direct_top10,9,1,1,0.9830808970819541
174,LogisticRegression,classical,direct_top10,9,1,1,0.789997583891683
194,LogisticRegression,classical,direct_top10,9,1,1,0.9997841781123367
195,LogisticRegression,classical,direct_top10,9,0,1,0.7489911517285064
202,LogisticRegression,classical,direct_top10,9,1,0,0.18250357300097053
212,LogisticRegression,classical,direct_top10,9,1,1,0.9821964766383481
219,LogisticRegression,classical,direct_top10,9,0,1,0.7925007209705726
224,LogisticRegression,classical,direct_top10,9,1,1,0.548594408719049
227,LogisticRegression,classical,direct_top10,9,0,1,0.5376573847013184
233,LogisticRegression,classical,direct_top10,9,1,1,0.9496789831892648
243,LogisticRegression,classical,direct_top10,9,1,1,0.6196473660212922
244,LogisticRegression,classical,direct_top10,9,1,1,0.878068607168432
251,LogisticRegression,classical,direct_top10,9,0,1,0.9397793985878772
254,LogisticRegression,classical,direct_top10,9,1,1,0.9626068076397676
278,LogisticRegression,classical,direct_top10,9,1,0,0.0914594382174411
279,LogisticRegression,classical,direct_top10,9,1,1,0.5660279569049105
281,LogisticRegression,classical,direct_top10,9,1,1,0.879170839029311
298,LogisticRegression,classical,direct_top10,9,1,1,0.5011619903395145
306,LogisticRegression,classical,direct_top10,9,1,1,0.9239331281140448
349,LogisticRegression,classical,direct_top10,9,1,1,0.8400537484691932
362,LogisticRegression,classical,direct_top10,9,1,1,0.7338664837953679
366,LogisticRegression,classical,direct_top10,9,1,1,0.8908562596783879
374,LogisticRegression,classical,direct_top10,9,1,1,0.9902349334234117
387,LogisticRegression,classical,direct_top10,9,1,1,0.9485700650877912
390,LogisticRegression,classical,direct_top10,9,0,1,0.6502366629046346
397,LogisticRegression,classical,direct_top10,9,0,0,0.2593186303707004
403,LogisticRegression,classical,direct_top10,9,1,1,0.9728710320306233
407,LogisticRegression,classical,direct_top10,9,0,1,0.6829192611061862
414,LogisticRegression,classical,direct_top10,9,1,1,0.7052306510843492
432,LogisticRegression,classical,direct_top10,9,1,1,0.9647601869424178
433,LogisticRegression,classical,direct_top10,9,1,1,0.9831486456928133
440,LogisticRegression,classical,direct_top10,9,1,1,0.9194701284070205
443,LogisticRegression,classical,direct_top10,9,1,1,0.8896044593269218
444,LogisticRegression,classical,direct_top10,9,1,0,0.33345768473602
448,LogisticRegression,classical,direct_top10,9,0,0,0.25984526041167794
473,LogisticRegression,classical,direct_top10,9,0,1,0.8160215882123065
485,LogisticRegression,classical,direct_top10,9,1,1,0.5744851276312989
495,LogisticRegression,classical,direct_top10,9,1,1,0.8676112842602852
508,LogisticRegression,classical,direct_top10,9,1,1,0.9792646101418155
515,LogisticRegression,classical,direct_top10,9,1,1,0.9976041302776086
518,LogisticRegression,classical,direct_top10,9,1,0,0.41386133918692963
529,LogisticRegression,classical,direct_top10,9,1,0,0.3216371791813919
532,LogisticRegression,classical,direct_top10,9,1,0,0.3639117142928442
541,LogisticRegression,classical,direct_top10,9,0,0,0.3261796940522369
545,LogisticRegression,classical,direct_top10,9,1,1,0.9096668909949863
574,LogisticRegression,classical,direct_top10,9,1,1,0.856816631890825
577,LogisticRegression,classical,direct_top10,9,0,0,0.3647505772183138
578,LogisticRegression,classical,direct_top10,9,0,0,0.13960173217193153
596,LogisticRegression,classical,direct_top10,9,0,1,0.8115301634106776
631,LogisticRegression,classical,direct_top10,9,0,1,0.9280733212380474
633,LogisticRegression,classical,direct_top10,9,1,1,0.8976022061275651
634,LogisticRegression,classical,direct_top10,9,1,1,0.9083029745033975
642,LogisticRegression,classical,direct_top10,9,1,1,0.9718139886833105
653,LogisticRegression,classical,direct_top10,9,1,1,0.900980835473059
678,LogisticRegression,classical,direct_top10,9,1,1,0.8293184403027133
690,LogisticRegression,classical,direct_top10,9,1,1,0.8671381628869768
692,LogisticRegression,classical,direct_top10,9,1,1,0.9664136995236688
695,LogisticRegression,classical,direct_top10,9,1,1,0.6861078128981681
697,LogisticRegression,classical,direct_top10,9,0,0,0.004075541191887981
701,LogisticRegression,classical,direct_top10,9,1,0,0.2605571310331789
714,LogisticRegression,classical,direct_top10,9,1,1,0.8587894823910128
720,LogisticRegression,classical,direct_top10,9,1,1,0.7980910065342178
730,LogisticRegression,classical,direct_top10,9,1,1,0.7306920566013592
742,LogisticRegression,classical,direct_top10,9,1,1,0.9397500135718527
0,LogisticRegression,classical,direct_top10,10,1,1,0.8767898409966324
1,LogisticRegression,classical,direct_top10,10,1,1,0.8104474521712214
3,LogisticRegression,classical,direct_top10,10,1,1,0.8345328945912085
18,LogisticRegression,classical,direct_top10,10,1,1,0.6934911636842451
30,LogisticRegression,classical,direct_top10,10,1,1,0.9954060130639077
37,LogisticRegression,classical,direct_top10,10,1,1,0.6832459908002559
38,LogisticRegression,classical,direct_top10,10,1,1,0.7378828611421793
52,LogisticRegression,classical,direct_top10,10,1,1,0.90502548575979
58,LogisticRegression,classical,direct_top10,10,1,1,0.9831919688630707
62,LogisticRegression,classical,direct_top10,10,1,1,0.9485555237476291
71,LogisticRegression,classical,direct_top10,10,1,1,0.8889064481238131
83,LogisticRegression,classical,direct_top10,10,0,1,0.7988711971009727
99,LogisticRegression,classical,direct_top10,10,0,1,0.9107697313302029
109,LogisticRegression,classical,direct_top10,10,1,1,0.7662260882427171
111,LogisticRegression,classical,direct_top10,10,1,1,0.8055523946433641
119,LogisticRegression,classical,direct_top10,10,1,1,0.7436962863813384
122,LogisticRegression,classical,direct_top10,10,1,1,0.9590117747137987
141,LogisticRegression,classical,direct_top10,10,0,0,0.4391546536309141
152,LogisticRegression,classical,direct_top10,10,1,1,0.8660275486923894
175,LogisticRegression,classical,direct_top10,10,1,1,0.7978084070248808
186,LogisticRegression,classical,direct_top10,10,1,1,0.9793441033918109
188,LogisticRegression,classical,direct_top10,10,1,1,0.9637275405695067
205,LogisticRegression,classical,direct_top10,10,1,1,0.8099663529296848
209,LogisticRegression,classical,direct_top10,10,0,0,0.29352920583237097
210,LogisticRegression,classical,direct_top10,10,1,1,0.9799305747438878
215,LogisticRegression,classical,direct_top10,10,1,1,0.8593666734949074
236,LogisticRegression,classical,direct_top10,10,0,1,0.9884959090604489
239,LogisticRegression,classical,direct_top10,10,1,1,0.7675071645645735
240,LogisticRegression,classical,direct_top10,10,1,1,0.7004742877734419
250,LogisticRegression,classical,direct_top10,10,0,1,0.9104535186826882
252,LogisticRegression,classical,direct_top10,10,1,1,0.9267913089511757
311,LogisticRegression,classical,direct_top10,10,0,1,0.5734895638479386
314,LogisticRegression,classical,direct_top10,10,1,1,0.96430999173105
319,LogisticRegression,classical,direct_top10,10,1,1,0.9596179671180672
330,LogisticRegression,classical,direct_top10,10,1,1,0.9905740714691541
334,LogisticRegression,classical,direct_top10,10,0,1,0.8930890748943046
336,LogisticRegression,classical,direct_top10,10,1,1,0.9458349106181378
343,LogisticRegression,classical,direct_top10,10,1,1,0.8034505060632999
354,LogisticRegression,classical,direct_top10,10,1,1,0.9764056516470493
376,LogisticRegression,classical,direct_top10,10,0,0,0.30640217004240944
381,LogisticRegression,classical,direct_top10,10,1,1,0.9721092062332093
383,LogisticRegression,classical,direct_top10,10,1,1,0.801306347201708
420,LogisticRegression,classical,direct_top10,10,1,1,0.7808788518566168
437,LogisticRegression,classical,direct_top10,10,1,1,0.6937775512163263
452,LogisticRegression,classical,direct_top10,10,1,1,0.5551234384305797
456,LogisticRegression,classical,direct_top10,10,1,1,0.9309486287508205
490,LogisticRegression,classical,direct_top10,10,0,1,0.8476172407571398
492,LogisticRegression,classical,direct_top10,10,1,1,0.6863777768742817
494,LogisticRegression,classical,direct_top10,10,1,1,0.8713078502740663
527,LogisticRegression,classical,direct_top10,10,1,0,0.3123196347797105
531,LogisticRegression,classical,direct_top10,10,1,1,0.5649255596902037
534,LogisticRegression,classical,direct_top10,10,0,0,0.20886981618549283
548,LogisticRegression,classical,direct_top10,10,1,1,0.9237167630776361
551,LogisticRegression,classical,direct_top10,10,1,1,0.9850632181748609
553,LogisticRegression,classical,direct_top10,10,1,1,0.989387866222821
585,LogisticRegression,classical,direct_top10,10,0,0,0.36386855444678995
594,LogisticRegression,classical,direct_top10,10,0,1,0.5668739819403495
597,LogisticRegression,classical,direct_top10,10,1,1,0.9701047157710038
602,LogisticRegression,classical,direct_top10,10,1,1,0.9400086288012016
610,LogisticRegression,classical,direct_top10,10,0,1,0.8711152746669061
616,LogisticRegression,classical,direct_top10,10,1,1,0.8434855679204353
621,LogisticRegression,classical,direct_top10,10,1,1,0.9505051398361802
627,LogisticRegression,classical,direct_top10,10,1,0,0.43209382755797976
629,LogisticRegression,classical,direct_top10,10,1,1,0.6655858606167888
635,LogisticRegression,classical,direct_top10,10,1,1,0.8930069682399463
640,LogisticRegression,classical,direct_top10,10,0,1,0.6330718992563964
650,LogisticRegression,classical,direct_top10,10,0,1,0.5155458315581349
657,LogisticRegression,classical,direct_top10,10,0,1,0.9245382362960378
669,LogisticRegression,classical,direct_top10,10,1,1,0.9781355804622568
676,LogisticRegression,classical,direct_top10,10,1,1,0.7065370460929773
689,LogisticRegression,classical,direct_top10,10,1,1,0.9785680663999746
691,LogisticRegression,classical,direct_top10,10,1,1,0.7894771195889182
699,LogisticRegression,classical,direct_top10,10,1,0,0.34611620838562207
705,LogisticRegression,classical,direct_top10,10,0,1,0.5438534889116661
738,LogisticRegression,classical,direct_top10,10,0,0,0.42010356615397565
