duration_seconds,hnr_mean,jitter_local,mfcc_10_max,mfcc_10_mean,mfcc_10_min,mfcc_10_std,mfcc_11_max,mfcc_11_mean,mfcc_11_min,mfcc_11_std,mfcc_12_max,mfcc_12_mean,mfcc_12_min,mfcc_12_std,mfcc_13_max,mfcc_13_mean,mfcc_13_min,mfcc_13_std,mfcc_1_max,mfcc_1_mean,mfcc_1_min,mfcc_1_std,mfcc_2_max,mfcc_2_mean,mfcc_2_min,mfcc_2_std,mfcc_3_max,mfcc_3_mean,mfcc_3_min,mfcc_3_std,mfcc_4_max,mfcc_4_mean,mfcc_4_min,mfcc_4_std,mfcc_5_max,mfcc_5_mean,mfcc_5_min,mfcc_5_std,mfcc_6_max,mfcc_6_mean,mfcc_6_min,mfcc_6_std,mfcc_7_max,mfcc_7_mean,mfcc_7_min,mfcc_7_std,mfcc_8_max,mfcc_8_mean,mfcc_8_min,mfcc_8_std,mfcc_9_max,mfcc_9_mean,mfcc_9_min,mfcc_9_std,path_depth,pitch_max,pitch_mean,pitch_min,pitch_std,rms_max,rms_mean,rms_min,rms_std,row_index,shimmer_local,signal_energy,signal_std,spectral_bandwidth_max,spectral_bandwidth_mean,spectral_bandwidth_min,spectral_bandwidth_std,spectral_centroid_max,spectral_centroid_mean,spectral_centroid_min,spectral_centroid_std,spectral_flatness_max,spectral_flatness_mean,spectral_flatness_min,spectral_flatness_std,spectral_rolloff_max,spectral_rolloff_mean,spectral_rolloff_min,spectral_rolloff_std,zcr_max,zcr_mean,zcr_min,zcr_std,target
9.3,9.127390423574822,0.0,23.472475051879883,2.431236511345991,-27.25609588623047,7.780706715255821,11.91414737701416,-7.305087854720883,-29.599205017089844,9.337737310855092,16.702342987060547,-11.705977346837726,-37.52689743041992,13.537341405182305,15.168621063232422,-5.935488442631112,-21.723411560058594,6.507573099742444,-78.12683868408203,-320.63364662091755,-425.3727111816406,79.72856687202163,109.33543395996094,31.16201687171492,-20.176712036132812,36.31125988864714,57.48628234863281,2.956487870887178,-113.74627685546875,41.90683362399609,76.15422058105469,9.534509085297994,-53.02256393432617,32.4307381088869,50.535072326660156,12.790990119691157,-8.269488334655762,10.581306786069439,29.626392364501953,-16.22776366964853,-64.59960174560547,16.043304163805402,26.3509521484375,-0.7101617672599059,-42.42271041870117,11.210876744270703,22.088178634643555,-4.909526527619239,-35.540462493896484,12.36299789141761,10.66572380065918,-18.544220509398023,-59.814605712890625,17.83918222550929,3.0,500.0,159.3176146671032,51.786938466308406,92.57904458788227,0.1211826354265213,0.02235273038808423,0.0021947219502180815,0.021942247709207906,0,0.0,0.0010158021468669176,0.03182727098464966,2842.39495002903,2096.9614483754845,1083.9533938882814,371.79623050599406,4836.1124522552855,3003.5713757159233,1049.943235554067,1144.1809136034253,0.34476035833358765,0.1127569970812431,0.0013474096776917577,0.12327760233541463,7093.75,5284.283719931272,2078.125,1665.4281232342228,0.67529296875,0.33372261597938147,0.0009765625,0.21269232063196047,0
7.35,8.837492947605108,0.0,14.47536849975586,-0.5391917975052544,-26.139671325683594,7.281109206057742,9.849170684814453,-8.128193875811185,-26.59218978881836,7.728550263703525,21.385223388671875,-13.192702496958816,-34.546905517578125,11.367981463466622,10.56119155883789,-6.239850160544333,-25.61880874633789,5.6389035377074155,-104.47703552246094,-300.9973085486371,-429.1255187988281,81.19904956771519,105.54112243652344,41.158608345363454,-17.79783058166504,35.05583353122108,56.54585647583008,-7.435174314094627,-119.25,49.43245957489267,68.87127685546875,7.761700181986974,-54.09672546386719,37.07732361355931,59.463401794433594,17.381987202297086,-8.154547691345215,12.133330009133099,13.628719329833984,-22.15919695839934,-68.31210327148438,16.984829692539822,22.970928192138672,-3.7316408031660577,-33.6368293762207,11.799046414442842,25.44970703125,-0.6657269356691319,-26.195035934448242,12.091453633040059,13.609298706054688,-20.164320479268614,-61.33954620361328,19.369157944483845,3.0,500.0,160.6010148851072,51.77688032989521,79.46214596665781,0.12011806666851044,0.02535242310765645,0.0021888045594096184,0.02131058782257801,1,0.0,0.001098440494388342,0.03314272686839104,2687.3583508967567,2006.8411328212474,1004.698424056461,408.3413708585079,4843.9436923948215,2747.4620173307644,1557.9504704367555,1068.0933412058014,0.31190863251686096,0.08871439054871545,0.0032764053903520107,0.10332192016172466,7085.9375,4860.088315217391,2101.5625,1751.083064091045,0.67724609375,0.3066915760869565,0.05859375,0.18523143499572461,0
5.25,2.0716435702498446,0.0,7.57114315032959,0.7269738420392527,-7.176466941833496,3.1127069786095816,12.434976577758789,2.999166618152098,-5.091226577758789,3.226137402938946,13.29632568359375,5.80129061702526,-6.067440986633301,3.9512022404083633,0.8492288589477539,-5.879602471129461,-17.2344970703125,3.3134294335632593,-304.9166259765625,-420.6209524443655,-453.4809875488281,12.305531707690188,89.718505859375,-9.740300099777453,-18.516887664794922,10.340474649363328,59.65843963623047,35.86144332885742,15.754648208618164,4.393790951868619,31.479156494140625,-1.6804032333872534,-12.642070770263672,4.599462124499927,26.385738372802734,10.240572426535866,2.369879722595215,3.454428991810874,12.854545593261719,-1.7521962956497164,-8.573341369628906,3.7447556659155645,16.213956832885742,1.4882290959358215,-7.086304664611816,3.970171599478732,17.14865493774414,8.667743263100133,-5.411712646484375,3.5898558870521,5.090811729431152,-3.0112959538445327,-17.132339477539062,3.585667450754844,3.0,457.3454562304934,110.88708422859494,50.4848975632411,88.94057286814156,0.013907887041568756,0.003137002661683117,0.0016317471163347363,0.002628446359585451,2,0.0,1.7620273865759373e-05,0.004093357361853123,2914.8421339284455,2342.471269905985,2119.7404797193567,157.3492556811752,4895.0855589175935,4586.084648874644,1511.8010225501876,441.7755922907199,0.3055191934108734,0.22966840330962882,0.004182856529951096,0.0811429654551842,7132.8125,6983.522727272727,3945.3125,261.42798635524645,0.693359375,0.5730291193181818,0.0,0.2028530784552583,0
4.65,7.812475787004484,0.0,20.781410217285156,7.410037052332845,-12.130868911743164,7.157673858553008,16.894062042236328,-5.665167861783954,-26.876893997192383,9.46945708418216,17.205598831176758,-12.776378079840581,-31.321767807006836,11.48425775107255,11.449893951416016,-4.187885619393767,-17.38776206970215,5.285689660704872,-157.9767303466797,-288.1135124311055,-404.4389953613281,70.39881282616183,113.42900085449219,60.2111685504652,4.807756423950195,30.225282203395178,74.74897003173828,10.757963299751282,-71.15423583984375,46.044814240819385,77.21024322509766,16.71399655591135,-37.622764587402344,30.994802355596075,50.73835754394531,21.32953923511995,-8.986542701721191,11.366108764512393,19.90052032470703,-10.454900563987968,-53.0355224609375,17.207088305142463,31.164230346679688,2.5288855603908837,-29.659955978393555,13.995666260453003,18.46697998046875,-1.8483736498715126,-25.504955291748047,10.8105045080275,15.479421615600586,-13.347257055954573,-46.724525451660156,15.46538540658912,3.0,500.0,159.55615427628126,50.46938485625023,52.64634597750274,0.06871318072080612,0.02644364455434149,0.007070181891322136,0.014165395344747148,3,0.0,0.0009091619285754859,0.030137546360492706,2901.67296014909,2136.122192472538,1295.033719297432,486.32202007029434,3658.5687371237364,2202.674526050944,1177.9527629911258,563.2191559094762,0.17433689534664154,0.025455954387362995,0.002423797035589814,0.029149579668296725,6843.75,4559.075342465753,2242.1875,1661.3090836638205,0.25146484375,0.13531744970034246,0.0,0.051381788328393255,0
2.25,4.482193953252713,0.0,15.346044540405273,1.9591225925045954,-9.580053329467773,3.9552575430113466,12.133634567260742,1.1466945586070207,-14.909605979919434,5.9902254361949305,16.887380599975586,3.7836082611285464,-27.51502227783203,8.554736794438456,13.449745178222656,-4.750365556965412,-13.248929977416992,4.6616070428254135,-155.6685791015625,-385.4201210989079,-444.4241943359375,77.3132454686713,106.35661315917969,5.123696552196019,-19.433256149291992,34.60106714560455,45.07331848144531,19.08581685432246,-71.97958374023438,31.133455685432,24.32149314880371,-4.6721587600842325,-38.79621124267578,9.438071744683034,52.98878860473633,13.552992850122317,-0.7828333973884583,10.978182105004697,10.310714721679688,-6.594711989584104,-50.089927673339844,12.190371670665009,5.689730644226074,-7.552670017934181,-42.621238708496094,13.454158789591443,14.356389045715332,1.9337883742762283,-32.10150909423828,10.360341012735612,12.873614311218262,-5.1355385327003376,-21.568056106567383,6.689416520154986,3.0,466.2881653316204,109.24433201981692,50.16050969877751,67.88754163122319,0.05542474612593651,0.007828405731961027,0.0017288490198552608,0.013244440573572292,4,0.0,0.00023907558352220803,0.015462066978216171,2659.5375984535867,2193.868545764885,1308.841579098506,263.77652724419613,4844.179601209962,4176.921141017918,1544.9630100128443,1072.071690105295,0.32835450768470764,0.21635689936630742,0.007441643159836531,0.09190087798292229,7125.0,6405.479753521126,2343.75,1397.8458002788595,0.6845703125,0.5582430127640845,0.1328125,0.18527827399353872,0
2.7,5.3583644553674175,0.0,23.140893936157227,3.089848711122485,-22.457008361816406,6.7231979987103685,19.298105239868164,3.1994533700101515,-12.52624797821045,5.600707347846272,16.656909942626953,4.523436389249913,-7.957307815551758,4.049557352312328,12.871500015258789,-6.978102597769569,-25.163166046142578,6.360104615309646,-181.54270935058594,-391.0761101217831,-438.7926330566406,64.33221527127162,119.22557067871094,1.8630740951089297,-19.247005462646484,31.04765868339362,42.78940963745117,17.50997415149913,-68.80477905273438,29.762824017812264,12.324244499206543,-10.123140101748355,-61.620384216308594,13.92002367596377,46.86701202392578,13.376580384198357,0.7812936305999756,9.858193191044144,15.47877025604248,-2.390394676520544,-29.028018951416016,7.493695236993997,13.415074348449707,-7.288430317710428,-62.06232452392578,16.131203783973394,15.869072914123535,1.4317919093019822,-30.477005004882812,9.527746149440159,12.673351287841797,-3.5252188290743267,-20.978431701660156,6.420950038401959,3.0,462.29288139929406,139.7953055749329,50.154635826867256,113.4933622383684,0.04785674065351486,0.006264771519721869,0.0017016022466123104,0.010580288648376887,5,0.0,0.00015235431783366948,0.012343188747763634,2474.9217029391866,2217.4117464055676,1331.240188443484,239.1806496038968,4948.8123907151175,4261.478443741151,1512.4471579141054,939.7756645698984,0.3674583435058594,0.23256582516957733,0.006223732605576515,0.08311582637826533,7156.25,6503.125,1953.125,1371.8249605640183,0.693359375,0.5865981158088235,0.138671875,0.14067923714644934,0
2.55,1.3414490500772756,0.0,11.476153373718262,2.253246643021703,-7.936929702758789,4.576886073807374,19.74264907836914,5.198969200626015,-18.949481964111328,7.218788350182061,23.338918685913086,6.625285732746124,-21.714353561401367,8.847563986649709,8.613968849182129,-3.17137070922181,-11.191810607910156,4.567849317764182,-141.38845825195312,-391.2265779495239,-427.4607238769531,68.99329940018126,98.5352554321289,1.4178910464048387,-17.7830867767334,28.60100875205241,67.19378662109375,21.004943376779558,-103.88203430175781,38.22457802269963,25.700393676757812,-5.097734103724361,-42.225887298583984,10.491276063335413,33.21337890625,11.759496624767781,-0.42938560247421265,6.421443125906776,10.990177154541016,-3.699752759933472,-24.20924186706543,6.585916479014957,22.89006805419922,0.9038209594786167,-6.930641174316406,5.199916860420161,25.031612396240234,8.567891477420925,0.3992728292942047,4.5014663994823625,5.92605447769165,-3.922503711283207,-16.581722259521484,4.728598942233094,3.0,457.48949369186477,142.62797564790316,50.0,117.69814927660157,0.06098012626171112,0.009236532213981264,0.0019190898165106773,0.013961701620118604,6,0.0,0.00029287318466231227,0.017056383192539215,2938.708193154908,2309.2867168186726,1159.5606178610303,359.51162621215207,4867.743688442283,4063.0243159953025,1079.4402567853394,1002.896038985521,0.28355124592781067,0.17816951038839762,0.0017664043698459864,0.10623087282705639,7156.25,6490.13671875,2367.1875,1265.7604719584335,0.68310546875,0.463916015625,0.0,0.2538966555616646,0
3.3,4.992130301898836,0.0,15.44373893737793,1.5190355448195567,-9.645486831665039,4.288482480192304,13.393725395202637,4.0659310930910015,-7.008028507232666,3.7316037213467705,15.66735553741455,5.225090907456783,-6.0805583000183105,3.9852945697974476,9.905198097229004,-6.804262210543339,-31.94129753112793,6.1163288160368525,-144.60577392578125,-398.3845358628493,-460.6685485839844,60.084877028197965,130.66854858398438,-1.3066359672408838,-29.215829849243164,31.46963714377125,40.987728118896484,21.088764429092407,-80.48052978515625,28.983505068773187,7.547785758972168,-7.92477289458307,-68.07303619384766,15.225438040521228,43.45025634765625,12.986931420289553,1.5599784851074219,8.553957362372651,15.791109085083008,-2.448339360407912,-21.1284236907959,5.52999783220175,7.81981897354126,-4.032748873130633,-52.26531219482422,11.524660820163703,17.144357681274414,5.979823691913714,-24.7091064453125,7.5336573311231705,15.444341659545898,-3.1341856219447575,-23.339874267578125,5.116084309899448,3.0,482.91758492758504,118.42746502470852,50.153909753350156,92.37171373656079,0.0828290805220604,0.006847338091644745,0.001633373787626624,0.015469742736994386,7,0.0,0.00028865443891845644,0.016989829018712044,2411.16964158568,2217.74624731936,1078.848236872856,245.06923766335396,4897.000828484068,4372.879563284506,1421.4138062449408,844.5868725279171,0.3145447075366974,0.23690367137001325,0.003019144758582115,0.07571777227193753,7101.5625,6633.263221153846,1851.5625,1210.4289152422987,0.6962890625,0.5986985426682693,0.162109375,0.11543896469521182,0
3.0,4.404804071868276,0.0,7.565032005310059,-0.12380223903567233,-11.60523796081543,3.617904867381966,10.285961151123047,2.586675631873151,-8.352361679077148,4.200212740840696,13.348453521728516,5.9389578105604395,-3.5814127922058105,3.4451409684206795,2.022477626800537,-6.298504141416956,-21.136341094970703,3.746233685046876,-224.47756958007812,-408.5126784304355,-455.5800476074219,38.587510036064565,89.64567565917969,-5.6135063082613845,-26.4999942779541,20.94506129816095,41.92675018310547,28.413348944897347,-30.608795166015625,12.91566966186397,4.2247819900512695,-5.197860173405485,-21.901823043823242,4.01212080231497,21.90638542175293,9.637987593387036,3.0641086101531982,3.6043339408478237,6.615370750427246,-4.436898456291949,-56.12125778198242,10.894279056489722,8.356334686279297,-2.259863248768639,-40.75782775878906,8.68869197419584,14.807004928588867,5.609220621433664,-18.80891990661621,5.474011471106159,0.1926289200782776,-5.978214990585409,-24.47964096069336,4.306459591582656,3.0,500.0,98.86587684820708,50.62977529262333,52.45123984852368,0.02543214149773121,0.0035108611832293584,0.0015804310096427798,0.004538294143459507,8,0.0,3.305944846943021e-05,0.005749732255935669,2655.6675603971976,2269.6546323541743,1717.3379448885617,106.431969401848,4842.420285829767,4534.0918479188895,1711.9855793867382,629.2059508630867,0.34076496958732605,0.2529755600311972,0.01289284322410822,0.056715878671360735,7117.1875,6845.079787234043,2781.25,759.7367390090385,0.68603515625,0.6224495096409575,0.17626953125,0.09791744683821882,0
3.0,13.358588662877798,0.0,22.372032165527344,1.3647265424753756,-5.9352216720581055,4.5428241252377495,11.94721794128418,3.603914576642057,-13.627188682556152,4.813831095135061,12.137974739074707,3.1562339882267283,-17.969223022460938,6.923240538840429,0.6529579162597656,-9.02124180565489,-29.677600860595703,5.8956268580660005,-193.6655731201172,-394.8256201236806,-449.4715270996094,56.86054760622469,112.14291381835938,1.958963212814737,-17.166004180908203,29.65229929676437,40.07286834716797,21.544388642970553,-63.15247344970703,26.84002945437442,8.21323013305664,-7.758042331309395,-53.15655517578125,11.805093487543365,38.75151062011719,12.55364885101927,-2.171618700027466,9.500412571366327,14.074919700622559,-1.783390845310815,-10.057506561279297,4.4757277197031415,9.843095779418945,-2.2360169182908027,-36.491058349609375,7.726219160878288,11.712556838989258,3.908768436376085,-20.604000091552734,7.472097354138241,5.172839164733887,-6.603392347693443,-44.65443420410156,7.5979265183577125,3.0,267.5098005407212,115.50594689157396,51.7610284493588,50.92449741398276,0.06149037927389145,0.00731268126586888,0.0015876598190516233,0.013455904655638546,9,0.0,0.00023520780086982995,0.015336484648287296,2682.7921558120106,2241.2420583191965,1336.111642484696,236.2725068534316,4814.1335106347315,4242.065376000208,1464.2377391001405,966.9089563537545,0.3246350884437561,0.22322000080144944,0.0027322268579155207,0.0905064839268123,7093.75,6543.966090425532,2007.8125,1290.2829007243606,0.68017578125,0.5540537732712766,0.080078125,0.18188401371058302,0
4.95,14.013018857956673,0.0,10.731589317321777,-0.9697204852777143,-22.78619384765625,4.62285510395878,14.0488920211792,2.94073229432106,-14.811351776123047,4.6073536571873115,12.927732467651367,4.893114596028481,-10.359745025634766,4.49598547176912,3.139986515045166,-6.138050189325886,-12.924993515014648,3.326420833699815,-247.7106475830078,-407.6811333440965,-446.4086608886719,39.748127687442334,90.82861328125,-5.506309379300763,-22.594200134277344,20.77493173244507,51.45442199707031,27.399041721128647,-40.59809875488281,15.54805908731831,33.13182830810547,-2.7431331056740977,-33.00724792480469,8.804791463648149,59.942604064941406,11.68894679969357,-1.2291290760040283,9.250310541145765,21.64154052734375,-4.930856730332298,-54.90181350708008,10.3446007078793,10.451979637145996,-2.1270530442076345,-56.72940444946289,9.629981696075378,18.7049503326416,6.352393430279148,-53.014434814453125,9.151776829915255,3.7895822525024414,-6.707691112352956,-50.29460144042969,8.168773790580227,3.0,234.8553124807104,96.66151377656344,51.76207097250601,37.51364947562247,0.04502787068486214,0.004928183653992751,0.0016123531386256218,0.008905244792357542,10,0.0,0.00010382851905887946,0.010189627297222614,2610.8043315087994,2253.0894666933445,1532.0230457091207,126.0691256119386,4871.475739459702,4449.775133058798,1581.2141559578458,772.5445182332625,0.33015963435173035,0.24167267371930423,0.003998719621449709,0.07060764557252894,7125.0,6743.649193548387,1976.5625,961.8759706860446,0.6953125,0.5987430695564516,0.08349609375,0.14772346971469955,0
3.15,14.15010169005518,0.0,12.533820152282715,-0.36833391300957613,-21.080524444580078,4.903147038568914,12.871119499206543,2.054651264740963,-16.15960693359375,5.739435024760128,12.243003845214844,2.9240584972530903,-20.711742401123047,5.648091174353031,5.535542964935303,-7.7073101022214905,-20.31298065185547,4.229296325521205,-245.98065185546875,-403.9599951541785,-447.4817199707031,43.18361910291689,78.08210754394531,0.20239960063587537,-18.912403106689453,26.30224462683576,63.202571868896484,29.915073137090662,-42.23750305175781,15.663843267692725,25.378131866455078,-5.982079914723984,-38.3693962097168,10.536759807911906,25.03411102294922,9.065831484216632,-23.17197036743164,7.130343928757109,25.37352180480957,-2.5695047092558156,-22.649473190307617,6.842174041656643,16.352815628051758,-0.5474908651426585,-20.469478607177734,6.001686860814313,15.752363204956055,5.855239502709321,-18.167943954467773,5.569212053094296,3.551025867462158,-6.124387868125029,-20.66338348388672,4.468762445596184,3.0,218.1742473259702,105.52592978882197,50.48923249369534,44.90212426095069,0.03092530556023121,0.005398107029384736,0.0015477171400561929,0.007646096796868696,11,0.0,8.813797467155382e-05,0.009388182312250137,2786.703023952492,2284.70395600975,1695.6686529889387,147.63001061980995,4840.299979090621,4313.548287939575,1710.1921021326825,932.1452244161071,0.3520505428314209,0.22591172022312278,0.0038431554567068815,0.09345261188588411,7171.875,6727.114898989899,2734.375,869.094097236094,0.6845703125,0.5639747080176768,0.068359375,0.18850058250302978,0
3.45,5.217951367515207,0.0,11.199433326721191,-0.9647839120330496,-10.995850563049316,4.451668986404946,12.367185592651367,2.5259400128766343,-24.37628936767578,6.089267211243993,13.739336013793945,5.152950646286762,-9.267045021057129,4.868160435344429,1.5784379243850708,-6.985752182426276,-24.18573570251465,5.475658769060808,-224.7786865234375,-396.82621948807326,-452.090087890625,57.538989405202884,101.0848388671875,0.9083148351422062,-18.26348876953125,31.177332591241246,38.92292404174805,22.241142047776115,-44.82269287109375,22.879643585961887,8.150449752807617,-6.231364741300543,-49.502159118652344,9.027047476748796,50.9584846496582,12.67849877918208,0.7762600183486938,9.36156146386147,7.520550727844238,-6.38434122695967,-63.077308654785156,13.777515654700728,12.883134841918945,-6.580372096211822,-51.32475280761719,14.614891861758325,12.837471008300781,5.724146306790687,-12.417353630065918,4.580065759919649,16.310653686523438,-4.505439841636905,-29.640409469604492,7.304587772688976,3.0,302.99060029673905,100.89958298340473,50.15155128456629,46.41840594525259,0.027820726856589317,0.004849828267685586,0.0016660229302942753,0.006738588086630039,12,0.0,6.909144576638937e-05,0.008312125690281391,2459.811516565714,2227.888167860705,1632.4260655723506,178.92150770134342,4847.63633077236,4321.2189745696105,1743.773500847682,915.8308562815845,0.32038986682891846,0.2381383059201417,0.012512763030827045,0.08318349556921564,7132.8125,6530.164930555556,2117.1875,1341.0604823558092,0.68798828125,0.5809326171875,0.1259765625,0.16482447899427388,0
3.3,7.602032197522735,0.0,11.987493515014648,-0.3257866713594502,-20.01384735107422,5.447818877801512,14.463415145874023,2.6320717222988605,-19.51240348815918,5.155783697516293,16.596981048583984,3.8076302632689476,-27.465572357177734,6.547421495051025,3.9737138748168945,-6.895178973101652,-15.743112564086914,3.2270762435407256,-234.99696350097656,-403.7214045891395,-450.04608154296875,43.867055914799884,97.340576171875,-3.4662869790425668,-18.95012855529785,21.158601223151265,49.941123962402344,26.064493307700523,-42.94580078125,17.552983353603626,52.28783416748047,-3.362819771640576,-27.740610122680664,11.560495301059278,59.80889892578125,10.995608469614616,-4.293357849121094,9.028181029282768,16.519752502441406,-5.67357332753734,-57.965049743652344,11.521037967434117,9.09060287475586,-2.177553764759348,-60.8235969543457,11.25657480660123,15.053560256958008,4.911554024483149,-51.119239807128906,10.262618878081197,7.212281227111816,-6.976577014590685,-56.478271484375,10.051218940169104,3.0,500.0,118.60380917277007,50.47490983166901,92.5473654677438,0.037527896463871,0.004600945719105836,0.0015485546318814158,0.007189807491433404,13,0.0,7.35064604668878e-05,0.008573587983846664,2768.7966896203525,2262.500945498704,1530.8723827638607,157.17581667730394,4835.145739549437,4406.650124399295,1554.5315286071564,776.8648673306059,0.36809268593788147,0.24220942312296337,0.00562431663274765,0.07781088083637058,7101.5625,6714.618389423077,1937.5,1006.5142138460584,0.6875,0.5927781325120193,0.1064453125,0.1476188276141397,0
6.0,7.155370922752762,0.0,19.36925506591797,-3.2615563527066658,-28.82355499267578,8.612793459184726,22.97907066345215,-0.3601014051348605,-28.16061782836914,8.796359773984852,18.588716506958008,0.8513894660517256,-32.72704315185547,8.791613612047342,13.562379837036133,-5.546590011804662,-25.638084411621094,6.700101360493054,-154.50233459472656,-319.47773482951715,-436.8535461425781,86.91160464150046,119.09231567382812,29.64515812782214,-49.98179626464844,46.71814659205691,83.58525085449219,2.1368141611839864,-112.14096069335938,38.12161732565244,76.60447692871094,-2.268200215824107,-63.51396560668945,28.864656824602516,45.217838287353516,12.629461785421727,-50.26393127441406,16.660301819527657,34.53897476196289,-10.241646143389826,-65.74027252197266,18.806278275896467,36.36294174194336,-12.262421628896226,-71.22065734863281,19.754389368687384,18.19103240966797,-4.343615551023407,-43.08069610595703,13.74476776496128,9.258999824523926,-14.278403042478764,-56.01982116699219,14.737350158544515,3.0,500.0,189.37780980328714,51.771796481854544,123.65112778897881,0.07969391345977783,0.021256292225827682,0.001727294991724193,0.018767926974037674,14,0.0,0.0008063712157309055,0.028380580246448517,2911.1759823029865,2055.0656266017163,1079.5577104870695,387.6130299463765,4846.389153441243,3131.176433917664,1338.9698743568474,1279.5304472568544,0.3048342764377594,0.11834781692596152,0.0024438260588794947,0.11526935449669704,7109.375,5222.864029255319,1781.25,1858.2244258132505,0.6923828125,0.37508051446143614,0.0,0.21527001802325552,0
10.0,13.692959119317555,0.0,22.19879722595215,3.204783120879921,-15.6460542678833,6.690722089589326,13.920450210571289,-7.675829071111192,-32.977455139160156,8.994458931230167,17.512861251831055,-3.9720350132820705,-21.72138786315918,7.9301475518701015,8.519386291503906,-4.217448708872064,-18.789752960205078,5.349942044292312,-125.37057495117188,-294.30166513851276,-422.4066162109375,68.73289123297104,126.29092407226562,32.72523942389808,-25.134037017822266,26.953614956312855,54.8447265625,-4.678129205021995,-91.52462768554688,36.7772749193943,75.28091430664062,13.339193596817053,-53.93128204345703,32.41507133391125,43.56268310546875,1.2787447964040617,-49.62316131591797,18.48766585117742,22.568077087402344,-14.31110968957313,-55.216156005859375,17.020946408051767,20.104095458984375,-1.945072812298997,-31.40892791748047,10.429003959930094,18.617828369140625,-11.59580919565484,-39.80802917480469,12.656453010048736,19.019020080566406,-8.399560661932911,-40.48905944824219,10.97109476853507,3.0,500.0,225.18222207513588,50.0,75.65960496969724,0.20566105842590332,0.03246411277552525,0.0029985536821186543,0.027629056624117836,15,0.0,0.0019157599890604615,0.04376787692308426,2925.829069048239,2074.479205936786,1098.3779671902648,398.18050610413104,4571.563113888705,2500.3747584323546,605.5800142843686,781.6520090846968,0.3539007902145386,0.04918722778930618,4.289677235647105e-05,0.08149070533029579,7101.5625,4763.5782747603835,562.5,1531.4708371882261,0.56982421875,0.2082964132388179,0.0,0.13986348062950046,0
10.0,11.527817795602035,0.0,18.866695404052734,2.1628196244708264,-13.560989379882812,6.4132253202596745,8.138862609863281,-13.76198095002304,-31.918394088745117,7.3863106067062905,13.259472846984863,-9.452424964394432,-29.05233383178711,7.466844502301545,13.398021697998047,-0.8277334562791422,-15.644974708557129,5.400423038800131,-147.9376220703125,-281.9137950080652,-420.14715576171875,67.59047548865554,103.39485168457031,51.612165560547155,-5.632343292236328,26.731513286069923,70.76777648925781,-0.6909150389341501,-82.05413818359375,44.74794701518437,61.44850158691406,0.6505124697479577,-56.927703857421875,35.257799423079746,37.21961212158203,-4.320097236301952,-44.27063751220703,15.962321372209018,22.927207946777344,-11.198945230521714,-48.66249084472656,13.890819353821314,18.86994171142578,-5.095305087288824,-31.391998291015625,10.207007090906187,13.201850891113281,-18.39535066190238,-46.965633392333984,10.836851673503357,10.01625919342041,-11.729808873833178,-34.63734436035156,9.62601390151946,3.0,500.0,206.7297214875472,50.1583971903843,54.5737208198884,0.0963718369603157,0.02812284822412097,0.004990374203771353,0.01663550848438861,16,0.0,0.0010709981434047222,0.03272252902388573,2911.6000352248957,2086.2889898946282,1204.0524782241594,428.24347380536244,4480.829018015577,2306.514800002604,1432.7322189749916,664.2619750819738,0.3148247301578522,0.040264184954918375,0.0030819224193692207,0.060663806061603535,7007.8125,4664.262180511182,1843.75,1513.6129509057653,0.48828125,0.1876216803115016,0.0,0.1004525996487653,0
4.8,1.8913809598294442,0.0,6.905332565307617,-0.5734488209154432,-8.789896011352539,3.0728354953989347,6.868569850921631,0.05094893385242942,-7.465062618255615,2.9224520551552366,15.096935272216797,7.371391234018945,-0.32972103357315063,3.0253375964157287,1.4993122816085815,-5.31363131392081,-14.059260368347168,3.253313762728404,-404.909423828125,-418.0948848092793,-449.5014343261719,5.1280370493116765,4.815343856811523,-7.083066050777372,-15.00522232055664,3.566046577390336,38.568756103515625,32.8576786470729,23.47235107421875,3.005879040465211,1.19194757938385,-10.349635512228833,-22.625904083251953,3.7184128973770587,16.474464416503906,7.973627471371202,-0.3951844573020935,3.360794573484898,13.832109451293945,3.691306528962211,-4.993322849273682,3.4803765918362712,12.924751281738281,3.280164589352955,-9.55055046081543,3.388282421192796,15.049844741821289,6.639581513917999,-3.495448589324951,3.0703101213348942,4.67918586730957,-3.2729841219569673,-11.933815002441406,3.2964119499297406,3.0,290.6830573145701,86.43291692668726,50.1461166552114,37.30041571839798,0.0024325333070009947,0.0022698905887945696,0.0015939379809424281,9.756110541647951e-05,17,0.0,5.215033979766304e-06,0.002283642766997218,2419.5021386648204,2304.36234693062,2229.8493111670127,36.07091732673048,4824.66288236834,4693.885050917976,4517.9222355376805,70.97388088132634,0.3229713439941406,0.2707522038789774,0.23243293166160583,0.014799189281285246,7148.4375,7018.936258278146,6921.875,42.86101867772432,0.6923828125,0.653912070571192,0.3193359375,0.04494947940923522,0
10.0,7.467148569165114,0.0,19.190258026123047,-0.11025992907083834,-18.510269165039062,6.504736124882672,8.706422805786133,-12.082572230610985,-28.63040542602539,7.737387730849114,19.317127227783203,-1.1003858085257558,-18.408567428588867,7.8278710338679645,19.961345672607422,2.211680124076411,-14.060081481933594,5.3737644587175035,-126.09744262695312,-268.6771326522096,-430.7812194824219,71.00557687703264,101.43670654296875,46.79130035086562,-28.254959106445312,27.841744470876282,69.65020751953125,-22.133758613857598,-106.20089721679688,35.61738948646053,38.45361328125,-6.731746511908765,-48.320865631103516,16.96682443938463,36.61128616333008,2.344540621668767,-22.485469818115234,11.34701633742476,9.493417739868164,-17.37515403297001,-50.2025032043457,13.354140983926609,27.70794677734375,-14.995428356095054,-52.66967010498047,13.948898388281066,20.115144729614258,-9.690741565054694,-37.30586242675781,11.527098112179242,15.942546844482422,-6.220093474506189,-27.671707153320312,7.546783864996832,3.0,486.08371999841654,215.7456858952524,50.0,43.32279495239495,0.06581539660692215,0.025568443480670784,0.0017649526707828045,0.015862157830465434,18,0.0,0.0009112237021327019,0.03018423728644848,2964.0866464757733,2005.1433313498626,1158.8083229969084,398.9151324166611,4821.620379607856,2519.914180429622,952.8116615197816,816.6146578142772,0.3774212896823883,0.0848233592127429,0.0011111409403383732,0.08917612847569177,7039.0625,4813.049121405751,2476.5625,1529.3721608075718,0.669921875,0.31113499650559107,0.0,0.10475206757806872,0
1.35,15.636450867911199,0.0,15.16057014465332,1.3481368179931197,-22.087913513183594,7.719582905992748,6.17982292175293,-2.732253051081369,-35.67701721191406,9.693822715200033,17.50985336303711,6.710365622542625,-2.3351974487304688,3.752533428355967,15.124227523803711,-2.9720486995092656,-16.059459686279297,6.489542941537784,-121.69325256347656,-359.3089035389035,-441.0332946777344,96.8421172538287,84.651123046875,22.752364313879678,-15.635372161865234,39.85012205904439,61.024085998535156,23.115067459816157,-81.89813232421875,36.45297331293609,8.878440856933594,-9.08972714772058,-34.31525421142578,10.663431152244604,30.585121154785156,4.393174396004787,-21.830062866210938,12.830308027939504,20.700960159301758,4.762053969294526,-8.63575553894043,6.661632865971675,17.954957962036133,2.2812313784000486,-20.723052978515625,7.392955709267564,12.262184143066406,1.4578769692154818,-35.87052536010742,12.075724658569529,24.654186248779297,1.4182078394778939,-14.015872955322266,8.455065622593795,3.0,500.0,196.82288774135537,51.76759479978033,130.6062317785108,0.09747714549303055,0.02294125840836746,0.0017559918342158198,0.030205340041589222,19,0.0,0.0014684513444080949,0.038249168545007706,2871.941600505126,2303.319454735771,1255.6172759854246,450.50891647077003,4795.379573615122,3442.176090493671,1468.886412100383,1290.0597067536896,0.2996901869773865,0.11265476937622351,0.0017927887383848429,0.12095292991023435,7140.625,5986.555232558139,2710.9375,1579.8898985713515,0.6767578125,0.3094908248546512,0.0,0.27495168237715883,0
1.8,9.508767253688607,0.0,8.544934272766113,0.9257601766209853,-24.460758209228516,5.7287166217728265,10.099939346313477,-0.8999700143671873,-24.54986000061035,8.336751502022617,11.572834014892578,5.1626901971666435,-6.363912582397461,3.4786331222688545,3.25396466255188,-5.407592499465273,-11.068700790405273,3.4878996747217115,-124.44935607910156,-384.0375138667592,-448.75341796875,76.18498408061231,94.9322738647461,5.075695358870322,-18.523128509521484,30.940956745689643,57.166900634765625,19.628087144148978,-94.26470184326172,36.020168874241214,10.109451293945312,-9.78148755274321,-41.252105712890625,11.01576081764226,33.14977264404297,7.37694449801194,-26.99590301513672,10.382780012431805,11.086532592773438,2.4675081272919974,-11.969606399536133,4.828526492906499,17.972103118896484,2.6147072226331947,-18.028589248657227,6.224153058461542,15.979715347290039,3.687041034301122,-32.01176834106445,8.758414713147719,18.391067504882812,-1.9300155017459601,-28.471399307250977,7.530821132147297,3.0,246.0976679693863,112.76367737654796,64.26842317542325,49.894498708471296,0.07175154238939285,0.009129033987655452,0.0015999922761693597,0.017593590577392428,20,0.0,0.0003981703775934875,0.01995420642197132,2770.9549707854135,2235.553991109362,1208.3755203031674,268.6780252983031,4814.229080714407,4170.158583999154,1504.0650136744166,1027.1806870937592,0.36996546387672424,0.23067263047325245,0.006793154403567314,0.0922887139628829,7132.8125,6515.076754385965,2265.625,1266.7707712740134,0.6796875,0.5534710800438597,0.0869140625,0.171087529581776,0
2.1,11.008946059934308,0.0,9.405360221862793,1.7656871071367553,-28.551193237304688,6.120596049621793,7.549461841583252,-1.2272275234713699,-22.74516487121582,6.7281171974867995,13.991334915161133,4.471870400237314,-5.370938777923584,4.420333766571669,9.587532043457031,-6.591209801309036,-15.748772621154785,4.917353984571671,-126.57443237304688,-389.69213150486803,-444.61505126953125,71.93958029725381,99.32341003417969,3.8411702116330466,-18.013521194458008,31.268120931212213,65.22923278808594,23.800477044148877,-92.24980163574219,31.929556670080206,15.212395668029785,-10.267119440165432,-42.565765380859375,10.318515786370003,35.02220153808594,5.527261271621242,-13.289897918701172,7.938945722598251,13.03759765625,2.131448077433037,-11.821816444396973,4.614508127230225,12.07595157623291,0.9904491427269849,-27.218353271484375,6.760083604905519,16.8931884765625,4.315787262988813,-34.07598876953125,9.377732843562665,17.06357765197754,-0.9553042833382884,-37.28980255126953,8.701178091500388,3.0,356.64939584417164,123.14138086913094,51.77101420431585,73.51455679887127,0.09138042479753494,0.009822995728234562,0.0016227156156674027,0.021025037851828327,21,0.0,0.0005416839267127216,0.023274101316928864,2759.6780788560495,2220.772393166094,1101.7970459512392,278.6468913875245,4848.577782349711,4241.014131052314,1396.0061105577636,1011.638256209691,0.3844297528266907,0.23417715839759418,0.004229126498103142,0.09049246210755837,7117.1875,6521.070075757576,1765.625,1333.0921553972264,0.68310546875,0.5716811671401515,0.08642578125,0.1656504315370759,0
2.4,11.36176567728635,0.0,7.637796401977539,1.226434152769415,-25.822607040405273,5.350788012649711,9.03840446472168,-1.037656788959315,-23.560405731201172,6.736605490409987,12.483038902282715,4.450534795852084,-10.747701644897461,5.5142751283326,-0.06950956583023071,-5.688159835181739,-15.606834411621094,3.206706693062521,-128.03343200683594,-398.58736720838044,-460.86468505859375,65.2578215964733,88.733154296875,-0.14559354593879298,-25.091079711914062,25.93052207299583,57.14763259887695,26.13800278541289,-101.45817565917969,29.85448978526434,9.017714500427246,-8.858738933738909,-28.431636810302734,7.283271569590335,15.988349914550781,6.11759095678204,-15.545600891113281,5.670459779512318,9.722249984741211,-0.11105428204724663,-14.318214416503906,4.652797954669082,10.182058334350586,0.6907653145884213,-23.174877166748047,5.206548429708976,15.532888412475586,4.466930598020554,-28.418174743652344,7.292411754073432,17.314624786376953,-2.451906265151736,-34.575164794921875,7.145861500993508,3.0,229.09796261449816,98.23035643015066,50.149242426872306,41.67228981762497,0.074210524559021,0.007346813027795993,0.0015618661418557167,0.015973842224714364,22,0.0,0.00031329665216617286,0.017700187861919403,2642.9778147426514,2233.7349835991686,1182.239263256486,230.95566911479304,4890.153771284769,4385.824307014957,1620.553100378173,902.9992102752208,0.34382903575897217,0.23920594498294553,0.006346601527184248,0.08078051852952083,7125.0,6671.875,2445.3125,1081.889849800409,0.69091796875,0.5944438733552632,0.08447265625,0.1570160860341491,0
1.8,9.17153378375329,0.0,12.406307220458984,4.758128131690778,-9.538049697875977,4.148869616469617,10.455636978149414,1.1464265880354665,-17.441892623901367,5.349241626927488,20.602535247802734,4.477424127490897,-11.913869857788086,5.900893399083644,8.756546974182129,-4.411947851118288,-16.514297485351562,4.665178714708357,-75.30384063720703,-366.21601144891036,-415.5147705078125,77.30852046675177,94.58429718017578,26.09115276838604,0.9937072992324829,24.134551461227694,73.10131072998047,40.49499121883459,-98.71066284179688,38.16385726647983,29.777183532714844,8.92620006099082,-18.773296356201172,11.63720701414457,36.72187805175781,19.833169451931067,-12.777885437011719,9.299900828365322,26.51346778869629,13.312306073673984,-2.32578706741333,5.346139540486546,24.714567184448242,10.598333417323598,-15.886222839355469,7.0994971151884485,19.248332977294922,9.177532300614475,-31.53633689880371,9.360028414446022,22.28274154663086,2.5247797032720163,-24.244335174560547,7.622697712952054,3.0,198.73141414811275,151.66962549731596,125.98952943086469,17.333948277379818,0.11086952686309814,0.015998686214484144,0.003698197426274419,0.025996739471015648,23,0.0,0.000945286825299263,0.03074551559984684,2849.6163446671812,2613.4543142886996,1146.4821831999134,417.6562227018527,4262.745293354166,3231.1411595471036,1532.5793962497057,718.5256390434085,0.1378670632839203,0.05054905029471245,0.006006147712469101,0.03680384761497857,7015.625,6331.825657894737,2507.8125,1206.8928324575452,0.38330078125,0.19961280153508773,0.07421875,0.07482361819815,0
9.15,12.865625322837364,0.0,21.117815017700195,-2.6904821889800625,-25.636714935302734,8.097207497791002,11.419855117797852,-5.504171177171743,-31.563016891479492,8.866750107243048,17.39513397216797,0.713791238990697,-25.703411102294922,7.552170685566529,13.200401306152344,-5.884335343237524,-24.211536407470703,6.537125416286165,-133.35789489746094,-301.79309684913477,-429.7229919433594,90.48643261374772,115.03767395019531,33.31807096979835,-76.171142578125,38.74052027270655,58.1710319519043,2.6173951141275724,-90.03550720214844,33.7871083735591,72.20606994628906,0.18619147922609236,-66.13087463378906,26.47220375372289,42.59737777709961,-3.337195334213597,-63.912864685058594,20.627678755355298,16.628005981445312,-9.805131069117493,-54.21484375,16.0226931205312,35.765220642089844,-6.48356766498589,-42.11200714111328,15.409864104103912,16.282970428466797,-7.452342555239484,-43.48902893066406,13.64934761356461,23.424291610717773,-9.674212004969847,-40.59623718261719,11.696114448773784,3.0,500.0,185.8481756004944,50.0,82.09378469264333,0.12695340812206268,0.029736854785636483,0.0019791412632912397,0.027542828532317622,24,0.0,0.0016459176549687982,0.04056869447231293,2902.409479580408,2048.380293122543,1261.518280433346,382.0229148439191,4941.539485124056,2935.8733874579025,1108.3743098566624,1261.6148512348886,0.3288347125053406,0.10757971495118031,0.0008373322198167443,0.11423866926842402,7117.1875,5117.351398601399,1968.75,1720.858644853903,0.69287109375,0.33198344624125875,0.0,0.2201842606570127,0
2.25,14.760382099894992,0.0,12.372516632080078,1.4360442900321853,-20.38786506652832,5.766522631784364,7.768575668334961,-1.8667132934214363,-23.93982696533203,7.054877267346887,12.32107162475586,3.505009525678527,-12.666349411010742,5.597323346219059,3.107786178588867,-7.287820071401731,-24.724781036376953,5.9956207431781054,-186.67176818847656,-383.72008632606185,-455.052978515625,70.45684666712714,104.56448364257812,7.478453129110202,-35.70310592651367,36.45841684993157,62.4587287902832,23.068931613169926,-72.5206298828125,27.943788592590778,-0.5817493200302124,-12.19022474490421,-46.18464660644531,9.90381255422485,29.407262802124023,4.52694178676941,-43.27777099609375,15.25037026926134,17.210668563842773,-2.7823361322073867,-33.08760070800781,9.292023745909987,14.640113830566406,-3.2725258524149234,-43.743167877197266,9.967448718533406,35.13298797607422,4.551215520627062,-20.22207260131836,9.731297553481182,18.364604949951172,-2.080347314267091,-23.399734497070312,6.695571213377527,3.0,235.24928474977438,114.13941003765842,50.944346379573936,51.38616922711825,0.0698508769273758,0.011400304639607037,0.0016385982744395733,0.01929998749372872,25,0.0,0.0005074170767329633,0.02252591960132122,2426.973340858612,2170.5662646807964,1345.4717114884402,250.8518653921341,4846.098600889583,4089.355391323337,1173.2678341991427,1226.881682695272,0.32477623224258423,0.21319357610740503,0.0013960348442196846,0.10242800774085384,7140.625,6216.109154929577,1281.25,1644.3535472085202,0.70166015625,0.5360434088908451,0.05126953125,0.21006270036518193,0
5.25,1.9886558151911693,0.0,8.70440673828125,1.3553118762193304,-8.259859085083008,3.309120698050621,8.940187454223633,1.356285963365526,-7.242397308349609,2.9019593082849773,13.769309043884277,5.923695574023506,-1.3675200939178467,3.019790435177382,3.38193416595459,-6.521086521627325,-15.090255737304688,3.228672388887832,-403.96246337890625,-422.60154160008284,-449.4013977050781,4.517599814886839,0.19289755821228027,-9.706892915205522,-19.153560638427734,3.395517474083442,44.361324310302734,34.861654142899944,20.877840042114258,3.8452643997121307,8.094266891479492,-7.690456475272323,-16.74678611755371,3.5308367368515707,18.38170623779297,8.89343732911529,-3.2291183471679688,3.2318853133839216,13.440667152404785,3.707706624495261,-3.6779279708862305,3.077087628416461,14.927515983581543,1.9292291615496981,-7.522016525268555,3.961770641867995,14.016246795654297,4.814234760132703,-5.271442413330078,3.422097960966821,4.604836463928223,-3.779997041144154,-12.645561218261719,3.028138180505002,3.0,238.56604729506932,80.90575259057186,50.14742229161072,25.58010504290058,0.002450990490615368,0.0022464189586709395,0.0016274935333058238,8.68164022478342e-05,26,0.0,5.100380349176703e-06,0.0022583999671041965,2381.9044335887183,2281.0301588888246,2200.690556821957,32.49097127697236,4859.866856846869,4737.1287298642355,4485.151622425378,59.80902247843399,0.30971574783325195,0.26394552994858134,0.22796471416950226,0.013475527354075851,7164.0625,7022.727272727273,6890.625,49.371779762128945,0.68896484375,0.661529356060606,0.3369140625,0.04079376903289238,0
2.7,15.624713242984724,0.0,8.623115539550781,-0.6740172025035409,-29.858978271484375,7.126717458981358,5.877846717834473,-2.2972175292232455,-20.30406379699707,6.827664815086801,18.684280395507812,4.510602213705288,-8.529052734375,4.4897170911144135,2.5396623611450195,-7.152896709301892,-15.722817420959473,3.655732923641514,-271.4888610839844,-404.5236780503217,-449.65655517578125,42.33060471996379,81.06330871582031,0.49772606316734763,-19.350242614746094,21.537374541887797,59.38019561767578,37.40060272216797,26.537914276123047,7.092415946040506,36.94072723388672,-3.414285684333128,-19.300539016723633,12.681467214640199,15.030000686645508,2.1517092052628013,-52.131893157958984,15.678724255970376,15.205747604370117,1.26169491445317,-16.438575744628906,5.215726674540133,23.976163864135742,3.1468540368711246,-7.226696968078613,6.768441293445267,13.457512855529785,1.9149363535292008,-29.927335739135742,10.86953037618671,5.705710411071777,-3.546748465650222,-31.462257385253906,6.688007202439577,3.0,235.53480129902695,108.90928323206275,50.15200324484485,56.076580442321564,0.04120810329914093,0.006855717939598595,0.0015345487045124173,0.010889752159026446,27,0.0,0.00016685351147316396,0.012917173095047474,2657.2692305638966,2292.2657088058363,2027.7525720233316,86.42548135410841,4901.658767278534,4308.617994570377,1703.4470874834192,940.4892516973446,0.3297487199306488,0.22149461159099113,0.002643527230247855,0.09583184787494357,7109.375,6705.79044117647,4093.75,794.3601762342681,0.7001953125,0.565481387867647,0.0546875,0.2008766124017805,0
2.7,14.18674572075111,0.0,19.113792419433594,0.18077596338356242,-13.984208106994629,5.769873499855222,10.923898696899414,-1.116929675375714,-19.104814529418945,5.68595712187831,14.927029609680176,4.238556955491795,-13.438843727111816,4.724287759360415,9.747419357299805,-5.261333580578075,-14.70535659790039,4.519169834959156,-187.16522216796875,-389.6843091179343,-463.2557067871094,62.83187537558419,66.49592590332031,0.43985311283784756,-51.54762649536133,25.007856789941457,50.24940490722656,26.092349300665013,-58.311214447021484,20.455932764087926,61.01676940917969,-0.7489810514099458,-16.670129776000977,18.035685088284062,37.94087600708008,4.767459397456225,-39.4578742980957,12.793811105552708,16.329498291015625,-0.9932606423602385,-46.123046875,10.114479872135886,38.128265380859375,1.0482623798005721,-48.61112976074219,13.077639324486364,16.15888214111328,1.8720811949056737,-30.503297805786133,10.345012714227666,7.541193962097168,-4.698679937685237,-28.921875,7.687821457358019,3.0,500.0,120.4521398500561,51.777028457835755,80.44583457795687,0.058775514364242554,0.00859527251792743,0.0015571670373901725,0.014168591908856597,28,0.0,0.0002766994293779135,0.01663428544998169,2705.5920979740517,2212.2071899555917,1425.7404480212733,222.01267733877296,4894.07249941269,4192.983718049361,1758.7811978933273,1011.3337263772596,0.3283769190311432,0.21762001404867454,0.005251726135611534,0.10102407341906314,7171.875,6478.216911764706,2476.5625,1182.8882574654522,0.68603515625,0.5465533088235294,0.05615234375,0.20790448795149954,0
6.3,10.96757206229362,0.0,19.545639038085938,-1.0288755434569974,-21.604576110839844,7.956936791497599,14.400491714477539,-4.064767404785616,-30.662111282348633,8.264523045435924,18.054553985595703,0.9617249128706564,-17.557830810546875,7.113099105730071,12.385194778442383,-6.771852032484742,-26.617000579833984,6.403769670017912,-115.38774871826172,-311.1844828649221,-453.41326904296875,95.96111487958233,109.39886474609375,24.652448295941813,-45.50288391113281,40.727715778762914,44.453521728515625,-2.893537470229386,-114.45634460449219,40.53511169501616,65.3780746459961,-1.9160081682168892,-62.211181640625,21.60221655048116,38.509456634521484,3.7510567956466967,-45.023921966552734,15.703372890237896,19.54111671447754,-9.72666309229311,-57.50981903076172,15.39007240248897,34.052772521972656,-8.256990405962553,-40.622215270996094,13.977015654782337,23.33989715576172,-3.853132973089436,-40.84284973144531,13.498132260899984,13.128059387207031,-7.862014908475924,-34.03569030761719,9.410857665274165,3.0,488.06038007992015,171.26357344656336,50.159639773197014,85.75545003969621,0.11916707456111908,0.024518394856926452,0.0016038550529628992,0.02718455079026117,29,0.0,0.0013410275569185615,0.036620043218135834,2689.958736672289,2041.3098178238633,1049.4155374971328,362.68986638125125,4892.206867529018,3258.6536052597985,1423.681496498758,1290.69679482613,0.3461703062057495,0.1416228496679932,0.0024669929407536983,0.11878411511186883,7109.375,5406.329314720812,2164.0625,1715.6840931171162,0.69970703125,0.40049968274111675,0.0634765625,0.22055271403998286,0
2.0200625,17.83270076837492,0.0,20.607086181640625,11.740686791017652,-11.667736053466797,6.662697903173158,11.608369827270508,-2.9622978242114186,-21.97588348388672,5.115182083806747,17.69562530517578,9.053612073883414,-6.417311191558838,4.268256770145074,3.310030937194824,-1.8623715643770993,-11.536697387695312,3.1999751941634216,-75.90192413330078,-267.1954971551895,-330.1384582519531,68.96829996054424,146.1300048828125,81.71377444267273,31.29690170288086,22.41077122822282,44.86277770996094,3.3133999966084957,-81.71760559082031,25.307628243723997,64.37506866455078,17.71192346699536,-17.51314926147461,15.82514305068324,9.747441291809082,-4.956389125436544,-51.43065643310547,13.030866179704518,38.843414306640625,20.510816026479006,-14.255868911743164,11.177017371470411,21.405967712402344,8.149393444182351,-10.609423637390137,6.615761996455435,21.751026153564453,12.2545494614169,-9.900554656982422,7.725515600162251,12.487662315368652,0.27513226494193077,-20.61409568786621,5.747838816731469,3.0,217.88898937973613,97.66871218194655,59.246305796888414,60.6399608682217,0.31950482726097107,0.05980354473285843,0.008625369518995285,0.08901688371042411,30,0.0,0.011661031283438206,0.10791976749897003,2565.395471486612,1920.4115479097359,930.4387016020044,436.80636164117834,3361.28116724319,1773.9005780975233,696.7967046185148,504.0817541605395,0.11886047571897507,0.01691256380922823,0.00021154280693735927,0.020103366384796314,6468.75,4124.6337890625,835.9375,1385.0634030090034,0.28662109375,0.1002655029296875,0.0419921875,0.04398125926699072,0
1.93,16.512534038225937,0.0,21.58551788330078,13.760838782201049,5.161134719848633,3.193017918181985,1.499245047569275,-5.098402822115382,-15.82960319519043,3.597445797658025,14.84913158416748,9.77539421691269,3.143068552017212,2.322376915443477,3.347501277923584,-1.5901726262002696,-16.428970336914062,4.124357665663096,-80.54057312011719,-277.066942809058,-339.0396423339844,64.76565155887961,177.96240234375,88.57327570680712,68.60234069824219,28.525634038005236,25.577186584472656,-0.47850287546877,-74.92814636230469,25.201384534771837,37.86643981933594,16.605350525652774,-15.132936477661133,9.047511910167206,25.19173812866211,2.3766043274129025,-9.490140914916992,8.256114098288903,28.518524169921875,16.96943882156591,-17.03466033935547,11.451271426734813,14.654436111450195,3.7524862875703904,-27.1101131439209,13.787087790826003,21.907455444335938,14.107033999239812,-8.224515914916992,5.59106524619434,14.641827583312988,2.264096243948233,-13.498788833618164,5.026161088209692,3.0,207.75767128913745,89.02258650898635,59.0151945534723,53.678440260062686,0.27143993973731995,0.045281122316468934,0.008727049455046654,0.06909211974017082,31,0.0,0.006903872825205326,0.08297860622406006,2177.0396077192454,1894.971095045,805.2979416704964,430.5055748007599,2081.538073624151,1694.1574892975327,890.62819402741,356.7217409090059,0.032486021518707275,0.012692994866558335,0.000500005146022886,0.007165041119234838,5015.625,4066.598360655738,1453.125,1184.0577523689706,0.13818359375,0.09125256147540983,0.037109375,0.027125626057399863,0
3.325,18.62951357171516,0.0,27.066429138183594,8.630997102994185,-15.10897445678711,9.640465843378479,9.228048324584961,-4.618615082823313,-20.000516891479492,4.873195874310603,17.64031219482422,7.579630822086563,-9.997750282287598,6.422658632331133,5.53233528137207,-1.3267153445452164,-21.038042068481445,4.806127829104605,-124.54015350341797,-253.07062559861404,-340.72412109375,65.62670670688327,160.82846069335938,92.54268917670616,65.05908203125,26.479243584097397,43.962242126464844,3.555304251038111,-70.12838745117188,20.741429835453996,85.60493469238281,24.660202751365993,-25.020397186279297,24.741561443409058,15.898640632629395,-7.894323571083637,-39.39606475830078,12.298573192126634,33.75502395629883,15.08546449129398,-27.460466384887695,13.305070612617838,19.54840850830078,6.867221487256197,-26.265640258789062,10.50995821188195,20.4198055267334,6.927532064800079,-26.132831573486328,12.285321616616807,12.513047218322754,-2.650057084285296,-25.03710174560547,7.536879836184728,3.0,228.63025129355873,123.60970061872652,56.04045090442961,70.29406561845349,0.3205268085002899,0.08787442652436976,0.008836486376821995,0.09597188868984985,32,0.0,0.016949152573943138,0.13012509047985077,2182.966784754879,1736.3104463906773,979.605747295262,443.1893534534352,2070.354794694649,1495.215965170393,645.32973429387,440.80185222261883,0.03309129178524017,0.008758781043280369,9.686050907475874e-05,0.007447273973835686,5039.0625,3470.1021634615386,781.25,1458.4900033160884,0.14599609375,0.07903113731971154,0.02783203125,0.02911188798280821,0
2.05,14.196152861431159,0.0,21.3762149810791,13.315380702568934,-5.225773811340332,5.545498918753831,-0.3313504457473755,-6.327953560535724,-20.76564598083496,4.318721956564648,18.069583892822266,12.002419528594384,0.5080827474594116,3.0678209209923932,4.615202903747559,-0.18355912153537457,-8.90208911895752,2.685783191332265,-43.770301818847656,-266.6317555354192,-326.4248962402344,83.36175033649782,146.85946655273438,82.32801008958083,68.7227783203125,17.219532728725685,16.869997024536133,-6.4353544391118565,-103.23748016357422,32.77629755506433,38.26405334472656,18.90841657931988,2.122657299041748,6.131294317228792,6.948014736175537,-3.6631036749252908,-31.07176971435547,8.218098682929774,30.42481231689453,21.813900578939,-4.769091606140137,6.938611806921478,14.482355117797852,6.99874264552043,-18.80890655517578,6.398330904651503,25.330890655517578,15.47375594836015,1.2866711616516113,4.4983884035639345,9.892366409301758,0.33736452047641463,-11.024532318115234,3.681628538494884,3.0,214.99462849475032,83.73448783905266,57.32401537599658,50.17837478045187,0.25364840030670166,0.04428977294323536,0.008113517425954342,0.06900345225514841,33,0.0,0.0068227509036660194,0.08251167833805084,2212.6207858358503,1935.207378689774,965.0465274894584,380.5683999046436,2145.789295735356,1794.2913557543868,1114.3660420232063,238.35160459315603,0.05677087604999542,0.015594835623274916,0.000949097506236285,0.010385237082986278,4914.0625,4272.475961538462,1921.875,928.119645652278,0.1865234375,0.09821213942307692,0.0478515625,0.02952334802293374,0
2.035,9.406990189387708,0.0,22.182079315185547,13.319370526820421,-5.2680158615112305,5.5738693918684294,2.1114816665649414,-5.215020845644176,-18.749839782714844,4.334288998088131,16.41669464111328,10.810859717428684,4.040765762329102,2.5513535806551992,6.958191871643066,-1.188640384702012,-7.736666202545166,2.4456563998476435,-22.118972778320312,-270.5908341705799,-344.678955078125,88.99511129650776,141.7276611328125,80.52465343475342,63.68402862548828,15.866241016105052,24.223716735839844,-2.3272722102701664,-113.30169677734375,35.06439358492597,29.928050994873047,18.359585363417864,2.3167693614959717,4.92744187975271,4.833010673522949,-5.239636627957225,-29.797801971435547,8.37222351950098,31.000831604003906,22.83909249305725,11.126171112060547,4.097946776081642,18.880653381347656,10.18397375755012,-2.323235511779785,4.086861156391529,34.630088806152344,16.304060438880697,-2.8880128860473633,6.591590647318295,4.45377779006958,0.46487495012115687,-13.104631423950195,2.6909062670172177,3.0,500.0,88.75415135937612,50.25823736316726,75.45686536425279,0.3168352544307709,0.04116749179956969,0.0080897631123662,0.07569826974368896,34,0.0,0.007474890444427729,0.08637618273496628,2218.6287187307244,1984.6674337070785,976.115868481541,344.9880437167921,2179.438641644697,1826.114597703253,1334.9982036043093,181.87088722284219,0.05665816739201546,0.016277041388093494,0.0022240011021494865,0.008802399094688915,4960.9375,4394.4091796875,2203.125,773.2895121939463,0.154296875,0.0963592529296875,0.0400390625,0.0233515464700342,0
4.08,13.65286112798519,0.0,25.122447967529297,10.247700565494597,-21.113426208496094,9.632832544349379,27.369258880615234,-2.1205331018427387,-22.50414276123047,6.917051418897762,21.969589233398438,8.303091344190761,-13.555496215820312,6.945616560073961,15.238943099975586,-0.5386093491106294,-16.203495025634766,5.097918813123347,17.93829917907715,-213.49480796977878,-323.3140869140625,93.38765939186061,157.30081176757812,89.03963408619165,5.295801162719727,32.630969013840065,48.998382568359375,-1.1747373174875975,-79.11689758300781,30.130413160168704,98.25990295410156,23.14164407690987,-20.530099868774414,21.91497234017404,24.648591995239258,-4.069049870595336,-46.22793197631836,17.062306241298213,35.16680908203125,16.01259434595704,-24.593780517578125,14.142048695681611,29.561878204345703,4.482074816711247,-34.09479522705078,14.315291821544985,26.460796356201172,10.65164057444781,-22.560482025146484,9.857243900761095,20.109848022460938,1.2689831145107746,-23.59966278076172,7.766621683523756,3.0,257.6594759775847,124.68347413243822,51.57179820970451,72.24730012322689,0.3955782949924469,0.09798702830448747,0.009366193786263466,0.10851565890878999,35,0.0,0.021462682634592056,0.14643964171409607,2676.4481358256553,1786.4592150952967,917.3515939239635,467.6027647721409,4068.1867123018815,1687.9411451508554,745.5472461803504,629.3519756316742,0.1872156262397766,0.01927747951890524,0.0002992461377289146,0.03155327287756441,6726.5625,3751.15966796875,906.25,1361.3183487769616,0.40380859375,0.09014892578125,0.02490234375,0.06364392445246382,0
2.1600625,10.86261679678858,0.0,34.783790588378906,15.4554822900716,2.2931318283081055,5.770366753356742,2.367568254470825,-5.513142236015376,-16.890804290771484,3.5420885120135464,16.9455509185791,9.126644911134944,-8.174337387084961,5.241057167987662,7.077640056610107,-2.6851599117850555,-10.40746021270752,3.28853968434157,5.91441535949707,-271.74327855250414,-319.71551513671875,76.07163203167906,152.56651306152344,82.5728193170884,40.2330322265625,20.573689612298548,36.2096061706543,4.366090742980733,-90.79779052734375,27.409741446547226,34.33324432373047,17.35983193621916,-13.966279983520508,10.845541831871708,15.800617218017578,2.724007637185209,-14.234869003295898,6.032698808940112,41.66328430175781,26.864073052125818,14.603900909423828,5.344653689741919,16.18876838684082,9.952345586874905,-6.611183166503906,5.024651809380852,31.2382869720459,15.804898959748884,-7.948094367980957,5.473075071671384,9.11090087890625,1.494832096292692,-10.5740385055542,3.2562570448159125,3.0,208.10166305472467,83.73820237433804,58.584176484055966,45.95896565310203,0.32212352752685547,0.0388233754236032,0.00870995968580246,0.07180560834916669,36,0.0,0.006714279297739267,0.08184581995010376,2656.1733510632525,1997.7690286215463,889.8099560708723,357.1167062701543,3209.213160539687,1770.9140542886748,803.2581128550274,380.93947725786285,0.08402644097805023,0.018444053631837425,0.0006549205863848329,0.014893448494897307,6507.8125,4267.233455882353,1187.5,1049.41198201581,0.21728515625,0.07654526654411764,0.0234375,0.03543470399472615,0
1.8950625,14.021503744599888,0.0,20.117355346679688,12.857176869735122,-8.083861351013184,6.639771051473275,1.1966756582260132,-4.056075995167096,-14.365585327148438,3.4997493954291516,18.366458892822266,10.877990114688874,-0.4243621826171875,3.6411889815897625,7.715204238891602,-0.17567161911477644,-6.758538246154785,2.8943784205888243,-37.204044342041016,-272.2820815404256,-339.34930419921875,77.80281322576563,152.05860900878906,86.23318786621094,70.70283508300781,20.228972520409183,18.36732292175293,4.548882750670115,-81.02191162109375,23.668172630352405,41.245582580566406,22.44501558939616,12.382501602172852,6.067501585018824,4.700206279754639,-3.6971638679504393,-31.758211135864258,8.759292165887048,35.89616012573242,17.280091321468355,-24.843128204345703,14.191086963451149,17.314313888549805,6.017889010906219,-34.94593811035156,12.730325948269767,24.345928192138672,16.640849512815475,-0.950494647026062,5.251046855573601,20.26739501953125,3.120673079788685,-10.485674858093262,5.522396300444371,3.0,210.38665173549236,81.81602728213117,58.63530050688832,49.08890431725273,0.3184398114681244,0.047306084896748264,0.00843540858477354,0.08085277499092254,37,0.0,0.008892062120139599,0.09422378987073898,2208.8752860042114,1942.2389855630386,1033.7065561214304,341.3128999890356,1972.5110341299774,1680.5449380377786,1004.8617349700451,242.56144880847512,0.0268689151853323,0.012133200602450718,0.001222011400386691,0.005139306875703512,5062.5,4148.177083333333,1921.875,923.0207466355337,0.1064453125,0.06705729166666667,0.02880859375,0.018956313811671077,0
3.525,12.61470391787482,0.0,22.79476547241211,8.105389253244743,-14.89890193939209,8.936683736617587,10.618907928466797,-5.104110709047532,-23.289087295532227,6.903062458844757,22.520233154296875,9.738074693593893,-7.160290718078613,5.763134063222312,6.276089191436768,-2.082045283671972,-14.423861503601074,4.7145019698748305,-44.0446662902832,-218.88731690140457,-339.2579650878906,91.70348499851536,155.85714721679688,76.68735020386207,-10.655660629272461,34.31250189054587,49.569664001464844,2.2399742001885765,-93.88471984863281,30.463246778166504,101.69841003417969,27.069043824264597,-1.8290584087371826,22.646292208738405,18.075565338134766,-7.8926777400680495,-48.56776428222656,15.642720195080901,44.197715759277344,9.423847282255018,-36.76049041748047,17.773791091014324,15.28128433227539,0.5640049823769578,-40.529396057128906,13.313043839895627,32.16358947753906,11.379001718383652,-29.448974609375,11.193271875251916,18.693735122680664,-2.881485353182028,-28.356719970703125,9.518305823093442,3.0,238.9921228661688,117.22246601363238,55.43501452967274,68.41073741674901,0.39711228013038635,0.085966122546443,0.008579619228839874,0.10214521337206389,38,0.0,0.0179610475897789,0.133958101272583,2583.8704336484047,1871.9885985198716,896.725148115871,427.3857417811312,4707.370911189413,2003.0025671008777,835.2816009266348,864.593658796195,0.24069248139858246,0.030519372522846696,0.00023811501159798354,0.04654111870450989,6726.5625,4214.175112612613,976.5625,1362.1326957027381,0.5625,0.1359181447072072,0.03515625,0.1124794146515652,0
3.755,15.142241242284214,0.0,26.36146354675293,9.649381755519721,-12.921072006225586,7.581904518724004,16.395462036132812,-4.746026419481988,-26.301136016845703,7.958580052870979,20.358043670654297,9.87330984210564,-6.872785568237305,5.445171866046198,9.749479293823242,-2.466062497158172,-13.36202621459961,4.838868342951023,-71.69058227539062,-222.72254032199666,-335.8543395996094,83.33012824937322,149.9727783203125,86.75251816895049,-6.225212097167969,31.9950898973289,66.16938018798828,1.6519658686751026,-69.43254089355469,30.24475953810701,84.92724609375,25.079397297006544,-14.647653579711914,21.6113561218933,19.765316009521484,-7.001843000367536,-53.19035339355469,17.116988585238524,29.830446243286133,8.736476590067653,-30.226085662841797,17.317251305290817,17.47289276123047,-1.8951050449730986,-39.97660827636719,13.65154896085304,24.41996192932129,8.75532550276336,-20.831531524658203,10.327014682808421,27.750743865966797,-1.8969853716128964,-25.957794189453125,9.092997192395089,3.0,239.33967182039362,133.08853818921165,58.83430860128791,68.30979104881843,0.2930890619754791,0.08693135979632705,0.007764962501823902,0.08139027293758462,39,0.0,0.014261574484407902,0.11935130506753922,2648.1656858114256,1818.646619693879,941.654104201159,478.72211383104553,4626.296194597483,1799.1351965138672,842.3434973666833,791.0312887937266,0.17709574103355408,0.019923251842679377,0.0002915108052548021,0.03318071490374732,6656.25,3912.010063559322,1187.5,1504.3212124126155,0.484375,0.11461781647245763,0.02978515625,0.09211706322510944,0
3.49,14.322701748591044,0.0,27.63925552368164,10.497338083657352,-10.977569580078125,7.465009275346519,6.151676177978516,-6.40495127520778,-25.107934951782227,6.293938722479262,19.492151260375977,9.320178637721321,-10.85546588897705,5.025264295234616,8.418566703796387,-2.370774813538248,-17.474681854248047,5.341806839741335,-54.68117141723633,-222.31349324313078,-337.7773132324219,82.7245633310446,186.82839965820312,96.74752180793068,-18.130285263061523,41.35526431435554,54.505550384521484,-1.2714331393892115,-80.7301025390625,33.07168061134162,70.2979965209961,15.785647727955471,-23.332843780517578,15.802403157079624,19.942829132080078,-7.226149252328006,-73.25352478027344,19.147736856197877,40.672183990478516,11.532322665778073,-26.02975082397461,15.315479056461415,22.68077850341797,-1.108128539540551,-42.390018463134766,15.77432513804886,28.502029418945312,7.694605458053675,-28.444904327392578,12.05304607795479,20.90270233154297,-0.2377105488018556,-22.48847007751465,8.17614118104104,3.0,248.44143519953687,126.2742071420653,59.950729075923114,64.76565498395958,0.4186509847640991,0.09374480952762744,0.008254485204815865,0.10103317522403912,40,0.0,0.019159827381372452,0.13835939764976501,2626.5362125994593,1716.792031863724,839.8799315175306,528.7435068545244,4922.206717490307,1706.9512292067209,722.2174032029867,781.9579245108991,0.15403638780117035,0.018407033634006933,0.00015165403601713479,0.027880974654379293,6492.1875,3633.1676136363635,1000.0,1623.081385649278,0.52685546875,0.11533203125,0.04150390625,0.08192091089433103,0
2.945,15.179094027286135,0.0,29.045181274414062,10.34598938111336,-17.189380645751953,8.596636875977415,8.523283004760742,-4.386181262872553,-16.40513801574707,4.931029612423184,23.60443878173828,9.690492149963173,-6.976555824279785,6.054523963392623,7.2548980712890625,-3.20812057439358,-21.663999557495117,5.463570916158883,-107.44824981689453,-236.03559112548828,-338.2760009765625,77.02993621499375,190.02557373046875,91.63503155272494,1.6083513498306274,38.329853784881955,43.361289978027344,-0.6367757192222021,-82.40425872802734,25.489986901885334,94.67603302001953,21.884638777343177,-17.931440353393555,20.748692481313846,19.7475528717041,-8.806699621421034,-70.80345153808594,19.10489430122947,29.09182357788086,13.462614026120914,-27.660385131835938,15.006621561631805,37.440185546875,3.499059904967585,-33.85038757324219,12.131587949311026,36.871517181396484,6.860782625534201,-27.188182830810547,13.050880981600056,15.924760818481445,-0.5412091587179451,-36.330387115478516,8.085027256699776,3.0,238.36211619097915,123.08385720068763,55.778758398995556,72.88518237325961,0.2891208231449127,0.09172058407898231,0.008424267172813416,0.09550985029600743,41,0.0,0.017720216885209084,0.1330542117357254,2202.9441894868564,1706.5102278102815,779.3880477904485,488.60741038317076,3495.7859960029937,1617.5271504173338,686.6139712202521,607.4341527301448,0.17173795402050018,0.017618753214088838,0.0001843545469455421,0.03225857367235983,5750.0,3525.9576612903224,812.5,1552.4657480237918,0.3447265625,0.09601814516129033,0.03125,0.05412514999705774,0
2.025,11.837590300620265,0.0,19.078880310058594,13.427697826176882,-1.365600347518921,4.567205791284501,1.1036306619644165,-4.5984603052493185,-23.480785369873047,5.661152182651969,19.03863525390625,10.420542228966951,2.972320556640625,2.927118831687306,2.554915428161621,-1.470405756495893,-8.668598175048828,2.596247521995217,-184.464111328125,-290.31973934173584,-338.8052673339844,38.26703850026086,105.57844543457031,75.61996805667877,43.632476806640625,9.68610279265061,48.75537109375,13.200370606034994,-15.011262893676758,12.25828675904739,84.52528381347656,25.447041615843773,14.521040916442871,16.127452948301464,11.590576171875,-3.9443486155942082,-55.95195770263672,13.341403058172531,33.450035095214844,22.656592711806297,-2.5403714179992676,7.095269248282978,17.069133758544922,7.880913568660617,-12.248395919799805,6.330270031134778,21.432231903076172,12.390302654355764,-26.72435760498047,11.149795428767378,4.493600368499756,-0.8417610954493284,-17.31672477722168,4.978253842057501,3.0,233.07874646684778,76.99104845667202,59.90163668051353,48.732379041520275,0.19449383020401,0.02650394241209142,0.00816875509917736,0.04286880869286264,42,0.0,0.0025708982720971107,0.05056316778063774,2202.3035040448776,2059.619822248902,1500.0506713302116,156.66912409483376,2605.8783828398564,1840.285578606069,1104.3101643344216,263.91870492795323,0.07313519716262817,0.019049472939059342,0.00046339028631336987,0.014768453449979723,5015.625,4532.1044921875,3117.1875,452.6493436992948,0.1552734375,0.09014892578125,0.04345703125,0.02578148408263316,0
2.085,16.448013991072916,0.0,24.14326286315918,13.111765707984116,-4.441186904907227,5.75845385684497,9.990646362304688,-4.411998649889773,-13.118361473083496,4.193814301026132,17.077991485595703,10.295573294840075,0.15856997668743134,3.4755757125096625,4.390970706939697,-2.0980563123117792,-13.91706657409668,3.9293593105127065,-57.79707336425781,-266.88154070305103,-339.08282470703125,76.94229601215146,167.828125,84.8276419206099,46.859214782714844,24.174540473411643,31.980085372924805,-3.3323094989314224,-83.03215789794922,30.920508185835168,63.64093017578125,17.393845240275066,-30.132980346679688,16.390315956577943,12.081611633300781,-4.686588424624818,-44.332237243652344,12.29060647878232,40.95145034790039,22.54572839447946,-17.947555541992188,12.570879407979053,29.240482330322266,9.113835912762266,-13.479793548583984,6.8272285077702,20.297657012939453,12.150452162280228,-14.08098316192627,8.261623495313724,15.197227478027344,0.8695080492532614,-11.569522857666016,5.053310984624844,3.0,467.5692711151886,97.91451492895277,59.84547343244298,72.75387935629813,0.3119068741798401,0.0563767147391583,0.009857812896370888,0.08630587631339294,43,0.0,0.010766291990876198,0.10369238257408142,2491.007360109597,1905.9335879442317,777.3086380045385,449.7725685145438,2692.0936627892793,1744.718788525905,1041.3678133045491,336.6837281269229,0.04584544524550438,0.013934066837078497,0.0003834534145426005,0.008525863822824976,6031.25,4140.743371212121,1375.0,1187.1195098728422,0.14990234375,0.09122721354166667,0.02783203125,0.023865853748358517,0
2.015,19.506824720278686,0.0,22.11931610107422,11.93598486554055,-2.9144582748413086,6.636046845296907,3.748643636703491,-3.9961726138043026,-16.060691833496094,3.9062938390471857,20.086849212646484,10.971749158132644,2.613668203353882,3.3385448938609654,5.329739093780518,-1.650455716583464,-12.898221969604492,4.280491400697489,-132.93707275390625,-274.88842894539,-332.2554931640625,51.99718676166178,172.0205841064453,91.0804956829737,57.24067687988281,28.08610060447248,32.40275192260742,13.222613160572354,-6.7448577880859375,7.4660235987780705,28.480091094970703,13.05696577543304,-11.764766693115234,10.631732901348942,9.558487892150879,-13.243399284661763,-79.50897979736328,22.672466886422793,32.66123580932617,21.394535458277144,5.944122314453125,6.777509925069231,17.4505672454834,8.45885399859103,-17.998580932617188,7.610075162481287,22.970287322998047,13.118272813539656,-11.557259559631348,7.324581873454471,18.414949417114258,2.3533623814582825,-8.704734802246094,4.727166660323991,3.0,221.74195044091283,91.84549393048886,59.5798221001862,57.37177767074857,0.30000540614128113,0.05561386940202543,0.00961384829133749,0.08579240527121355,44,0.0,0.01046126987785101,0.10220781713724136,2158.1792405930464,1874.000474186867,896.6274641821732,414.07306884357075,2363.592549591456,1628.4507621755351,798.2725874855497,410.51864059219724,0.058601800352334976,0.014485661391518079,0.00013617571676149964,0.01187786273466523,4851.5625,3846.4781746031745,890.625,1431.848658984931,0.1337890625,0.07569909474206349,0.02294921875,0.0190396831016258,0
10.0,6.586338710072978,0.0,23.591642379760742,4.087798052607253,-16.84383773803711,8.620785734129155,11.879652976989746,-7.206368771319191,-23.273540496826172,6.79263727092025,32.6685791015625,10.498589886608311,-7.707502365112305,8.470210017337251,20.733644485473633,3.804355990724823,-11.316953659057617,5.06927605115623,-54.614585876464844,-159.0048517099204,-316.15509033203125,70.05039890179752,147.46731567382812,90.27014708595154,26.163639068603516,25.31752573294946,28.12351417541504,-10.708711378204937,-59.937171936035156,21.169506721038587,59.970741271972656,20.258538467910725,-6.339181423187256,12.217228789067349,14.41502857208252,-9.44983332345899,-36.736358642578125,9.758788288696454,30.643835067749023,9.78735564339656,-21.767372131347656,9.255261387204866,12.82649040222168,-8.679673875351778,-31.833358764648438,11.454944126575299,44.800193786621094,18.276201988561464,-1.0537469387054443,7.9479040398284635,12.855805397033691,-7.767151326988452,-37.01630401611328,10.00437862978373,3.0,362.4443904442614,179.6913683204477,50.476661281818934,87.16067459795737,0.19384436309337616,0.07659963998919764,0.01013302244246006,0.046354339007697455,45,0.0,0.00804112572222948,0.08957850933074951,2324.603199858778,1774.89775455558,1149.724096309146,318.36449841816824,3353.6507647803037,1784.8654239897994,1005.5682583913685,454.74571001005586,0.18525102734565735,0.030976213661718745,0.0018036422552540898,0.031034288991172294,5945.3125,3805.860623003195,1742.1875,1149.6687924946357,0.2685546875,0.12985629243210864,0.04541015625,0.04977601858521568,0
10.0,9.26335760619714,0.0,19.198991775512695,-3.5455929754545896,-22.931743621826172,12.145184081015733,7.887125015258789,-7.636118013161821,-19.105728149414062,4.955690995005597,29.858734130859375,5.265921240607009,-9.203605651855469,8.177956380663314,15.37617301940918,1.2063791977759368,-12.951725006103516,5.108471414585617,-27.00990867614746,-152.77716608626392,-310.7475891113281,68.83799974412979,152.7975616455078,97.6385121086535,34.47066879272461,28.801194491010556,68.30583190917969,-1.40233832007399,-81.46338653564453,38.50517495410432,69.25662231445312,27.547148948089003,-19.41905403137207,23.747806353042396,19.058467864990234,-12.178475802627425,-42.5349006652832,14.620834173975487,29.512210845947266,-1.2911913802924628,-34.005165100097656,14.671728552355415,16.3718318939209,-7.08513092471007,-30.21612548828125,9.73445049624988,29.0213623046875,3.92738167908245,-32.722389221191406,16.78410170758243,29.260961532592773,-5.093151892764499,-28.151268005371094,11.45569115845432,3.0,449.624163866253,169.16122647828306,50.952565329409744,75.31303288100793,0.28010252118110657,0.11100668698763505,0.009878507815301418,0.05904653610779139,46,0.0,0.01586364209651947,0.12588191032409668,2420.7228129158025,1692.8190414279434,1072.958393885084,368.0121116217597,3180.2918753412987,1564.1722230872303,1050.8303857256008,400.66544079672894,0.14783404767513275,0.014850846084114461,0.0013197306543588638,0.019543043231201228,6218.75,3379.742412140575,1773.4375,1162.6608491482393,0.1962890625,0.09789025059904154,0.041015625,0.02986618051054561,0
10.0,8.597986955256955,0.0,26.80199432373047,-1.6972270945009713,-28.24890899658203,12.751552013605144,8.522879600524902,-8.280331472773998,-22.742698669433594,6.04918279516759,30.172901153564453,3.0656470160086315,-15.194820404052734,9.219920965806272,23.791072845458984,3.8593610672476575,-9.596036911010742,5.640840775228121,-41.362972259521484,-175.45656045785728,-309.7210693359375,73.7707782728312,156.49990844726562,96.42709456617459,40.576717376708984,26.230900241101715,69.45466613769531,5.489767488199301,-61.717960357666016,35.74257581272387,74.83575439453125,29.9878730680615,-15.141766548156738,23.910237631277205,27.746707916259766,-9.641773473626127,-34.73202133178711,12.730269089439924,38.519100189208984,10.518961902814931,-31.60327911376953,14.810176399059811,19.751935958862305,-3.0619584067751426,-30.71434783935547,10.854291287629026,24.195526123046875,3.2374081876331244,-34.933860778808594,16.95649690866051,11.717496871948242,-6.466433776477084,-33.05683135986328,10.758045257814448,3.0,450.3872096906451,140.83491253428602,51.693884906817374,77.57554052692089,0.3817199766635895,0.09621281264581905,0.010520092211663723,0.061626577061842276,47,0.0,0.013089249841868877,0.11433913558721542,2311.8908660238735,1736.968122778178,1080.8831590949928,358.89449452815285,2398.9016953305254,1541.9964443098477,574.8248078706704,360.80870914099245,0.0665857195854187,0.0130184284601429,0.0006470109801739454,0.012763427069292715,5453.125,3490.689896166134,703.125,1097.419081422324,0.1533203125,0.08431353584265176,0.02490234375,0.023615231425806956,0
4.925,1.5287292366660081,0.0,21.735610961914062,15.662213501218078,-1.7031654119491577,3.263603398588228,0.6074586510658264,-6.129530088080989,-13.527070999145508,2.5268907912721703,20.514875411987305,14.355846996431227,4.0930023193359375,2.4393879798394815,3.0911478996276855,-2.6789713780601305,-12.287254333496094,2.5169647169981446,-241.41172790527344,-285.88452069171063,-303.6051025390625,7.522062790941091,102.04911804199219,71.2097379511053,64.66680908203125,5.571886335089337,24.810688018798828,10.091700391335921,-3.912442207336426,4.0786372389943,41.04205322265625,20.87637088205907,10.216084480285645,4.2494827061684,11.278440475463867,-2.389483989929998,-8.559942245483398,3.6033238393546507,31.34960174560547,24.478164189821715,8.997678756713867,3.50881136204716,13.600767135620117,6.949227760751526,-13.97598648071289,3.6393459908291215,25.226943969726562,19.39396661597413,5.861242294311523,2.95579932046982,2.440159797668457,-3.166169406628454,-17.392127990722656,2.9112595272377573,3.0,160.16945398070553,62.556191236092,53.454234703931654,13.940373688945169,0.027571331709623337,0.015227916674664268,0.010496120899915695,0.002699105369550248,48,0.0,0.00024044910969678313,0.01495443657040596,2261.5758635420907,2186.1653482061597,1803.4555901160413,62.191708923149406,2183.3228706154773,2024.7665732399093,1311.3227785602883,140.32790210928678,0.045327622443437576,0.020187591819407102,0.006009016651660204,0.004625632048845499,5210.9375,4957.589285714285,3226.5625,271.8221901480381,0.14599609375,0.0977830762987013,0.0517578125,0.01809943703120634,0
1.71,15.025136924218373,0.0,18.435806274414062,7.141843663321601,-18.647247314453125,9.314297816791493,7.503208160400391,-4.120955387199366,-13.877023696899414,4.727428210525182,22.415489196777344,12.193636399176386,-2.4687225818634033,4.907916390379472,13.988591194152832,0.03790755487150616,-19.137798309326172,5.0219184747549805,-91.6832046508789,-239.76847147058558,-307.8008117675781,63.645966476741044,161.51329040527344,82.31385633680556,63.681610107421875,22.79210749473826,29.32740592956543,-0.7462745816619308,-70.89563751220703,24.091897152688095,49.72711181640625,17.206892684653955,-21.20295524597168,13.778470345612002,11.117925643920898,-5.0724247103488,-65.77123260498047,16.28823072831177,39.048851013183594,16.541411254141067,-7.8394083976745605,9.45677023958922,14.823856353759766,2.149738371372223,-21.339584350585938,8.509118305099124,38.20155334472656,17.450655266090674,4.572447299957275,7.270396954356703,9.74972915649414,-3.5294245216581555,-23.476308822631836,6.958612738625906,3.0,236.80895672975103,106.29581309368506,59.895192191842206,74.31205206480462,0.30928686261177063,0.06084032589569688,0.009707593359053135,0.08501491259335364,49,0.0,0.011046843603253365,0.10504620522260666,2248.950799099043,1914.846916265962,1112.3747409122104,388.54753080330903,2244.0406688978164,1837.7798883943917,908.9195387198819,416.36122466947484,0.06625460088253021,0.022336229689514125,0.0004778186557814479,0.014801880868856247,5234.375,4085.9375,1000.0,1370.5753329696647,0.154296875,0.10762984664351852,0.0341796875,0.026471069463143704,0
1.635,9.60809506073962,0.0,19.17025375366211,8.098816907176605,-14.74685287475586,10.554952463157958,8.681806564331055,-3.5391969348375616,-15.400901794433594,4.053317052344137,21.080764770507812,11.437657649700459,-6.362180709838867,6.007746146598339,7.714372634887695,-0.5267854837270883,-12.55822467803955,4.392036575597775,-72.35039520263672,-230.95548864511343,-317.3993225097656,80.85624396732548,150.83876037597656,78.86614315326398,58.25286102294922,22.298775932333964,20.64771270751953,-3.835952410331139,-62.328582763671875,23.934679275235546,60.917694091796875,21.8679141998291,-7.539280414581299,12.962155824970061,21.934289932250977,-5.873854151712014,-51.66413879394531,14.322133574638652,26.422954559326172,11.256707071684874,-21.174457550048828,13.902253900523066,15.926243782043457,3.643460045640285,-25.599102020263672,10.830272872658124,37.247581481933594,20.56652494577261,3.7681665420532227,6.386422420863648,6.982911109924316,-4.642891612190467,-30.7597713470459,8.137416366409475,3.0,382.60778285595126,113.7391298727926,58.86882711735259,91.05268290511809,0.2049458920955658,0.04894733498804271,0.009656289592385292,0.06089385778948639,50,0.0,0.006214190274477005,0.0787590965628624,2265.40259696717,1948.641605220524,1071.9538308983836,387.9963438272333,2424.5751479011433,1934.4406433372667,1110.2299195710527,340.99759951758864,0.12281626462936401,0.0243041111545888,0.0017117200186476111,0.0212816678980262,5351.5625,4361.0276442307695,1867.1875,1122.7371662607525,0.263671875,0.11863356370192307,0.04541015625,0.043496995547519644,0
1.555,16.28760794439147,0.0,19.282371520996094,7.067780579839434,-12.348762512207031,10.12799412006889,19.911773681640625,-4.955428448866825,-21.695859909057617,7.795695526717496,22.731990814208984,10.585767024633835,-2.617672920227051,6.036926757407956,19.576114654541016,2.200801305320798,-14.738580703735352,7.0135783750611065,-85.37906646728516,-237.03491864885603,-327.6966857910156,66.27069663002686,128.02381896972656,80.41902409767619,33.203407287597656,22.10025673440319,43.929054260253906,4.678954630481954,-58.258033752441406,21.71314999212048,59.25090026855469,18.53651515683349,-3.6163740158081055,12.546427464706317,11.780204772949219,-7.089906776437954,-38.278961181640625,11.247047816115806,37.632789611816406,17.23212244072739,-18.81011199951172,10.5111218417826,25.96173095703125,4.924976256428932,-26.583772659301758,11.068125360226894,26.372215270996094,14.251494458743505,-11.296460151672363,7.814839860698752,11.975923538208008,-6.06292719530816,-36.57128143310547,10.41830939700736,3.0,264.5467096086111,119.69129335426756,59.98528065385543,78.82903291524525,0.24734149873256683,0.07021390017578188,0.00875205360352993,0.08390078472226202,51,0.0,0.012072558514773846,0.10983984917402267,2560.493193276382,1920.0964752571383,1189.2797897953474,381.5630541829728,3221.7028328944934,1818.728992209639,721.4357921225449,524.3654449055024,0.13534393906593323,0.021148583697326178,0.0005352431326173246,0.021794431471262234,6367.1875,4056.9196428571427,781.25,1500.5114455459131,0.16259765625,0.0995296556122449,0.0322265625,0.03108504170001079,0
1.42,11.006159341172333,0.0,20.62714195251465,8.309249121612973,-15.021269798278809,8.64763314404994,3.402639627456665,-4.727819527520074,-19.699975967407227,4.589864523776751,29.446928024291992,11.081676189104716,-5.059024810791016,7.552126319326674,9.74856185913086,-0.27816273503833344,-12.711799621582031,4.866280531831693,-60.791114807128906,-228.15523478190104,-317.0442810058594,79.2135249344444,147.8404541015625,75.9288953145345,29.520557403564453,21.49255440378773,43.57456970214844,4.627774201499092,-44.433494567871094,19.474405794127286,71.04087829589844,28.452279790242514,4.729949951171875,17.649730606081548,8.317949295043945,-9.358697083923552,-54.98003387451172,17.42722492505402,24.71224594116211,15.978815741009182,-11.372152328491211,8.350222723868072,13.642014503479004,1.3811810943815443,-44.93018341064453,15.083192713789275,27.7261905670166,14.252981719705794,-10.232853889465332,9.556727233839986,3.499447822570801,-5.930860741933187,-32.200828552246094,8.974548964932083,3.0,305.5041771014703,123.1127826552471,59.08102260301607,83.33944216113764,0.19779399037361145,0.058165202248427604,0.010363863781094551,0.06120918746179,52,0.0,0.007232778239995241,0.0850171446800232,2266.4813139011953,1969.4829809835937,1119.1221932082506,306.57961834416153,2988.9440169188206,1908.9156182396057,934.4717605179181,426.926370925443,0.1572948545217514,0.025824146124068647,0.0009110189275816083,0.0327868171803619,5523.4375,4410.9375,1890.625,984.5835868069923,0.2529296875,0.10075954861111111,0.02734375,0.05310322987965515,0
1.525,15.120449131409254,0.0,17.494731903076172,5.982420492917299,-11.867716789245605,8.041002072633882,11.301297187805176,-4.083256583660841,-18.711748123168945,6.893124249420405,23.03078842163086,11.506379215667645,-3.2543201446533203,6.398730390529793,15.071085929870605,1.0031920572121937,-10.524913787841797,4.8810293260467645,-97.8987045288086,-236.42564249038696,-302.6956787109375,56.27680372352583,148.69020080566406,78.58660356203715,33.07695007324219,22.811412478759,40.84847640991211,6.691629230976105,-48.97996139526367,17.56772494998241,73.22301483154297,29.084158917268116,9.556862831115723,17.760893000923797,17.31470489501953,-6.123644480792184,-56.20294952392578,17.661600825984966,29.608036041259766,14.675785529116789,-6.585934638977051,9.144205437737908,17.61232566833496,0.6389629133045673,-35.55665588378906,12.302391119326774,32.720314025878906,11.236004377404848,-11.814004898071289,11.662946796192482,10.215559959411621,-7.418818469159305,-34.900169372558594,8.741096613266434,3.0,500.0,143.05180049010303,59.95059361594098,118.64798265808007,0.2939949631690979,0.06912036146968603,0.010600575245916843,0.08603985058554081,53,0.0,0.012271574698388577,0.11073783785104752,2254.2619316975015,1925.3772436663342,1056.8925752740113,319.50111890081314,2844.735968869206,1816.4421684360912,838.7640680877664,447.2713364649028,0.07890161126852036,0.020095500870714506,0.0005022655241191387,0.016883164109372066,5453.125,4205.240885416667,1375.0,1090.9011675766874,0.15087890625,0.09801228841145833,0.02734375,0.03692927773012507,0
2.01,10.273904601143785,0.0,18.961017608642578,9.131027219787477,-27.399110794067383,10.316546407751028,5.943813323974609,-3.6530544365209248,-19.098155975341797,3.70290678584641,21.869083404541016,12.38531626216949,-3.583569288253784,4.24679554622682,7.906549453735352,-0.21481379015105112,-11.511207580566406,3.418978878560112,-44.104740142822266,-252.07446840074329,-313.693359375,67.35230286739113,160.8498992919922,72.1410903930664,39.347877502441406,19.049363706132738,36.69470977783203,7.545742681102147,-41.835548400878906,12.486958194243684,93.41368865966797,23.748480888586197,0.1562548279762268,17.790980620393736,13.9304838180542,-4.746055384003927,-40.405826568603516,12.418516804589627,30.112655639648438,19.163524352368853,-4.120932579040527,7.5119327325542,15.190972328186035,4.574416814342378,-41.088356018066406,11.318891151075844,26.468276977539062,14.26523528780256,-15.789392471313477,8.991486356305446,6.458098888397217,-2.947201281785965,-27.502649307250977,6.62507566042001,3.0,438.10270583270506,99.26791517141933,51.60478429470574,92.51771489588491,0.29225000739097595,0.04241069678276304,0.010006122291088104,0.06816097407377242,54,0.0,0.0064672804437577724,0.08035192638635635,2234.7359053173313,2069.17752534257,1027.7595903529489,268.59571383345605,2983.287046890604,1994.7991760708196,842.1909854263897,338.0930325441731,0.17405493557453156,0.02701626261437519,0.0008840277441777289,0.03147783471812086,5367.1875,4699.2807539682535,1312.5,808.915984236129,0.25244140625,0.1097780257936508,0.04443359375,0.038650572852536036,0
4.715,18.405521769852427,0.0,20.474227905273438,0.3509529039666459,-11.677814483642578,7.69965161218009,16.746906280517578,3.1340538081838876,-6.530399322509766,5.2082161945858845,24.93206787109375,16.301187924436622,-7.411968231201172,4.75407267500295,11.849217414855957,3.4155763546760016,-9.643213272094727,4.019056700298814,-97.59500122070312,-206.80336364539895,-312.8011779785156,41.937364798441074,162.76004028320312,117.09704324361441,63.29119873046875,25.63717281902477,29.03734588623047,5.923573665924974,-2.3696799278259277,4.73607273967638,25.092178344726562,-2.4573832180451705,-15.258227348327637,11.013443089632784,3.6336922645568848,-19.661100977981413,-32.069313049316406,9.615482894893836,33.46269989013672,24.43993859033327,10.964614868164062,3.49401899088736,18.434951782226562,3.646285569546996,-26.521770477294922,6.067453021710644,21.89354133605957,3.0991440642927146,-30.34560775756836,9.233126434331517,6.948790550231934,-16.40023254019183,-29.002470016479492,9.560437203755718,3.0,285.59373448204605,175.53631066344343,59.9765401071639,58.52151055513013,0.25058096647262573,0.13887307354299402,0.01050110999494791,0.06491023687498579,55,0.0,0.02367531694471836,0.15381328761577606,2227.8497142944175,1445.6471219214036,1108.2741608625906,377.81536112219993,2207.0828705649537,1169.7749114364426,817.8504668750435,464.41836616971267,0.04826034978032112,0.005343761185940821,0.0003629376587923616,0.009918702149565707,5203.125,1999.8944256756756,1062.5,1523.2146911538382,0.1357421875,0.06680215371621621,0.02978515625,0.02275340438067005,0
2.09,11.9965241084378,0.0,19.55509376525879,10.450130473483693,-23.712936401367188,9.265745881804268,6.763426780700684,-3.5292435681278054,-19.419408798217773,4.072078420579682,23.730030059814453,12.446729089274552,-4.810540199279785,5.441986416417906,5.631598472595215,0.11634746080998218,-8.302176475524902,2.7826002498689713,-108.41926574707031,-256.44872977516866,-324.4710388183594,56.88440940113754,101.60787963867188,63.14591251991012,0.05037039518356323,15.252575265000033,38.41080856323242,13.021578244639166,-12.462639808654785,9.46670455692768,72.61296844482422,26.094463305039838,13.669656753540039,16.00061834376962,17.694061279296875,-4.402575975340424,-39.315773010253906,10.966144119592075,34.84980773925781,21.22049762624683,-6.906157493591309,6.297255098948306,17.146257400512695,7.401240710056189,-16.6741943359375,6.846770396486914,26.119539260864258,15.190247109442046,-22.904926300048828,10.541199742888518,4.853480339050293,-2.995579296440789,-24.011648178100586,6.87730488189172,3.0,455.35817624165793,105.28837296184341,59.2835259958115,97.76595916521453,0.22663487493991852,0.041576578775703005,0.009853655472397804,0.05963984293424369,56,0.0,0.005343395285308361,0.07301868498325348,2302.8126167096584,2146.37755439209,1518.1941506420585,149.21381600189721,3400.398773400082,2074.715300334524,1123.3953211179446,370.09802938074193,0.15608875453472137,0.027720301267408737,0.0009450338548049331,0.029453864365885606,6023.4375,4926.136363636364,3039.0625,523.6321258373439,0.28125,0.10581646543560606,0.01318359375,0.048496131437569756,0
1.885,8.183175526087803,0.0,18.579776763916016,9.050293684005737,-20.373510360717773,9.381557504812758,12.137150764465332,-1.88352537357201,-10.570932388305664,4.274377078201974,22.21826171875,13.37699565442942,-5.7726898193359375,5.613986818157815,16.60305404663086,0.8630295597900779,-8.395416259765625,5.02034732116157,-29.07779884338379,-241.64380655450336,-308.2247009277344,81.8271420302306,138.63548278808594,75.23348449448407,59.54725646972656,18.2057703743889,20.292810440063477,-0.2494057255276179,-62.32963562011719,22.393374352067127,32.146942138671875,16.728273972616357,-10.551477432250977,7.8994659909537255,12.484649658203125,-1.5895233679625949,-21.969005584716797,6.05458785116915,33.81696701049805,19.595423486273166,1.128677248954773,6.838246784798892,19.963211059570312,2.5771829879890054,-56.86193084716797,15.79043943637915,28.755443572998047,17.736912426301988,-2.244971990585327,5.521949627947229,13.625653266906738,-1.610426589846611,-17.785457611083984,5.5403173273349475,3.0,500.0,104.68228763926096,57.87359092761399,107.50504640355724,0.3136146366596222,0.047512405362548464,0.009868539869785309,0.07716023486682658,57,0.0,0.008227062411606312,0.09066055715084076,2269.214820774752,2037.5431047827155,1071.9153444438657,320.283505391195,2326.2838592267326,1984.6574372613782,1099.8050061764836,297.52488380299854,0.059723224490880966,0.02452486753463745,0.0015831224154680967,0.011196916055873984,5382.8125,4630.693855932203,1796.875,954.433959938764,0.17138671875,0.1143902277542373,0.06298828125,0.026918492249173576,0
1.81,13.794329333754213,0.0,18.289533615112305,7.927910442937884,-17.949779510498047,9.127191628178272,3.670649528503418,-6.622123063656321,-22.544660568237305,5.64627684906355,18.988155364990234,10.663145027662578,-0.6477282047271729,5.156058189088313,9.823467254638672,-0.021500515048963983,-19.248085021972656,5.390960571817205,-22.17064094543457,-239.88759275068315,-317.44647216796875,78.46472715405523,111.68724060058594,76.93940661246316,55.25310134887695,15.563431163967055,53.7730827331543,3.864869457587861,-69.54093933105469,25.32170232553027,50.02922821044922,21.701363053238182,-4.965108871459961,11.126158924298117,10.991716384887695,-4.898376848091159,-49.48636245727539,11.711818222306242,36.897789001464844,18.16312020703366,-25.835002899169922,10.358274898275797,14.998385429382324,4.165116707483928,-27.000343322753906,8.83759712759662,31.826038360595703,15.871909350679632,-2.930243968963623,7.975555099102267,10.802038192749023,-4.957381591462252,-32.6153564453125,9.911847605840775,3.0,261.1289659483298,119.71488582447675,59.96368652984578,78.43776706933386,0.27183496952056885,0.06489847053103802,0.009068010374903679,0.07848864430490216,58,0.0,0.010455327108502388,0.10221666097640991,2264.678549810856,1970.5451740005335,1173.9984807109274,351.38951624380246,2409.9349174838835,1853.5258911086248,848.793030192878,430.67746682638403,0.04302464425563812,0.01795973524394069,0.0006850925856269896,0.011530009188291333,5328.125,4276.726973684211,1664.0625,1219.3463763889574,0.1611328125,0.1030530427631579,0.02880859375,0.03722005621733256,0
1.835,15.526095740853258,0.0,20.683700561523438,8.318242701990851,-19.49056625366211,11.00798396391453,23.97115707397461,-1.1376889350599255,-15.0819091796875,7.30173098480364,27.289133071899414,13.748975326275003,4.862297058105469,4.322785921396056,13.068793296813965,-0.6683249283453514,-12.115150451660156,4.274444052248265,-42.39694595336914,-235.40320047838935,-320.8200988769531,74.14304577453957,142.463623046875,73.45737350398096,7.746109962463379,27.455058373057764,19.3277587890625,2.2964571817167876,-51.6243896484375,18.146519993044294,39.9843635559082,15.41767391254162,-16.409400939941406,11.478417190692225,11.628819465637207,-4.45260599769395,-42.70594024658203,10.280700454090221,26.810806274414062,17.37508647503524,-7.138003826141357,8.523541309852444,17.029308319091797,2.4335273062360696,-31.22333526611328,12.825686293194337,41.259033203125,18.171128096251653,-9.68149471282959,8.55336310614995,11.092182159423828,-4.3653056385188265,-31.450197219848633,8.6857975141625,3.0,392.13250378911954,107.6942285500569,59.92879008938176,80.59263294842162,0.3085882067680359,0.06278728595774236,0.009808935225009918,0.0917197719527889,59,0.0,0.012498228810727596,0.11175230145454407,2348.990317992388,1979.7054477896147,1132.8442113508377,394.13871132698245,3836.705739836355,2034.4836835640215,920.2484474523724,617.6324639169818,0.21817892789840698,0.03564665314153335,0.00036327954148873687,0.04902386511657026,6203.125,4400.727370689655,1085.9375,1450.707115905659,0.37451171875,0.13548962823275862,0.06201171875,0.06336457616439267,0
1.655,12.091463804529086,0.0,15.934572219848633,8.6599825242391,-18.855445861816406,7.121642555084354,12.080059051513672,-4.020786197139667,-16.28512191772461,5.286233502123078,21.02191162109375,10.575301780150486,-4.532549858093262,4.264073490860372,7.5792555809021,-1.6365564683308969,-13.850998878479004,3.254324390528955,-94.43257904052734,-260.66507266117975,-311.5541687011719,57.62400341742337,100.66246032714844,67.24360129007927,-2.0012624263763428,17.098191264871595,47.96063232421875,14.085237491589327,-12.662866592407227,10.502366020309786,71.68594360351562,23.637419040386494,12.775907516479492,14.784494985849237,13.711048126220703,-2.250679680934319,-56.61204147338867,14.858502887144061,30.613853454589844,20.689797717791336,-12.978960037231445,8.993146278545284,12.67436408996582,4.417140177809275,-14.771568298339844,7.9608121965833165,25.346250534057617,11.286566936052763,-33.27454376220703,14.04476427662877,6.267940998077393,-3.712381613942293,-25.24643325805664,7.4810021606359625,3.0,393.4747424889293,97.52780362475998,59.91745417842764,81.57588164058699,0.25060829520225525,0.04102006907431552,0.009915325790643692,0.0627174822216161,60,0.0,0.005649874452501535,0.0750768706202507,2265.208738211,2103.6934621851155,1471.7254542542905,188.33565927537055,3795.3764014491394,2055.807911863026,893.7372090636143,490.59605256826046,0.2641974091529846,0.03477759870460991,0.0004106085398234427,0.04977839595163271,5882.8125,4765.9254807692305,1507.8125,816.047407937168,0.30126953125,0.11101825420673077,0.03125,0.05611387465570294,0
2.5000625,2.7376910631677047,0.0,22.86941909790039,16.012778813325905,10.506145477294922,2.557344085039163,1.4910904169082642,-5.437833155257793,-12.305427551269531,2.4329798065374617,18.95859718322754,13.795615872250327,7.690481185913086,2.656782887807559,1.449706792831421,-3.114198744674272,-6.373122215270996,1.8795972837929948,-278.59149169921875,-292.6257312629796,-317.80487060546875,5.0773735503559045,76.57252502441406,70.82711589185497,65.61260986328125,2.3237533948866753,15.031682968139648,8.969779312610626,0.4062787890434265,2.9108095867897723,24.027324676513672,19.970865346208402,14.800373077392578,2.082629372571961,9.673347473144531,-2.1095481960079336,-6.2912187576293945,2.9016662643870306,30.829769134521484,26.058988184868536,18.96271514892578,2.614372091822366,12.801498413085938,7.094637224945841,-0.2072591781616211,2.5231530301214415,25.250198364257812,20.6241584850263,15.69139575958252,2.168509011625391,6.129528999328613,-2.441551752105544,-8.994342803955078,2.574820542484368,3.0,60.02972807594853,60.003123512373485,59.97426422886479,0.011053173455365035,0.014726354740560055,0.013264082666910901,0.009085877798497677,0.0008586606555045918,61,0.0,0.0001798213634174317,0.01283138245344162,2239.6307808834176,2191.7435116357588,2112.8686870877923,22.659655632154255,2174.019408600573,2054.3068620339864,1906.183537868453,57.33906950831734,0.03801419213414192,0.022194415142264546,0.016621645539999008,0.003669271395659272,5218.75,5003.659018987341,4820.3125,87.8256985314347,0.16455078125,0.10700776305379747,0.0556640625,0.02116568040491275,0
4.335,7.851602173517551,0.0,30.74813461303711,5.6097058741485375,-24.10883331298828,11.396459375760493,11.601237297058105,-6.230767753742197,-23.2591552734375,7.251297980834054,26.484577178955078,10.946718394756317,-12.147333145141602,7.602653107942871,10.029857635498047,-3.5235041029860867,-22.90816879272461,6.342964004672292,-4.193163871765137,-170.9853711198358,-303.1658630371094,92.81452233802241,178.2134246826172,77.35880511122592,-17.873275756835938,39.58385164011069,38.250030517578125,-4.509676071431707,-68.5491943359375,24.30864522929541,61.70899200439453,19.069466530838433,-24.425662994384766,16.50673246482748,27.383750915527344,-1.6171929897630917,-38.136138916015625,11.883702334648413,44.764827728271484,11.066755509113564,-33.20131301879883,17.234275752113188,13.299858093261719,-4.203061306849122,-35.3095588684082,12.770118787776216,37.32548522949219,11.817468411015238,-17.764366149902344,10.793919379551896,12.285511016845703,-6.954633523655288,-36.05571365356445,8.887052256046246,3.0,356.6397615828164,152.11643355771136,57.98032938641411,91.41520514295466,0.35633209347724915,0.09862734747858827,0.009039515629410744,0.09157452600390448,62,0.0,0.018185239285230637,0.1347886323928833,2539.9083815446966,1870.8489439931518,1011.510563570657,410.7543306319275,4524.568234732878,2065.9351790320857,773.823992909344,847.4744629977619,0.2617265284061432,0.04289962872837136,0.0006873707170598209,0.05686471508389805,6664.0625,4205.652573529412,1070.3125,1505.910227321247,0.50439453125,0.15293615004595587,0.04443359375,0.09829703473826698,0
1.9400625,3.4129642057030902,0.0,23.545303344726562,9.8451370802082,-25.537431716918945,10.509435838656612,6.600229263305664,-4.229197990698893,-20.469711303710938,5.0722435833848065,18.58197021484375,10.789504145012527,0.6265530586242676,3.8226985724164964,4.889420986175537,-3.894698285054965,-12.75790786743164,4.163752325070341,-25.326908111572266,-231.87664723005452,-319.8216552734375,99.7922086142485,92.30278778076172,60.80622682415071,7.315241813659668,18.92485474124269,15.344938278198242,-9.355056641531773,-90.32373046875,30.733382651318674,52.420204162597656,22.376684227927786,2.7379918098449707,10.352233263484873,6.700174808502197,-3.5378802496878827,-23.695192337036133,8.9141068076182,33.052738189697266,24.090612427133028,13.554786682128906,4.4976017721920485,18.935543060302734,5.682029671356326,-8.291325569152832,5.0420990452670225,36.40564727783203,19.244498778562075,-1.8531917333602905,7.34541025050626,12.042183876037598,-3.056071650786478,-14.510993957519531,5.693625784938398,3.0,423.855795228275,106.77364295393917,57.82533806307173,96.40161260937185,0.2003069370985031,0.04002881036369038,0.008712260983884335,0.05133683023287074,63,0.0,0.004265995696187019,0.06519534438848495,2241.517965474121,2015.1334962689104,1379.4138033634079,289.06021447295706,3269.001995196733,2189.251797039746,1586.0116539917067,349.00687024596795,0.12873291969299316,0.0358337594318341,0.01053642202168703,0.028776863262088403,5296.875,4767.161885245901,3046.875,624.022384223038,0.37841796875,0.13270043545081966,0.05419921875,0.08041888415789983,0
1.5100625,11.032363619556923,0.0,17.598506927490234,6.367741500337918,-20.236614227294922,11.11133532720283,14.727973937988281,-4.040953482190768,-14.500713348388672,5.426620239380447,20.75497055053711,9.201321450372538,-13.75462532043457,8.02329571236484,11.106812477111816,-1.437972732509176,-13.366209030151367,4.502732824959502,-76.55821228027344,-241.66098165512085,-320.4100341796875,73.26564469563256,145.63595581054688,82.0723123550415,35.330772399902344,26.79298658978185,27.317562103271484,1.220596248904864,-44.69560241699219,18.540143659435632,41.85488510131836,15.986011911183596,-26.209362030029297,15.08505243644207,22.48703384399414,-5.674065715322892,-72.84384155273438,19.237857013222843,26.074758529663086,14.816541271905104,-19.309219360351562,12.809775692213604,11.614408493041992,2.332647173975905,-20.70667266845703,8.397631203703613,47.98180389404297,18.90447359283765,0.30468034744262695,8.70695778043433,11.249834060668945,-1.0616245605051517,-14.872040748596191,4.957722008910285,3.0,249.06418236213423,97.28008032155735,59.29009825284565,66.8409801116004,0.23363493382930756,0.05043495463905856,0.008551438339054585,0.06862527930415428,64,0.0,0.007379588205367327,0.08585068583488464,2225.2550812307154,1952.1364620832721,1140.2488953476172,377.13871088474525,2811.842039957668,1895.6989853079137,906.9807646103502,429.3788089367155,0.11877609044313431,0.026245371913925435,0.0006952034891583025,0.022817577533146872,5562.5,4213.053385416667,968.75,1397.1800783667877,0.22705078125,0.11576334635416667,0.05029296875,0.03947181301022647,0
1.86,13.70286791055251,0.0,16.54056739807129,5.673026244519121,-18.06251335144043,8.799268400748645,8.772599220275879,-4.332589458105928,-20.53689956665039,5.267648199736443,16.733257293701172,8.666867534993058,-18.357707977294922,7.736078605298414,10.498024940490723,-1.1602036971914567,-15.761699676513672,5.698181528348812,-71.6866683959961,-227.86774431648902,-324.6533203125,85.57328810121979,149.0671844482422,76.81684495634951,12.924221992492676,28.388308128671248,30.95902442932129,0.4627442764023603,-72.79581451416016,26.026608987088036,43.25998306274414,16.867468276266326,-14.758447647094727,11.549816298266096,8.99388313293457,-4.14170290908571,-29.843891143798828,9.561265432119573,35.20714569091797,17.94300081214662,-7.726001739501953,11.085939994728172,15.226972579956055,-2.1472639512207548,-42.63072967529297,16.181168458804894,28.384973526000977,16.393004517939133,-2.8765201568603516,6.369871750185817,13.60507583618164,-2.870984683602543,-26.692230224609375,9.3262007009431,3.0,294.95866027419385,129.8518621122699,57.61501006702887,92.48478075919951,0.2625748813152313,0.06953634725788892,0.00853788759559393,0.08261216372377991,65,0.0,0.011837268248200417,0.10875872522592545,2482.7368023747013,1980.9231871238464,991.6352827026016,389.57349121279435,3530.5112695956323,1924.9250958745881,1091.545506089239,471.0430904842319,0.05577954277396202,0.01954276706644539,0.001385783078148961,0.012589631194160672,6234.375,4432.3358050847455,1765.625,1157.5265747728604,0.15283203125,0.09295550847457627,0.05078125,0.02556539388060973,0
1.535,17.036113098377783,0.0,16.8116455078125,7.351893809934457,-18.61408805847168,8.530535856277153,2.1198153495788574,-5.171142480025689,-15.086853981018066,3.9619861195761685,19.485332489013672,8.604604244232178,-7.8647894859313965,6.302284493332496,12.620718002319336,-0.7800406501628458,-11.538473129272461,4.137487113485728,-93.40181732177734,-248.43493954340616,-323.66717529296875,66.79471342545503,115.06925201416016,74.10502330462138,47.18744659423828,14.679776399816294,35.865928649902344,7.824821427464485,-42.23724365234375,17.863253031414324,60.15965270996094,24.417121191819508,2.7994680404663086,14.460546341230508,12.380163192749023,-2.4944892985125384,-36.768741607666016,11.445187243506833,31.11066436767578,19.702875092625618,-4.9140753746032715,9.715148509453545,24.423995971679688,5.309131756424904,-15.993733406066895,8.131513769021364,23.336782455444336,10.010216372708479,-15.450517654418945,10.640041462146646,25.77611541748047,-3.708172192176183,-28.791955947875977,11.047650696785947,3.0,235.49648183956268,124.62960535958484,56.48093819098514,80.15525244247121,0.2050061672925949,0.06720261500837903,0.008603920228779316,0.07365506467704586,66,0.0,0.009951678104698658,0.09973150491714478,2462.1531746271125,2001.3522128318684,1437.3222922094506,288.980324506632,2808.0035774761946,1846.1618662796282,887.0627988699009,455.2688450556023,0.05745736509561539,0.018811317983515135,0.00042392793693579733,0.014676590985180735,6039.0625,4311.5234375,1968.75,1109.9704344423326,0.16845703125,0.09093221028645833,0.02587890625,0.0380106437106054,0
1.7199375,7.294417271575104,0.0,25.49130630493164,9.192179132390905,-12.87220573425293,9.661584830596677,2.0486769676208496,-8.0933579493452,-25.1827449798584,5.339847058775179,20.61737632751465,12.69688559461523,-0.5053839683532715,3.8220004898485174,5.36816930770874,-4.706410660787865,-17.300357818603516,5.032909860512779,-48.427555084228516,-235.7833176365605,-327.96734619140625,83.07026476757416,156.44277954101562,75.96545752772579,1.6592979431152344,28.81654310776242,24.943180084228516,2.3820959517249354,-54.429264068603516,18.26567113288236,30.68907928466797,18.413886048727566,-0.39081308245658875,5.938747399694532,20.134498596191406,-2.8776513183558428,-30.41351318359375,10.541892732259075,31.194313049316406,18.65155095082742,-12.592594146728516,11.549647711688314,13.624252319335938,-1.2258288992775812,-34.90677261352539,14.881443619419596,36.02327346801758,18.83754565980699,7.792588233947754,5.458204085925575,6.049793243408203,-1.3079509757183216,-12.714410781860352,4.778129931714079,3.0,259.3754642444515,102.80046327825369,59.5589946583133,72.94763286122202,0.15390068292617798,0.04064590495976585,0.007958722300827503,0.04488958764107882,67,0.0,0.0036869486793875694,0.0606643408536911,2381.1745344098117,2018.8658500799045,1110.9615387526712,330.8437232808486,4350.960856642816,2059.217274779921,1042.534038678935,633.2986588371236,0.20767663419246674,0.03704420393289722,0.0018160896142944694,0.04747175715837317,6539.0625,4583.188657407408,1875.0,1116.7019282426738,0.50927734375,0.126708984375,0.05322265625,0.09238512894893437,0
1.505,7.752886235944639,0.0,25.24722671508789,12.125504850099484,-9.337814331054688,8.384620749691694,-1.4181510210037231,-7.254927324752013,-26.727848052978516,4.989305157699164,23.296371459960938,7.988053162892659,-11.318178176879883,8.527889625259604,10.854297637939453,0.11406591403647326,-8.121259689331055,4.349209743307887,-67.5437240600586,-250.71897093454996,-321.62103271484375,69.67993544625743,94.86540985107422,65.1270086436222,-0.0644022524356842,17.704986077260454,44.78745651245117,13.24774334517618,-0.3249206840991974,8.555809843609776,75.85870361328125,29.442132145166397,5.666910648345947,20.434354536785648,12.403554916381836,-6.545440153529246,-39.934059143066406,13.011095106351025,32.903892517089844,20.665570974349976,5.532841205596924,6.753871481910403,27.28040885925293,6.70578749353687,-15.69090461730957,8.267894702274281,24.16124725341797,12.330230921506882,-17.69192886352539,12.313380649457043,2.9232378005981445,-9.390691321343184,-33.267112731933594,11.594683422159683,3.0,469.8753776701526,103.27380577408864,56.55010406050722,86.6111660173378,0.14675875008106232,0.037796510655122496,0.008603975176811218,0.044152927759683845,68,0.0,0.003449794137850404,0.05867855250835419,2289.357412848562,2100.2625591321553,1668.2045182856516,175.27257506060948,3950.024787865606,2155.1863019994566,1315.2124827093949,542.5733315045028,0.2174321562051773,0.03842478595712843,0.0014783765655010939,0.04965001926452989,6140.625,4851.236979166667,3171.875,691.4521493661076,0.48974609375,0.1304931640625,0.03564453125,0.09112974660692164,0
1.585,10.86344630295729,0.0,24.595136642456055,9.189819068908692,-15.898931503295898,9.416614499815633,4.1758294105529785,-4.1734223943948745,-22.51239776611328,4.918114252053665,23.75030517578125,10.973671917915345,-6.939456939697266,6.658346503452225,5.552263259887695,-2.250569945573807,-17.21424102783203,4.442968409964495,-100.36449432373047,-249.18353042602538,-309.7362365722656,64.21622327179028,96.13412475585938,65.70924934387207,36.81944274902344,10.126411912953378,45.63017272949219,15.626670169830323,-1.3251643180847168,9.97223378877038,83.86512756347656,28.753022632598878,8.039621353149414,19.65325255633733,17.108131408691406,-2.4469129168987274,-31.062702178955078,11.001421642435243,32.193389892578125,22.464643440246583,8.599913597106934,6.2612819765796495,15.192848205566406,8.262298828959466,-6.411903381347656,4.787802892389898,30.130756378173828,12.557535738945008,-23.717708587646484,12.940438742757562,12.316375732421875,-2.7657511579990386,-18.663982391357422,6.586739775968309,3.0,262.8180657479909,94.66330009680065,57.005855052235326,68.38418587175592,0.20131787657737732,0.04793933982029557,0.00906296819448471,0.05664771327222289,69,0.0,0.005562173202633858,0.07448703050613403,2494.6515937827967,2146.8386532743666,1702.5064471253313,150.7893139648304,2979.975535315132,2044.161346382823,1004.7361607533721,375.04587767379655,0.18926259875297546,0.031109707402065395,0.0014278647722676396,0.036198833631964196,6132.8125,4867.34375,2726.5625,648.2463762010649,0.18017578125,0.104140625,0.04296875,0.036026824070576974,0
1.7849375,8.536589512104047,0.0,26.51919937133789,11.208915526313442,-19.09747314453125,8.42119138485281,22.38282012939453,-1.1757731730384486,-9.66878890991211,6.710222728003596,24.196443557739258,11.774299372519765,-3.190575122833252,5.693970730682012,5.439272403717041,-2.854712792805263,-20.478839874267578,4.517654578917065,-94.1160659790039,-254.57705552237374,-313.54638671875,64.54166439058172,162.71649169921875,80.46842970166888,46.66205596923828,25.731697444756744,29.265182495117188,6.233359860522406,-33.63346481323242,13.978662629637546,47.64177703857422,16.393439761229924,-31.24161148071289,13.132801040262219,21.35297393798828,-1.670974894293717,-51.14435577392578,12.089919172617032,41.373809814453125,22.52325020065265,-2.789456844329834,9.090797410867507,13.164581298828125,2.492802845580237,-49.06886291503906,13.209983371969551,32.84258270263672,18.107291662267276,-6.701903343200684,7.730127564637069,8.834997177124023,-1.4342384338378906,-13.895353317260742,5.010294170899907,3.0,297.408817197611,79.92021166016399,50.0,57.559532852724594,0.21183562278747559,0.04065364231688103,0.009110210463404655,0.052477725748497246,70,0.0,0.004427248612046242,0.06649073958396912,2377.870160900536,2021.2056317337936,1080.2103111598624,337.13409984242924,2676.175348054246,1872.8070044330718,876.4014731511356,414.0588084532706,0.16532647609710693,0.02474124231438119,0.0008502016426064074,0.022446660687425842,5742.1875,4394.391741071428,1171.875,1199.0060514312395,0.1494140625,0.10248674665178571,0.05419921875,0.023718050097808682,0
1.685,13.879824968398884,0.0,17.19894027709961,5.747800481769274,-15.167900085449219,9.177984831260698,2.402838945388794,-6.652241990251361,-19.459720611572266,4.845915405240715,24.34664535522461,12.220748255837638,-2.652740001678467,5.547782015919341,6.022928714752197,-2.497593400332163,-17.144290924072266,5.677765614983692,3.426586151123047,-235.2211180992846,-318.0901794433594,84.20822907721548,117.24740600585938,81.54762678326301,61.381553649902344,19.183744945966176,44.625823974609375,-0.19374681868643132,-48.38176727294922,20.908357784153626,41.265716552734375,22.370546790788758,14.400520324707031,7.242964877097657,20.65740203857422,-1.710273971253971,-33.28157043457031,11.270717050780151,30.326171875,13.14974554754653,-17.02154541015625,13.073913112781181,12.1259126663208,-0.5361129917063803,-23.48784065246582,11.158035632460884,35.199913024902344,17.748039191623903,5.017232418060303,5.05022705431536,12.831804275512695,-0.39827187106294454,-16.559276580810547,6.108077531842573,3.0,247.8644399506898,116.85109156474314,59.97216585991363,76.49767189659386,0.30333808064460754,0.06826000985742178,0.00847565196454525,0.08957464523832757,71,0.0,0.01276869885623455,0.11295320093631744,2236.642134363695,1915.100313938618,1147.2891882655447,364.9720454608657,2241.0725279133444,1804.849785776823,781.3205771864822,417.76381039436103,0.05651402473449707,0.019968005566075794,0.00030863069696351886,0.012287769939340554,5242.1875,4122.19929245283,1289.0625,1221.1129034749847,0.14501953125,0.09423828125,0.03759765625,0.028590485291750973,0
1.495,8.003917026594497,0.0,18.22429656982422,9.439612890811677,-11.64427375793457,7.313987460134526,2.2411246299743652,-6.091755276030683,-21.100919723510742,5.07266106796576,19.44168472290039,8.78501984413634,-8.800655364990234,6.7885224509855755,12.615137100219727,-0.11554030915524097,-11.563611030578613,6.326615152271726,-46.80705642700195,-228.8469257760555,-324.5576477050781,85.5349547609136,87.77761840820312,54.793184047049664,-22.68460464477539,30.78082351861789,36.869720458984375,12.111879029172533,-7.194883346557617,7.900150156816784,77.47050476074219,31.99983470997912,14.351755142211914,20.234575813272183,8.713876724243164,-8.808254030156643,-51.999427795410156,16.10461754851776,28.36927032470703,18.888295285245206,-2.8080058097839355,7.172566070489645,16.83545684814453,2.8362141131086553,-19.200960159301758,8.773587074701146,30.557933807373047,10.233007037893255,-21.838714599609375,13.480835102179256,7.815691947937012,-9.098856952596218,-34.944374084472656,11.67341598248908,3.0,258.11486090847535,102.8773887738688,58.36680575719004,72.16065956719132,0.25687283277511597,0.06000535376369953,0.008655780926346779,0.07458938995408226,72,0.0,0.009222284890711308,0.09598655253648758,2266.562931562884,2040.0081210492406,1493.078368837382,220.19540257215377,4376.676995596178,2330.120171903138,1179.0271682100072,808.405836495459,0.21278944611549377,0.04970216205680465,0.0006244495743885636,0.06214282867199161,6242.1875,4875.664893617021,2937.5,864.1276790396402,0.59326171875,0.17023354388297873,0.02734375,0.15034276830337853,0
1.515,11.426237496351975,0.0,20.87600326538086,4.780422156055768,-19.201662063598633,12.130303659158166,5.034055709838867,-5.231612775474787,-21.149028778076172,5.473682681556522,22.06122589111328,12.40155463727812,-0.8329612016677856,5.456494890922279,4.79705810546875,-3.5688954954966903,-18.289779663085938,5.153999267684463,-73.98371887207031,-235.1880022684733,-326.98553466796875,77.05977684961472,148.4407958984375,83.57802665233612,27.69373893737793,27.798832146123313,24.868806838989258,-0.7473066747188568,-61.720977783203125,19.434779317954153,43.89524841308594,22.538876573244732,15.673213958740234,6.069423495346763,21.199575424194336,1.2377074273924034,-24.845909118652344,9.346532770897102,28.170425415039062,15.014933781077465,-8.134385108947754,10.660324834799795,14.83639907836914,-2.0256754582126937,-32.04710388183594,12.13335846285207,36.602413177490234,18.844015007217724,-7.384312152862549,7.240749895644521,5.862235069274902,-1.9909549818063776,-17.178466796875,4.768115912286668,3.0,245.755164235242,113.7009251771621,59.87840315489941,74.55519895565581,0.226142019033432,0.05443696652461464,0.009495459496974945,0.06220609200940395,73,0.0,0.006930362433195114,0.08321712166070938,2294.8666130439306,1921.4278943093414,1161.648820033571,374.4069567364971,3176.8341703948004,1841.1594288545966,950.2622908165639,489.67166402043256,0.21291866898536682,0.026632381671030696,0.0013840901665389538,0.036302357419122876,5679.6875,4135.579427083333,1750.0,1294.155706738736,0.17822265625,0.09602864583333333,0.0380859375,0.03325205669240683,0
1.63,9.880521472195074,0.0,24.05225372314453,10.388058601641188,-13.211065292358398,8.313329839084274,6.39244270324707,-3.767765397242471,-22.125844955444336,5.209043369221421,20.62613296508789,9.56192006784327,-11.654228210449219,7.4290805237422,7.6814470291137695,-1.1302339308986478,-12.021728515625,3.6255480735809074,-90.15809631347656,-255.83869290819356,-322.03790283203125,64.41098508696255,138.56442260742188,79.88202330645393,63.8187141418457,21.17181610943167,31.14569091796875,5.7000088270972755,-38.32530212402344,13.425484758415339,42.683990478515625,15.61681136897966,-16.56732940673828,11.529038193090994,19.609378814697266,-2.1429863507841147,-49.12749481201172,13.466384579296681,44.474876403808594,24.27760913325291,5.559795379638672,6.970757220934645,14.16523265838623,3.7345670578526518,-29.802284240722656,10.364824785812138,25.230052947998047,13.438414760664397,-12.709836959838867,9.7868218488829,7.704036712646484,-3.1246733688840678,-30.322792053222656,8.918334791436637,3.0,275.2069126384454,101.52776179059626,56.45542923870066,73.69689858576201,0.2037467658519745,0.0398678947787951,0.008654688484966755,0.05519444506231604,74,0.0,0.0046453457325696945,0.06809983402490616,2238.3654549300277,2019.4216199924315,1280.0423347345086,299.77294751678903,2241.206208573224,1892.7251629631492,941.0049289811119,374.21669376263105,0.06332899630069733,0.022690113070055695,0.000738398521207273,0.012516221758681972,5257.8125,4456.341911764706,1734.375,1056.8759933896363,0.13427734375,0.09266812193627451,0.0478515625,0.020419932755336632,0
0.997625,7.864215041411965,0.0,17.984106063842773,1.4607440419495106,-32.30729675292969,12.242794926990316,22.264877319335938,5.492619752883911,-8.678133010864258,8.68679523493594,23.422256469726562,7.02811036631465,-6.79353666305542,5.959933453316941,17.444948196411133,1.013154607731849,-13.768695831298828,7.79072892275668,-45.530853271484375,-242.39006662368774,-414.2430725097656,129.42035456373483,158.99447631835938,69.5759057700634,-57.822391510009766,56.67286036126259,19.810161590576172,-9.058464331552386,-77.27874755859375,24.814103079358464,65.6059799194336,29.00100564956665,-10.18124771118164,20.78411944511564,13.809469223022461,-5.649642584845424,-45.163665771484375,15.029500973192558,29.654754638671875,9.44677229784429,-9.376523971557617,11.189399979765303,8.000000953674316,-16.944433342199773,-57.49295425415039,19.796084542020555,30.078781127929688,14.889337215572596,-6.281124114990234,9.400423401252247,7.219058036804199,-4.6781271286308765,-23.717544555664062,8.596087921480756,3.0,500.0,341.19488252611416,59.968857142484744,171.1910686082932,0.27336981892585754,0.07451812538783997,0.005578306969255209,0.08600265006724345,75,0.0,0.013293292373418808,0.11529654264450073,2146.0669741982483,1728.4991181235332,934.9279350009808,367.3780454285358,3808.4478889773454,2008.4040653416835,886.8965798032673,876.604970623884,0.1826128214597702,0.049851460096761,0.000313114927848801,0.05277028656900103,5632.8125,3884.521484375,1195.3125,1289.5207139785048,0.4189453125,0.129150390625,0.0166015625,0.10910976129163297,0
1.3360625,9.791740603853517,0.0,22.771411895751953,4.2028648010676815,-27.483783721923828,10.189027282814985,16.929630279541016,1.5126163775012607,-16.488265991210938,6.922672702858021,29.00554656982422,10.11936992477803,-9.482658386230469,7.891310491460542,13.012542724609375,0.3810167873189563,-10.693187713623047,6.0729615593728905,-63.79486083984375,-270.14544605073473,-420.79351806640625,128.68694648974213,164.15057373046875,76.68963919934772,-21.62403678894043,43.459678592980616,36.23126983642578,-2.999947400320144,-90.80990600585938,28.132228502797833,68.40491485595703,10.971251731827145,-12.203546524047852,14.939618282281309,18.10479736328125,-0.22083441416422525,-57.294830322265625,16.89308486676543,24.27674102783203,10.087091252917336,-16.856910705566406,11.94355456332015,12.790669441223145,-6.415555863153367,-56.05043411254883,18.41431908564631,28.429649353027344,11.230945212500435,-14.257667541503906,8.641444703031269,12.764837265014648,-2.5212073844103586,-24.222652435302734,8.658731278501179,3.0,389.7941014293141,165.12711438024948,50.0,120.67443968121505,0.30053555965423584,0.0547080855772254,0.0037462040781974792,0.08429164566064849,76,0.0,0.010158814489841461,0.10079091042280197,2374.9128296517624,1898.281878631001,897.0100346987891,387.01068177104656,4898.524390713213,2091.3396208309637,1020.3451962817112,1047.5997977191303,0.35758331418037415,0.0761228460968206,0.0005751337739638984,0.11023828647231505,6546.875,4302.269345238095,1460.9375,1397.038581125018,0.4853515625,0.16477167038690477,0.0380859375,0.1386709008239444,0
1.2291875,11.962002915899996,0.0,28.687416076660156,3.182210181768124,-26.433656692504883,12.329230277420422,4.153512001037598,-2.7328114165709567,-18.014076232910156,4.970875214771908,25.333969116210938,9.158814343122335,-21.65030288696289,9.36735435873985,17.749134063720703,5.1648365167471075,-13.231266021728516,5.6618705978994495,-45.46480941772461,-278.77819276467346,-404.27215576171875,126.07371904794199,137.54147338867188,84.99677751003168,26.4746150970459,23.201915999492822,44.07530975341797,2.5786886582007775,-69.42813110351562,26.421587973651775,47.75703430175781,19.194686186619293,-18.370380401611328,13.279051814763104,21.311599731445312,5.229891504996862,-18.661087036132812,10.567380682956669,26.293954849243164,13.606875502146208,-9.406694412231445,9.413626408059995,16.322629928588867,0.24389890524057242,-32.3726692199707,13.713858801114627,32.93567657470703,15.307012678721012,-10.033686637878418,8.944811837087965,28.563018798828125,-0.4870232993211502,-26.77117919921875,10.488741687608359,3.0,479.520533045096,141.67308137244916,50.0,120.60963510194301,0.25733330845832825,0.05732212128499762,0.004702763631939888,0.07827696285755661,77,0.0,0.0095582390204072,0.0977662056684494,2434.1700883583158,1863.4778571311654,1023.8208039935552,293.1017255777803,3850.2103580708854,1719.6587497841979,571.9207126606154,684.8776681556928,0.17692573368549347,0.03065966416145854,0.00019095507741440088,0.04444637042807818,6015.625,3739.5833333333335,531.25,1196.904620569179,0.25830078125,0.08282001201923077,0.02685546875,0.057268501565738705,0
1.5320625,14.687412732710927,0.0,22.78765296936035,1.994197445611159,-21.544384002685547,9.756553424167992,11.81064224243164,-0.4793744906783104,-20.959333419799805,7.405037076286615,16.17672348022461,7.0956477125485735,-8.183112144470215,5.987648308229773,13.6455078125,4.456072633465131,-9.967172622680664,4.256398047259819,-140.97467041015625,-327.3555409113566,-412.8951110839844,83.29348137710248,125.84310913085938,78.08202703793843,30.92908477783203,18.606799129825767,74.12438201904297,15.83597277229031,-26.865285873413086,22.069164063993956,73.14985656738281,27.363423188527424,7.723546981811523,17.342028257825366,17.602144241333008,0.8548439368605614,-33.064361572265625,14.057108504743287,35.138614654541016,16.320679614320397,-13.258787155151367,11.21125924016483,17.314414978027344,3.133771983285745,-28.368379592895508,9.46444208445187,27.174846649169922,8.67043000770112,-37.3426628112793,16.949335021655994,9.425924301147461,-2.7311057647069297,-29.68319320678711,10.546489817687336,3.0,465.0530601529965,110.73190558770885,50.0,90.47898892617762,0.20826300978660583,0.0380252071384651,0.004950962495058775,0.06031313205625992,78,0.0,0.005097812972962856,0.07139891386032104,2230.050191677426,1959.9648767566214,1379.9056063056696,181.31214911850054,2583.7079188670486,1684.212812964642,862.8310204727296,356.44302499785425,0.10446085780858994,0.024852701655618148,0.0007328172796405852,0.025760781365265606,5132.8125,4018.06640625,1304.6875,751.5262862037388,0.19580078125,0.067718505859375,0.01953125,0.03950656962914927,0
1.4875,20.279209939966105,0.0,17.323444366455078,0.387818066522162,-27.64246940612793,11.210347926129943,17.043184280395508,2.673283152123715,-20.461275100708008,7.117902351297809,13.773366928100586,2.0221194231763797,-21.739276885986328,9.832271385991657,23.920488357543945,7.319249449892247,-3.3074698448181152,6.51935060118592,-61.72344207763672,-314.0651960981653,-407.12286376953125,99.31572505751221,162.92813110351562,101.22358314027177,70.78668212890625,24.4037376249013,40.00862503051758,1.9376165334214555,-54.168575286865234,23.97443253174761,22.296672821044922,6.8048525715762,-19.53435707092285,9.502782449580433,21.311288833618164,-3.5489517780060464,-58.04570770263672,25.93084934714452,37.1375732421875,20.235185318804803,-12.1549072265625,8.80193331002833,18.754528045654297,3.4063721172353056,-21.42151641845703,9.935443679233796,20.143230438232422,5.6612951311659305,-24.41867446899414,11.613677416975191,28.091495513916016,2.5203108888991337,-24.044620513916016,9.987565375136072,3.0,390.6995617285014,128.45805553990917,59.24456590619736,85.05003761745009,0.3757610619068146,0.07733283275143897,0.004505653399974108,0.1156836588473203,79,0.0,0.01957886852324009,0.13992448151111603,2186.707465426626,1686.2794605041463,985.1123667081031,410.71358928905096,1909.538824998794,1379.1078819731058,626.6658425871797,345.8155832507557,0.03429081663489342,0.012783720017475214,0.00018061493756249547,0.010408439213666673,4640.625,3128.158244680851,835.9375,1311.8692478720875,0.1279296875,0.06258311170212766,0.01708984375,0.028960824621915796,0
3.0016875,11.082942137686839,0.0,18.729108810424805,-0.40056643016794896,-26.80027961730957,11.722915007806478,12.641968727111816,0.49718287682279627,-20.075244903564453,6.563002502202498,26.703964233398438,4.383243677463938,-20.737459182739258,10.2233071602312,16.534000396728516,3.042661593791018,-12.131701469421387,5.410966533153751,-42.41373825073242,-254.5175112054703,-432.6103820800781,130.66111319974627,155.80795288085938,89.75104270082839,10.571769714355469,28.677164838842888,50.15789794921875,-8.148589186845943,-86.19898986816406,31.795649139221677,87.89952087402344,25.013396741861992,-13.372528076171875,21.68527337175012,24.336997985839844,-5.862994901043304,-56.027198791503906,20.183014975401843,38.25719451904297,10.762357620958317,-28.165130615234375,13.708264096272627,16.79928207397461,-4.268997101707662,-52.831298828125,14.58227333516454,30.659439086914062,8.128084940479157,-28.926286697387695,12.845397078293685,19.848220825195312,-2.69089608338285,-31.49250030517578,11.01757477505433,3.0,500.0,142.08962581282344,50.0,102.94429762535484,0.2842940092086792,0.06919887345878685,0.004616288002580404,0.07666279186658868,80,0.0,0.010688957758247852,0.10338740795850754,2217.4832554519307,1741.286871410279,917.7417112163743,340.97181609557913,3645.922953335546,1642.0379390991989,841.0808425111051,500.90348861616434,0.3090572953224182,0.030305837020971515,0.0004955665790475905,0.05040697015027648,5867.1875,3654.5877659574467,1546.875,921.6530173740929,0.28466796875,0.09959898603723404,0.0244140625,0.06217531231107281,0
3.242125,14.27442510741923,0.0,24.21251106262207,0.17653986870073804,-22.705135345458984,8.756638148784962,19.452953338623047,-0.9906943373236001,-19.754287719726562,8.411631654179764,21.5717716217041,5.834903073661468,-21.79336929321289,9.036055600981378,12.926401138305664,1.1092237096791173,-11.763986587524414,6.138768991778071,-53.407039642333984,-228.15028085895614,-415.0862121582031,121.93462053008751,155.4720001220703,80.27912107285331,-23.456134796142578,33.996099231433135,55.60755157470703,2.151013461105964,-98.96480560302734,32.31191057481626,76.65300750732422,19.584285981514874,-27.237098693847656,20.583226851034706,21.208839416503906,-8.18392852766841,-48.848052978515625,21.014887780310854,32.167091369628906,5.0989695479180295,-27.02802276611328,15.035268157918646,24.738231658935547,-6.127773183817957,-44.72981262207031,16.88792822612627,19.980640411376953,3.6991626602761887,-24.686908721923828,10.673302424046593,18.536174774169922,-3.7399812051478554,-32.81210708618164,11.352698904171325,3.0,500.0,185.51932559720515,50.0,100.81290796707577,0.23501262068748474,0.09782201874608576,0.0037673816550523043,0.08094645980093909,81,0.0,0.01623065397143364,0.12739959359169006,2732.954457585956,1834.7043308743123,1000.2699202779518,426.57882455198046,4765.793263603683,1814.9770140930852,620.7555368364228,911.9467933836418,0.33488303422927856,0.03411251864528429,0.00012729343143291771,0.06397209477855396,6921.875,3861.9025735294117,671.875,1477.278071956043,0.64599609375,0.12567497702205882,0.02099609375,0.1278255179633395,0
3.8656875,12.006956022364866,0.0,15.69310188293457,-3.9373865469920735,-37.19104766845703,10.430502070421944,11.656771659851074,-1.500384191343607,-25.586441040039062,7.75972479491471,27.88402557373047,7.970881760736142,-20.04806900024414,9.428545559881847,17.233562469482422,-0.0786727393461653,-19.513511657714844,7.549244771356199,-25.741697311401367,-224.35182240383685,-408.76788330078125,121.8839867096399,152.8443145751953,76.24582642070519,-47.52571105957031,41.011828976761485,46.507469177246094,-5.741567657998771,-93.59750366210938,33.258813018034814,88.34292602539062,17.860407571162074,-46.0069465637207,23.5469308958016,24.140003204345703,-8.408265871942536,-71.35816955566406,21.480182567504617,42.64089584350586,13.852656174789775,-19.024494171142578,11.692787865094092,11.340715408325195,-8.55351434808132,-43.46784591674805,14.326162115860045,35.402828216552734,8.328717389875207,-28.506027221679688,14.474753131231267,22.525630950927734,-0.30354633927345276,-31.48212432861328,10.490968460329173,3.0,500.0,185.47358525190134,50.0,114.69329830664233,0.30167582631111145,0.0834719968136123,0.00449637183919549,0.08319110275649584,82,0.0,0.013911266811192036,0.11794602870941162,2673.4005540464104,1785.6751565603902,854.2908329894849,411.2355592937065,4458.44597304087,1997.837722401841,768.36921168917,943.2336887123281,0.3107094168663025,0.05764838011874259,0.00022153813915792853,0.08445983476457704,6867.1875,3982.0506198347107,1242.1875,1439.191284579695,0.548828125,0.15019289127066116,0.0302734375,0.11845256660447068,0
1.8971875,21.709809529231237,0.0,12.832554817199707,-0.7606317361195882,-27.88621711730957,10.81822585471993,18.466205596923828,0.07024066373705865,-24.814672470092773,8.610429366051086,12.283281326293945,4.458819069961707,-14.809513092041016,6.42847389829302,23.80788803100586,5.57677984337012,-7.877435684204102,5.971316849145275,-103.95101928710938,-340.49698168436686,-422.1177978515625,82.68095019212868,164.74203491210938,91.72469565073649,59.19947814941406,20.627195064819773,44.20939636230469,4.663091733058294,-39.89342498779297,17.39231861415885,76.07318115234375,20.919074668486914,-33.82160186767578,21.88040039142028,26.151596069335938,7.213148013750712,-40.15863037109375,15.758606143294235,34.58351135253906,11.566519530614217,-19.44129180908203,13.730551267907725,17.00998306274414,2.4889180580774943,-29.7072811126709,9.995715055943357,25.128437042236328,10.557739969094595,-25.69837760925293,10.48694948467067,16.83281898498535,-0.22248296638329823,-27.626583099365234,10.79155081874536,3.0,280.22563010349637,121.3210136572812,52.00531461593794,81.58216395541876,0.3079524636268616,0.053699745400808754,0.003775309771299362,0.08709520435566462,83,0.0,0.01059552188962698,0.10293452441692352,2351.049559444666,1799.7514731872652,832.5323050894963,374.7419922637074,2561.175088925509,1458.002536855774,524.8789561069386,385.3944447109592,0.13281528651714325,0.0181752993824072,6.0860413213958964e-05,0.023463956220051464,5859.375,3542.7083333333335,546.875,1148.059626987229,0.0986328125,0.059529622395833336,0.025390625,0.019309098683196774,0
1.3984375,12.311626300997203,0.0,20.634017944335938,1.9984246682037006,-24.017290115356445,9.592353026741051,27.229564666748047,1.8322313536297192,-25.763896942138672,9.152072024883417,15.552349090576172,4.660133598880335,-10.220161437988281,6.677625986361884,18.985824584960938,5.675926929170435,-15.232221603393555,6.252100481096783,-117.0518798828125,-318.40129019997335,-418.6065979003906,96.63544081829264,106.008056640625,79.6072269786488,44.967262268066406,10.116039162945972,77.43960571289062,15.813050486824729,-31.567241668701172,22.290131189838615,82.22281646728516,25.55837492509322,7.090601921081543,21.950852699761057,22.434619903564453,-0.30217743664979935,-61.790069580078125,26.02589199206369,23.136455535888672,9.976394245570356,-9.985520362854004,11.00128613888151,16.583419799804688,2.6968879503282635,-16.03273582458496,9.08395502563755,29.369226455688477,4.8656851053237915,-39.560333251953125,18.50505220078297,11.634687423706055,-1.920616272159598,-29.314556121826172,12.291258457019811,3.0,500.0,171.40745256539972,59.44126166076596,150.6717563591967,0.3533938229084015,0.052652649084021425,0.005205814726650715,0.09708190003105999,84,0.0,0.012281259521842003,0.11082080006599426,2216.896973402305,1917.7713223367346,1502.493059046764,177.78140884128734,2526.313053548124,1618.9336863657998,1144.863460253117,265.9110041041969,0.08077128231525421,0.019906542110468516,0.0004253595252521336,0.019204174115934818,4835.9375,3966.796875,2882.8125,463.6354646997016,0.16845703125,0.06951349431818182,0.01953125,0.041343021819844325,0
1.79925,17.8441885774435,0.0,20.24744987487793,3.0582982087344455,-17.321823120117188,8.61804503644395,13.557693481445312,0.8444858240453821,-13.164497375488281,5.926010116654417,15.395627975463867,5.460723206662295,-13.830587387084961,6.611925104451804,16.760025024414062,2.5882836784187115,-17.823467254638672,6.869973106371144,-92.46368408203125,-313.28688839025665,-421.2499694824219,107.8467234943659,150.62657165527344,90.24048186185067,35.944915771484375,20.506709639834696,19.497406005859375,0.6124980345106962,-57.66547393798828,18.295409496242833,44.328285217285156,11.588836870695415,-35.06745910644531,19.49643859824061,21.19947052001953,-5.066082612464302,-68.1042709350586,25.761855587079804,41.65607452392578,17.518422975874785,-14.278847694396973,11.922960581322785,25.296960830688477,4.960534269349617,-20.57640838623047,10.371413833797208,26.12173080444336,11.356559719955712,-16.489408493041992,10.227853345357719,15.262907981872559,1.2093548424411238,-26.919612884521484,8.050522301932828,3.0,500.0,140.51666501736014,50.0,121.00033336394868,0.27056369185447693,0.05507998870228205,0.004543221555650234,0.087030654597498,85,0.0,0.010754569433629513,0.10370422899723053,2248.155844644519,1815.977049375994,1149.2645312112456,319.7197384808132,2803.111384964523,1564.857124066109,847.9578569530179,370.6769370712446,0.12379404902458191,0.02212718895763126,0.000364607636583969,0.027127389984868674,5218.75,3603.7554824561403,1140.625,1069.5721667878242,0.26806640625,0.07688288103070176,0.02734375,0.04662654866416821,0
3.57175,13.381752154580946,0.0,13.325102806091309,-5.766136565046119,-32.72566223144531,12.177778455640818,15.572221755981445,-0.4387541815106358,-16.874980926513672,7.781346919186432,30.30983543395996,4.662021806064461,-23.210132598876953,10.55741139226936,15.86314582824707,-0.077656847158713,-20.466899871826172,8.361376850727266,-34.54798889160156,-208.47491485731942,-423.9668273925781,123.72654882283807,198.2371826171875,105.48588900587389,-8.646151542663574,43.109330576064615,48.61687469482422,-10.969400513651115,-97.88574981689453,31.448800049456665,62.10460662841797,13.972534475049802,-49.332977294921875,20.12186022059874,21.92148208618164,-9.96640404606504,-60.1387825012207,21.922025656429625,36.337440490722656,7.489946280473045,-29.852523803710938,14.932880912920728,15.128138542175293,-14.190833242610097,-55.83114242553711,20.24969886666816,33.52130126953125,2.7520672250539064,-35.996543884277344,13.199915663139397,21.302133560180664,0.44905221861388,-23.578388214111328,10.438716212667847,3.0,500.0,191.47029787698915,50.0,101.36277168514339,0.313369482755661,0.11864799421372092,0.0032497441861778498,0.09507033891365729,86,0.0,0.02319536916911602,0.15230026841163635,2654.357957621891,1582.9854421165492,801.5903685347141,487.1995934996715,4280.477113603254,1534.851712057328,563.849839644856,783.2684481146396,0.31848061084747314,0.029383208807563017,0.0001499553327448666,0.06388192145129987,6898.4375,3128.6272321428573,734.375,1577.1111380110258,0.47216796875,0.10349818638392858,0.02880859375,0.08766617780600529,0
1.8794375,19.36419285448416,0.0,16.821739196777344,1.628899993280233,-22.621896743774414,7.850683811496517,22.212261199951172,1.3553118331957672,-20.65746307373047,8.134719129575434,17.802000045776367,4.427982015124822,-16.438514709472656,8.96633029621189,25.557449340820312,7.060653546856622,-9.451101303100586,7.084473673300607,-89.28997039794922,-321.1277216248593,-425.3683166503906,101.87009871269969,159.08706665039062,90.15960842067912,37.54662322998047,21.68622656054255,48.27008056640625,9.339084584834213,-48.66692352294922,21.05883146296705,34.33579635620117,8.218494509236287,-11.40101432800293,9.542570652071362,16.22097396850586,0.07892623392202086,-50.970458984375,20.677275251970272,29.222627639770508,18.160984750521386,1.5845072269439697,5.894807065421205,21.52703094482422,1.5004922878944267,-28.578447341918945,14.567101284384314,30.981426239013672,7.862293227244232,-23.65738868713379,13.764418011269106,17.32960319519043,0.062294841822931324,-29.823591232299805,10.174524029965202,3.0,500.0,157.18373696161765,51.987293033499476,132.93053861651438,0.3967127203941345,0.07032915003503025,0.003120856825262308,0.1175935256688817,87,0.0,0.018860556185245514,0.13733375072479248,2457.282280276225,1838.873899640823,957.380714597035,380.3177759217596,3383.3639084281194,1535.1165282290474,690.5917606760034,459.92525253105936,0.16454795002937317,0.019122572035885858,0.00020793627481907606,0.024676344957066363,5953.125,3560.116525423729,898.4375,1280.7688985366963,0.09765625,0.05973583156779661,0.0302734375,0.014220558933737838,0
2.048625,12.996774787127581,0.0,16.00325584411621,4.414473912807611,-16.405197143554688,6.468120806732161,8.79745101928711,1.0846668711075416,-11.53154468536377,4.546478747763447,22.97186851501465,7.589890193939209,-32.52728271484375,9.841812473287828,22.764934539794922,5.125072102363293,-3.6777327060699463,4.279511515858886,-85.93424987792969,-330.6057672353891,-430.0174255371094,101.16810210940804,160.3535919189453,81.35213394898635,-12.854680061340332,29.693037002971057,28.550308227539062,7.240531746240762,-28.367687225341797,12.10230346117288,54.14930725097656,16.349603837270003,-11.713953971862793,12.102249704316812,16.078601837158203,5.622224243787619,-60.175514221191406,13.22926997445816,25.44771385192871,12.11175815142118,-24.69424819946289,13.435244315002027,12.890853881835938,3.3280524235505324,-24.826133728027344,8.728837600842272,33.12797546386719,13.767832866081825,-12.033809661865234,8.772131025553774,10.795879364013672,-0.7823152445829832,-29.775693893432617,9.365898086034804,3.0,500.0,131.91350740335682,52.717696948882406,118.95092810187683,0.24150420725345612,0.02849484276241408,0.003882834454998374,0.05618877341514341,88,0.0,0.004030383657664061,0.06348530948162079,2459.6072632222936,1969.201251692273,1141.5765333711176,260.59232922161607,4331.491205597836,1802.716043180086,785.817241864592,743.1146282889172,0.39610886573791504,0.05200713449336875,0.000780644768383354,0.09404919639334527,6859.375,4202.0432692307695,1625.0,1043.9053360299083,0.60888671875,0.11218449519230769,0.0048828125,0.13485277518585723,0
4.328875,11.977478172532939,0.0,15.08838176727295,3.7818876623230824,-30.107177734375,10.443784636582295,14.886043548583984,3.504643028273302,-20.126544952392578,7.908279993284696,27.16765785217285,10.56871276688488,-17.969314575195312,8.51176624782652,35.308021545410156,6.442217953941402,-9.293813705444336,6.147606455104171,-28.215789794921875,-294.4737528632669,-416.17303466796875,127.79881118630927,157.41812133789062,95.85295227345298,-10.533899307250977,28.084807319318486,41.736572265625,12.965159871560687,-90.63993072509766,27.62264163728565,66.09323120117188,25.039721786318456,-4.848147869110107,11.003808311477968,31.913244247436523,11.914704640122022,-63.244773864746094,21.71371364202167,36.06439208984375,21.620977324159707,-16.25971221923828,12.693086293520638,24.269977569580078,7.605439167688875,-40.76341247558594,16.27461024030017,35.67948913574219,16.618419535896358,-21.54180908203125,11.271674805240936,23.68677520751953,6.824716793482795,-32.69816589355469,10.240009353484863,3.0,500.0,112.9018167860014,52.75873947959513,85.92926462154519,0.28638821840286255,0.06888229955289074,0.005999138578772545,0.07524286156958444,89,0.0,0.010463010519742966,0.1022888571023941,2556.045375101491,1620.270152317721,1111.208479359703,294.76795417300644,4643.753610626432,1191.9973190787937,525.8035299302373,781.8906049692961,0.28767508268356323,0.01788533064449011,0.00011602659651543945,0.049719088757828434,6867.1875,2398.6098345588234,625.0,1420.9061455634635,0.49658203125,0.05398021024816176,0.00634765625,0.08136827180257303,0
9.3,12.651377826224056,0.0,35.544673919677734,5.471107213255466,-24.10688018798828,12.376704664800156,16.58539581298828,-3.0518802035715162,-29.141006469726562,8.18655239316201,11.975448608398438,-3.3141102336116672,-31.74163055419922,7.834282041628466,16.766721725463867,-2.5167976110482337,-23.36695098876953,7.121269742294369,-89.87821960449219,-224.26623862879381,-426.96405029296875,74.74788318482585,132.1572265625,72.97579913368749,-13.439823150634766,35.43684155234338,69.85041809082031,-14.55935533841451,-57.881954193115234,26.21205605822181,51.86524200439453,-16.331576653567378,-77.20718383789062,30.061331969815193,28.065717697143555,-24.98562689765622,-57.0976676940918,20.632121344820487,24.589820861816406,-23.223234817232054,-71.62611389160156,21.323293254782428,21.482328414916992,-7.682720662699532,-36.08870315551758,12.55346133816036,24.663192749023438,-8.487012613679944,-37.429100036621094,12.519611294723807,27.24671173095703,-11.22690347446244,-37.121829986572266,13.459488704633204,3.0,500.0,230.31097850373297,50.0,77.60510135555164,0.26151567697525024,0.08124317010845412,0.002277018502354622,0.059631510283137214,90,0.0,0.010184337384998798,0.1009059026837349,2923.19564223977,1759.8860843421837,1127.7888290627582,400.14152729972216,4773.769459584673,1822.0547792809853,805.7293736945837,747.1937648088917,0.3590518534183502,0.026837944011808026,0.00013002418563701212,0.05902295624780137,7015.625,3402.330326460481,1195.3125,1624.7985536951207,0.66162109375,0.13941352555841924,0.0,0.10695780872104739,1
8.4,14.454948556240156,0.0,27.20838165283203,-2.1624891641248767,-32.995880126953125,15.168297807970992,30.695514678955078,2.890082406567077,-24.34579086303711,11.493158302938436,13.385562896728516,-8.911225465030725,-28.42922592163086,9.127180958443951,17.875226974487305,-8.428991885579585,-29.158658981323242,7.4288516074085695,-28.217641830444336,-244.4999983537333,-428.1712341308594,97.6500898719932,131.8386993408203,64.19291177358011,-15.74930191040039,38.957459407041306,64.09090423583984,2.6461597524668328,-52.114356994628906,29.164663272228893,53.520782470703125,-11.935723433533095,-68.25677490234375,30.88211580246818,39.51542663574219,-20.568882151021704,-55.68537139892578,24.749266772843246,26.05640411376953,-15.260909809019175,-57.478187561035156,17.681846201410245,24.319412231445312,-12.056065085156336,-54.06109619140625,15.886511243542099,23.55207061767578,0.2723413713191399,-33.626380920410156,10.727938852623698,21.843013763427734,-10.694971821380658,-44.60591125488281,12.815669307083049,3.0,500.0,265.6334767104004,54.41513934661415,81.03296976945016,0.3905991017818451,0.09256942205559533,0.002358585363253951,0.08718420000501254,91,0.0,0.016212735325098038,0.12732870876789093,2859.271283394644,1894.6070588534717,1155.2470933297973,456.8990284053255,4818.959340987616,2075.5470065817276,1065.7557942347155,988.5087180917056,0.26264873147010803,0.03208991811042404,0.0005777187179774046,0.06234308636221393,7085.9375,4051.7169676806084,1195.3125,1836.683961665871,0.6396484375,0.17148697421577946,0.0009765625,0.14049588538467253,1
6.45,14.5616628604124,0.0,30.901607513427734,-0.9447068576101619,-19.15873908996582,9.15754156467798,16.843521118164062,-5.197194986045361,-28.174924850463867,10.013798745206703,13.985063552856445,-8.840626524521573,-31.920482635498047,8.668682212612763,9.680991172790527,-11.226953495109436,-26.070903778076172,6.577350934827853,-115.55288696289062,-288.7155362497462,-424.78033447265625,67.3414669673555,136.85418701171875,67.66633002002641,-19.368194580078125,35.37464749947746,68.44569396972656,14.686322228890834,-53.82760238647461,30.96956663253503,9.32857894897461,-24.134179234799774,-75.8880615234375,19.94602827054725,21.684572219848633,-12.645169448144365,-52.7933349609375,16.051931501154108,26.097959518432617,-9.733727842126742,-35.705909729003906,13.682040573661833,37.21303176879883,-8.265827479486418,-35.990333557128906,14.034802717010425,26.930049896240234,-9.028968023191585,-39.180442810058594,13.679972942238908,13.714361190795898,-12.82639929814504,-40.391632080078125,8.998869704582638,3.0,500.0,223.0454727916847,50.784172307590005,86.59394487789397,0.22745035588741302,0.03885070660548045,0.002319031162187457,0.038743259461231166,92,0.0,0.003017339389771223,0.054930295795202255,2737.765064422795,2101.145747808572,1343.2691092936445,363.08766512570895,4749.849731568366,2177.130125351251,1152.4818256900603,992.768289030591,0.30699560046195984,0.04747288564213155,0.0009785413276404142,0.0781999840459477,7140.625,4594.098081683168,1140.625,1757.835412994393,0.6435546875,0.18697304300742573,0.03564453125,0.1671055778198302,1
8.7,17.42268118919471,0.0,24.469802856445312,-0.7674785430597908,-32.675392150878906,10.618068939507271,27.115676879882812,3.628983944764032,-18.995086669921875,9.204297813735883,7.810572147369385,-9.446867594550199,-30.682889938354492,9.464162163180303,9.50592041015625,-13.42876610992586,-33.52526092529297,6.8256667804215345,-150.4805908203125,-314.6649502024931,-432.1871643066406,84.65915652410624,102.31228637695312,41.21930418579894,-20.71457290649414,39.19555403978554,63.82740020751953,19.227099102538297,-35.508506774902344,21.300839005814215,44.974456787109375,-14.018534940393533,-60.44691848754883,23.660780467172533,55.086097717285156,-8.190012759145569,-44.87312698364258,21.861358087957537,20.17827606201172,-2.9551129504928695,-67.85565948486328,16.130017590086798,16.52625846862793,-9.260479858282077,-36.216064453125,13.482846288624314,25.084638595581055,1.9464448447174885,-20.169395446777344,9.428735846350657,28.52362060546875,-4.931891246863148,-39.687896728515625,11.65636722361288,3.0,416.859243363859,219.04124592980406,54.42029899347535,84.92157471383757,0.18272565305233002,0.0440013555198675,0.001981683075428009,0.0428738654653965,93,0.0,0.003776140743866563,0.06145031005144119,2750.5619183655194,2114.5385732922055,1374.504377345399,335.1357875081666,4823.669051099888,2780.8805193550406,1279.932889099245,1375.3414611375083,0.30023035407066345,0.09325173002552593,0.0004057757614646107,0.11462803417770295,7062.5,5208.49609375,1625.0,1631.6208703903906,0.65087890625,0.2853842342601103,0.0439453125,0.23429515769344753,1
4.65,4.184295589417853,0.0,10.316781997680664,1.345532300996862,-8.293413162231445,3.5430252658813495,7.1787614822387695,-1.3490837072979098,-11.498127937316895,3.477964626668985,11.729142189025879,1.1574856342926418,-9.377702713012695,3.021559972125002,3.5477938652038574,-8.745476438166344,-19.92081069946289,3.7826587122958615,-300.9790954589844,-411.7950134277344,-428.77239990234375,16.4657193813023,99.73391723632812,-3.9047618524668968,-19.029193878173828,13.022413768946317,47.1220817565918,36.579349831359025,19.369464874267578,5.361049301861908,14.849581718444824,1.6110839780471096,-23.73374366760254,6.363779452376941,30.76858139038086,17.86086045389306,3.9227898120880127,5.050957400751871,15.990806579589844,6.461413818475318,-4.747418403625488,3.654278949273426,14.595111846923828,7.22522119218356,-4.861784934997559,3.2555575474621143,22.326181411743164,12.906287570522256,2.5536999702453613,4.253575149603243,8.554927825927734,0.949296284211825,-12.904121398925781,3.4419251858169937,3.0,262.8473487992863,107.73444548478554,52.640834632886616,35.96427637047415,0.008118458092212677,0.0027973844306160736,0.0018560648895800114,0.0008699974548721135,94,0.0,9.058717296284158e-06,0.0030097425915300846,2725.3031194163573,2419.795576666283,2223.1407131141254,95.35076135830866,4792.185175896836,4462.09850767894,1672.0867711099563,354.9026835087279,0.31496044993400574,0.22006597248709772,0.028228456154465675,0.04789543672955795,7070.3125,6949.058219178082,4812.5,194.34955079642936,0.6396484375,0.5407213184931506,0.23583984375,0.07639357882088607,1
1.8,10.207635021217227,0.0,14.298943519592285,3.8020493670513758,-19.02641487121582,5.845963289780426,11.659252166748047,-3.036536279477571,-23.239887237548828,6.9557116415002245,9.1503267288208,-3.588994356623867,-24.151338577270508,9.654276887003773,14.988587379455566,-6.5583742344588565,-20.47871208190918,7.995387134968358,-143.31243896484375,-345.39551450495134,-439.2821350097656,93.01121616448333,110.61207580566406,18.716986739844607,-16.060529708862305,36.47744809564965,46.89421463012695,14.670665730509842,-58.7415771484375,29.64628136417903,52.854347229003906,1.5820245842138927,-36.95886993408203,18.790498886614245,34.894256591796875,10.682914262278038,-22.823326110839844,14.494080295002057,25.068449020385742,-2.058995847116437,-66.68515014648438,20.819054360966287,23.887222290039062,-0.8175368852782667,-42.56649398803711,13.493061980700594,24.94444465637207,4.288152110158351,-31.61665153503418,12.692732669105787,11.658164978027344,-5.072327524423599,-38.118995666503906,12.401603889317267,3.0,434.73757118446497,139.61318663593164,55.7649953436072,82.14250782748103,0.15848293900489807,0.02483097227135052,0.001728530740365386,0.03994440006981077,95,0.0,0.002241692505776882,0.04734651371836662,2770.2989332408906,2198.425902616453,1341.072556718999,355.1736887657471,4788.244862296551,3575.1662961349734,1138.1796725536137,1269.9344230164709,0.35805392265319824,0.16361617400482492,0.0018328275764361024,0.11083056391692706,7117.1875,5916.803728070176,2320.3125,1614.9459468490966,0.6484375,0.4223547149122807,0.0380859375,0.1954967069937759,1
2.1,15.935326224705705,0.0,15.55868148803711,3.4665093259377913,-20.069917678833008,6.990174291879452,20.11602020263672,0.6535871418362315,-13.988161087036133,8.004897881175607,8.67376708984375,-0.5858772320277763,-16.692129135131836,6.699859621344749,6.023093223571777,-5.811435613668326,-19.069713592529297,5.5422903038538225,-130.68006896972656,-346.28506955233485,-452.93035888671875,98.57365083586824,82.03480529785156,10.984264916542804,-22.0256290435791,28.525819934537484,42.52330780029297,7.11463452649839,-83.49427795410156,31.186207873508483,53.74510192871094,-3.1343573819507253,-58.096309661865234,21.393957020814174,27.923389434814453,4.070470652797005,-58.41517639160156,20.369851445227408,20.350303649902344,-3.6778657684723535,-43.681766510009766,16.674561963001715,29.669689178466797,-1.22176025130532,-27.250011444091797,10.930547119495428,23.551742553710938,8.253612373362888,-16.057247161865234,8.669693807952152,15.581014633178711,-0.32446776623978757,-23.82686996459961,8.013966393672453,3.0,500.0,164.84184714805517,52.115298039014284,104.80820474658964,0.19868846237659454,0.030324251911334806,0.0016701659187674522,0.054012167917111054,96,0.0,0.0038588710594922304,0.06211981177330017,2585.493995524953,2163.990457458144,1228.615214652159,376.56922931684807,4806.645586517811,3703.075386933624,1446.1967025131921,1185.5862690454605,0.3043610751628876,0.18337740120830748,0.001192805590108037,0.10754182958580868,7078.125,6002.485795454545,2531.25,1608.2012944233313,0.650390625,0.4348440459280303,0.0693359375,0.20338968897831677,1
10.0,18.71997296649789,0.0,21.589153289794922,-1.3878267679256373,-36.90153503417969,10.276585577993956,22.599773406982422,-0.7171600661433923,-30.437040328979492,9.386367804737393,19.797840118408203,-2.480836778861313,-23.775146484375,8.793301981223541,10.590713500976562,-9.11405162127635,-36.878753662109375,8.82971196080075,-113.26670837402344,-306.61474950625876,-431.0355224609375,95.70008908437302,130.88043212890625,32.720081187808475,-22.243404388427734,36.22007768374753,61.77545928955078,7.487406085855283,-66.85517120361328,25.20662558889833,54.397396087646484,-15.280134332494233,-74.4451904296875,22.148445182140456,23.363590240478516,-4.295011543713438,-64.63114929199219,19.661705116474582,38.605350494384766,3.7468112148225496,-40.04563522338867,13.000805773821643,34.798465728759766,-4.725643036654963,-55.75884246826172,17.36585288108204,22.793277740478516,1.8588069828744895,-37.65263366699219,12.266584290154453,18.09017562866211,-3.602645564288758,-30.37350082397461,8.176611722743274,3.0,450.97747650914994,196.29298428783045,50.501917899851236,94.98010806262693,0.26912856101989746,0.05345303112880502,0.0018152298871427774,0.06671196069853406,97,0.0,0.007319419179111719,0.0855535939335823,2684.0425460987512,2105.908241732323,1383.243997424743,365.3732935642756,4848.705684863178,3022.688471219043,1096.9212082368215,1349.574198731225,0.35735273361206055,0.1232261501726681,0.000311352196149528,0.11624241962946802,7125.0,5354.333067092652,1070.3125,1790.9212573195248,0.6572265625,0.3330374525758786,0.05078125,0.22119071207579455,1
1.95,7.579313355742433,0.0,26.426164627075195,6.115509279438706,-3.680933952331543,7.6571454729408455,9.194015502929688,-3.8807451265757202,-22.87621307373047,7.645095686104461,11.840965270996094,-0.06226647975014859,-16.11339569091797,7.208764119584858,5.396969795227051,-5.685139744008174,-25.266122817993164,6.311022603531432,-59.55385971069336,-349.7965326152864,-452.6927490234375,116.36127914482152,119.78524017333984,15.13239649866448,-24.542926788330078,46.014251092365306,40.41107177734375,9.75579044076263,-53.70546340942383,33.47449379642022,7.047758102416992,-11.903626199384204,-55.334144592285156,15.223035447956315,20.380287170410156,2.5178454322893113,-47.21294021606445,19.96429781454969,9.393487930297852,-4.250740320956121,-41.68010330200195,12.981537849513858,12.15554141998291,1.76291708868058,-20.024093627929688,7.419574616474771,22.074951171875,10.30809717881875,-9.160472869873047,5.809010657980688,18.23923110961914,2.557713177360472,-9.230688095092773,6.499269982862481,3.0,370.38081628647177,154.4175822521464,54.41909958359171,104.50838500535181,0.21743996441364288,0.03070510823287253,0.0016645706491544843,0.061242413442235154,98,0.0,0.004698336590081453,0.06854436546564102,2508.230482773837,2134.697766870175,1220.9674333203172,368.1386817651568,4859.511346188874,3826.178067513626,1263.7589301517328,1306.9822197873586,0.30769026279449463,0.19655389171933418,0.003358289133757353,0.1044226793750519,7140.625,5993.724385245901,1710.9375,1820.2071354814295,0.66162109375,0.48797707479508196,0.08984375,0.19716828084501123,1
1.95,11.897166418038703,0.0,22.653770446777344,6.326099909719874,-14.022150993347168,7.134311111686152,17.599517822265625,1.1849713848262537,-9.095932006835938,6.519445308347457,14.380617141723633,5.322004803868591,-3.32541823387146,3.58394581328704,7.920589447021484,-4.834778581822261,-19.404644012451172,5.995363966294925,-47.41984558105469,-330.9106017566118,-449.1395263671875,108.47501517443213,137.4991455078125,22.98866518208238,-20.923999786376953,43.53827625848677,50.41120147705078,-0.4210758912758749,-74.02311706542969,40.92704909829496,6.361593723297119,-18.461297321026443,-77.73089599609375,22.256030767919388,21.316030502319336,-1.2663376214074307,-59.71746826171875,22.501453026043784,27.316858291625977,-2.2624915740529046,-34.537193298339844,13.755598084131123,16.069103240966797,4.69672785235233,-16.277267456054688,6.719378382304374,20.591781616210938,5.583758941439331,-26.950389862060547,9.781300017401959,11.723103523254395,-1.9917216298521543,-37.19324493408203,9.344090964121293,3.0,409.9298625598577,156.5217220495927,52.91831043781762,99.46828590421597,0.3691883683204651,0.0423353269207673,0.0016763017047196627,0.0921124084686392,99,0.0,0.010287603363394737,0.10142779350280762,2713.994147176953,2108.0812630671144,1133.5406166130533,380.34584507558134,4756.622613233754,3456.3869175261552,1074.6071499575348,1301.9755697107785,0.36555472016334534,0.1626215914348293,0.0014881498645991087,0.11634371168912026,7078.125,5701.460040983607,1179.6875,1784.4938931075137,0.64599609375,0.4199618980532787,0.0849609375,0.20682909709337524,1
0.75,16.562198416895132,0.0,4.857158660888672,-4.60445886105299,-27.8133602142334,7.524436621139819,37.537628173828125,9.146485711758336,-18.255178451538086,15.522776445676238,14.928096771240234,-7.572217424710591,-29.155263900756836,12.68635814530771,-0.22874212265014648,-10.84109534819921,-23.62869644165039,5.292297037749914,-202.5805206298828,-312.5030453999837,-425.9653625488281,88.74733036240023,112.64840698242188,42.325118650992714,-13.689456939697266,42.82194361114151,58.187564849853516,23.607858947167795,-4.495514869689941,17.21847160518179,37.916099548339844,7.42613951365153,-17.823598861694336,16.046048955683872,17.627771377563477,-4.9729388281702995,-34.979347229003906,19.06392251433815,11.300115585327148,-16.68558528025945,-50.408626556396484,21.9244968614133,19.828886032104492,-0.47948578869303066,-19.269245147705078,11.396724120805455,19.456438064575195,3.733589423199495,-15.735774040222168,10.933824351327015,5.363336086273193,-20.73992555961013,-56.98289489746094,18.48368485325595,3.0,306.7066750263248,187.31118524213525,54.419402508041834,83.04139484413895,0.11929813027381897,0.043825046561930016,0.0019438849994912744,0.044424063628289996,100,0.0,0.004046957939863205,0.06361566483974457,2722.1692983586427,2077.603822890577,1633.9661891477733,352.37597716533855,4734.637846813702,2826.8254074850524,1077.1948194088345,1458.4227206361354,0.3114657700061798,0.1127585626381915,0.0011293551651760936,0.1277606314044695,7023.4375,4868.489583333333,2132.8125,1988.8013331476914,0.62158203125,0.2787272135416667,0.0439453125,0.23602661010719528,1
1.95,12.059118858601664,0.0,21.027198791503906,0.7314741298800609,-23.777713775634766,8.977478502743008,25.110057830810547,6.085346287391225,-8.65025520324707,8.974643998427998,18.271013259887695,1.3828027179983795,-19.026918411254883,8.880006665620098,-0.9705917835235596,-9.457923109414148,-25.486942291259766,6.559877655910055,-214.37294006347656,-374.04774950371416,-434.7555236816406,65.37986645805681,101.01194763183594,14.926718757777918,-21.009565353393555,35.40876812367072,50.3626708984375,22.211373680927714,-19.744726181030273,18.689698010050027,18.04037857055664,-11.493034046937208,-69.15046691894531,23.35324950959364,18.51223373413086,4.661470911541923,-32.5181999206543,13.131804278965836,30.580345153808594,-1.735180372830297,-67.21728515625,21.26410886680805,31.291120529174805,2.927204806296552,-28.36362075805664,12.405276334525343,19.316741943359375,5.202856620804209,-25.23599624633789,9.095063597553853,8.866205215454102,-9.644508881647079,-56.320106506347656,15.1460799948004,3.0,372.90613438975214,150.9624946080034,54.42724687108116,88.06114526859741,0.06102334335446358,0.010985074597258181,0.0017529836622998118,0.017096630739364266,101,0.0,0.00041348140803165734,0.020334240049123764,2689.0578287863773,2287.0900258522943,1707.1122365511735,210.62636860969582,4799.889318116997,3821.0448283005467,1358.846808485503,1153.0647302159787,0.3149797320365906,0.18046073835404192,0.002007587580010295,0.10748204571621789,7093.75,6321.337090163935,2554.6875,1288.5663906626326,0.64453125,0.46160988729508196,0.0703125,0.19693264071901972,1
1.65,16.39823129449018,0.0,22.493709564208984,2.881047390974485,-14.801779747009277,7.240911031737102,22.457088470458984,1.1182358924012918,-10.998800277709961,7.574074768837279,9.322932243347168,-0.33792592642398983,-21.878963470458984,7.4399461019600635,5.346993446350098,-7.675188170029567,-20.675403594970703,5.761994705285384,-144.37075805664062,-357.53471873356744,-454.8392333984375,97.78199531810462,105.74186706542969,20.64349626692442,-16.924314498901367,45.17044754355709,57.32195281982422,23.7056645154953,-32.652503967285156,23.307472074707587,9.851469039916992,-6.400563554121898,-45.938392639160156,12.804785315887116,24.64749526977539,4.452487176427474,-46.995948791503906,20.55758350658791,11.669557571411133,-1.9435291187121317,-33.994197845458984,11.216921305705798,9.610947608947754,-1.6902424498246267,-30.903074264526367,10.030573211138753,17.033884048461914,2.7340501638559194,-21.666553497314453,10.648841943907339,8.744078636169434,-5.481847768219618,-35.35261917114258,10.675430937886857,3.0,270.81947319887655,146.12002999515616,54.42243133915243,82.59509845106295,0.19857177138328552,0.036988829056589075,0.0016297806287184358,0.06250921542357184,102,0.0,0.00532041909173131,0.07294120639562607,2731.7254797734804,2153.437069110152,1207.0380714499734,389.3548290053219,4782.643499351741,3644.8674223127027,1124.434650078981,1463.587826112554,0.2898500859737396,0.17512315535210432,0.0005534211522899568,0.11894796754441547,7070.3125,5739.332932692308,1156.25,2071.541854732273,0.6630859375,0.44214806189903844,0.05322265625,0.23648460897466464,1
6.9,14.745598860637886,0.0,25.365461349487305,-2.89591288925321,-27.585559844970703,10.640247522029856,29.968643188476562,6.43695490959066,-21.502628326416016,11.685644335246634,24.223827362060547,-5.669882120530087,-30.028568267822266,11.009185230737451,11.149982452392578,-10.828446653292135,-41.11277389526367,9.338912647193197,-94.94406127929688,-263.9562080877799,-445.05413818359375,96.1522207767723,140.327880859375,47.336991352615534,-22.00902557373047,40.76450382621652,64.93550872802734,3.343846323520497,-66.28643798828125,27.227271699612754,52.117767333984375,-3.171591181859926,-74.03958892822266,25.658995844954386,23.311275482177734,-16.585818131626755,-62.21451187133789,23.35429856175758,24.303678512573242,-12.944267699770906,-74.62324523925781,20.304046251496587,21.917381286621094,-6.260973042222084,-32.86705780029297,12.353350741277843,24.333744049072266,-1.6959735375863534,-31.375587463378906,10.369576979825078,9.245626449584961,-16.265116647437768,-47.90193557739258,12.972779790287447,3.0,437.15237787187715,228.43576336405664,53.165180369509834,84.73220617781509,0.32998591661453247,0.07497415386347307,0.0016106298426166177,0.07770799530767022,103,0.0,0.011679954826831818,0.108073391020298,2766.797435215244,1932.9809098901765,1113.7971767294798,406.5338114698487,4831.048030794062,2507.8230470073768,980.2031962390446,1263.5657278308752,0.3234420418739319,0.08518324479249444,0.00045376314665190876,0.11195888294038481,7109.375,4525.209780092592,1039.0625,1906.9083310862295,0.66064453125,0.2558638961226852,0.0498046875,0.20840064122178856,1
1.8,17.508503739334284,0.0,15.191181182861328,2.9628920335518685,-14.28390121459961,6.366722070629156,14.36381721496582,0.6097791299485323,-11.77238655090332,6.131618225432477,9.975008010864258,0.6318155189878062,-12.524618148803711,5.443355350689818,7.863190650939941,-5.983856615005878,-19.566253662109375,6.438247978412213,-160.77755737304688,-345.80752617016174,-449.91583251953125,88.74474672926614,124.0592041015625,23.44380663779744,-20.30310821533203,40.70838851493514,60.45364761352539,11.742852963899312,-39.70414352416992,27.537487285766936,24.34686279296875,-5.843802467772835,-43.33921813964844,14.573815086471075,28.484874725341797,4.523962167271397,-38.97172546386719,18.455172488188783,9.672654151916504,-12.56178702701602,-74.83502197265625,24.517542907464176,14.220592498779297,-0.9822399208420202,-33.145660400390625,7.769124548828904,22.09811019897461,7.137666967615747,-15.159839630126953,8.289299846625505,25.35720443725586,-5.012550781954799,-36.21659469604492,14.846777083096335,3.0,439.5928614131971,169.0293929428971,52.98562786203111,106.3875252779595,0.16790969669818878,0.03241780269360006,0.0018079153960570693,0.0526448339393463,104,0.0,0.0038734711706638336,0.062237221747636795,2791.2213967637276,2170.3856263008547,1337.5915139798674,380.39859413537545,4909.216507012432,3462.7374963086672,1207.9822142308888,1348.649471757443,0.3382665812969208,0.16735732900652742,0.0005876270006410778,0.11741642200927317,7140.625,5838.541666666667,2351.5625,1765.7040410166007,0.65185546875,0.4079718338815789,0.0595703125,0.21818688183974969,1
10.0,14.043648037599361,0.0,27.81949234008789,0.8775364012002184,-29.45166015625,12.033307825059854,30.162643432617188,4.6654647499227675,-19.618141174316406,9.566374861197623,19.691633224487305,-7.32844000235914,-36.352294921875,10.833519589289956,24.915042877197266,-5.156400777137699,-28.654512405395508,9.381077767070787,-94.25096130371094,-290.3662623201315,-412.5015869140625,73.73846873483991,104.42630004882812,43.08470420934522,-19.661373138427734,28.238147633151783,67.70787811279297,0.17480372811277833,-94.30851745605469,39.6999446938518,53.79351043701172,-3.192546859288368,-61.50609588623047,27.727233347943972,40.269893646240234,5.836371224480696,-35.45763397216797,13.286302197908233,16.944175720214844,-16.384045579943795,-59.991573333740234,17.333541321310523,24.86768913269043,-25.068534657311517,-69.19844055175781,19.210424139461097,32.391319274902344,-1.1630398742497539,-29.48801040649414,10.920995542574872,21.721988677978516,-12.879443768209542,-50.35234832763672,15.55456446439065,3.0,500.0,209.51963427213,53.70971404682922,80.45442141443812,0.16798749566078186,0.0360897028411087,0.002452244283631444,0.036709795496000425,105,0.0,0.002668199595063925,0.051653262227773666,2928.6519097392993,2118.5856598582664,1251.6737891609343,429.544511360521,4604.707401699527,2555.2466588197826,886.0404714832981,840.1904482679154,0.3155025243759155,0.05940428447720711,0.0010978311765938997,0.07880991533347141,7007.8125,4980.980431309904,2023.4375,1575.7941406600266,0.609375,0.22222256888977635,0.0,0.14937193412383015,1
6.0,12.050546204899888,0.0,28.175382614135742,-4.869647390902676,-29.452787399291992,9.604373402648624,21.527217864990234,2.4106798412952015,-19.208955764770508,7.832773365642136,23.040599822998047,-11.573632250123836,-33.98297882080078,11.87931892862912,15.514986038208008,-5.032252558209795,-21.974388122558594,8.001809188095473,-110.15290069580078,-304.08573836468634,-420.3639221191406,81.6918929876201,99.25515747070312,41.465522664737826,-7.7051496505737305,31.973055768248305,84.23080444335938,8.427762087038223,-84.24176025390625,43.835582101619494,47.88127136230469,-9.73571023107209,-69.77381896972656,29.54969463808321,38.23101043701172,5.843753908542877,-28.29290771484375,12.530142073364976,22.899158477783203,-8.009484018734161,-63.83282470703125,18.52022735783709,10.34084701538086,-22.1542473291146,-65.40255737304688,20.97859614697956,30.246456146240234,3.382501951240479,-25.0964298248291,12.099548602782805,12.232748031616211,-15.255314424316934,-55.97629165649414,16.293217259889783,3.0,441.4013792477087,187.7150290773227,51.601177834368215,89.29309447676877,0.13459065556526184,0.027906937779799263,0.0022530790884047747,0.026751746738534202,106,0.0,0.0015000018756836653,0.03872985765337944,2767.8286374242143,2112.731461235538,1226.582173328265,367.9446132651151,4768.326742798095,2843.627116091768,1445.2205149418483,1127.725528782515,0.31239545345306396,0.0959408826373042,0.0012470041401684284,0.11058580042068461,7085.9375,5184.424867021276,1929.6875,1586.5258127597046,0.65380859375,0.30828727559840424,0.03369140625,0.19647270855124588,1
3.15,2.3297737007054975,0.0,10.25082015991211,-1.0662232920376942,-9.260095596313477,4.127163378968109,16.09347915649414,-1.7428954454383465,-10.708120346069336,4.789105848349899,13.954858779907227,4.805394074682034,-4.258650302886963,3.8427683138299233,4.562158107757568,-4.640795057169115,-18.942123413085938,4.330240387443736,-344.8736572265625,-401.6949305678859,-416.96221923828125,11.007460870362133,39.01038360595703,4.306593481714677,-8.638347625732422,8.182138698335686,50.649696350097656,32.34839362809152,1.4319920539855957,6.946232734099435,13.566190719604492,-10.081018700744167,-39.145164489746094,8.694287368964002,23.857959747314453,8.806171266719549,-2.480754852294922,4.694623116638427,14.327305793762207,4.417245612602041,-3.384882926940918,3.5495042759535136,16.4985408782959,6.378446081069985,-3.488750457763672,3.4749462904019968,23.361297607421875,9.704555767955203,-8.035358428955078,5.189195220187249,10.825597763061523,-1.8738515021825077,-11.331001281738281,4.025605173801528,3.0,307.9153302534993,106.45240566434322,55.94191950147737,56.302658432503144,0.006228046491742134,0.0027596906951694476,0.0019092634320259094,0.0010042960207321148,107,0.0,8.727015483600553e-06,0.0029541507828980684,2811.7881436886737,2431.6766924155863,2307.282640699012,93.49156192389388,4682.157522768454,4393.158818573116,2900.1617384254832,336.7736065193289,0.3391145169734955,0.2589212100049763,0.025608303025364876,0.05597888470679447,7070.3125,6951.862373737374,6500.0,98.27507261455304,0.65283203125,0.5768870344065656,0.296875,0.07202415731226347,1
9.45,6.220471736313414,0.0,30.23427391052246,3.06340373750474,-26.6926212310791,10.732544985595826,32.63932800292969,3.2383809553308263,-21.912490844726562,9.727473984272736,16.787513732910156,-7.657462496864232,-39.984073638916016,11.255587661973586,19.63296890258789,-6.852550676973486,-31.822921752929688,10.328696230648006,-91.43461608886719,-257.9980708715078,-408.16278076171875,67.91162080020071,116.40614318847656,42.27893420676323,-30.177066802978516,26.94738563563349,40.06461715698242,-20.903592682368046,-92.8799819946289,29.935144323554844,33.242774963378906,-7.227133185048965,-50.970726013183594,19.17709878938479,40.300662994384766,6.8562621708858655,-27.3099365234375,12.944263182332948,13.043344497680664,-15.078701008664998,-50.260986328125,12.841872617780476,5.563741683959961,-28.71950228270647,-74.20350646972656,17.121102431930073,29.074764251708984,1.7088327233151004,-28.769338607788086,13.206798993958412,11.965606689453125,-9.792074757149896,-31.67864990234375,8.689991056041805,3.0,500.0,219.97875996439225,58.67668619459527,86.32883673786168,0.16941139101982117,0.02690663515799364,0.0019449376268312335,0.029394113978263366,108,0.0,0.0015945889754220843,0.03993230313062668,2660.025807922596,2027.9116589294351,1257.468679677585,311.96589023270224,4634.590749710529,2577.9371479340994,1203.8436053068888,627.6580622662634,0.34532952308654785,0.07775568377896766,0.0023253988474607468,0.07207783521594431,7031.25,5101.905616554054,1726.5625,1099.351684296255,0.60888671875,0.27357606630067566,0.0927734375,0.08986486131838237,1
1.65,7.920979394034296,0.0,7.703062057495117,-8.111219807313038,-37.42878341674805,11.691825686686212,22.832988739013672,1.685195454611228,-11.535629272460938,8.647354295220735,17.850370407104492,-0.564323345055947,-26.98040008544922,10.679017319311386,9.302157402038574,-6.522210501707518,-20.062091827392578,5.61245279809752,-164.1010284423828,-340.04533327542816,-425.43408203125,88.8336775602323,95.34953308105469,19.588126604373638,-7.033713340759277,31.743525620168963,39.98535919189453,7.1674894117392025,-40.31168746948242,28.219275664671187,42.72694396972656,-2.5936853232292028,-43.57878875732422,17.798280470417993,42.623382568359375,12.825087900345142,-14.813257217407227,12.720372489288742,8.367904663085938,-8.817017103617008,-50.60200119018555,17.477752037624683,15.939216613769531,-15.833597345994068,-83.06600189208984,29.052991479506556,30.624475479125977,8.967735641277754,-30.110767364501953,10.122842814109468,18.474937438964844,-4.923407994783842,-45.165733337402344,15.737441941746434,3.0,427.6608542663307,151.72760183721238,54.23121905575661,115.89728195142257,0.08183825016021729,0.018367355687167637,0.0018452751683071256,0.02546973681409594,109,0.0,0.000994575791992247,0.03153688833117485,2481.794016568557,2177.140480025187,1559.2713478999344,287.19981563896704,4733.957535566131,3581.2470534313766,1562.5631748117212,1164.0862709820842,0.3684166967868805,0.18236601484778264,0.003398416331037879,0.11882443131433643,7078.125,5985.877403846154,2375.0,1452.9125788681038,0.65673828125,0.42464505709134615,0.0625,0.20954143336739373,1
1.2,5.589198242560295,0.0,27.81093978881836,-2.252254782538665,-13.008560180664062,7.919755963150819,15.099929809570312,2.6678933689468787,-12.510448455810547,6.9551011565696,13.220846176147461,-0.45602695094911677,-23.366775512695312,8.001582665928794,8.082798957824707,-7.29696368857434,-23.35698699951172,6.153689435345502,-136.23245239257812,-338.4096390573602,-420.80120849609375,85.68235831978042,100.91059875488281,23.31687908109866,-49.019317626953125,42.27893637681289,40.37076950073242,13.554952278733253,-57.22808074951172,27.420353105226663,2.6616077423095703,-15.460413598700574,-55.83115005493164,14.638338082335919,18.6367130279541,3.7534484173122205,-39.05226135253906,14.969487463457872,10.67599868774414,-2.134089667546122,-35.87529373168945,12.54851355162976,11.288022994995117,-10.839853318114029,-69.40107727050781,23.817973568960454,21.98137664794922,5.081920592408431,-21.652095794677734,11.044506743610471,7.6211256980896,-7.02708990244489,-31.252023696899414,8.249038276108694,3.0,500.0,134.01497538319813,58.856438988357965,105.6959406098798,0.05862579494714737,0.013688357623514572,0.0019320579012855887,0.016605366583635026,110,0.0,0.0004695026436820626,0.021668005734682083,2569.341056126244,2211.976665958004,1523.402304070298,286.0921940713055,4805.501972115386,3654.9865599660566,1510.292325457862,1221.1026032408517,0.3024244010448456,0.18260388519909038,0.008492150343954563,0.10788803391290015,7046.875,6127.672697368421,2867.1875,1274.0683428917803,0.64599609375,0.45208418996710525,0.09619140625,0.16854751853831484,1
1.5,7.456589318168779,0.0,12.300132751464844,0.2389590600703625,-12.013267517089844,5.235997994850993,26.049856185913086,3.570068690371006,-10.409139633178711,9.16578985656709,15.975387573242188,0.4493259863650545,-22.141477584838867,8.404529005842347,4.704343318939209,-6.673392250816873,-21.03309440612793,5.077000257521346,-122.83885955810547,-349.1169925446206,-441.16656494140625,87.56791582800027,95.32649230957031,16.42857440228158,-30.782012939453125,37.43685665630044,41.098358154296875,13.49196825002102,-58.09416198730469,28.889013618033832,4.579367637634277,-13.097279051516919,-49.583641052246094,12.22572070111898,23.652265548706055,5.116431648743913,-22.018051147460938,9.770169698326619,19.138900756835938,-0.3301871976953872,-38.61032485961914,12.4519519962019,20.36219024658203,-9.79781755931834,-77.01649475097656,23.368485687411148,24.243886947631836,2.276672642281715,-36.71650314331055,14.082022259849104,8.053566932678223,-7.6033739358820815,-38.37527847290039,11.465533877497217,3.0,487.574174633725,152.47303700343602,57.34996326842018,100.37265471110233,0.09744231402873993,0.015261865741117521,0.0017447923310101032,0.02545636736075768,111,0.0,0.0008834394393488765,0.029722709208726883,2480.887140283294,2181.7175919672595,1421.179663824348,294.37086805367187,4833.523905364588,3818.347145830415,1578.2822672780846,1181.2474096525611,0.3243538737297058,0.19713768911884821,0.005300270859152079,0.10918220054399488,7078.125,6150.099734042553,2414.0625,1432.9160697248092,0.6357421875,0.48861369680851063,0.12890625,0.17902043959107175,1
1.65,6.704981966674501,0.0,11.216184616088867,-1.4135262014774175,-19.072011947631836,6.091002090213417,23.322349548339844,1.3148778058015382,-8.91610336303711,6.6975401380177235,14.067535400390625,4.0023132642874355,-10.524002075195312,5.138119991711738,9.89113998413086,-3.2541037064332228,-12.556401252746582,4.53660744368669,-119.08760833740234,-345.1104394472562,-419.0102233886719,91.09173379211074,96.6455078125,4.497403175784991,-68.97325134277344,31.017425038514013,42.801841735839844,9.4990529481035,-92.88845825195312,38.1109057305774,62.07947540283203,5.9480303806754256,-18.642288208007812,21.23352566405229,18.468578338623047,7.006441722695644,-8.960254669189453,7.035577348620887,10.263030052185059,-7.56999346613884,-46.112640380859375,16.855556898069906,13.075239181518555,-2.3942431761668277,-49.908958435058594,16.08577766064702,22.85048484802246,3.344937663238782,-35.95133590698242,13.287541537336187,2.9966092109680176,-9.042326875890677,-33.47309875488281,8.993742189550911,3.0,484.0835875364578,141.12737697983312,53.1516772765146,107.44540212016697,0.10360164195299149,0.016140416569004837,0.001989175798371434,0.027495835829462842,112,0.0,0.0010253749787807465,0.032021474093198776,2690.6232953632057,2169.6897345481984,1172.8636973505138,403.6553084896262,4697.269837329817,3920.0137641650795,1512.2615280467285,954.1659749747713,0.35247427225112915,0.21521338563448247,0.005357581190764904,0.10228675398888071,7046.875,6192.758413461538,2273.4375,1461.6055724145376,0.630859375,0.4946476862980769,0.1123046875,0.15965739992926087,1
3.0,10.575113552566519,0.0,26.35726547241211,-1.2877226836503821,-20.829593658447266,6.823056157150783,34.954551696777344,0.7182455585992082,-10.41065502166748,7.994514309657745,28.785171508789062,4.750034968586678,-4.833868980407715,4.8936897946541835,8.351963996887207,-5.77127816322002,-16.736482620239258,4.385485337275852,-70.40081787109375,-380.42636254493226,-437.9666748046875,74.19389055473115,126.10902404785156,5.454831390225507,-53.419647216796875,27.00699180607061,51.21991729736328,23.845321922226155,-60.98320770263672,24.9314725637899,40.33668899536133,-6.059447571952292,-38.28150177001953,11.036876267853325,30.802310943603516,9.238626653209646,-28.991107940673828,8.374977080520061,13.610238075256348,2.1754738434832146,-17.506637573242188,6.569003427512476,12.561202049255371,-0.2986672983524647,-61.68996047973633,14.451657099735021,21.398733139038086,6.487767042631798,-32.68272399902344,11.74202198593638,5.987035751342773,-3.3005328860054624,-39.57018280029297,7.7837567044148255,3.0,500.0,110.91085123611842,52.802195387131825,78.93136944657583,0.22704915702342987,0.015139618593743666,0.0017778153996914625,0.04508053147523679,113,0.0,0.0022675413638353348,0.047617990523576736,2637.0854624585913,2288.5063696161683,1279.3235139801436,265.96979851047575,4726.356869872599,4211.127181207806,1119.2125519451745,852.6450493205241,0.32936397194862366,0.24713330871197692,0.002879238221794367,0.07771988161785524,7109.375,6574.634308510638,1453.125,1173.3250210263748,0.66357421875,0.5585521941489362,0.09033203125,0.1307384245192725,1
2.1,9.591392419993413,0.0,14.352514266967773,-0.5684404364137938,-17.755252838134766,6.427103152533856,27.105587005615234,2.298349565177253,-10.008711814880371,8.183342691291578,13.141027450561523,4.736670839064049,-3.8819918632507324,3.787150412831229,2.726274013519287,-5.442532663544019,-19.520957946777344,4.628141043579985,-160.2627716064453,-368.34954857103753,-428.95831298828125,71.03621863868722,105.45486450195312,20.00548366457224,-4.860084056854248,31.89722053402271,50.084083557128906,27.69729335380323,-47.04884338378906,25.77802645794892,14.656959533691406,-5.781671352684498,-48.943519592285156,13.352872454861037,51.40037536621094,12.93525652813189,-19.729150772094727,10.751898227054873,20.923873901367188,5.732251631491112,-25.199115753173828,6.318446764529954,24.527795791625977,4.635825701735237,-33.81627655029297,11.2411342483615,26.695240020751953,10.862588926923998,-7.827981948852539,6.471392088096897,8.713676452636719,-2.467539141123945,-17.509323120117188,5.19622717957554,3.0,211.88701425609997,118.6747173185994,56.480105241765955,35.82775029618352,0.08498780429363251,0.011452993415084413,0.0018267909763380885,0.020780669627153688,114,0.0,0.000566416943911463,0.023799514397978783,2771.95426407563,2403.0311277306682,1436.6681514703291,333.58625493951956,4636.666574700321,3801.850136061975,1420.2209428943145,967.6597280706897,0.29366442561149597,0.16796826689405311,0.0034577168989926577,0.09333099009420705,7062.5,6337.002840909091,2210.9375,1439.2641194525552,0.6220703125,0.41582327178030304,0.0947265625,0.16643910793971717,1
7.8,13.354470036669564,0.0,24.79115867614746,-2.81831222534424,-35.805686950683594,12.143588551910996,26.271678924560547,1.7182482256874687,-16.975622177124023,8.310035999357261,21.522064208984375,-0.40395150974881455,-22.07599449157715,8.171502457188652,17.893404006958008,-4.931083562554883,-26.938617706298828,7.605374859502336,-114.08738708496094,-303.9842955167176,-425.1784973144531,81.23553836743186,114.16081237792969,34.487671477139976,-73.39057159423828,40.826014713923065,58.71567153930664,8.889136422120156,-72.91770935058594,35.32172454349382,76.72113037109375,5.642819133144422,-61.729156494140625,26.698477133901054,49.17921447753906,14.0507519355685,-33.649147033691406,17.80343819385263,38.1470832824707,-8.448275625858395,-59.63890075683594,21.309556216917887,23.62508773803711,-16.33051779249408,-69.053955078125,23.67629216219605,43.526668548583984,1.7564005807774965,-37.91484069824219,16.23918227420495,14.692225456237793,-7.834638051688671,-47.69435119628906,14.35369822709426,3.0,500.0,178.16218521514662,50.0,88.09865119153166,0.16698282957077026,0.03367310195023835,0.0017907393630594015,0.03594226490029859,115,0.0,0.002428233390673995,0.049277108162641525,2854.008771475624,2129.9854714121643,1183.8109528941525,457.0275120410853,4656.497547554793,2876.9634174802063,1219.5832656616496,1147.073203328595,0.32244598865509033,0.08181581572013083,0.0012081259628757834,0.09176609136149708,7062.5,5130.731301229508,1492.1875,1852.1281865212457,0.6357421875,0.26748807313012296,0.056640625,0.16919860014026983,1
4.8,15.557538135908887,0.0,22.395971298217773,-5.912182771212218,-28.77161979675293,10.30440502662408,37.02063751220703,3.789635550896853,-14.942065238952637,10.843428765686218,18.510692596435547,-2.9045591279370897,-32.340576171875,12.12897084222059,13.221931457519531,-4.149401262303852,-29.537559509277344,6.83177360257529,-174.85491943359375,-322.5652245527861,-432.54217529296875,77.34841231563374,117.36640930175781,29.640563706688532,-49.76136779785156,33.73548419410718,55.904022216796875,12.458417365487838,-59.382415771484375,28.249872525543594,63.93171691894531,-2.080796090577612,-64.32984924316406,24.921886840822882,38.54003143310547,5.37140714411704,-40.706451416015625,13.732951639281307,21.787769317626953,-11.83185083404282,-58.68421936035156,19.554322406092187,16.397296905517578,-11.821463908975488,-61.85078430175781,18.81982421652633,42.963863372802734,6.338932031235158,-49.582435607910156,15.465371882120854,13.553547859191895,-14.816983490984962,-57.7388801574707,17.38386953660545,3.0,500.0,174.9837665010109,57.537345154793684,106.01102941877842,0.16966937482357025,0.029218754841366303,0.0016802300233393908,0.03566258812072886,116,0.0,0.002139750635251403,0.046257440000772476,2673.9593528786286,2149.9418236469537,1185.5952977649165,337.4989990717039,4682.798375733006,3144.1891015836504,1222.153350017482,1236.480898105848,0.3122207820415497,0.13395298648485296,0.0009016444091685116,0.12379220334184336,7093.75,5471.181705298013,1593.75,1647.985937254002,0.63720703125,0.34245007243377484,0.05078125,0.2169279649079436,1
1.8,17.47974113698248,0.0,20.637826919555664,-0.43626747424142404,-40.00123977661133,12.89727488688294,13.329511642456055,0.6304839535763389,-17.161670684814453,6.9114923796453605,22.807300567626953,4.669313869193981,-15.552143096923828,8.768019664387817,10.976375579833984,-2.522911191770905,-18.771869659423828,6.162999332289451,-222.9680633544922,-370.8866719028406,-422.18743896484375,57.95955994911106,93.31792449951172,17.149625051439855,-15.606517791748047,28.86990844306934,61.85163879394531,32.08548919150704,-8.273419380187988,14.560679199977422,52.04822540283203,4.74660492257068,-8.394237518310547,12.504998576883933,38.180328369140625,16.16960544753493,7.450399398803711,6.601946408784982,16.701923370361328,2.6461999249040034,-24.906463623046875,10.071445633236213,28.139999389648438,0.03545248351599041,-41.64807891845703,14.529095700221742,15.19375228881836,1.7335427811271267,-38.625267028808594,11.41816076517278,15.376091003417969,-7.963317503008926,-35.16883850097656,11.67388886050598,3.0,500.0,224.14450168143236,50.0,156.49953343303986,0.0852777361869812,0.022430998499897357,0.0019440489122644067,0.025575855599195358,117,0.0,0.0012512793764472008,0.0353626012802124,2936.409492412676,2506.8881335211927,1634.2006664540252,333.42600687584473,4520.744700388473,3198.0050860717643,758.9814158951283,1070.3215596737025,0.27903062105178833,0.07149125053598382,0.00037763375439681113,0.09190786616403554,6992.1875,6095.394736842105,1695.3125,1344.4054533178953,0.591796875,0.17949904057017543,0.0,0.19694537319499367,1
3.6,2.196302328867207,0.0,13.87462043762207,-0.8906821117991894,-17.182064056396484,5.372366274027491,13.654064178466797,-1.4583774907926543,-11.373480796813965,4.073453919736847,24.864160537719727,5.8064904505700135,-2.5269999504089355,5.199426225613643,5.45357084274292,-4.886286876634159,-18.755016326904297,4.944375283339978,-181.51295471191406,-393.5880456434942,-432.3955383300781,42.643075202619464,101.61940002441406,4.652336384145032,-13.289148330688477,19.829293660449732,45.429080963134766,30.732998375344067,-34.65153503417969,16.723920340383877,5.15828800201416,-10.331545160934988,-40.99830627441406,7.441765087560675,37.23974609375,9.509745357838352,-13.873821258544922,6.871717078164348,15.000060081481934,4.44985837693763,-9.552719116210938,5.30672985008221,15.24819564819336,-1.9121063886358676,-66.20655822753906,15.324985502117485,24.237689971923828,5.781226814848132,-50.67182540893555,13.238604910266266,13.510702133178711,-3.985366610035432,-17.306617736816406,5.503330717401191,3.0,500.0,115.95864689379334,59.034579279731126,61.46067453731952,0.041189227253198624,0.004355463664978743,0.0017083529382944107,0.007025673243667597,118,0.0,6.867133197374642e-05,0.00828676950186491,2549.0669860265384,2334.1838133553942,1526.9174143921546,162.6627997073244,4814.378260561563,4353.378034730294,1519.8521263411287,638.5985127453325,0.3309701383113861,0.24355290775739513,0.009516759775578976,0.06028939196716445,7078.125,6768.9435840707965,2179.6875,751.3166313771018,0.63916015625,0.5692927267699115,0.10693359375,0.09741742517906458,1
1.5,7.764803857923831,0.0,10.591573715209961,-1.1736081017458693,-14.090364456176758,4.82705811243698,4.665106296539307,-4.086939074574633,-16.248865127563477,4.662677459744911,17.868345260620117,6.4822768886038595,-3.992924213409424,4.982383386908445,7.198665618896484,-6.385068953037262,-21.123287200927734,7.163977198637184,-118.845703125,-334.64313653174867,-440.2196350097656,95.6610300288797,97.98051452636719,21.00509839489105,-9.990178108215332,30.65055155328498,38.73123550415039,-1.9202202051243884,-105.91769409179688,42.09339902239229,17.6395320892334,-12.917151929216182,-42.91759490966797,11.418353977383681,47.813575744628906,6.837685929968002,-37.81575012207031,20.19816973044008,31.59087371826172,9.513631871406067,-13.018983840942383,9.150914482265675,10.269280433654785,-0.2958286059029559,-22.79912567138672,7.0487333087707995,7.932039260864258,-10.387540681565062,-51.588134765625,17.827537948658684,11.491908073425293,-4.141959856799308,-30.834381103515625,8.641648686625487,3.0,458.44472635091694,148.66941942144638,56.708564926547915,89.81053501166436,0.09149294346570969,0.018706281223591973,0.0017475385684520006,0.026306229758387308,119,0.0,0.0010448473040014505,0.03232409805059433,2503.189139169828,2158.4873812168744,1245.9882769541107,377.6070917070325,4672.567624967982,3570.2287960330605,1525.2441651554363,1143.135148830276,0.3349764943122864,0.19214563891093464,0.0041387975215911865,0.11932199380684336,7007.8125,5930.851063829788,2812.5,1518.303609785681,0.63916015625,0.4453644448138298,0.1259765625,0.17744379546786165,1
2.1,7.926076721964977,0.0,3.246321201324463,-8.870813739119153,-24.461559295654297,6.153580317080004,9.701062202453613,-5.999676862900907,-22.546567916870117,8.079241218547253,24.286853790283203,4.011994801235922,-17.721271514892578,8.86568161479632,16.48870849609375,-1.0310666547580198,-18.625385284423828,7.61380613759886,-119.6839370727539,-321.37571889703923,-389.1734619140625,68.99662161327203,90.42678833007812,35.06481120080659,8.701311111450195,18.759102231706173,47.561702728271484,2.0752381411465732,-88.44037628173828,42.992822422277264,61.04661178588867,-1.8279631264281995,-38.07418441772461,21.495316457993162,41.698265075683594,10.564797418587135,-21.81531524658203,12.434431498517702,0.7564554810523987,-18.187960480650265,-68.01420593261719,15.875662564037835,11.148324966430664,-11.99592057412321,-49.42745590209961,11.175172410314211,23.882843017578125,0.41951147241122794,-19.422420501708984,9.366378031869846,5.949398040771484,-11.256525532765822,-45.85541915893555,9.91589637259434,3.0,500.0,254.88430929758732,50.49337746277025,138.20855858322733,0.11035192012786865,0.01808229403104633,0.002363826148211956,0.02734863555228183,120,0.0,0.0010834916029125452,0.03289172053337097,2809.925678078998,2259.0333024625993,1149.6357906418043,501.3109851477645,4041.5034338425266,3166.7124761761693,1605.297309758199,780.3182174779961,0.284699022769928,0.14234718623232434,0.003594600595533848,0.10261297990318693,6906.25,5684.303977272727,2054.6875,1609.0227078334444,0.48583984375,0.33036665482954547,0.00341796875,0.12558539837575142,1
1.35,13.93160219617168,0.0,-0.339680552482605,-9.130339309226635,-26.291637420654297,6.406379940699784,14.867258071899414,-5.219800705480021,-19.221284866333008,7.293175092557379,8.115377426147461,-3.6378160354702973,-28.090341567993164,8.810061889868724,8.254267692565918,-6.858073972685393,-15.304683685302734,5.171102261897484,-125.96987915039062,-334.5217512263808,-406.8245849609375,77.73482773110888,80.21273040771484,39.87600561629894,20.703645706176758,17.048912853633606,55.08226776123047,26.8351481903431,-83.1150131225586,36.281075277920685,26.270248413085938,-4.299306273460388,-27.554866790771484,13.21307235954617,29.415088653564453,4.67719122628833,-21.30162811279297,10.485826498790436,5.128883361816406,-10.240116294040236,-45.37922286987305,8.877090697013978,0.9548468589782715,-16.04465628501981,-49.56679153442383,10.583755826837118,15.546541213989258,-3.8165320982766704,-13.812356948852539,6.023474954483501,-1.037335991859436,-12.037193403687588,-28.680526733398438,6.6266192285928245,3.0,402.592765260229,176.40073467408817,51.733885567862124,82.78703787312368,0.11130157858133316,0.02074034298163687,0.002291727112606168,0.031061225666322856,121,0.0,0.001422847155481577,0.03772065043449402,2746.793097531818,2420.7495611526538,1308.2693832405273,425.7450220825317,4175.376465460232,3226.0607351701083,1621.7396099686543,933.5720961802253,0.2686193883419037,0.13568438888462478,0.004397236742079258,0.10595941034188494,6968.75,6031.795058139535,2656.25,1456.0401836525314,0.53466796875,0.31898392078488375,0.0712890625,0.16557610190701746,1
1.5,13.126312845708584,0.0,3.795586347579956,-7.691075502557958,-25.36172866821289,4.950165466063237,35.296504974365234,-3.0923070679319666,-12.857633590698242,10.030249204316382,10.558673858642578,-0.4089566152146522,-19.59113311767578,5.926069155960901,4.589617729187012,-6.21588179278881,-13.956289291381836,4.291886844148544,-103.53195190429688,-343.16963617852394,-401.3265380859375,75.3291958905244,93.80987548828125,38.14679202627629,16.309728622436523,22.451998111862697,45.767906188964844,23.312089635970743,-66.25801086425781,28.362793814558987,0.28469371795654297,-13.166397982455315,-40.077266693115234,8.152804128980758,17.03200340270996,6.7127300906688605,-24.080429077148438,9.051371120743026,9.204608917236328,-4.635164264034717,-27.16281509399414,6.262161373637308,-3.5824031829833984,-11.608697931817238,-43.79432678222656,7.740262539063763,2.4522852897644043,-5.734947331725283,-18.63504409790039,4.470803339280619,-2.3105549812316895,-14.39061175508702,-28.40423011779785,5.98873902909746,3.0,421.42327350400944,160.92877478106442,50.92704309859671,94.54879241416968,0.17016376554965973,0.02213812720010731,0.00219033844769001,0.04593184404032505,122,0.0,0.0026069616433233023,0.051058415323495865,2712.3215737109326,2435.1117861027656,1204.696839302781,419.19120567336813,4249.051490391316,3490.4716715293316,1365.155816916171,900.2804673249143,0.30820584297180176,0.19457767445078872,0.00228689843788743,0.09539419656657559,7000.0,6201.628989361702,2187.5,1529.6553232062465,0.50830078125,0.3885056515957447,0.06884765625,0.1353722877408259,1
3.9,5.5042359513933485,0.0,13.762744903564453,-6.835000524816454,-40.109107971191406,7.920443510226523,8.229982376098633,-4.738115023027678,-33.49193572998047,6.990352206541307,14.550374031066895,2.4539273425203856,-10.486896514892578,4.916577423884581,8.04477310180664,-5.770930707943244,-19.909263610839844,4.727304591394952,-190.87937927246094,-360.1734115100298,-385.1327209472656,36.841742683985935,81.20365905761719,33.528708934783936,9.535223960876465,10.877611336288938,55.558441162109375,28.972846484575115,-54.87608337402344,22.407550167719805,36.717193603515625,-13.44494816660881,-26.316415786743164,9.964890261161889,43.03849792480469,6.159745499735973,-36.27241134643555,10.84965029224267,11.198850631713867,-6.421338527417574,-50.966957092285156,8.069790644299976,13.705053329467773,-11.110882720497788,-51.379390716552734,9.417912866534165,16.228809356689453,-7.031951345136909,-27.012924194335938,6.148532865487606,7.053828239440918,-12.544429127310144,-25.191471099853516,5.936719464297083,3.0,500.0,147.45120861717308,50.16035548914409,93.72437241335662,0.051939502358436584,0.006240504060978772,0.0024003528524190187,0.009101951796305631,123,0.0,0.00012374811922200024,0.011082284152507782,2832.9221201642063,2557.8856766016556,1385.9123283017436,244.71802209016266,4243.5176484197755,3630.274063829199,1688.3486125155684,575.3995658283665,0.30845126509666443,0.1963702577326569,0.0026059455703943968,0.07925948951058094,7007.8125,6591.828893442623,2179.6875,860.2072578365263,0.52001953125,0.39383484887295084,0.0,0.12295896628234057,1
1.65,13.693167019556281,0.0,7.854523658752441,-3.823403176350089,-14.157981872558594,5.18776922491758,6.764823913574219,-8.037030841295536,-18.612794876098633,4.890083878177977,5.836843013763428,-4.1518737484629336,-13.552119255065918,4.560014913160534,20.030574798583984,-4.481654891027854,-14.911441802978516,8.113632503105874,-188.4954376220703,-332.99132655217096,-386.0743408203125,49.830131103143685,70.40876007080078,33.15721185390766,13.745519638061523,15.695222917376276,40.2830924987793,11.90019033734615,-59.564979553222656,25.72645563771604,15.872676849365234,-6.463317804611647,-21.926380157470703,10.239464710149688,19.465179443359375,5.509150172655399,-8.528202056884766,7.230085742862691,9.586883544921875,-9.740547767052284,-30.941574096679688,8.850427138248506,12.546917915344238,-9.777195322972078,-39.475975036621094,10.194499141218605,6.908116817474365,-8.845029451526129,-26.341102600097656,7.5944780353183425,6.134566307067871,-13.85813779097337,-32.34490203857422,7.950101335642801,3.0,461.24654359682427,222.72245244743957,50.524434157270505,120.65365519839514,0.11725249886512756,0.015699773543299392,0.0024698530323803425,0.02943325644966486,124,0.0,0.001122413668781519,0.03350243717432022,2664.440349235243,2396.424602912847,1383.8346554597215,302.40866316474165,4189.4380392790845,3294.653279656722,1389.8061334263714,770.1829996823277,0.3949333429336548,0.19007114103162445,0.0009920204756781459,0.11666481639096044,6945.3125,6181.3401442307695,2375.0,1187.101931219129,0.51611328125,0.33443509615384615,0.0634765625,0.1455721686522685,1
10.0,11.045536145560149,0.0,18.009990692138672,-1.7301869859425023,-35.48996353149414,9.01085565958599,30.625473022460938,-1.369927471866623,-29.727294921875,7.260481239531965,17.761859893798828,1.581026920257285,-30.21816635131836,6.446630419430246,21.682767868041992,-6.145967736626014,-18.228614807128906,6.774049070228101,-115.96385192871094,-363.1060479014826,-440.2616271972656,84.8783589122901,88.13710021972656,5.7800375284097445,-65.60957336425781,27.359404491373194,45.01165771484375,13.864002657012817,-90.19496154785156,34.55977616459028,65.04081726074219,0.832449097602893,-58.93735122680664,17.124975642361374,42.48738098144531,6.774580727417629,-48.223960876464844,10.062461605572988,26.419750213623047,-7.599090733419592,-62.58668518066406,16.66792880297338,31.133590698242188,-4.835295248003051,-51.83253479003906,11.56759771372476,27.686256408691406,3.684325752404932,-32.95808029174805,8.497701239487457,12.072992324829102,-6.3500671962293955,-48.704227447509766,11.413084412040641,3.0,500.0,136.980391164588,50.94661564183452,83.88013561487664,0.1054081991314888,0.01437263349004197,0.0016294238157570362,0.02264147640080844,125,0.0,0.0007203731802292168,0.026839768514037132,2734.039282737186,2152.1691839606156,1237.418607405606,306.287503626538,4851.736660189294,3927.0175062748544,1465.1082212942838,1128.7605167067488,0.33602872490882874,0.1937465106468862,0.002928766654804349,0.10933977992386458,7101.5625,6127.670726837061,2195.3125,1488.8888263462322,0.6865234375,0.5045552116613419,0.07568359375,0.21163846549455712,1
8.85,12.297512706792494,0.0,20.97803497314453,-9.528403996614342,-41.46589660644531,12.287084106885999,12.360860824584961,-5.580052386391034,-28.907901763916016,9.136445964063821,25.387813568115234,0.7102830515441482,-23.495079040527344,8.236720533390402,30.327808380126953,-2.073023187608495,-30.657188415527344,11.555824594559319,-96.0963363647461,-305.64322538410283,-451.53173828125,76.53296192809724,94.71000671386719,25.748250634096806,-79.50968170166016,34.624123938088054,69.83139038085938,-7.542599269710077,-83.93649291992188,35.62722021464209,76.58845520019531,4.91940138819846,-68.36810302734375,24.569520480053416,48.99671936035156,10.707519478880757,-25.719614028930664,13.480310790109408,26.543296813964844,-15.612770502936323,-65.2061538696289,18.224296872650505,28.229389190673828,-15.303156661535429,-53.96717071533203,16.231805745529087,26.714427947998047,0.7149626249010382,-39.28862762451172,12.082465390603767,19.295703887939453,-10.052864622015385,-46.43565368652344,12.153500795523591,3.0,500.0,209.824012562036,50.494604752519145,87.20968081878588,0.14520682394504547,0.025091593230684498,0.0018659919733181596,0.02709302996857278,126,0.0,0.0013657929375767708,0.03695663809776306,2758.1556785548346,2053.2441212791605,1168.795985057822,356.4272653107591,4795.609151183689,2936.6993717277905,1364.6244556759964,1082.668377292462,0.3181195557117462,0.10192752282037686,0.0012874328531324863,0.10758585719762394,7085.9375,5225.462545126354,1984.375,1569.1502703862159,0.67822265625,0.30499069268953066,0.06005859375,0.19651583753311003,1
5.1,13.070563799109948,0.0,9.623882293701172,-6.000480188988149,-27.085281372070312,8.465847928056668,14.259761810302734,-3.3387836861424147,-17.886688232421875,6.535310144185857,25.841983795166016,2.9817324725911023,-21.602890014648438,8.77130101595798,13.54197883605957,-5.51191572919488,-29.40237808227539,7.785191596388222,-121.65483856201172,-338.3710364818573,-454.5684814453125,83.19933013096379,111.66248321533203,23.88308534435928,-71.25973510742188,41.35105971383814,66.390625,5.038893697783351,-106.5962905883789,36.97906723019632,81.97410583496094,-9.240093694254757,-64.52317810058594,25.484002845406078,53.077476501464844,6.83449612762779,-50.95454406738281,16.288046361364525,25.8046817779541,-7.1008259115042165,-38.59809112548828,12.365957961260658,29.41778564453125,-8.57330989940092,-50.34855651855469,14.534305944047087,32.66822052001953,2.878031459450722,-28.357830047607422,12.306682786034825,14.186582565307617,-5.55269528515637,-46.34585189819336,11.829762082716117,3.0,500.0,184.56884062587952,50.0,121.86591795838362,0.14732593297958374,0.02104229138349183,0.0015904137399047613,0.03317319092174312,127,0.0,0.0015493135433644056,0.039361320436000824,2760.708304298999,2113.69393167604,1064.6960769340697,353.1138235709698,4867.491178597035,3370.0751763930034,1339.3393454345885,1289.4502009918122,0.3414434790611267,0.15555955859890674,0.001157177146524191,0.12014670116579641,7132.8125,5639.794921875,1914.0625,1697.2801434386506,0.6875,0.40648193359375,0.0537109375,0.22683776674736858,1
1.5,9.404488513788381,0.0,13.479862213134766,-1.4998168425357088,-26.95275115966797,9.29722188829504,10.030465126037598,-3.95590086566641,-30.409215927124023,9.457248413517092,20.844762802124023,4.1955158450502035,-8.473274230957031,5.919522128423144,8.593815803527832,-6.274524914457443,-18.862491607666016,6.953219039011399,-222.3376922607422,-364.94009139689996,-449.57110595703125,72.89176286224551,79.12467956542969,9.906373770947152,-38.446937561035156,31.271474549296144,45.5135612487793,11.868670421711942,-54.93601989746094,31.00490645302179,58.6964111328125,-2.615086512362703,-37.172969818115234,19.72288050188727,41.157615661621094,10.340908466501439,-18.96649932861328,14.550042963057106,10.507255554199219,-8.036007706155168,-59.659523010253906,15.338301308231472,10.111221313476562,-8.622164934239489,-51.92877960205078,16.780697376406515,25.87868881225586,3.107904112085383,-21.263805389404297,10.735833516977241,16.14171600341797,-0.3542473867852637,-32.30994415283203,9.53665769370522,3.0,500.0,153.19461939237655,50.9509341228054,98.2837059308699,0.0520198717713356,0.011595315334605092,0.0015841665444895625,0.016157571884896516,128,0.0,0.00039667333476245403,0.019916661083698273,2502.329880697521,2157.577521770628,1517.5366473629474,285.8920452102004,4787.237022055322,3818.1254372563967,1673.6684125425472,1135.0533598641448,0.3389516770839691,0.1981114528260808,0.003438424551859498,0.1091264041215221,7085.9375,5975.897606382979,2015.625,1677.2823652811812,0.671875,0.4788169049202128,0.103515625,0.20595147495657315,1
9.0,13.594932453402933,0.0,17.421306610107422,-5.976597468824463,-46.33670425415039,10.544490455754099,15.723695755004883,-5.579141280805389,-39.641693115234375,9.938963744906555,25.63372802734375,-0.17229844127775085,-33.96920394897461,9.712243801502058,16.444896697998047,-6.566068346090351,-23.061765670776367,7.1457645650343125,-2.882364273071289,-298.0224276417536,-422.7476501464844,108.37054274135701,120.81593322753906,33.66094890582963,-51.769676208496094,40.811604729203395,59.82792663574219,-2.82563660161715,-89.42058563232422,42.20434500946191,75.00862121582031,-0.4618123090357011,-74.01681518554688,24.803428949064187,55.47317123413086,7.337035242758744,-43.589210510253906,16.899290569781066,37.539878845214844,-2.933821780224007,-51.914306640625,13.776646585721803,26.95754623413086,-6.354421259240901,-50.12862777709961,14.275542718799135,18.829370498657227,-1.0990697781403436,-39.33433532714844,12.232768360710114,21.12221908569336,-7.077278447278003,-49.70220947265625,11.523957288530118,3.0,479.27462452220266,209.3452410471265,50.16362341835366,86.95298381689398,0.3536086678504944,0.045210323999933105,0.0021942714229226112,0.06786999139320338,129,0.0,0.006683478597551584,0.08175252377986908,2838.6220719927005,2016.365904706432,986.484630282867,460.2451750918416,4771.50390096191,2986.304806358945,1205.8991899944544,1274.7080336479967,0.3603765368461609,0.11470080771754292,0.0009350933250971138,0.11219091313535946,7085.9375,5059.812721631206,1617.1875,1928.2883178350971,0.65478515625,0.3333696947030142,0.048828125,0.21040678303669677,1
1.95,8.83242447669483,0.0,15.726593017578125,-4.522699627895519,-39.6506233215332,12.453665055696774,6.544990539550781,-4.340958290168496,-32.48823547363281,7.939673601558167,19.792133331298828,2.7731223877091877,-7.5412516593933105,5.030498234819896,11.431636810302734,-7.16136218485285,-16.900524139404297,5.740861618194755,-147.75306701660156,-345.9396342293161,-451.7437744140625,104.8140330573744,115.53599548339844,18.567157583158526,-14.8489351272583,41.00061480358564,42.153202056884766,-0.41807261451345973,-87.92378234863281,47.06546085522382,48.15679168701172,-7.8502568959212695,-44.29782485961914,15.761622625209299,42.09330749511719,13.208861419411956,-2.893270969390869,11.960180206328864,6.486833572387695,-10.135327342592301,-52.95764923095703,15.947239995482104,4.073640823364258,-12.534231110674437,-51.394309997558594,17.308157895763355,18.4073486328125,1.6033011870306046,-19.350688934326172,7.979678357425243,15.791193008422852,-2.347538358363949,-22.273378372192383,6.045421818399909,3.0,449.32089487957256,137.20784375688942,52.628446385652865,78.17341243543795,0.0983370915055275,0.021822345786590557,0.0015939376316964626,0.03246330451162925,130,0.0,0.0015317323850467801,0.039137355983257294,2388.036535015255,2022.4640930107016,1171.0115946291648,417.2430399110947,4833.03045044877,3695.427105185459,1419.0415634064789,1352.0558001007753,0.3033813536167145,0.18182483395240956,0.0019462995696812868,0.11806400311727878,7132.8125,5651.383196721312,1976.5625,2007.0048568257523,0.68896484375,0.4785796618852459,0.09765625,0.22446873651627997,1
2.1,9.02300912226725,0.0,11.871623992919922,-0.21163656810919443,-30.251609802246094,7.925749493833588,17.62917709350586,-2.6315348184469975,-30.51308822631836,8.766524630797997,15.201513290405273,1.002299302906701,-12.996236801147461,5.190645780219076,15.386396408081055,-6.513666608116844,-21.965713500976562,7.022338103035306,-129.69683837890625,-365.2312707612009,-439.5808410644531,81.21204274238642,135.43621826171875,14.974949621792996,-16.72460174560547,38.838567512260916,60.020050048828125,10.746235760775479,-90.78279113769531,40.271924789417625,9.438629150390625,-16.92403567198551,-63.448097229003906,18.70295690907496,29.426362991333008,7.107534344449188,-20.04994773864746,8.918540072327794,33.95966339111328,2.2291439496206515,-28.788223266601562,11.20290429366731,14.196324348449707,-2.5886661771572,-40.398651123046875,10.455708016538926,14.087503433227539,0.08968898473363934,-28.577407836914062,11.116032283981166,14.54511833190918,-2.906325463995789,-28.321002960205078,9.506895220581312,3.0,500.0,162.96296443246925,62.48193806903449,102.21409922727851,0.11711303144693375,0.014810873042072424,0.001759629463776946,0.027794265714249363,131,0.0,0.0009976158617064357,0.03158505633473396,2797.9770298623303,2191.6937893901163,1018.5333593934962,361.68955879389557,4833.849113521846,3828.9403811865286,1223.6719948259483,1172.7355241440077,0.35150954127311707,0.1961520906435467,0.0018341910326853395,0.11660041720106568,7132.8125,6165.601325757576,1648.4375,1607.914360261243,0.68212890625,0.4892948035037879,0.08349609375,0.20551744771354055,1
1.65,9.618898471877888,0.0,5.409250736236572,-5.337716933053273,-34.928855895996094,9.763983084577552,9.6632661819458,-5.556111012513821,-32.581298828125,9.903001126175388,10.531549453735352,-2.1786788581655574,-17.57107162475586,7.284495836149751,7.961123466491699,-9.332161521109251,-23.67635726928711,6.459150353254038,-189.72715759277344,-377.83501903827374,-453.7841796875,69.06532035250558,96.5037841796875,16.745942922738884,-11.412923812866211,34.473084326015204,61.10747146606445,28.56133915369327,-50.67890930175781,25.27443013890852,15.049880981445312,-7.575337616296915,-42.780784606933594,11.817118133377056,25.04885482788086,7.095118457308183,-23.338302612304688,8.830425261744956,10.040735244750977,-3.740477776871278,-41.95124053955078,10.591045104399859,9.407161712646484,-5.6255093818673725,-40.815269470214844,13.297566570879122,13.92512035369873,2.4651020450087695,-20.961151123046875,8.65654848163089,7.674616813659668,-5.536565771469703,-22.614112854003906,7.483795346152381,3.0,263.32341439817463,155.25925253607377,62.491946184625135,69.567109835964,0.04365317150950432,0.008910421743236769,0.0016189529560506344,0.01188649714891044,132,0.0,0.00022263126447796822,0.01492083165794611,2791.171246223738,2310.3581748784854,1492.1998267480517,277.2378586142701,4796.248813290724,3882.1164223502233,1529.1030579033838,1146.3703223436282,0.31882327795028687,0.18569165941936752,0.0075302994810044765,0.11605055947660349,7117.1875,6348.106971153846,2304.6875,1353.4096404260456,0.6826171875,0.45864633413461536,0.06298828125,0.23546868537078175,1
0.2,-1.061385222845188,0.0,3.3192248344421387,-0.9897753085408892,-3.9568276405334473,2.340956149643341,3.152676582336426,-4.398747784750802,-18.19418716430664,6.487712528983417,5.327759742736816,1.3675441912242345,-3.806136131286621,2.796263589696495,11.394410133361816,-1.4074167353766305,-7.719020843505859,6.253011332062566,-233.15127563476562,-353.30729239327565,-610.16357421875,119.91556462547254,81.72994995117188,49.598517179489136,-2.4532668590545654,26.688906454355593,30.35132598876953,-12.41367953164237,-44.752220153808594,26.098597433780164,-1.03858482837677,-24.39422118663788,-38.46213150024414,11.928991501679413,18.872806549072266,0.7411988633019584,-5.0315399169921875,8.050729849759795,-7.5070037841796875,-14.364063944135394,-22.413623809814453,5.858432272923592,5.395259857177734,-2.911809427397592,-18.314132690429688,7.819766261696024,9.958267211914062,-2.367504264627184,-9.25883674621582,5.688429211587937,3.4954042434692383,-12.022285188947405,-18.119632720947266,6.814401019101354,3.0,424.47869099472064,197.88756121373444,63.490445413518884,112.2107862955251,0.011104688048362732,0.007439043722115457,0.0016184720443561673,0.0040280967529194,133,0.0,8.059747779043391e-05,0.008977394551038742,2626.443057727323,2283.2909025883773,1868.4589744843765,273.2837881945101,3649.8301218861325,2865.36130231867,1963.218136330986,624.7280811048169,0.36524662375450134,0.19152644383055822,0.04923105984926224,0.11175610169855418,6695.3125,5712.053571428572,3531.25,1185.5263539750551,0.373046875,0.22209821428571427,0.0517578125,0.11183618204584614,1
1.5,7.799669260116796,0.0,7.108277797698975,-4.240773369023141,-35.44248962402344,10.822543883115616,7.467970848083496,-4.484170333185094,-32.91542053222656,8.526585496526016,19.450048446655273,0.8120939458938355,-15.075141906738281,7.676810556922309,9.937644958496094,-5.5014466009241465,-12.856927871704102,5.333468834031664,-147.35610961914062,-353.6181549721576,-454.39892578125,85.82342039353189,97.57007598876953,14.884093642234802,-11.677726745605469,31.474074098466026,41.75330352783203,6.848715924202128,-86.80038452148438,37.303204294698716,49.545867919921875,-4.740417866630757,-46.23954391479492,21.64437710199538,34.27405548095703,8.12198238043075,-28.599885940551758,12.699967282513203,10.436748504638672,-6.2185919874526085,-47.038856506347656,16.13527917093529,17.837711334228516,-2.6841817637707326,-57.556610107421875,18.137803240339192,24.784996032714844,3.4887246933389218,-20.205596923828125,10.614248734022038,7.526711940765381,-4.623697827471063,-42.11073303222656,10.346579231318971,3.0,456.75493568141985,173.67123839895797,54.42118837596515,107.3375610516173,0.07913657277822495,0.0136630948523971,0.0015697545604780316,0.021490873116237055,134,0.0,0.000650403555482626,0.025503011420369148,2466.5969395631855,2165.080614765128,1178.998521345853,328.45456250901816,4791.503432154292,3740.706331028749,1544.2160092931322,1138.7715006743344,0.33978235721588135,0.19475371844353193,0.005971373058855534,0.11515105914063489,7093.75,5995.844414893617,2093.75,1596.6536985907308,0.66650390625,0.4705161236702128,0.1337890625,0.20113146375609145,1
4.895,8.155837050434974,0.0,24.588424682617188,7.477606393542945,-27.445728302001953,10.408169194813825,14.469624519348145,-4.612247450873743,-19.73520851135254,6.287276718553984,31.825857162475586,9.765120452525569,-13.624988555908203,7.227274203185963,15.987632751464844,-2.105863273046375,-32.122581481933594,7.710037723598164,-143.82057189941406,-308.70623759350747,-421.8924255371094,87.27925879003949,182.23828125,94.35874979947907,-5.439792633056641,34.23701201961204,51.02696228027344,4.421062712186302,-55.46672058105469,20.925887779562718,68.02070617675781,29.194521374172634,6.188104629516602,12.855057199276882,29.49346923828125,2.283579053637249,-59.571224212646484,15.205041299428373,46.03397750854492,18.176727329983432,-13.924766540527344,11.84926331090258,27.659881591796875,-4.2667201829502,-56.867027282714844,19.698080723251948,45.55227279663086,21.51420401903539,-6.659578323364258,7.992010408178652,19.168437957763672,1.4644809294175478,-19.796680450439453,7.219770462870698,3.0,450.4494936837964,107.4120811713923,50.0,72.5525196878143,0.13382892310619354,0.02483870805046381,0.00334368203766644,0.023639467243829492,135,0.0,0.0011765864910557866,0.03405068442225456,2428.412894974894,1733.4064508144297,954.5236433892114,301.2933267970102,4011.7719628849654,1530.3684102100606,528.9713282896789,668.6537946311538,0.1739829033613205,0.021565237968020276,0.0003363351570442319,0.03613370146633725,6515.625,3311.529820261438,562.5,1213.3744389341111,0.37939453125,0.08693640216503268,0.01318359375,0.0760383816294435,1
0.5300625,1.1921427241881022,0.0,21.746402740478516,12.788642690462225,-4.0840935707092285,6.70975969185692,-0.1836676001548767,-5.882695958894842,-11.294977188110352,3.0504696674292893,13.14196491241455,8.0848908301662,-3.5715065002441406,5.526040967513252,14.844870567321777,4.201042960671818,-3.41770339012146,4.572577451841511,-285.4117431640625,-377.66993444106157,-422.31048583984375,44.07124427838673,137.0569610595703,109.01188255758846,92.22477722167969,12.37827993372458,27.845970153808594,1.8124116308548872,-35.35002517700195,20.685984889559542,34.41281509399414,28.33007520787856,22.646404266357422,3.6299019239066417,19.14583396911621,9.923167677486644,3.567042350769043,5.390275559313066,32.998043060302734,18.87327543076347,-0.7005744576454163,10.53274472011183,21.807106018066406,8.150779406814014,-13.46080493927002,11.028895175397478,47.89524841308594,26.73233469794778,14.493515014648438,10.133429605554634,12.450563430786133,4.6836687641985275,-0.7162408828735352,3.232523980941211,3.0,72.0667711878276,62.27514938269852,50.0,5.707751107016401,0.017954671755433083,0.010385727756382787,0.005544781684875488,0.003617135179718157,136,0.0,0.00013786651834379882,0.011533474549651146,1961.1559511179023,1618.3886876638564,1328.8544025104038,176.6070775873713,1317.2248993839762,1126.9543570127296,965.2006417192247,107.79013760786817,0.0074381534941494465,0.003989777897539384,0.002022621687501669,0.001567047652122294,3414.0625,2584.5588235294117,2031.25,362.38187506831474,0.06103515625,0.03383501838235294,0.01611328125,0.012195841270388688,1
2.9100625,7.868938393114465,0.0,19.35753059387207,11.705823295719021,-3.6806998252868652,4.3583310072766865,3.668499231338501,-6.549333072625673,-41.649497985839844,7.753574332988146,34.42906951904297,10.734665642727862,3.5489628314971924,5.999022164136016,10.509580612182617,0.40125989815691016,-16.840354919433594,5.275700976640717,-149.5355224609375,-378.9983545659663,-427.6766357421875,76.1801374216349,156.10716247558594,84.23529769365604,-10.861085891723633,29.93907008592091,46.77186584472656,11.138017498529875,-36.076934814453125,13.106806569345109,65.24862670898438,19.974494231926215,4.996918678283691,8.251512930642416,15.636302947998047,1.9869751432439784,-16.127288818359375,5.489957490041303,43.78635025024414,17.37129320875629,-18.909149169921875,11.31497808577954,21.194671630859375,6.8293220695558485,-51.123477935791016,16.786702944607722,37.819393157958984,15.385185698886493,-3.2083051204681396,7.252433746999845,19.732994079589844,1.0242750508772147,-20.511503219604492,6.404017083377575,3.0,486.60098842370667,94.1419946991851,59.075859059745014,88.763541959521,0.08772255480289459,0.0132115349700613,0.0033405220601707697,0.01895726095786507,137,0.0,0.0005346607649698853,0.022754911333322525,2352.904899022932,1883.414454712767,1133.9482067809931,216.10466246125077,4263.928621991108,1617.8957150808576,925.1367946184212,761.7573277516499,0.17188991606235504,0.017044764629355377,0.0008520597475580871,0.03520206266459317,6367.1875,3667.5824175824177,1578.125,1003.4918642883554,0.5341796875,0.06385752918956043,0.01171875,0.09973420257418696,1
1.875,10.269137076347036,0.0,23.618343353271484,12.631858854980791,-14.148472785949707,6.5290879189072655,0.3093287944793701,-4.533217661461587,-12.225042343139648,2.7772773940848356,15.738338470458984,7.654956957041207,-3.645678997039795,4.436251087687934,10.345484733581543,0.439111025656684,-14.655107498168945,4.297892476608674,-203.96482849121094,-378.98170160843154,-438.5897521972656,61.93553282307133,189.748291015625,100.88486991494389,60.799983978271484,22.506944818398544,18.220230102539062,-1.387461104635465,-45.16130828857422,19.254695739723285,22.474964141845703,14.783323816323685,-13.804630279541016,8.41316532696728,17.41111183166504,0.04107680651596037,-46.29753875732422,11.1864380052598,49.72734832763672,23.224168866367663,-6.283416748046875,8.93037355921582,21.457271575927734,6.402972219354015,-24.395374298095703,11.872635921901061,29.574886322021484,13.160741291813931,-10.65830135345459,7.678736735244923,16.058971405029297,1.5915313352972775,-22.16402816772461,6.8854453153104025,3.0,231.16881447036127,84.57181216415755,59.908777794744765,57.74759697438912,0.07769861072301865,0.012759804208684018,0.003075221087783575,0.0181038927956036,138,0.0,0.000494304986204952,0.02190556935966015,2191.921504342254,1740.5844191337192,798.2025640697377,274.373105083918,2278.9498583964305,1380.6658765787708,779.1163064642626,246.31577451653772,0.044222280383110046,0.008387507210777662,0.00042668101377785206,0.009491269166769845,4937.5,3242.8495762711864,1328.125,713.6719103478318,0.0947265625,0.037374205508474576,0.0126953125,0.019878102703958365,1
2.175,7.905993131593141,0.0,20.87085723876953,12.234876508660177,-5.6019792556762695,5.219066937418765,1.6196845769882202,-5.272081965032746,-18.54754638671875,3.6518429183656766,27.486038208007812,10.32409236185691,-3.742225408554077,5.2994412155162145,10.16796875,-1.2598062407444506,-17.17615509033203,5.29303688199583,-156.60914611816406,-380.09110574161303,-426.94708251953125,74.69088828310639,146.80007934570312,91.52441127160016,-14.491203308105469,26.301433336377396,25.752363204956055,6.403166031136232,-55.66305923461914,17.407109730284354,35.11225509643555,17.35730236505761,-8.01297378540039,8.555157943421372,6.872915744781494,-4.228259418817127,-44.40601348876953,12.146122524769874,47.248741149902344,21.81543874389985,-2.5804309844970703,8.503917901086437,27.176074981689453,7.4409462003146905,-49.24232482910156,14.26184751362907,29.490497589111328,16.702141495311963,4.763025283813477,4.8084201542207685,13.349899291992188,1.640596095691709,-8.152992248535156,4.133992631023218,3.0,233.0288203707406,78.83281734078187,50.0,51.218741298098934,0.07156907021999359,0.012118409856852582,0.0033008113969117403,0.015516228119147303,139,0.0,0.00038826483068987727,0.019307700917124748,2377.9982188736644,1821.9074909144201,1208.6932112760953,223.41258468433801,3994.149500124569,1490.6715010277746,669.6111696192331,583.1497422363965,0.17305774986743927,0.016057475584709796,0.0005355265457183123,0.03659043194273217,6132.8125,3473.690257352941,1171.875,934.2832224522306,0.42138671875,0.06072639016544118,0.015625,0.08370959728298318,1
1.83,15.258264367611616,0.0,15.901664733886719,6.786117894896146,-13.805862426757812,7.457363429945559,8.175477981567383,-1.814730775253526,-15.385077476501465,4.122657066820222,31.300537109375,11.056675153559652,-10.623575210571289,8.961014740255587,8.731409072875977,-1.4202008668718666,-16.672542572021484,5.356162132825806,-223.2777862548828,-369.7184969145676,-442.50555419921875,66.39563210195105,123.97482299804688,86.75548872454414,11.14735221862793,25.64206022622496,26.389841079711914,3.221439534220202,-55.1304931640625,17.124281698184777,47.08831787109375,22.787216318064722,7.483015060424805,8.455741369658208,15.533337593078613,-0.3832780030266992,-16.860103607177734,7.145856464344529,29.11031723022461,13.134786045243,-6.190862655639648,10.500232472166768,19.360763549804688,4.445676717264899,-40.26568603515625,15.681076381798011,47.91700744628906,22.91661030670692,7.955778121948242,9.5652339457096,7.381353855133057,0.5169942260816179,-17.368703842163086,5.3334082035091255,3.0,231.88003257813742,90.30242991583114,59.564760221154465,63.054008428480955,0.0750318393111229,0.01419559196199708,0.0031634194310754538,0.01879489272552305,140,0.0,0.0005628725048154593,0.023421920835971832,2394.2872282158423,1835.867708574965,1264.0152227187828,247.0402239183581,3393.444975200159,1579.1694360757772,1081.285574667888,608.4053571797308,0.16001608967781067,0.019461517797277214,0.0009004835737869143,0.036886100534878334,6289.0625,3572.332974137931,2070.3125,1057.2233247793135,0.31201171875,0.06764379040948276,0.01220703125,0.07333609144595153,1
4.195,9.791780812797251,0.0,26.413692474365234,4.766797854028868,-21.239994049072266,11.067785045843083,12.246959686279297,-3.618187863605492,-17.426225662231445,6.44575774119529,26.67168426513672,7.921295071190054,-27.069988250732422,9.033010947393072,7.828612327575684,-4.7872283543375405,-29.3686580657959,8.742858770303982,-100.97640991210938,-301.2442619439327,-445.3590087890625,87.11932538634574,186.10714721679688,95.88449484471118,-10.153468132019043,41.068267226394084,41.51702117919922,3.849744567365357,-73.26870727539062,19.594099608865594,70.79025268554688,17.11327262403387,-25.40520477294922,19.72990150063847,22.968488693237305,-4.334182182044694,-67.26123046875,15.460500874078999,43.915836334228516,12.051131027666004,-24.26238250732422,14.219126150629043,30.754261016845703,-3.3727726159673748,-52.25897979736328,21.166682681058116,38.37844467163086,14.571111677270947,-13.296892166137695,9.678135446384244,12.069086074829102,-4.9881776169394,-51.58108139038086,13.569865124507567,3.0,391.939733447826,117.48670792358544,50.0,70.5096015342485,0.16236981749534607,0.03071863127336132,0.0033803372643887997,0.03396282868692298,141,0.0,0.0021117329597473145,0.04577130451798439,2501.1294874439996,1703.0830246364048,891.2520223739944,352.64903565162945,4274.7039857129,1621.8642870647564,409.27829452924027,807.7203013075411,0.1775168925523758,0.02107082362371412,0.0001387502416037023,0.03648467092503336,6460.9375,3323.2125946969695,500.0,1413.0309225461856,0.4833984375,0.09778201941287878,0.0107421875,0.10444460037710328,1
1.72,8.699650698826655,0.0,18.298648834228516,8.163722338499847,-28.48138999938965,10.397845800996363,8.809318542480469,-4.5646420430254055,-32.070640563964844,5.9497619592215125,28.790634155273438,11.023317257563273,1.3208534717559814,4.405990953219586,5.651041507720947,-1.9149489706313167,-17.59086036682129,5.509656074858412,-165.4946746826172,-373.67784825077763,-436.0547180175781,86.04238585141283,146.80091857910156,93.87699904265227,69.49104309082031,14.910879652211298,28.45660400390625,4.890411076722322,-51.54415512084961,19.39703976244171,44.49264907836914,22.803487636424876,11.37962532043457,7.207667644991397,18.529516220092773,-1.3260265787442524,-35.25495147705078,11.654358318346045,28.825904846191406,16.068266042956598,-15.251800537109375,11.874929105376198,20.19875144958496,2.674216658980758,-60.92118453979492,23.135729581612082,29.502521514892578,15.219888510527435,2.9390249252319336,5.869737829116939,19.631023406982422,1.0577300974616297,-24.871896743774414,7.848279483145022,3.0,449.4255066070082,87.4412001192393,59.871822426646446,66.74809484625028,0.08298572152853012,0.015460142559647836,0.003177516395226121,0.02157589845777401,142,0.0,0.0007085371762514114,0.026357291266322136,2377.204312623235,1813.443327324331,1157.8188633327752,232.0552052550944,2219.4240056616404,1426.7462379564672,1022.6332304447455,251.2136632207573,0.08199174702167511,0.009634834891012698,0.0012553916312754154,0.015685083784005946,5156.25,3416.2326388888887,1921.875,623.2477184241669,0.14990234375,0.046694155092592594,0.01318359375,0.035705581791516984,1
4.015,10.60871653852695,0.0,26.594074249267578,3.4582020596024536,-23.322952270507812,9.384400405370346,7.642339706420898,-9.121511562949134,-28.685218811035156,8.652149855127536,38.16211700439453,9.029266347014715,-10.923521041870117,9.947130991785851,9.998066902160645,-6.19938014258468,-27.095233917236328,7.5346765375842,-116.98954010009766,-283.59981040349084,-427.1851806640625,84.68339251090092,175.96307373046875,100.1171442440578,-14.345735549926758,34.15439038259347,50.351593017578125,2.5628617964093645,-51.43815612792969,23.651569732792925,75.85551452636719,20.983421584916492,-32.63841247558594,24.07839491596891,22.402545928955078,0.23652742755791498,-37.449920654296875,14.182085386157006,39.51018524169922,4.816161786634771,-49.70714569091797,18.21354833619131,20.20832061767578,-5.278076646346895,-44.488868713378906,16.479182540176666,58.44518280029297,19.95873240109474,-11.550655364990234,13.218666201896864,11.211564064025879,-14.08917155246886,-62.13555908203125,17.298048094925168,3.0,500.0,146.37289350713652,50.181590223645344,90.46145766663311,0.15618294477462769,0.03716848317592863,0.004914393648505211,0.03357001130817613,143,0.0,0.0025193707551807165,0.050020329654216766,2446.6460419211594,1697.4798574410993,976.4126983816782,305.38259814366086,3541.2138100437,1505.6849982725248,752.1646118466643,568.83903568893,0.18459834158420563,0.018790458081177405,0.0003533233830239624,0.03836634024811278,6078.125,3199.280753968254,1125.0,1309.44154012146,0.337890625,0.0837673611111111,0.01220703125,0.07154549720032548,1
1.875,3.895564850425407,0.0,20.77102279663086,9.778682389501798,-17.438030242919922,9.168409511589912,5.802275657653809,-5.249007781683388,-22.329776763916016,4.900185452952765,24.52167510986328,9.136822642537497,-3.2331655025482178,5.1438910633503365,8.840606689453125,0.0795797670291642,-22.47139549255371,6.471155065970448,-169.720703125,-374.4152790651483,-431.3805236816406,74.4557610721821,188.27923583984375,106.66913992671643,64.98381805419922,27.224198599973523,29.426422119140625,3.272116604497877,-47.77265167236328,20.685702167435565,35.50603485107422,18.196823104963464,-4.560979843139648,6.483098789802444,21.730384826660156,2.085781846511162,-21.619688034057617,6.942074730272184,29.51089859008789,17.244312569246453,-15.364466667175293,9.861531327798389,18.259037017822266,7.104733274144642,-32.30213928222656,13.674532710460511,32.31224060058594,13.011355072765028,-13.249524116516113,9.936099489750715,21.209880828857422,3.1018696235398115,-23.478809356689453,7.530513988434987,3.0,297.2094007534323,93.30398800984581,52.75325740278567,68.77704589300646,0.05910768359899521,0.013044194180234257,0.0027302512899041176,0.013976366381069208,144,0.0,0.00036869902396574616,0.01880168542265892,2339.3044463574147,1695.5396253331057,881.0576525193982,309.81253722189206,2146.4143001180105,1263.014538548934,716.5268128152893,238.11938289397176,0.05579451844096184,0.007070174616844378,0.00043077554437331855,0.010932738246790839,5320.3125,3014.4332627118642,1062.5,774.9745491023623,0.12646484375,0.0431590969279661,0.0146484375,0.027004102385245757,1
2.0100625,7.477150456946372,0.0,20.802213668823242,8.6794906419421,-15.31099796295166,9.69927558977471,7.152791976928711,-3.8901625786508833,-12.833483695983887,3.015704369080323,28.82661247253418,9.76853083334272,-14.208108901977539,6.833693938995784,6.233748435974121,-0.8673252822860839,-14.361095428466797,4.848705212238242,-134.85305786132812,-381.6324990893167,-424.4756774902344,77.75036850098162,140.54925537109375,95.52267770918588,29.487747192382812,18.90119347726142,30.75676918029785,9.808361680734725,-66.3522720336914,18.612008959888165,42.0355224609375,23.37661651581053,1.1903738975524902,7.506549907206916,17.101999282836914,-0.735404214215657,-35.39385986328125,10.854039262291597,31.101837158203125,20.93009362523518,-12.161378860473633,7.455495570062344,18.378171920776367,4.721580195048499,-49.532127380371094,18.160680160247683,42.312767028808594,16.485230158245752,8.694842338562012,6.965854820691989,18.493526458740234,1.4525168840847318,-22.64002227783203,6.552513182401588,3.0,242.11177145393,81.92485226292553,55.10594462142148,50.79217222205966,0.07718943804502487,0.012907011833574091,0.004402705002576113,0.017703352511783364,145,0.0,0.0004820995673071593,0.02160344272851944,2267.7771605405947,1808.8153308075018,1215.9301510043133,205.3924966950916,2978.0202080165727,1374.3194803800484,872.6150449419805,355.53887404823627,0.08302752673625946,0.008266678504971049,0.001640682457946241,0.0147809377133018,5359.375,3351.810515873016,1929.6875,671.550436461284,0.150390625,0.04127914186507937,0.01220703125,0.030877306963687144,1
1.735,7.479414116006192,0.0,19.81537628173828,6.418114131960002,-27.455730438232422,9.817193959279848,4.326210021972656,-5.516114524277774,-13.362249374389648,3.5533881200168658,32.21824264526367,12.936730142073198,1.8546483516693115,6.047600413077319,6.440422534942627,-1.706602518125014,-16.229782104492188,4.765309176652708,-139.97607421875,-367.4312294699929,-422.3405456542969,74.33511419462431,191.4965362548828,99.33152278553356,29.602767944335938,28.41270821104836,27.393247604370117,1.126067112792622,-73.05162048339844,20.996039500533556,61.55414962768555,22.048504906892777,-11.009988784790039,13.080846265324343,12.909475326538086,-1.8277978095141325,-28.85006332397461,9.06970821342747,31.174453735351562,15.923397369818254,-16.013412475585938,9.858256600398983,18.703750610351562,4.0855355734174905,-52.98606491088867,18.044088730635693,39.98530578613281,16.28090081431649,-14.95795726776123,9.660796607693534,19.185413360595703,3.3715169370174407,-33.362586975097656,9.443310661980984,3.0,264.83780051697687,79.56632731596864,56.49680889024575,48.670256301875234,0.08646528422832489,0.014079904759472068,0.0025075606536120176,0.020429037504695102,146,0.0,0.0006251087761484087,0.024746263399720192,2297.030276072749,1739.7954217004592,838.4103445793804,284.716977966264,3025.4348718270326,1432.9100053396878,787.0041040651436,409.58737005194524,0.12214072793722153,0.013301550927148624,0.0008351881988346577,0.024499395306293952,5515.625,3276.1363636363635,1296.875,833.7092197409687,0.2080078125,0.05417258522727273,0.01123046875,0.04326457621636706,1
2.32,8.557559185174194,0.0,19.56024932861328,10.64010277349655,-16.142364501953125,7.3537262450715035,5.53450870513916,-3.657093245280932,-17.890033721923828,4.436697640067618,32.0438232421875,12.303134594061603,-5.174260139465332,7.24996492477375,6.935962677001953,-0.7240842813498354,-18.443084716796875,5.080427825898837,-118.15869903564453,-373.7706360490355,-424.08563232421875,72.64524951947735,108.01432037353516,80.92222493315396,3.7572689056396484,25.7818612215037,61.56011199951172,13.42424467491777,-28.5241756439209,14.021264976009212,61.168983459472656,26.230521776904798,9.847237586975098,11.21101869804203,9.837579727172852,0.3039826011821015,-18.207889556884766,6.7848382229279345,30.759952545166016,16.301930946846532,-15.191887855529785,12.563457721775567,20.725868225097656,10.218756253588689,-19.24034309387207,8.31769959290928,37.665924072265625,17.710015682324972,2.0721189975738525,7.9562610099163065,11.18691635131836,-2.8146678413430304,-30.95214080810547,10.56558621816698,3.0,458.8534199693544,82.1439375560399,54.873400524717944,65.22890319752806,0.051684021949768066,0.010707752179507523,0.0050214375369250774,0.01077711681569321,147,0.0,0.0002329452254343778,0.014735455624759197,2310.248785681635,1904.865230137123,1718.7284571594505,163.85506443092768,3617.5253765659972,1625.6966539417515,1054.9575762715042,691.2862753919211,0.1646689474582672,0.023928847312225564,0.0011210329830646515,0.04138720439941771,6078.125,3798.801369863014,2812.5,1011.2696233482228,0.36865234375,0.07312847816780822,0.009765625,0.09012360765423912,1
1.8,14.234316498157535,0.0,19.442834854125977,6.464553577858105,-21.277925491333008,8.477598376474347,9.704620361328125,-4.234741116824903,-14.595337867736816,4.313773596001324,25.212116241455078,6.314240968541095,-10.827449798583984,7.5600414018327795,14.192754745483398,0.5506136072309393,-18.326637268066406,5.5769711185562425,-174.00216674804688,-364.2670336271587,-432.1324768066406,72.2390812763642,165.20510864257812,95.69265171519497,70.33348083496094,16.762938157952547,41.30849075317383,8.881214131650172,-37.91633987426758,17.617288784930047,40.479095458984375,23.259943167368572,7.106373310089111,7.700877067810806,11.158426284790039,-2.038356389915734,-29.714378356933594,10.648253622534913,29.044971466064453,16.530248583408824,-12.036846160888672,10.68047003941318,21.81402587890625,3.981663310736941,-46.371681213378906,17.719659544971186,47.59077453613281,18.80353421495672,4.824556350708008,9.761214258700454,16.09990882873535,-1.094200142642908,-37.090240478515625,10.374237372313706,3.0,464.25637141988494,106.38923395753007,58.57374671139534,80.86913226038014,0.10213350504636765,0.019074146721610112,0.003674929728731513,0.02609794211154722,148,0.0,0.0010592578910291195,0.03232648968696594,2205.3205006967746,1774.1122025067216,1150.4757157691404,214.69388059253157,2289.8841962104043,1366.3709365266832,790.4852396353895,285.91466707787583,0.08312440663576126,0.009391406434588134,0.0004410789115354419,0.015528969567611468,4734.375,3264.939692982456,1078.125,726.8627655783628,0.1640625,0.05139802631578947,0.0107421875,0.032906326126296764,1
2.31,11.934381291985892,0.0,17.66006851196289,11.554249201735406,-7.5809326171875,5.3724499236914856,6.304059982299805,-5.07286426384155,-18.297344207763672,4.87529919292866,27.990102767944336,10.36971041927599,-9.250627517700195,6.721558916147897,6.626673698425293,-0.005188434499583832,-18.284433364868164,4.441601329546612,-159.7725372314453,-372.20363982736245,-443.2312316894531,83.69928887940225,140.42160034179688,85.41962437107138,1.4265916347503662,24.604767833353463,32.66242599487305,8.0546364898551,-56.52700424194336,17.303446304969903,43.75189208984375,21.580560796881375,-2.512147903442383,7.476872465087937,11.367849349975586,-0.5189856454117657,-31.29409408569336,8.18333336950606,29.546598434448242,17.257856929955416,-23.8647518157959,11.30393272586831,19.87530517578125,8.257311765461752,-33.17265319824219,14.77710870129371,29.43807601928711,14.832984150272527,-2.226928949356079,5.8433733695193535,8.651912689208984,-2.1363791341650975,-46.18915557861328,10.638775523236314,3.0,459.44248835180355,117.54558920995706,59.96466365621213,96.82096026874021,0.09981821477413177,0.01599748410628981,0.0027016419917345047,0.022770399628041862,149,0.0,0.0007833096897229552,0.027698082849383354,2314.547920573343,1848.6813795261714,1380.038377507323,154.68470785439726,3291.11831979141,1504.6190862610213,802.2428305235443,483.977455947145,0.17517337203025818,0.01810168959830301,0.0004416403535287827,0.04083010112344123,5734.375,3574.3792808219177,1257.8125,831.5165727890552,0.1357421875,0.03745050299657534,0.01513671875,0.02474844386331632,1
2.555,7.070348831203346,0.0,22.358570098876953,10.037243402004242,-41.935089111328125,12.229026341857303,3.936422348022461,-4.001448126509786,-16.092403411865234,3.7426963885739317,24.415088653564453,7.988382826000452,-7.99393367767334,5.438316744443764,14.64931869506836,-1.166552859544754,-22.284269332885742,6.454155770777324,-13.165289878845215,-230.78194309473037,-298.7655029296875,75.51426602008723,116.66558074951172,65.60963534712792,-49.207359313964844,24.50975270359466,39.37681579589844,8.770059465430677,-33.07860565185547,13.019454912952778,77.37397766113281,21.71786504983902,2.743936061859131,14.40750117752356,25.480287551879883,-3.4781511506065725,-33.936622619628906,10.017256327333905,25.62532615661621,15.195270639657974,-20.299211502075195,8.749310606768267,16.140003204345703,4.415432308614254,-41.36671447753906,11.073072976975176,23.42667007446289,13.244599103927612,-9.389452934265137,7.457784095076365,9.282731056213379,-0.1263307686895132,-24.582929611206055,6.609905346428221,3.0,414.7577150702948,89.74002667584924,55.5250568949257,80.97510945370493,0.42463719844818115,0.049515954102389514,0.009913977235555649,0.0916816639178546,150,0.0,0.010881762020289898,0.10424429923295975,2304.579272466988,2077.34938645224,1293.3723240318561,218.5337894671053,4390.20370296221,2154.55450674546,1061.1915423086907,519.5883457529369,0.1821727752685547,0.039218336293561154,0.0006524887285195291,0.03331512908846038,6523.4375,4850.0,2398.4375,722.199391061235,0.48974609375,0.136053466796875,0.0517578125,0.07745760018358436,1
5.07,15.864517853641553,0.0,24.913387298583984,8.313423206033947,-20.48531150817871,8.402529779200401,10.920272827148438,-3.492517789673505,-22.390926361083984,6.217618432274734,30.122695922851562,6.1224547129757,-22.599903106689453,9.531410069562712,16.947677612304688,-2.4240132963882304,-18.14139175415039,6.576551331074984,44.07160568237305,-189.32798838390494,-293.3566589355469,92.56426571751815,169.4855499267578,86.00137854522129,4.2053375244140625,31.048790203924685,43.47792434692383,3.038609537969595,-61.0164909362793,23.710850843503525,69.31028747558594,18.407458744708848,-8.569823265075684,11.589983750940814,23.348766326904297,-4.500725952709246,-47.359161376953125,11.939246132675024,34.714725494384766,12.04532700767682,-20.915298461914062,11.04054043123816,17.91493797302246,-1.5268369410772744,-38.06174850463867,14.625417901144896,28.888416290283203,9.491503424309897,-23.649436950683594,10.407601913283187,20.225566864013672,-2.23349188814092,-36.67220687866211,9.690688702388393,3.0,500.0,140.87040480211476,58.8444604475831,97.92578296173502,0.5657909512519836,0.15432208758901875,0.011422818526625633,0.17497789464403835,151,0.0,0.054627079516649246,0.23369945585727692,2477.121275696431,1828.3093092314955,908.9141874101824,465.1491703012246,3755.326669029962,1738.9732974553451,747.2697041257015,642.6630881409964,0.2806602418422699,0.02842369039662683,8.729468390811235e-05,0.04424507903921674,6257.8125,3840.3596698113206,843.75,1624.767424541152,0.3251953125,0.10042010613207547,0.0234375,0.061027375933667805,1
1.775,14.33890557444092,0.0,21.77523422241211,9.685697665171963,-13.004051208496094,7.111183197033513,6.175579071044922,-3.2410246091229573,-23.78484535217285,6.069842496353407,21.42868995666504,10.548199474811554,-11.189199447631836,8.769109178645705,9.524399757385254,-2.1174421863231276,-15.144159317016602,4.830841341449857,9.334474563598633,-188.68383543831962,-273.3544616699219,73.4318161002716,143.56866455078125,72.70600741250175,24.26920509338379,22.99630494762669,45.36773681640625,5.784136672105108,-38.330650329589844,18.489557303837238,59.505706787109375,20.25341768456357,-1.3842759132385254,15.309459672769155,23.036378860473633,-1.4491508326360159,-36.920021057128906,14.65544007918462,27.10344696044922,5.7922795454838445,-23.965099334716797,11.95307407171284,17.27823257446289,1.3436794579029083,-36.649818420410156,10.837236463199474,30.840335845947266,11.90673882088491,-17.213769912719727,12.25304640062132,12.635988235473633,-2.2162333386284963,-31.769187927246094,11.234485267554959,3.0,407.22407465981144,119.74907022032117,55.505159396078554,101.16489131618913,0.5593557357788086,0.09878396314369249,0.015569460578262806,0.15537880681401098,152,0.0,0.034232135862112045,0.18500182032585144,2763.8449115241306,2029.9650715545918,1146.620830895296,379.60313690665276,4045.5673711359445,2092.880949363057,847.692241804323,778.3484344545179,0.24920843541622162,0.054057109258012916,0.0005614121910184622,0.06429679110343292,6789.0625,4543.9453125,1046.875,1418.602403629929,0.4462890625,0.15178571428571427,0.02978515625,0.10748310785596239,1
4.76,19.173383365046465,0.0,26.180892944335938,8.792816112905541,-13.868659973144531,7.549395915317115,9.716796875,-2.844402238626608,-25.949161529541016,6.009444782635152,17.346906661987305,4.4010363389181615,-16.255075454711914,7.350073485429664,17.28156089782715,0.25469424290545034,-23.067873001098633,6.3049946805685035,87.79508972167969,-182.3591617129793,-313.91571044921875,106.65522417844952,152.28916931152344,91.59931228944919,54.71635437011719,29.29470789605134,48.947288513183594,0.709699608335559,-64.61740112304688,27.81144634535436,61.64509963989258,15.199499411470939,-17.878366470336914,13.371286428896282,17.80057144165039,-6.352476382815598,-33.71690368652344,11.196878424575038,29.50229835510254,10.303127697650218,-30.13833999633789,12.975355922040775,22.26830291748047,3.3599662828765458,-39.934226989746094,13.989469135688674,23.780288696289062,7.978696209072266,-23.585193634033203,11.443195142239057,13.718164443969727,-4.007257643112,-34.39033508300781,9.991190966406737,3.0,249.206078246621,141.19234101798133,59.94939841286299,76.05503050585236,0.7234712839126587,0.23128294887883752,0.009741796180605888,0.23516515150453313,153,0.0,0.10897845029830933,0.3301156163215637,2267.7924946659127,1706.0184579111378,917.1786484669468,488.91060349545415,2191.992502866534,1505.6950442419186,667.7186176293669,516.2868023116887,0.045277394354343414,0.011360631395303628,0.00011029368761228397,0.010910602269883173,5265.625,3356.753355704698,835.9375,1604.326298040513,0.1181640625,0.06964070364932885,0.02392578125,0.024541565944405146,1
3.645,13.95101470620348,0.0,28.82534408569336,10.286529869364019,-11.606569290161133,7.081010201986012,6.539693832397461,-4.500174168431968,-23.79235076904297,6.52913396850972,14.165764808654785,4.136584969074057,-16.007158279418945,7.459984266030506,9.784441947937012,-2.1925731809777127,-23.872730255126953,6.907432609138646,71.06653594970703,-171.98234701522608,-310.0795593261719,110.6847793964593,171.216796875,84.7424391361705,23.045875549316406,31.223528041560762,38.20952606201172,-0.4682730007589909,-68.95547485351562,26.076259546731706,54.90734100341797,14.480018117971587,-21.35080909729004,13.905465033020063,23.785717010498047,-3.2301154944457506,-43.74401092529297,12.784099115317074,33.58119201660156,11.740115972987393,-25.778322219848633,12.446845492040417,18.378774642944336,2.9616940282938775,-34.64540100097656,12.946271276331254,33.73038864135742,10.910382693012556,-21.28085708618164,9.987193392255227,13.16250228881836,-1.3755149646547802,-23.00387191772461,8.05803644062832,3.0,500.0,147.87128795711905,51.16120300048942,98.57566255283402,0.7438147664070129,0.1802176883476868,0.011545744724571705,0.20706049063174867,154,0.0,0.07541681081056595,0.27459368109703064,2367.610028897211,1830.0762115089337,844.3139482823675,453.0748555729112,3272.082877262127,1732.4528455456102,668.9407161752424,560.2104821270759,0.1980358511209488,0.02357094484639738,0.0002967671025544405,0.03302839458162523,5984.375,3849.5065789473683,898.4375,1505.1025881563783,0.30810546875,0.09812311540570176,0.0244140625,0.044798349453200895,1
1.74,13.429901958528028,0.0,21.387367248535156,8.773050707036798,-12.40454387664795,8.895903567681275,2.4405453205108643,-4.820846900072965,-17.452625274658203,4.609868034475912,23.691673278808594,11.675558584386652,-6.631746768951416,5.591070456261421,6.21148157119751,-3.6593794215809217,-14.96153450012207,5.482680797680781,66.24092102050781,-199.21848894466052,-296.8435974121094,101.18922575353281,145.1449432373047,81.77003194635564,36.73860168457031,24.421162831409344,24.259187698364258,-4.737072979320179,-59.76607131958008,24.5814297197012,31.889389038085938,17.036304525895552,-8.496825218200684,7.715842236461372,18.33949089050293,-2.9707229511304334,-32.98003387451172,10.70028425588924,50.787227630615234,11.67694233005697,-31.090641021728516,17.886957431178622,15.20018196105957,0.30878452604467216,-34.36996841430664,13.630808189564044,36.90655517578125,16.98991478139704,-9.543357849121094,9.433509155922948,10.891162872314453,0.3483495988629081,-25.250831604003906,6.799053589060762,3.0,225.29980796761984,98.36878193932932,50.0,67.63455093186668,0.6093347668647766,0.12400620931928807,0.012263527140021324,0.1938605826445095,155,0.0,0.05357171595096588,0.2314172089099884,2351.7433509780935,1894.605731284571,985.4987604018306,400.1551037684838,2831.4015394614717,1837.8839231574389,851.8859485262509,442.7527083579486,0.11349724978208542,0.025945790283995764,0.00035643132287077606,0.022676510222231192,5695.3125,4155.397727272727,1781.25,1204.3314795743315,0.17578125,0.09445134943181818,0.04150390625,0.02776158343291886,1
1.75,16.521622884169204,0.0,23.17532730102539,11.681581275571476,-3.1548421382904053,4.652475065938493,15.904511451721191,-0.83774374127388,-10.266998291015625,4.48642800822236,15.216766357421875,8.32504836212505,-8.597084045410156,5.3485348043570395,5.579096794128418,-0.6555953781713139,-6.385695457458496,2.7022106966012864,18.35431480407715,-217.0151479547674,-292.114501953125,94.98624626257737,180.0157012939453,73.73177282159979,39.835365295410156,21.619757642851216,24.48208236694336,7.851280086419799,-47.49748992919922,14.445293480715918,57.145450592041016,23.097733246196402,-5.957052707672119,13.582291649404171,6.518194675445557,-6.809020330689171,-39.91335678100586,11.24603221996114,34.491485595703125,13.62193735404448,-22.36920166015625,13.880043847992777,15.349534034729004,6.511191191456534,-26.984600067138672,8.135321244000853,26.949172973632812,14.093736672943288,-13.262565612792969,8.742378139765632,7.026731491088867,-2.9614723519845443,-28.59857940673828,8.960641427267971,3.0,229.91581172208947,97.1638081175366,50.0,68.49932325544357,0.6496971845626831,0.12371086606925184,0.011112463660538197,0.20484101324318046,156,0.0,0.05759605020284653,0.23998507857322693,2235.2033597121294,2003.4924397696864,924.2192749048223,309.3809016784589,2276.945355947446,1875.367302137852,775.7253729404159,362.6872604611219,0.11527382582426071,0.022227203687229618,0.0008612363017164171,0.01704541058503687,5281.25,4396.732954545455,1179.6875,1033.1633538262797,0.13916015625,0.09028764204545454,0.046875,0.026558072579336893,1
3.285,17.17560747021014,0.0,21.549114227294922,9.455386555889278,-14.551745414733887,8.860953141448691,3.821136713027954,-5.091578339633433,-21.570833206176758,4.918617699097048,19.84406280517578,10.222260347847799,-3.962209701538086,3.551082717196093,8.97183609008789,-2.2558944099447102,-20.879610061645508,6.444883081851004,58.445499420166016,-208.12712047400984,-282.634521484375,107.67266026258764,155.35769653320312,78.58857401134898,44.18047332763672,21.624311789223874,22.299224853515625,-3.470888452622497,-65.05388641357422,28.06465137878247,43.090667724609375,18.10638239690401,-9.635946273803711,7.579350844430106,24.653030395507812,-1.1071938707411868,-28.59811782836914,10.669706807661601,27.859928131103516,10.418716549439338,-33.50690460205078,16.989372467587334,16.90164566040039,2.8521288315069326,-30.03619384765625,12.649178212837977,36.41358184814453,17.727373127798433,-19.294551849365234,8.427413879331684,21.58384132385254,3.4361538250469468,-21.969484329223633,6.84321716958398,3.0,233.68383279080538,103.46922572555268,50.0,70.2451333249449,0.6152331829071045,0.12703637418888727,0.01330756675451994,0.1991346943811496,157,0.0,0.056981299072504044,0.23867134749889374,2246.776838640921,1919.619156914684,1013.8084719717612,396.395740818378,2170.6408677036297,1816.54853071333,927.5919514533241,328.3630162570027,0.03543417900800705,0.018288673646804577,0.00028861762257292867,0.009394046176447002,5187.5,4186.665655339806,1406.25,1139.7757473071758,0.13623046875,0.09459856644417476,0.0400390625,0.020496969605282172,1
5.2650625,17.003658408687368,0.0,23.607189178466797,5.580884775203286,-26.643108367919922,10.162860711739887,17.89713478088379,-2.044540545795903,-25.57157325744629,8.162951658535233,21.11264991760254,3.886071450782545,-20.29374885559082,9.087590551910425,17.585987091064453,-0.6060385970455228,-19.010883331298828,7.060225116274828,110.83026885986328,-129.66935550696923,-282.9598388671875,115.5364209519351,179.88243103027344,98.14826309319699,4.807919502258301,35.65392468833832,63.400001525878906,-7.367172962246519,-66.48519897460938,32.21510270777197,73.24539947509766,17.84195269201741,-27.1983585357666,20.263243679677366,20.069194793701172,-6.144883226716157,-47.941925048828125,15.920577413328294,27.461427688598633,5.934577678911614,-23.223705291748047,14.82029540391632,21.642566680908203,-0.03689493780786341,-35.09044647216797,15.104018022047375,27.89032745361328,8.210545965487308,-21.07337188720703,11.799986958373884,17.537160873413086,-4.331194150086605,-33.77842712402344,12.65624837845155,3.0,291.0851733789553,156.76746979776632,50.0,76.78150668592129,0.7871841788291931,0.3123298838847514,0.014540936797857285,0.25716991012866275,158,0.0,0.16415753960609436,0.40516334772109985,2234.7687991510743,1554.1233349928177,871.8010078731055,406.5641139801544,2158.094942663901,1338.2932731405529,601.9855234902865,395.32559433545947,0.03572472557425499,0.0066148709216522,0.00013932706497143954,0.008577159317448372,5117.1875,2861.0795454545455,726.5625,1220.1575232143641,0.138671875,0.06632930871212121,0.0126953125,0.026727022131444473,1
2.31,12.166164958268132,0.0,18.915611267089844,8.016156595047207,-26.800899505615234,11.438386540984254,5.10886287689209,-2.433436142663433,-15.617061614990234,4.115405511156936,14.212634086608887,8.317589812082787,-4.254242420196533,3.7587001180798274,5.864234447479248,-0.17024302890855972,-11.05419921875,3.5166290162507994,-8.312646865844727,-232.57629894883667,-298.2279357910156,84.8241906837439,155.3829345703125,69.51326689001633,-16.720645904541016,28.15643690089224,19.842357635498047,6.566415006167268,-66.27960205078125,19.78653675921385,88.73041534423828,21.43204303636943,9.420967102050781,16.967613229162037,9.819356918334961,-3.2205030716037095,-22.936613082885742,7.538314561037828,31.258970260620117,14.192015068171775,-21.22243881225586,13.621489537260619,16.781753540039062,2.724189581936353,-53.769657135009766,18.015092478779483,29.55913734436035,14.50516502334647,-16.707780838012695,7.728434910061795,14.843133926391602,0.6467518202246052,-28.293048858642578,7.269578716613548,3.0,286.8107511143049,93.29107784612667,59.51190034795847,70.91476395643832,0.5783601999282837,0.07905098219236283,0.009166755713522434,0.1537398790106205,159,0.0,0.03022272326052189,0.17381377518177032,2305.7157607661497,2031.5155748577629,922.4419471644874,352.3562556852647,3722.7222375271203,2059.0741633879297,913.3315778399343,518.7286979485388,0.17617858946323395,0.032949254517953795,0.0004807724617421627,0.036573371216968124,5757.8125,4665.239726027397,1765.625,1021.8867093823335,0.4169921875,0.12186296018835617,0.04443359375,0.07197098529643553,1
2.825,12.014184610952658,0.0,32.954383850097656,10.472111843944935,-34.72323989868164,10.761984372952812,5.592538356781006,-2.580882257959816,-17.104156494140625,4.177125880752255,30.637142181396484,9.605151417550076,-18.01087188720703,7.784699256772179,7.460687637329102,-0.504124562392074,-19.08609390258789,4.594131155835187,-22.990907669067383,-232.94844254483,-314.0257263183594,68.68320932312827,119.73164367675781,65.3840614061677,17.433612823486328,14.0611144377957,34.082725524902344,12.024280535371116,-11.798335075378418,9.513107612217143,64.82096862792969,19.026025983389843,0.32319387793540955,11.54033614539158,12.937643051147461,1.3399687352475156,-10.647314071655273,5.244873764855664,28.586517333984375,13.786110344981209,-14.217906951904297,9.079608407039395,18.871795654296875,2.9041714541028054,-39.58160400390625,13.307130962648761,26.05702018737793,15.045770562766643,-0.9863253831863403,4.584505322461055,12.516974449157715,1.0333483257655347,-39.35130310058594,7.977817906971285,3.0,266.9639033023904,77.99486086508101,50.0,58.37878364439165,0.5801525115966797,0.052501647628508924,0.010312466882169247,0.11601509490753902,160,0.0,0.01634950377047062,0.12782973051071167,2569.458262696178,2141.147288900507,1359.5497791574617,187.42509296243747,4056.655678030187,2148.910367973324,986.4519413541337,476.3636171233759,0.2162347286939621,0.04155182797236766,0.0004177811206318438,0.03940196286940429,6437.5,4947.858146067416,2328.125,648.6735932228139,0.50341796875,0.13297708918539325,0.0341796875,0.08219850795794272,1
3.85,14.434966890215879,0.0,23.4536190032959,9.083363140663824,-13.663261413574219,7.0518680955056805,13.54191780090332,-2.734135719123951,-24.365615844726562,6.91565423734757,16.744895935058594,6.08575577923089,-19.47808837890625,7.772806720421721,13.845027923583984,-0.040982882222853415,-15.511953353881836,4.6370188744417185,85.235595703125,-206.35514021905,-301.44952392578125,111.75496984700034,173.54527282714844,73.76987718944707,13.599002838134766,22.572704118132712,36.16526794433594,7.3072946377036985,-51.38607406616211,18.23523033848599,80.4556884765625,20.26271469730976,-10.213130950927734,16.709991962027402,21.164457321166992,-2.4128413604310723,-43.32472229003906,11.643471448667302,25.297382354736328,12.114513952870015,-26.997310638427734,12.394187240081829,17.419614791870117,5.674172669895424,-34.532562255859375,11.4453122809839,23.44713592529297,12.663210278700205,-19.259349822998047,8.338461850360678,20.351360321044922,-1.8661699753162289,-33.53324890136719,10.437457144716591,3.0,233.84714442024767,115.02396371962702,57.06269446216547,74.6692091272574,0.6631494164466858,0.13864165436753556,0.010449948720633984,0.19408407836387623,161,0.0,0.0572163462638855,0.2391824573278427,2326.744833573058,1981.1357961077726,961.7834096822816,360.4459853714437,2767.748512634994,1873.4149758614012,683.7915681402019,431.8374949006981,0.1315336972475052,0.021285427009666624,0.0001261848519789055,0.01775305231765193,6101.5625,4326.962809917355,851.5625,1269.1583154387688,0.20703125,0.10022275309917356,0.02783203125,0.03269315565238929,1
4.54,13.878562674320284,0.0,26.52294921875,4.314714140455488,-27.701725006103516,11.623109840563222,15.81535816192627,-2.901678906779894,-22.306751251220703,6.955465692123177,23.84206771850586,4.99992438741553,-19.07868003845215,7.428959391672107,10.85692310333252,-1.554971301587115,-25.187238693237305,5.710856713733927,63.93732833862305,-169.37030296258524,-291.25775146484375,102.17165375452457,171.54934692382812,87.14344929977202,34.11740493774414,30.41979561588808,37.72541046142578,-2.651288903095353,-54.46343994140625,22.543590454435126,79.21806335449219,23.973057289358596,-17.11848258972168,20.629961540179995,25.60334587097168,-5.737574895712691,-49.19375991821289,15.007382882608653,26.54971694946289,4.167328646904986,-39.875892639160156,17.987371838047043,19.104328155517578,-1.086131987857147,-35.33652114868164,14.264100810033163,35.39564514160156,10.603205693229823,-21.100492477416992,9.679271831220149,16.985610961914062,-4.534212556523337,-34.12893295288086,11.606753425855599,3.0,397.92859520093725,138.3265408539344,59.97930605998921,78.25788628728492,0.736198902130127,0.17572921467289118,0.010039106011390686,0.19370455034160813,162,0.0,0.06846394389867783,0.2616482079029083,2462.065802685134,1776.0175269293643,971.8125140835198,445.05440695995463,2810.6155257700384,1699.9129770959228,748.1370795281287,529.2987957268355,0.13519850373268127,0.021035204374462588,0.00025952819851227105,0.023680720846569928,6218.75,3736.905809859155,984.375,1453.8141980776863,0.1865234375,0.09285940250880281,0.025390625,0.035540198353807916,1
3.165,12.338601068276745,0.0,17.25359344482422,6.5624754495090905,-19.14847755432129,9.41111039372925,4.653941631317139,-4.652136572382667,-26.41693878173828,6.349707071490744,15.622480392456055,4.772672529774483,-20.54123306274414,9.149275586441865,10.056188583374023,-2.0327087923733873,-23.493770599365234,5.990423402142107,22.410419464111328,-178.85672671626313,-312.42535400390625,102.21699648386554,199.45509338378906,78.40439655804875,9.288101196289062,34.859783800115395,43.186431884765625,-1.4307373364766438,-57.01380157470703,22.753259146895747,67.04332733154297,16.908944813290027,-34.567405700683594,17.457021353688344,25.747726440429688,0.46676406459976927,-34.287845611572266,11.262536050582924,22.37732696533203,9.339040026520237,-14.402968406677246,11.268041729779563,21.926610946655273,-0.6076302070810338,-38.074012756347656,13.905451916997764,20.50478744506836,9.331093829689603,-29.888172149658203,11.417748621087883,16.219741821289062,-1.563614038204906,-33.63099670410156,11.254662986599008,3.0,373.0243341621441,126.08837269266424,59.23614170817225,78.6408891815182,0.6479810476303101,0.1336913336670459,0.010825124569237232,0.15971917706038752,163,0.0,0.04342825710773468,0.2083800882101059,2632.7827798780677,1939.9344259117313,805.6260291440952,439.14329215486725,3925.022213608513,1938.7408526375264,828.7990587650781,636.6445614334795,0.2676428258419037,0.03642378056497134,0.0006641633808612823,0.05237957062635296,6726.5625,4304.766414141414,1320.3125,1463.295001956683,0.439453125,0.13178661616161616,0.02734375,0.08044055333449004,1
2.345,17.068912957062818,0.0,18.77983856201172,8.424138926170968,-23.888456344604492,10.206639791388513,8.236928939819336,-1.084974845921671,-16.845687866210938,3.853461359977877,22.25115966796875,10.28551333659404,-6.825778484344482,4.792450631004833,8.62057876586914,-0.9647252249556619,-12.927116394042969,4.774257473673622,-8.139632225036621,-222.34644269943237,-291.0668029785156,82.74487596726388,140.56069946289062,73.02262205690951,30.968534469604492,16.044445748702774,30.129472732543945,1.5303205605092887,-43.79633331298828,16.65245713530838,67.34158325195312,19.70731867970647,8.063732147216797,12.410240944134916,18.57372283935547,1.060322198916126,-10.621091842651367,5.420813431732362,25.01904296875,8.995516790731534,-20.575016021728516,12.23924401093576,15.628795623779297,2.305389544448337,-37.97221374511719,13.497783746584611,33.20157241821289,18.633083812288337,-11.220398902893066,7.779696590745446,16.393640518188477,2.6386081342761583,-38.880455017089844,10.240213774361136,3.0,234.13690941878647,90.91075111893264,50.522686257032674,64.0925855266245,0.6433037519454956,0.0915293585055986,0.010188563726842403,0.1742755746672727,164,0.0,0.03913159295916557,0.19780753552913666,2257.0194087615455,1992.2088823622628,1048.6404050339577,286.5698553555222,2648.9037405695517,1892.6464772645159,941.8680964046715,324.85272149588883,0.1618351936340332,0.02752760291882992,0.0005699532921425998,0.025856128435329293,5632.8125,4385.663006756757,1835.9375,926.5723401907616,0.27197265625,0.10294156461148649,0.04833984375,0.03641626612145716,1
4.5,7.065818661147885,0.0,13.23812484741211,-5.259318087646302,-33.13014221191406,11.036918758574332,22.832584381103516,3.4074327496560755,-15.921859741210938,10.062605352634003,29.03277015686035,-0.9089670517343156,-24.490942001342773,11.429345006039208,6.712127685546875,-12.383467232927362,-30.507713317871094,8.056143205390502,-80.16783905029297,-310.5188992547651,-425.8017883300781,88.93838754183484,144.4275665283203,53.20174664681685,-14.397148132324219,48.91448061186562,59.759857177734375,14.62626615906438,-72.99447631835938,32.2376325533594,62.15644073486328,-7.118013926008914,-81.48403930664062,42.76623312372084,49.319793701171875,11.989494056249342,-17.181549072265625,15.506265379963992,25.171096801757812,-7.439274202001855,-38.059532165527344,13.896715120542417,29.097454071044922,-0.9957724259571826,-39.4521369934082,10.852664672144252,22.12158203125,3.490824416385475,-34.124176025390625,9.381351679738781,8.939099311828613,-20.646306040333517,-52.721717834472656,15.517584898770455,3.0,500.0,144.08177952718816,50.0,119.81899425688314,0.4316343665122986,0.042770520950740215,0.002207772806286812,0.06502661741496339,165,0.0,0.007036829367280006,0.08388546854257584,2922.6531044028266,2117.605881036837,1087.0092409608565,447.1237045629164,4798.859965196636,2449.7162692615457,392.2758435811966,1224.11309410979,0.3224151134490967,0.06845761100642751,1.0742240192485042e-05,0.10328377084086907,7156.25,4757.8125,15.625,1997.4509152968915,0.67236328125,0.24122825243794327,0.0,0.21288212948134283,0
10.0,10.386364655092999,0.0,20.794233322143555,-8.58018193477259,-41.65419006347656,13.205044299427415,25.985370635986328,0.7829457643313911,-22.917821884155273,11.329853506607988,21.618003845214844,-5.328479398934605,-30.547439575195312,10.04736564781344,4.5992326736450195,-14.54365488229849,-31.44182586669922,8.060269213847555,-111.55293273925781,-313.33869802456695,-426.05633544921875,77.75239617226781,117.75037384033203,50.95460779393633,-16.443267822265625,39.15449765136753,73.19865417480469,14.916433239135499,-68.36924743652344,31.283933349991443,57.99313735961914,-7.03642938064691,-73.93917083740234,37.935072299808795,56.3328857421875,9.40332374681299,-29.724315643310547,19.75187603914213,14.249767303466797,-8.622992106662771,-35.25109100341797,11.44600958643884,25.564254760742188,-1.8633407893748328,-48.56024932861328,11.424736956949909,25.38135528564453,1.5045650826570707,-26.439645767211914,9.816130462654257,11.030744552612305,-24.33573409572196,-52.198577880859375,13.423250699006012,3.0,430.6767357120482,137.12839740415185,50.49978149501347,76.39359058001688,0.11658772826194763,0.023251360323958505,0.0022056950256228447,0.021206640219387098,166,0.0,0.000992036540992558,0.03149661421775818,2792.1358628790467,2194.342773963722,1252.7460044575505,381.7980623622231,4833.70641415717,2742.881544942626,1389.9365902824375,1125.798122211454,0.3076365292072296,0.08770761486981957,0.0013196145882830024,0.10261340836570927,7085.9375,5265.649960063898,1835.9375,1717.5423593767614,0.68359375,0.3016064921126198,0.03955078125,0.18671157004820652,0
10.0,7.100299091259736,0.0,26.993738174438477,1.4985447494081034,-19.69007110595703,8.281500075663903,25.63201141357422,6.55522738899381,-13.921178817749023,7.107351012074525,23.426036834716797,6.06940306080416,-10.895951271057129,6.62414923494049,7.977967262268066,-10.482380316089898,-26.441761016845703,6.906350104715809,-119.1551513671875,-283.51324772453916,-421.4473876953125,95.15773463900075,137.55645751953125,63.290205915467425,-15.476375579833984,46.07298409833565,45.631568908691406,-5.404404054470241,-68.90601348876953,31.10120995041764,10.329286575317383,-37.783640867224136,-71.09638977050781,21.84158318895451,27.851268768310547,-0.4105179249621428,-25.16840362548828,11.61360704299082,38.34903335571289,1.0604447283017369,-18.480636596679688,10.528446508616225,23.687223434448242,-1.3919431215372329,-22.264244079589844,8.488224098577636,18.088014602661133,-2.1586975809484246,-38.88971710205078,10.942688225792688,10.260540008544922,-20.02801094525538,-44.25934600830078,12.573897871912274,3.0,500.0,137.530162625097,50.154296490816996,89.33853381207365,0.1067185178399086,0.030343010321634407,0.0021645028609782457,0.026904381156508745,167,0.0,0.001648861332796514,0.04060617461800575,2690.1254764661835,2041.1083754763151,1219.016977700511,424.4419350533452,4800.302967268428,2713.9979496242827,1279.1049080415373,1218.637632783958,0.33134734630584717,0.10694620714741596,0.0019246122101321816,0.11363339961394653,7093.75,4828.599241214058,1554.6875,2020.4469655358575,0.66796875,0.35390562599840253,0.1181640625,0.1749767355893837,0
6.6,8.851297464820409,0.0,20.00696563720703,0.4564948933927909,-9.463573455810547,4.579471556187918,11.148113250732422,0.9475584243950637,-14.245551109313965,4.805849279289836,13.351478576660156,2.8763598603182943,-11.379897117614746,4.385841323038184,25.39397430419922,-7.212028107205451,-19.239078521728516,4.780075499740249,-235.486572265625,-404.71954824843846,-438.2760314941406,35.37535905040888,114.46785736083984,0.7637007455319023,-36.72766876220703,27.68033598877241,72.87129211425781,35.106826714271506,-3.031562566757202,10.282426392017666,55.10829162597656,-0.577037018350357,-60.335792541503906,11.622724575793947,32.368255615234375,11.056964664643514,-40.56202697753906,8.851656542649156,12.283761978149414,-2.9289157557962597,-29.877727508544922,7.095739649415137,20.90680694580078,-2.131500195333923,-38.418304443359375,7.409139140824199,13.246415138244629,3.264205516392482,-37.14826202392578,7.051003534278042,5.246584892272949,-5.434669939288194,-28.330219268798828,5.100236430777371,3.0,500.0,117.88395535284666,50.48316416702409,92.84906409258686,0.026011846959590912,0.004488032535033454,0.001650841673836112,0.0044318710152857895,168,0.0,4.048310438520275e-05,0.006324519403278828,2881.696464351425,2365.3794271481725,1768.4073423064988,193.36876833736295,4874.3405773243585,4268.807317131338,1374.4672770346895,825.4640037528299,0.31393277645111084,0.20578550264590245,0.004804988857358694,0.09996552217548581,7132.8125,6822.841183574879,2234.375,594.9191630815219,0.71337890625,0.5294808650362319,0.0,0.22484223810551512,0
2.1,8.066801951325376,0.0,13.45103645324707,-3.752744527928757,-34.601898193359375,11.853016290432413,27.588483810424805,-0.09201995351097801,-21.204376220703125,12.039479140623374,21.150840759277344,9.210965719186898,-2.4557690620422363,5.452185679652804,21.226470947265625,1.1992925599668964,-14.433364868164062,9.083345526422809,-187.08648681640625,-303.64107351592094,-421.571533203125,74.3660512393446,149.9566192626953,47.341548562952966,-34.426551818847656,61.440764243900674,66.31480407714844,-0.4442245644150358,-57.82423400878906,30.233110710552072,25.483428955078125,-26.07908586841641,-94.383544921875,32.79434626673586,31.1484432220459,2.800277403132482,-28.481510162353516,12.807892696439565,30.720624923706055,5.687834131446752,-29.714553833007812,13.315865076924972,24.713760375976562,-9.400104136177987,-30.776020050048828,12.184842218515476,14.617984771728516,-8.445897847414017,-35.98418045043945,14.94466628005026,7.535805702209473,-8.822755920616062,-38.10822677612305,11.3381142605707,3.0,500.0,233.9167823110756,50.0,162.390143575263,0.10677949339151382,0.028542567143273172,0.0027644108049571514,0.026143666761779365,169,0.0,0.00153904571197927,0.0392097570002079,2900.117697808992,2081.1481609440093,1150.3199189582729,513.2662813272927,4557.63214539478,2628.8116022621466,932.262615520921,1076.3031178459023,0.33326485753059387,0.08408265166817176,0.0007187143201008439,0.1022453500609408,6992.1875,4795.572916666667,1195.3125,2097.5025307886267,0.591796875,0.24946732954545456,0.0,0.1851671871378109,0
2.7,4.92107208103972,0.0,12.766655921936035,0.08682701346628806,-25.887256622314453,6.982270131603215,12.11004638671875,2.31628420493182,-13.165547370910645,5.0939201913036545,29.355276107788086,5.870432238719043,-2.579514503479004,5.606839231091508,17.790040969848633,-5.709539440098931,-16.056865692138672,6.338548406953443,-191.66183471679688,-394.33530776079965,-432.0105285644531,53.64118477677031,156.0908203125,7.756257921632598,-24.67249298095703,40.81471022896114,47.638763427734375,27.196275237027336,-24.375139236450195,13.804756671983396,12.620901107788086,-15.005228821670308,-100.1396484375,22.14121422853838,17.399173736572266,5.574086768486921,-31.619869232177734,9.55994537154488,24.768848419189453,0.8317438598941355,-31.652645111083984,8.164607966798002,15.454606056213379,-0.8907873427166658,-31.09153938293457,7.792481624469248,12.737253189086914,2.2792680011076087,-29.770071029663086,8.36440346496259,7.025773048400879,-6.493220931992811,-29.395240783691406,6.51348334596468,3.0,500.0,113.38798695986075,50.15131820181298,95.0213626401713,0.07402396947145462,0.007297915973536232,0.0018066235352307558,0.015102966828767859,170,0.0,0.00028350556385703385,0.016837622970342636,2614.1798113046734,2251.5772687769436,1179.685961656466,248.72906710049324,4844.179643195877,4268.764241680065,1112.385234110867,974.5985906475336,0.38923180103302,0.24586199111277784,0.0017042646650224924,0.0892815952255454,7109.375,6564.889705882353,1203.125,1369.5869299533997,0.68701171875,0.5972713694852941,0.1015625,0.13062207322834793,0
3.15,9.141674393037817,0.0,9.115586280822754,0.39729473363570494,-11.155569076538086,4.113002343333667,10.113897323608398,0.9375479787287085,-20.822452545166016,4.930096932042031,14.611090660095215,1.50234075056182,-34.01879119873047,7.291331782214323,5.612137794494629,-7.823339713944329,-17.559467315673828,4.373633790374444,-123.08717346191406,-389.45518370349,-441.785400390625,65.48277815719773,118.75889587402344,7.386094348298179,-16.914100646972656,33.835483493110175,82.23452758789062,28.5259466604753,-90.96631622314453,25.93701455907524,30.059906005859375,-3.8514400871113095,-30.350826263427734,8.769976808068389,56.10966491699219,11.272519082734078,-24.00044059753418,10.928871331975902,8.793304443359375,-2.322870648569531,-43.30133056640625,10.361624405945424,15.781257629394531,0.7078058314744873,-28.670276641845703,7.632093899899769,16.49927520751953,4.200494241232824,-21.509010314941406,7.223904881083822,2.1342015266418457,-8.13791184488571,-30.69144630432129,7.232280182544805,3.0,163.36137719370234,89.17023669935996,50.1493041919525,28.065215050320244,0.08629347383975983,0.00844114437591134,0.0016278513940051198,0.018037741608717416,171,0.0,0.00039891834603622556,0.019972937181591988,2739.6486731003333,2278.36601500282,1150.8081622926666,269.1161043231995,4781.101047795031,4221.58897545999,1339.6514813509539,984.1755811154035,0.33738014101982117,0.23415354433507105,0.002578738611191511,0.09344340630533828,7062.5,6567.945075757576,2195.3125,1243.4544207831193,0.6826171875,0.5598317155934344,0.0830078125,0.17729258032704598,0
3.0,7.817742905006913,0.0,7.8389177322387695,-0.3253016433817275,-25.666187286376953,5.710222937951779,11.945281028747559,3.0483692218648626,-6.974461555480957,3.8334281461097124,19.976375579833984,3.404813478126171,-6.439940452575684,4.903872624254899,9.836324691772461,-8.70474531675907,-17.951414108276367,4.879643996244815,-167.85302734375,-395.95998317637344,-440.14825439453125,55.15615408296235,120.55680847167969,4.255548001524616,-19.533470153808594,31.06756317927189,53.865516662597656,27.399721891956126,-40.35658264160156,16.95300768365077,5.1085100173950195,-8.612111865998582,-60.76728439331055,13.609412563608178,17.197359085083008,8.437500965087972,-25.699819564819336,7.530606356428596,27.998403549194336,-0.04199475422501564,-20.625146865844727,6.802670237179816,14.73851203918457,1.7278768889447476,-4.908506393432617,3.4695701398019794,15.433451652526855,4.24798017867068,-25.70220375061035,7.7279828466669445,3.269284725189209,-8.62066598141447,-55.31208801269531,11.611225788120342,3.0,500.0,112.45630643435771,51.775479519811284,78.11236993362058,0.06568718701601028,0.006156534294627527,0.001630189479328692,0.012634096127647564,172,0.0,0.00019810562662314624,0.014074999839067459,2773.1686686726653,2281.4752946644076,1341.8983641068376,195.41889022990162,4798.517968729236,4302.636246121425,1357.8410754655379,880.4391315890906,0.3284706175327301,0.2463297068706139,0.004276418127119541,0.08243164503017626,7093.75,6673.204787234043,2257.8125,1050.7459583235138,0.66552734375,0.5909190076462766,0.12109375,0.12987671137557907,0
3.15,4.59001895793521,0.0,11.508225440979004,-0.10021493260306541,-23.795536041259766,5.3503132399868685,22.09711456298828,1.4809336646488218,-16.060361862182617,6.2148780954129945,15.743871688842773,2.9934159622649954,-11.361525535583496,4.62785791201431,15.770319938659668,-6.564101547905893,-17.290918350219727,5.477820050507765,-170.2525634765625,-400.60903637818615,-437.7319641113281,47.49687346212665,81.26858520507812,-1.3285291218998456,-14.658746719360352,18.420006516676278,41.810298919677734,25.768221324140374,-45.18025207519531,17.714010006675863,29.898033142089844,-6.506260466093969,-61.57061767578125,11.889851960879422,36.08988952636719,11.22572054736542,0.18803834915161133,6.208596503577159,35.56919860839844,0.07822179207296083,-32.218421936035156,8.539708921104761,8.453530311584473,-0.6498367560632301,-31.721452713012695,7.709219853171648,12.141796112060547,3.128373871698524,-30.680774688720703,7.810995718564136,6.275428771972656,-7.54487149342142,-40.18766784667969,7.91134644825253,3.0,430.5329619298761,104.1401894023396,50.15913609459723,69.78227791628701,0.03493790328502655,0.004140115839269275,0.0016743241576477885,0.006333077445455875,173,0.0,5.76180791540537e-05,0.00759065430611372,2601.273666258222,2296.4696259113225,1572.2262917398377,131.64671399679958,4757.068960030371,4416.3478429847655,1705.0807480823219,677.9430885270768,0.31595945358276367,0.25322409559304665,0.017954938113689423,0.06543743251856217,7117.1875,6798.453282828283,2734.375,777.7002529404028,0.67578125,0.6076388888888888,0.13818359375,0.10562735462584608,0
3.0,13.288924641642078,0.0,8.738815307617188,-0.8494415752034872,-21.575523376464844,5.354564852867804,12.27538776397705,0.47289559181700364,-15.866556167602539,4.954097735979193,11.610441207885742,0.2278341682667428,-21.94168472290039,7.141518370224419,10.590560913085938,-9.037550568580627,-27.878662109375,6.223916219872332,-279.889892578125,-402.45316623119595,-442.80596923828125,34.36618746330217,76.39265441894531,0.4103829841664497,-16.676868438720703,19.80588684294359,58.903343200683594,31.625076329454462,-44.43505859375,14.52392759807622,40.502464294433594,-1.331354865606161,-16.010242462158203,12.81254129054136,28.581697463989258,10.555881772269593,0.9960523247718811,5.972572547298735,5.680912017822266,-3.9242509291210075,-35.481781005859375,7.7107870914381245,10.55654525756836,1.565845683930402,-9.418380737304688,3.7377187328044017,14.8306884765625,6.543849624534871,-9.538602828979492,3.7613147071904964,4.618680953979492,-8.281812051667812,-40.71473693847656,8.793295209594133,3.0,399.58619052362667,111.39121490097621,50.1510256087239,70.65805989656155,0.059231676161289215,0.0059921781933727734,0.001650956110097468,0.011519721438066625,174,0.0,0.00016910649719648063,0.013004095293581486,2768.0114888267317,2316.9435132317776,1836.9696273702973,114.44177995997717,4764.558748399658,4311.347637531928,1376.7044216707127,834.9794115630095,0.3586391508579254,0.24159569369797457,0.0014423407847061753,0.08521232990281967,7109.375,6778.590425531915,3156.25,663.7295328325192,0.677734375,0.577621135305851,0.03466796875,0.1606766336023581,0
3.0,6.628256451505312,0.0,14.510217666625977,0.24216845449297986,-21.377065658569336,6.075885225448073,12.467791557312012,1.4231307141958398,-17.166393280029297,5.980042027255861,10.710639953613281,1.0771549399545852,-12.683780670166016,4.619585481573652,14.449894905090332,-7.788098520420967,-18.219722747802734,6.689259951414763,-173.75257873535156,-393.1715404429334,-449.51715087890625,55.18869594658073,133.48141479492188,7.186122021300996,-30.50911521911621,37.60663726655965,64.0805892944336,29.734962352095767,-19.395492553710938,12.573301805782759,8.98875617980957,-9.842837159779478,-60.36632537841797,11.148465880706066,14.600404739379883,3.065665435283742,-34.9788818359375,11.253519753185671,22.071880340576172,-4.576504957010138,-29.1488037109375,7.3121916144869035,12.314018249511719,0.09293231447326376,-18.28786849975586,4.2469795270258786,14.879179000854492,3.8966725709590504,-28.809295654296875,8.77757020049435,6.0071210861206055,-8.14217733068669,-57.90315246582031,12.02681045473191,3.0,489.9649234108861,101.73321428746675,50.485749872480035,70.45570140687228,0.06381025910377502,0.007053270402235633,0.0015905896434560418,0.013286318133215331,175,0.0,0.00022692607308272272,0.015064066275954247,2697.4098615329544,2277.932640522321,1348.1195271160368,205.372608714638,4778.992794181276,4234.978286851924,1221.3840561919574,973.0311830428975,0.30853673815727234,0.23988612566608936,0.0032469541765749454,0.08596428354245303,7132.8125,6586.768617021276,1414.0625,1231.9020369842237,0.671875,0.568837267287234,0.09033203125,0.1631627787281128,0
2.7,5.692566840249967,0.0,20.4490966796875,1.6803346944205901,-28.67841911315918,8.028460837581536,10.622873306274414,1.0531748433323467,-12.846563339233398,4.383509787989312,22.136442184448242,2.5189665589262455,-14.093777656555176,6.367352165859156,23.70022201538086,-6.781561750524184,-28.015439987182617,9.117687624718833,-253.06256103515625,-394.8454805261949,-438.593505859375,50.25285635886365,112.57108306884766,1.3615504818804123,-25.924701690673828,26.48767034051455,69.59294891357422,30.511720771649305,-64.23207092285156,23.500581737886506,73.37580871582031,1.4765652309445774,-12.491329193115234,16.536073038149016,44.52623748779297,11.184108339688358,-19.339412689208984,10.356455777147454,11.642570495605469,-0.5932160530020208,-32.80767059326172,8.182140743988075,8.122978210449219,0.8437811840982998,-22.379209518432617,5.928783454171896,19.36688995361328,4.450774229274076,-24.445560455322266,7.7038851310448075,11.426041603088379,-4.094265929215094,-32.203765869140625,7.372891943638274,3.0,456.64607405425613,153.82976368363504,50.10524198634043,124.06874238386281,0.06169576197862625,0.009054662107818705,0.0017278202576562762,0.01365219178125682,176,0.0,0.0002835146151483059,0.016798267140984535,2913.6800015459135,2342.134700416912,1720.084801729317,258.9235497421084,4845.783065622997,4029.287627968619,999.478994446509,1037.8292329161163,0.2893376648426056,0.18597643238163608,0.001465199631638825,0.11110618869250656,7109.375,6512.04044117647,1984.375,1133.0109188178492,0.6865234375,0.4690085018382353,0.0,0.25285265295851694,0
3.3,6.172434523026218,0.0,11.8324556350708,-0.16407267520060906,-24.424861907958984,5.282414718827063,10.94259262084961,0.46271263442647,-25.300756454467773,5.686150826009142,16.922779083251953,0.5650744484021113,-23.670780181884766,6.161747101448633,2.2843616008758545,-8.590639230437004,-18.475318908691406,4.148153242853246,-197.11019897460938,-400.3124555441049,-452.3892517089844,53.71606253729432,132.2109375,3.9147317982636967,-19.255428314208984,36.467510161005954,68.4323501586914,30.678758439536278,-24.07464599609375,12.341225448030267,22.577831268310547,-7.907055526541976,-66.95046997070312,12.30025201489967,33.4503288269043,8.73262939344232,-8.944906234741211,6.65616276988724,14.883306503295898,-1.9880873940598507,-54.54957580566406,10.458325610605353,13.79085922241211,-0.6837451718747616,-37.3658447265625,9.466799395287303,17.94702911376953,5.175583694416743,-28.07891082763672,7.811503368939355,4.801888465881348,-5.564524205688101,-22.619762420654297,4.63702142903686,3.0,254.18093726070322,90.43659025696444,50.625778780740696,26.89016982704325,0.04631170257925987,0.005970059917532266,0.0016146943671628833,0.010894054678086925,177,0.0,0.00015566337970085442,0.012476514093577862,2753.564684713799,2266.46183927146,1469.9812850938288,197.8036807646467,4817.054606786669,4333.433454858577,1194.779357263293,966.9943183454221,0.31784579157829285,0.23669372345634307,0.0035412220750004053,0.08311569239079489,7117.1875,6615.084134615385,1750.0,1277.309396761325,0.68701171875,0.5856651893028846,0.08349609375,0.16562647475488607,0
3.6,8.126638999572547,0.0,9.770652770996094,-1.4116073675387728,-27.870887756347656,6.977866032254647,15.266119003295898,1.2736032468027774,-12.223634719848633,4.707102969633572,13.969024658203125,3.538604723932469,-7.962194442749023,4.258541518360187,11.82806396484375,-7.452354396339011,-15.636608123779297,4.786367542053003,-202.0818634033203,-396.1958277879563,-444.2984313964844,51.73959907401248,122.84318542480469,0.7475170814885502,-24.104944229125977,26.67732054968221,40.152305603027344,24.865738411920262,-67.07427978515625,19.77051225133264,44.271514892578125,-8.085987633572216,-56.42041015625,13.869445578026827,44.95441436767578,9.130406883438077,-4.538110733032227,8.268838002753041,24.571565628051758,-2.028576559988798,-36.858428955078125,8.026298954387801,11.257762908935547,-2.2212385009084126,-47.34361267089844,9.566762914807873,12.787532806396484,3.3821512487082357,-31.22523307800293,7.6348634266342295,3.3494393825531006,-7.042041639311123,-36.31896209716797,8.386454165455484,3.0,477.5990297106788,108.91675804090217,50.219401072507814,77.24273675341294,0.048809874802827835,0.005305506346697828,0.0016671421471983194,0.009287596581067417,178,0.0,0.00011495064245536923,0.01072150282561779,2504.9172421323674,2264.570205084062,1562.5981283023425,150.97653091757203,4870.029907536732,4344.148955383498,1384.354878077017,838.0465719838301,0.3321821093559265,0.24053915831944453,0.005371237639337778,0.07590744592625874,7093.75,6674.91703539823,1781.25,1029.8702270804952,0.68310546875,0.5882147054756637,0.06884765625,0.1561713854499168,0
4.95,11.470319572040312,0.0,13.210168838500977,-3.5685304734014696,-30.985759735107422,10.389678932983832,15.698802947998047,-3.2000353642048376,-33.8365478515625,9.94143667758853,16.5419864654541,-2.9962990374334395,-35.67259979248047,10.213772423129996,14.028742790222168,-8.022698368564729,-23.19256019592285,5.9274647647789385,-141.4811248779297,-333.47544949439265,-441.5142517089844,78.54577813052397,136.42807006835938,34.988773186745185,-18.98630142211914,35.674202827121114,76.29151916503906,19.68095351957506,-74.6855697631836,32.9621990404015,52.986839294433594,7.440073796049241,-50.99139404296875,22.7564005619298,60.79905700683594,21.4349560922192,-29.408435821533203,19.63968118341044,33.236167907714844,0.09164526770191808,-31.896717071533203,14.698672602890309,22.62262725830078,-0.1466676154924977,-37.18254089355469,12.8235526185067,19.691701889038086,2.1369275196906057,-29.08734130859375,12.942113605175138,7.4646382331848145,-12.384748995592517,-47.36437225341797,14.39615587043093,3.0,500.0,124.99847330239939,50.0,34.14796203352074,0.09273923188447952,0.016712972503756324,0.0016431424301117659,0.01784694951073144,179,0.0,0.0005991016514599323,0.02447655238211155,2821.60533317812,2281.802230286391,1265.7621564074955,378.80317665559375,4630.739907867762,3130.8587665882956,1276.0806739295613,1137.6776320579131,0.32721179723739624,0.10044049920153714,0.0030555701814591885,0.08803730313606738,7085.9375,5589.415322580645,1632.8125,1654.4242880641561,0.6162109375,0.29678994455645163,0.06298828125,0.16615106685609435,0
2.4,10.178380488221233,0.0,9.107979774475098,-2.1932762806352817,-26.543460845947266,7.976086992267459,8.88304615020752,-1.3345495038910915,-29.400344848632812,9.053051078256674,9.355059623718262,1.2817871025518368,-17.299116134643555,5.352064072028708,11.055423736572266,-7.313505582119289,-17.285919189453125,5.292580269454196,-206.87875366210938,-388.3387764378598,-441.49945068359375,58.02117347698322,116.78901672363281,13.678608403786233,-6.212742328643799,34.61127229867823,66.21168518066406,33.018026301735325,-36.33539962768555,13.469843381710096,-3.0746657848358154,-11.850954582816676,-55.17723083496094,9.336421635914563,13.449777603149414,0.9355987251589173,-50.434226989746094,15.590590133619623,8.15071964263916,-3.810430639276379,-26.578041076660156,6.8241312174050055,14.767293930053711,1.8719153365022259,-7.427349090576172,4.394077689179447,16.040998458862305,5.662682740507941,-2.672215223312378,3.986845964210278,6.827070236206055,-6.836376788192673,-25.157535552978516,6.6079033750038985,3.0,466.4614108955714,124.25819465181446,51.777688532636844,110.50559970191487,0.0657539814710617,0.007820276915720714,0.001712392782792449,0.01493809506652678,180,0.0,0.0002881335385609418,0.016974495723843575,2741.316197548868,2310.5705356983212,1590.7992865936446,206.8183539089476,4714.482190136494,4153.690970572786,1278.2956714861916,1031.8151295302018,0.32952266931533813,0.239338674533524,0.002972451038658619,0.09211125816457198,7117.1875,6515.830592105263,2179.6875,1294.8137089931854,0.673828125,0.5561137952302632,0.09130859375,0.16238655893563014,0
6.6,9.280090778900405,0.0,6.9361772537231445,-10.83579785855496,-43.44275665283203,11.757846215919198,15.738859176635742,-4.953625314045643,-36.13471603393555,9.547051820792346,10.16796875,-3.2247707450735397,-27.174076080322266,7.6338450702230825,17.00228500366211,-9.4912024376473,-27.730419158935547,7.34636029937768,-148.65748596191406,-297.02159008081406,-447.812744140625,82.22857040404139,128.9622802734375,51.847004439195864,-38.8642578125,43.62280406412211,68.26828002929688,-1.7732615681086186,-84.47496795654297,32.41589894282728,57.162357330322266,-5.886151980374747,-59.167236328125,25.922445730176072,58.19453048706055,17.842172006766003,-35.10955047607422,17.70589842908035,19.140769958496094,-13.002523936511238,-48.42660140991211,15.09116773363174,20.664039611816406,-11.341636556070208,-52.759498596191406,14.734752762904295,24.704782485961914,4.116709050924881,-30.17974090576172,9.81346739744948,17.40036392211914,-12.736452712384976,-41.25276184082031,12.295591357109505,3.0,472.77508403830046,131.69749561564333,52.6382297144552,81.92270214847879,0.07551214843988419,0.022583117494292124,0.0017098617972806096,0.01839254981187663,181,0.0,0.0008513841312378645,0.02917848713696003,2728.434457620019,2028.4955565276914,1217.5847593317915,350.8403868611722,4717.050992682901,2787.3839628114524,1334.6866262327715,1245.8252582273822,0.3186057507991791,0.10902660836551141,0.002596552250906825,0.1187784726263409,7085.9375,4748.679045893719,1734.375,1932.2108727992274,0.66748046875,0.31057754000603865,0.0732421875,0.2114710553175427,0
2.7,4.818764676629846,0.0,9.064545631408691,0.8989594435867141,-18.016407012939453,5.30235440452671,12.980023384094238,1.1158039426102357,-13.476526260375977,5.121407382930885,12.83238410949707,1.982783323876998,-12.493300437927246,4.487972902489809,8.558747291564941,-9.841381639592788,-23.835498809814453,5.033954680844875,-303.1596374511719,-403.13935977711395,-446.26446533203125,21.905223646798564,58.416175842285156,4.2946304622818445,-8.445890426635742,13.585606166323682,71.86300659179688,37.12536798925961,7.566050052642822,9.270938525702372,45.48994445800781,-4.588877384802874,-14.068252563476562,10.840213006289279,49.96404266357422,7.894513040781021,-6.751667022705078,7.408589057238513,4.237472057342529,-2.6203262609594007,-21.361377716064453,4.810437935831901,9.131887435913086,-0.06430166959762573,-15.65481185913086,4.6251991990132435,15.967498779296875,6.4015075922012326,-0.6456115245819092,3.137032871521057,5.862965106964111,-3.6021254897117614,-15.242522239685059,4.115965720369748,3.0,455.6248503067149,106.45938341001148,51.771664274204745,77.19568581471961,0.01756114512681961,0.0033526949748835144,0.0016103775706142187,0.0032441512211051357,182,0.0,2.1972495233057998e-05,0.00468748202547431,2779.8243025332176,2393.5666870668842,2293.7041496006022,76.07237147446327,4697.296638914162,4382.153429349742,1926.3636192791296,594.3532362366582,0.3188731372356415,0.2520004397696432,0.008426876738667488,0.06550731023168868,7101.5625,6912.683823529412,5250.0,285.00651152793296,0.65673828125,0.58291015625,0.1123046875,0.11650117361493131,0
2.55,13.410904158523847,0.0,9.247415542602539,-0.0602832242846489,-26.27397346496582,6.326098553041572,14.495843887329102,1.8980744004249572,-12.501449584960938,5.288250723997433,10.136693954467773,1.2464508386328816,-12.949882507324219,4.760342598529018,1.9783439636230469,-10.034561235457659,-19.066232681274414,4.296786774057257,-215.29901123046875,-381.31530170440675,-443.5240783691406,58.81509749448161,131.08450317382812,15.067231531068682,-28.152400970458984,40.52115968342297,56.63972473144531,27.511117765307425,-63.52961730957031,21.769611870540786,29.698524475097656,-12.058903240412473,-59.52978515625,17.459237128867898,46.187049865722656,2.4471590422093867,-51.001220703125,17.614280226796772,4.813875675201416,-6.86351845189929,-34.21096420288086,9.199484812422963,10.449136734008789,0.03013852909207344,-23.77301788330078,6.05694238745437,21.23464584350586,9.006443095207214,-3.7542970180511475,5.008421809971688,6.733911991119385,-4.752473675645888,-28.532970428466797,6.103545715855204,3.0,500.0,114.5254185534152,51.768137210083296,104.27771783712943,0.09781838953495026,0.012036892597097903,0.0017199022695422173,0.024210013306476635,183,0.0,0.000733942084480077,0.027091365307569504,2686.102912979461,2251.7175185062224,1330.7239987064825,296.96086650312867,4729.108861925588,4017.8788186992824,1101.8914623281435,1115.7804909241352,0.3076581656932831,0.22369839710954692,0.0008155933464877307,0.1011643826103842,7085.9375,6230.17578125,1000.0,1776.2045386427467,0.66748046875,0.529644775390625,0.08935546875,0.17966867752590596,0
2.4,10.115902395356619,0.0,16.46128273010254,-2.4546695818242275,-39.09429931640625,11.393223378067695,10.952372550964355,-0.6928885285007326,-30.886890411376953,9.020813965084436,13.044930458068848,2.0300182335470853,-17.609716415405273,6.035658971312824,-2.063649892807007,-9.402489401792225,-18.557456970214844,3.552001065832632,-281.79180908203125,-394.1026988782381,-452.0860595703125,31.581815269618446,100.72351837158203,10.66742589677635,-10.593559265136719,23.64551140078304,64.6004638671875,36.203639522587,-3.4875035285949707,12.411796419633326,20.81973648071289,-6.6540747512328,-26.144201278686523,7.965928810090892,23.785470962524414,5.63909144464292,-23.07605743408203,7.588103713928646,17.401660919189453,-1.4683066061452816,-27.636005401611328,7.556543397406818,16.48855209350586,1.8506033310764713,-23.31643295288086,7.312237660868266,16.716461181640625,6.965787041736276,-12.484796524047852,5.668504113632488,6.343230247497559,-5.6498341832898165,-38.40045166015625,7.523945728230834,3.0,243.05272418846562,106.05799247174514,51.78350507308299,37.40641486487117,0.02617991343140602,0.0044565530169118,0.0016402924666181207,0.005402807505481631,184,0.0,4.974253897671588e-05,0.0070528388023376465,2788.0993553825574,2405.7780647922336,2151.024881899819,110.04339009273713,4710.6026477300675,4159.348269074146,1507.5505656227697,792.1407629151365,0.3194237947463989,0.2413236080074536,0.003783667692914605,0.08698560342286735,7109.375,6797.183388157895,4460.9375,463.23586633520324,0.6494140625,0.531115080180921,0.064453125,0.1580527579122123,0
4.35,9.383814723144809,0.0,13.961852073669434,-3.4286249757689586,-30.392440795898438,11.135416358256714,14.248307228088379,0.23952267318964005,-21.279043197631836,8.12044268914795,19.31720733642578,-0.131545181002687,-18.44048309326172,7.548373810972489,13.140954971313477,-6.868897623327725,-21.466426849365234,6.34452615324079,-133.19537353515625,-317.0697230170755,-434.67291259765625,82.29896555174392,141.26602172851562,45.630899015594935,-41.87190628051758,43.78051544638564,65.95166015625,15.743358356549459,-75.415283203125,36.20094522366119,72.86575317382812,-0.21453963373513782,-63.97679138183594,24.006333962254097,50.21108627319336,16.7177529814927,-35.94512939453125,17.31877271870111,18.166154861450195,-4.071778107653646,-42.9555549621582,14.264985435493458,19.7825927734375,-2.5984672636670223,-43.12842559814453,14.777834285434318,26.665523529052734,5.60681369089905,-23.533164978027344,11.053358257963458,10.815187454223633,-9.451902052716298,-47.64894104003906,13.046521492026027,3.0,479.8069002043601,123.63589265746909,50.0,49.09227678868528,0.06729113310575485,0.019691202745033318,0.0024709731806069613,0.01942132009504159,185,0.0,0.0007653461070731282,0.02766488865017891,2809.1532247088007,2224.1695271694957,1225.3601667334574,445.16926267017,4536.274599222736,2963.930608601413,1251.612611323235,1145.7410675988988,0.26965534687042236,0.09606247524275471,0.0019141383236274123,0.0866294015888689,7039.0625,5300.494025735294,1640.625,1879.113782394543,0.568359375,0.2801477768841912,0.06201171875,0.1540475792313808,0
2.4,11.77624627547153,0.0,13.676478385925293,-1.2545511593159877,-28.573497772216797,8.037612994173967,18.1425838470459,0.3494621387829906,-20.210418701171875,7.3662636126193615,14.656879425048828,1.4414003828638478,-17.12085723876953,5.781363937159264,-0.3807401657104492,-9.992991656064987,-19.150047302246094,4.2232055012869685,-233.90625,-386.82585264507094,-448.09283447265625,44.443096008107474,118.85076904296875,18.960715081738797,-9.310413360595703,34.76969963851075,60.66846466064453,41.67198768414949,14.55990219116211,7.672181156910418,8.763792037963867,-4.341259046212623,-32.954105377197266,9.511826080832355,19.192115783691406,5.321846207505779,-45.205718994140625,15.760324525535555,17.67876434326172,-1.986272716600644,-32.53596878051758,10.640821068821156,9.864439010620117,3.3021045456591405,-4.205260276794434,3.1084064775580926,17.828174591064453,8.414024567525638,-5.417829513549805,5.239087516358765,9.616342544555664,-4.43636082308857,-37.58343505859375,8.349251475845364,3.0,477.6867432556258,111.73534985100405,51.78123786576114,52.99455351596834,0.04597428813576698,0.007202616716600268,0.001673254300840199,0.011829531383787941,186,0.0,0.00019442359916865826,0.013943585567176342,2694.951465174282,2401.777159672909,1789.4499766526244,201.92765226193862,4634.764335364942,3994.3056872590532,1265.2856293547543,995.2846942348601,0.30936291813850403,0.21272746305974005,0.002019544132053852,0.0845314057942526,7085.9375,6463.507401315789,2218.75,1346.3498913396436,0.63037109375,0.4888723273026316,0.06640625,0.1554414471589261,0
2.4,11.583285320680858,0.0,12.72679328918457,-0.5942768611406025,-25.022258758544922,7.848152296448294,10.469938278198242,1.47181410146387,-22.176057815551758,6.458659574990428,11.178500175476074,2.473581594464026,-10.056998252868652,4.982081206563903,6.474469184875488,-8.50522277935555,-17.352359771728516,5.217304326337758,-174.6713104248047,-371.23299347726925,-442.5440368652344,71.33968967909568,118.8766098022461,24.388858755952434,-5.559544563293457,39.82787970332145,54.6627197265625,27.979796648025513,-53.289649963378906,25.397007914635154,0.7694610953330994,-14.171060564486604,-55.07538604736328,15.291024820833742,23.18430519104004,7.353655058498445,-31.735454559326172,9.111628684726318,7.9046454429626465,-1.6661056942845647,-18.074512481689453,5.883061109359652,11.989055633544922,0.3237096384951943,-26.01125717163086,7.020231429963708,17.830219268798828,6.7424726862656446,-28.030101776123047,7.32488991701498,7.031643390655518,-7.521719529832664,-42.57957458496094,10.022310438890166,3.0,488.5545406396673,104.97998935617674,50.497288046927636,65.64306326973052,0.060838665813207626,0.010093523737802906,0.001679790555499494,0.01616607613503137,187,0.0,0.00036810050369240344,0.019185945391654968,2712.225265146048,2310.9109250041024,1515.0937563037082,287.62983264704326,4628.890799385329,3894.6867430089387,1409.6517766110956,1138.6455729377585,0.36142563819885254,0.21283382989502952,0.0035568384919315577,0.10645420524997122,7085.9375,6206.106085526316,2039.0625,1638.3986730538734,0.63671875,0.4844906455592105,0.08447265625,0.19126204631551358,0
3.9,8.465448198823772,0.0,8.736104965209961,-10.98557159353475,-38.53160858154297,12.29395992313839,13.643763542175293,-8.370069455355406,-37.108543395996094,11.968413223152146,28.514137268066406,-2.9970159071390747,-26.536069869995117,9.691527095843933,11.322065353393555,-7.020896721570218,-24.772228240966797,7.510266326920937,-178.0668487548828,-325.3335906482134,-428.3062438964844,76.68487827213441,131.3667755126953,43.15462723130086,-37.65484619140625,43.68104109587494,63.06895446777344,17.64596332536369,-55.16496276855469,28.7644285365392,48.498130798339844,-6.710009923235315,-72.5739974975586,23.576266050480648,63.330291748046875,10.247548680813587,-33.993709564208984,18.614892392040364,24.91252899169922,-2.6245772870959807,-31.487564086914062,9.665684755279369,25.908432006835938,-4.1726472378998505,-46.659324645996094,15.411178063374756,24.852495193481445,2.7672395662206117,-25.384674072265625,9.970696571684478,5.466373443603516,-11.385847193784402,-42.319053649902344,11.013478836060639,3.0,444.299960001082,117.07970184882224,51.78138040808674,58.05855773411242,0.08422869443893433,0.018519001560606308,0.0018157977610826492,0.020373624404865863,188,0.0,0.0007588648004457355,0.027547501027584076,2747.627504596606,2186.107334151145,1186.3720426831396,351.5281156724503,4658.644094673153,3109.670131543442,1268.548745703828,1277.9567811455975,0.327863484621048,0.14430650630794067,0.0017234176630154252,0.12276272449160103,7039.0625,5436.475409836065,1453.125,1818.5303993170141,0.63916015625,0.37903832607581966,0.064453125,0.19926477155737507,0
2.4,15.197668058810391,0.0,15.54226016998291,2.090096896024127,-6.6240620613098145,4.602175032908649,13.361150741577148,0.9334137220131723,-16.958730697631836,6.549534393209117,9.750219345092773,1.8968851742775816,-16.388126373291016,6.223202438100012,10.72456169128418,-6.420175968032134,-17.32978057861328,6.516052054150165,-194.79507446289062,-378.93029323377107,-443.517822265625,65.05586177286418,123.73446655273438,20.06192115733498,-7.74277925491333,37.69083704806769,64.63900756835938,34.40946446280731,-17.770998001098633,14.256992141984968,2.1315321922302246,-8.934405805739132,-52.996681213378906,10.72445775338444,18.563434600830078,0.8013772807623211,-50.034000396728516,19.244714386798087,10.337991714477539,-5.655781863551391,-41.17228317260742,13.724214798345589,29.89022445678711,4.925529981522184,-5.908966064453125,7.174875773620703,25.89801597595215,8.26208439234056,-7.097241401672363,5.296798979419449,9.565511703491211,-6.307252866657157,-27.137929916381836,7.59759464129783,3.0,468.0347761914624,102.92735512595516,51.76430256183261,50.97795836923919,0.10725567489862442,0.01398072604972281,0.001692274701781571,0.02849641696307694,189,0.0,0.0010209792526438832,0.031952764838933945,2751.494561537371,2313.6809351327374,1350.7965964229757,317.1240273707199,4702.871782303432,3974.9619050207657,1222.687356556725,1117.583296200619,0.3255695104598999,0.22184310390883566,0.0011792544974014163,0.09908020790265386,7085.9375,6346.628289473684,1328.125,1574.4535779010223,0.64599609375,0.5097078022203947,0.07861328125,0.17583465598500783,0
3.45,7.8279816824380255,0.0,7.660671234130859,-11.03604718145949,-42.84996032714844,14.306519968329336,19.432071685791016,-6.8205004161982625,-35.415775299072266,11.77219155929788,11.7838134765625,-2.549209785130289,-27.323524475097656,8.130664010224608,4.631687164306641,-8.941646489280242,-18.67327117919922,5.016398196710828,-145.064453125,-315.09832523487233,-445.03515625,92.14203287748416,107.88693237304688,35.39873065123403,-40.82978057861328,42.83252879364868,42.63206481933594,2.1220093717867576,-78.47614288330078,35.060472071065156,57.570194244384766,1.2421475770296875,-41.28650665283203,21.016059708480704,64.33778381347656,19.952805008877206,-3.5448760986328125,18.310774658685368,11.365591049194336,-7.342822824087408,-39.1302490234375,11.886825750185944,19.658113479614258,-10.838753898248628,-49.931549072265625,16.15560962621247,30.770591735839844,3.624852613511461,-26.915571212768555,8.944649561042775,8.400144577026367,-10.125325073246602,-42.77007293701172,10.6715672577978,3.0,332.6673552429122,115.32958426715425,50.47821918052022,55.28922824090791,0.0749213770031929,0.019392279085608338,0.0016535262111574411,0.01966647161186086,190,0.0,0.0007642002310603857,0.027644172310829163,2553.933725948576,2057.621678612345,1213.5274090297385,370.70041476036675,4659.217574672638,3202.2860854915225,1449.0080827773722,1299.1635608608344,0.3274020552635193,0.15259224235476856,0.0031057281885296106,0.12522774721653923,7062.5,5179.181134259259,1914.0625,1970.9522839650235,0.65625,0.39415599681712965,0.10302734375,0.21252779235024757,0
2.1,2.531457235848582,0.0,11.913192749023438,-1.8418087322603574,-29.778892517089844,9.353365518270301,9.206624984741211,0.9827456144672452,-18.947750091552734,6.0578942896085834,9.0084867477417,2.2404549139918704,-15.157073974609375,4.80926344812208,9.903251647949219,-9.253335389223965,-17.85035514831543,4.93993730778547,-211.296630859375,-389.9070291230173,-440.1236877441406,47.757660803424415,90.66207885742188,7.717150591991165,-8.303556442260742,22.009763910173326,43.17795944213867,28.685414379293267,-23.45702362060547,13.334147022800455,35.55759048461914,-5.780136899514631,-22.335216522216797,12.344323113707045,24.630733489990234,8.17460895036206,-1.4766160249710083,5.423551968371346,17.537506103515625,-5.273352670172851,-46.70116424560547,11.752349429828374,7.135347366333008,-1.1279952184043147,-15.679327964782715,5.141017545131293,15.05693244934082,5.739756219314806,-14.002115249633789,4.79667886204957,4.270849704742432,-7.166491521127297,-39.44327163696289,9.398348361473763,3.0,425.6957918959283,124.92286375310202,51.77093498460447,94.29525706843424,0.03224486485123634,0.004729487356433476,0.0016838342417031527,0.006884487319062025,191,0.0,7.02307079336606e-05,0.008380376733839512,2575.906291535259,2344.5496124138817,1706.9539315386326,141.8957784530782,4724.661777772837,4250.805085879318,1633.1924596914296,767.7333541209739,0.3479346036911011,0.24989705415668362,0.01125288475304842,0.07116539262996333,7117.1875,6701.349431818182,2648.4375,924.0680725317261,0.6484375,0.5706676136363636,0.10986328125,0.11739460672767835,0
3.45,8.79045121558833,0.0,7.789495944976807,-5.586551203495926,-32.16533660888672,10.868982758501792,10.88548469543457,-3.0048811305314302,-25.23271942138672,8.352704819275138,12.343130111694336,-1.293280831641621,-18.323951721191406,5.619640438456814,18.293315887451172,-8.282265506960728,-27.267436981201172,7.97452834946898,-165.5836181640625,-324.5376222398546,-445.0462951660156,90.0963646681751,133.22604370117188,34.41991474865763,-30.9737548828125,46.732416178418404,41.799156188964844,5.107781084875266,-64.26878356933594,33.45593303175747,63.91248321533203,-6.175078233083089,-67.65858459472656,22.898575399559363,54.36137390136719,13.77291374846741,-22.642333984375,15.935491220228078,16.72393035888672,-7.453061923453653,-43.4285888671875,14.239296246594552,16.61148452758789,-5.758099801010555,-41.519012451171875,13.54200716826196,23.003894805908203,5.3137135580182076,-15.380587577819824,7.212714738289703,7.382106781005859,-8.99080686043534,-40.05178451538086,9.856940014916164,3.0,489.5612949342191,118.31448400899798,51.78139535798204,72.21631719707045,0.0792556181550026,0.017624245245113142,0.0017686618957668543,0.01983903133384161,192,0.0,0.0007054732996039093,0.026560749858617783,2516.811917263415,2096.7528340301214,1257.512892772676,344.1770794336373,4734.782996266876,3308.9791142323443,1204.2558360150313,1331.8704871764355,0.30563783645629883,0.15963276420909636,0.0019091644790023565,0.12282768423568818,7125.0,5395.9056712962965,1328.125,1905.9264761985767,0.6533203125,0.40317563657407407,0.05859375,0.22396277153939617,0
3.15,9.974846255819784,0.0,10.689983367919922,-6.312551075761968,-33.50486755371094,10.887396636088308,12.546016693115234,-0.49190040271390567,-16.0274658203125,6.787167659764036,13.226724624633789,-1.5466207503670393,-16.94845199584961,6.3809430518790355,15.055770874023438,-8.350252702079638,-21.781652450561523,5.871991669688265,-152.4420623779297,-333.3124838164358,-441.4503173828125,82.75103802359922,115.77513122558594,32.77138866296019,-17.572433471679688,41.56145308943386,49.18670654296875,14.934539629955484,-69.39341735839844,29.04466021967391,55.04689025878906,-1.2450327502958702,-59.14403533935547,20.961002249563485,41.748756408691406,8.486491821631036,-21.24213409423828,10.628502786376067,13.473416328430176,-10.969171229034963,-47.002052307128906,15.155688780821503,13.196305274963379,-4.755795983353046,-32.2587890625,10.21759266200847,20.05542755126953,5.833149990048072,-17.572330474853516,6.908736059956426,13.083134651184082,-12.862818448832542,-48.80595397949219,14.874890268519126,3.0,500.0,106.16107623669978,51.77373625739935,49.47049158918752,0.06636911630630493,0.015242040472462623,0.0016991018783301115,0.01636048378649566,193,0.0,0.000502886192407459,0.022425124421715736,2608.2366546597073,2164.779253029203,1342.1046521175706,306.3972560032004,4711.576812131742,3348.741065291421,1309.524604031084,1283.111563672691,0.3725303113460541,0.1640815069296896,0.00336022162809968,0.12922135179822478,7078.125,5592.171717171717,2054.6875,1758.540631951771,0.65478515625,0.3957790798611111,0.06640625,0.22698271526093633,0
2.4,10.772079462539253,0.0,10.771997451782227,-1.8711497787582247,-30.895492553710938,8.789771459576919,10.038911819458008,-0.16147080103033468,-18.88170623779297,5.980158100456099,11.473068237304688,1.3315399414614628,-12.560176849365234,5.234819127170433,5.3002705574035645,-8.407880965816346,-19.046863555908203,4.798792494975428,-234.39788818359375,-390.82451007240695,-454.5569763183594,47.29277162896694,88.12081909179688,6.1537522708899095,-18.579254150390625,22.207428559169575,42.50731658935547,31.252852242243918,-13.827201843261719,11.12913868103734,40.84716796875,-2.4268734055130103,-16.566741943359375,14.627142161134273,35.72824478149414,5.734623311381591,-4.669500350952148,7.035737666033716,10.50511360168457,-6.759195323445295,-42.58917999267578,11.305349402035043,8.937057495117188,-2.0943531562623225,-21.71160888671875,5.466894754785647,21.994537353515625,7.104115856713371,0.318862646818161,4.511587076843055,10.742194175720215,-5.741603712110143,-41.70948791503906,9.466540937611525,3.0,487.78233271100646,112.65209708122502,51.781499996255825,71.41835524953157,0.039912380278110504,0.0058818518223951715,0.0016240272670984268,0.00959367616219564,194,0.0,0.0001283635210711509,0.01132976170629263,2607.251220560303,2311.2990951553934,1755.0698965836543,158.23963392162275,4829.571141054998,4231.439203337374,1546.8082185996504,832.6854933839857,0.3375469744205475,0.24408111229269325,0.005156927276402712,0.0848298940552857,7078.125,6610.094572368421,2734.375,1056.9360910892099,0.66162109375,0.553698087993421,0.072265625,0.14885713587108157,0
9.0,10.43462469177894,0.0,27.68859100341797,-0.42254537108836443,-28.961305618286133,11.089407019054518,22.632577896118164,0.3236082371139357,-28.412887573242188,10.689452222210615,19.026878356933594,-1.8016440642746627,-30.847198486328125,11.102565822437143,8.12449836730957,-11.697708457814041,-30.951717376708984,8.561986936534222,-90.02910614013672,-303.0145023697657,-425.5401611328125,88.98743233403161,163.10983276367188,50.373494181280016,-15.744034767150879,52.635944297997554,84.44223022460938,6.521370144177836,-75.70137023925781,32.27139775911705,86.2214126586914,-0.8101158365607262,-68.3231201171875,39.65538170574629,62.53868865966797,12.053974715847495,-25.098556518554688,17.037326008688236,23.701072692871094,-9.381012617801943,-42.544273376464844,13.079554099700555,27.512828826904297,-0.9328213312947158,-27.44397735595703,10.681962403115634,17.088863372802734,-7.409695081069326,-39.69587326049805,12.469426151251877,17.689659118652344,-20.98940655021063,-50.192138671875,16.391940489567084,3.0,500.0,145.47006956432358,50.0,101.98057929162053,0.4020618796348572,0.03734569686815037,0.002205807948485017,0.048752793294485765,195,0.0,0.004174511879682541,0.06460965424776077,2729.3664244278557,2049.317397841965,1012.7183531241612,445.7880887549317,4801.033111460829,2601.001352029042,398.41314501059856,1280.8718194441535,0.3101707398891449,0.09099772223521702,1.3085307728033513e-05,0.10804421558729022,7093.75,4714.428191489362,15.625,2098.1612154469904,0.681640625,0.29008234984485815,0.0,0.20474284146846006,0
8.7,8.780542648580274,0.0,23.18321990966797,-0.03080547640702742,-29.160781860351562,8.58486961962629,27.996238708496094,7.259772904285723,-17.05044174194336,7.011921011474629,24.774982452392578,6.242199593935819,-16.16529083251953,6.926598304862424,4.117831230163574,-11.614197147133595,-27.46103858947754,6.808201562473663,-126.7332992553711,-259.1663888762979,-433.06060791015625,88.79832486668768,149.07083129882812,73.99724741411559,-28.987878799438477,53.22846972558491,57.23784637451172,-14.010351465248009,-71.5494384765625,31.364682730644247,44.418739318847656,-28.05948669090867,-82.43623352050781,21.50528518570379,27.75796127319336,0.430038880008985,-41.22411346435547,10.825319970026303,29.69000244140625,-5.710238846785882,-30.814664840698242,11.118962855028792,11.449625015258789,-13.641921673846596,-40.709716796875,11.225453503770263,11.279239654541016,-22.20462899551015,-48.25827407836914,12.871108848803534,13.64306354522705,-20.93005982370061,-48.246055603027344,11.153125487786001,3.0,441.98787665599696,137.61038109148086,51.78190270106751,99.86736658248545,0.117110475897789,0.04014533398217549,0.0021903624292463064,0.029830817155847563,196,0.0,0.0025095997843891382,0.05009590461850166,2718.5450200103305,1858.77033520343,1056.930803186104,470.0087131802727,4897.203927299217,2356.117301855568,1138.7106428561244,1196.7251173682694,0.3110332190990448,0.08470812078046626,0.0011576967081055045,0.09841482683606764,7093.75,4115.521599264706,1343.75,2169.7635795643655,0.69677734375,0.29924998563878674,0.080078125,0.16473930259205238,0
5.1,4.717480590711888,0.0,24.31559944152832,4.066395269520581,-7.688771724700928,5.693572608666257,10.303374290466309,-1.707327462080866,-19.72652816772461,5.800363885903351,11.671716690063477,1.6008483132347464,-30.091054916381836,5.993354920503038,7.130728244781494,-6.519897145126015,-21.660568237304688,4.186911610149345,-111.1567153930664,-393.6672152042389,-430.55572509765625,68.1796406816143,146.09567260742188,0.13100914657115936,-81.27006530761719,34.71431492031207,57.801177978515625,25.889452260360123,-41.93419647216797,18.693510463946364,69.74232482910156,-3.246591141447425,-59.33283233642578,12.510667762257395,32.580467224121094,8.250754261016846,-63.118492126464844,14.700176281943333,15.105043411254883,0.02909395406022668,-29.34613800048828,8.461564309625837,20.472684860229492,1.3655055196024477,-14.396800994873047,5.927312593942396,16.61764907836914,4.218832046724856,-37.830535888671875,8.399142700222205,20.498830795288086,-0.6972018647938967,-20.70718002319336,6.069273885664958,3.0,488.8765902699799,118.43844537857649,50.0,93.80336790678695,0.07829919457435608,0.007838861634081696,0.0019078613258898258,0.014313419822762892,197,0.0,0.0002690458786673844,0.01638992317020893,2860.855874465734,2277.314569259942,1188.7493323040073,288.65861605259914,4902.466004132901,4225.9342261982765,1136.5221166957003,932.1997580613762,0.33918362855911255,0.20710094655805733,0.0036366558633744717,0.10595203879088824,7101.5625,6575.48828125,1390.625,1173.584003674654,0.693359375,0.5196258544921875,0.0,0.2224726505352548,0
10.0,8.542613238349123,0.0,37.302589416503906,-1.0876681236698986,-33.89070129394531,19.048489161165794,38.00477600097656,-0.12618345750596957,-38.02525329589844,15.541816538990929,25.869285583496094,-4.300428666721898,-31.865577697753906,11.936579050112817,6.465274810791016,-18.536579158502263,-39.007713317871094,8.92884663717002,-122.06477355957031,-283.4811905443478,-424.3790283203125,71.32601170507617,146.04376220703125,56.89291053839004,-18.11916732788086,42.01985980718817,64.8226318359375,8.358242589063918,-72.33999633789062,34.44167124480795,90.41213989257812,15.663792063443424,-78.18972778320312,47.75036864256014,56.213600158691406,14.458944610751475,-29.24358367919922,19.101052085111768,16.08968162536621,-13.388669900893689,-44.670745849609375,13.419892173394674,21.03617286682129,-3.511096038852637,-39.035743713378906,11.840280264803397,16.73505401611328,-12.38675494820546,-38.8840217590332,11.995347824867123,8.984748840332031,-22.370776027774276,-54.99553298950195,14.79937787143915,3.0,466.11801431954007,163.15130745803694,58.263568854031895,106.57211466652146,0.10456766933202744,0.03325736416003908,0.0021749890875071287,0.023256492737484053,198,0.0,0.0016500056954100728,0.04061901569366455,2804.943910058916,2045.6781568106458,1100.4907359066356,448.00947482666624,4668.119573947574,2277.0495213217796,1124.3341338571013,867.7333367351492,0.3262687921524048,0.04851399743356727,0.0018938893917948008,0.06669106566559517,7070.3125,4449.356030351438,1328.125,1822.3440129417577,0.58837890625,0.2099921375798722,0.03076171875,0.1189964314852795,0
6.6,17.8268651977405,0.0,6.6062421798706055,-5.527980321343394,-26.723773956298828,6.086329576442696,18.066593170166016,4.268221005617421,-19.872116088867188,6.169045309559743,11.608284950256348,-19.17783383830734,-33.77386474609375,10.948196361686778,5.468648433685303,-13.97770448540144,-24.570003509521484,4.956102756566219,-197.46548461914062,-276.0988132642663,-440.58819580078125,55.851230551072675,96.2184066772461,25.982892914094787,-21.99481964111328,15.376850181296243,43.88878631591797,8.857283884488442,-15.144529342651367,13.106149779337997,88.74137115478516,58.12803272348671,-18.82354164123535,27.14782770030284,44.3489990234375,20.417430845435693,3.4905319213867188,6.517701917239229,11.52712345123291,-16.55346994742679,-36.77233123779297,8.919406788609205,36.56275939941406,16.549341891986735,-37.32322692871094,12.252472474911828,22.71196746826172,9.202548603144821,-16.47833251953125,6.20267031945972,11.909013748168945,-33.55334750033807,-52.99414825439453,14.123254410369935,3.0,377.05281946228615,131.07539877162301,50.0,31.031294433051876,0.10134986788034439,0.05262786362281942,0.0016799290897324681,0.025601289519335525,199,0.0,0.0034429356455802917,0.05867547169327736,2669.2552533533626,1935.753512986289,1563.7943067709389,240.31202817872148,4822.913852947344,2412.908607475516,1102.7758246154349,839.4716509710572,0.3136739134788513,0.04131991100207349,0.001499933423474431,0.09157419162451445,7085.9375,4156.061292270531,2437.5,1308.1028070464833,0.68017578125,0.18590541968599034,0.0234375,0.16558091146972037,0
5.1,9.185350096753538,0.0,11.187442779541016,-5.395612160209566,-34.10772705078125,10.228031973216305,16.147417068481445,-5.311432543024421,-31.43975067138672,9.53408014160338,20.90030860900879,-3.310892964154482,-29.120738983154297,11.25521620960251,16.915874481201172,-11.109345950558781,-31.2198486328125,9.469975898027972,-93.333984375,-310.28150029182433,-446.4635314941406,97.57075998740007,148.5522918701172,38.08391309604049,-36.221229553222656,52.09197203831437,75.2227783203125,8.354524104110897,-76.97315979003906,33.112831301092704,78.33245849609375,7.4901550286915155,-56.94928741455078,29.765423807854656,49.88945007324219,10.763474512286484,-41.853389739990234,17.92275027767654,31.155759811401367,-7.515106027200818,-49.613136291503906,14.181643780704201,25.674623489379883,-4.9583588891662655,-36.768951416015625,11.448765202878691,17.348251342773438,-8.876059832423925,-49.54216766357422,15.933102855293948,18.206787109375,-15.364877386018634,-50.27618408203125,15.375082704041267,3.0,481.44313240467835,142.82788385520155,50.475414363015965,103.33115482152543,0.15826086699962616,0.030772595803864534,0.0016695124795660377,0.035990104438609616,200,0.0,0.002251056721433997,0.047445300966501236,2754.7715244925316,2029.1691058454103,1024.9895027263274,375.8217861624466,4779.951379196527,2994.7660888653218,1032.5736043237061,1404.069453037052,0.3345681130886078,0.12580946514863173,0.0011240808526054025,0.12084764689310806,7109.375,5049.658203125,1046.875,1971.2694976510015,0.67236328125,0.351019287109375,0.0439453125,0.2329715862875458,0
2.55,6.220719654607649,0.0,24.430736541748047,-1.2325939316302539,-28.9502010345459,7.895399712793595,12.976049423217773,-0.6271275132894516,-27.62849235534668,8.304496033242865,9.55386734008789,1.483224119618535,-12.818742752075195,4.96039767808032,3.6338298320770264,-9.57657633125782,-30.97660255432129,5.490858954411213,-55.81962585449219,-372.5032850265503,-442.0652160644531,95.61737583012898,103.63725280761719,6.2056375343352554,-40.989112854003906,31.604066316592252,41.401527404785156,20.83277451992035,-73.35905456542969,29.078573338571083,59.34021759033203,3.459577512741089,-16.66830062866211,16.219925736228202,51.75856018066406,15.275175681710243,-4.173190116882324,8.994691549893178,22.767547607421875,-0.6228841418400407,-29.679424285888672,9.348450332513186,20.532360076904297,-2.158523949608207,-56.76649856567383,16.325540583405726,14.453286170959473,1.4150433234870434,-37.14298629760742,13.200509043700615,3.9076547622680664,-7.165281680971384,-38.698699951171875,8.60551554068771,3.0,414.8031716957692,114.0242244158544,52.6363846012826,69.66992286213208,0.18054556846618652,0.017636886041145772,0.0016219252720475197,0.041386322521260815,201,0.0,0.002031882992014289,0.04507638141512871,2653.6307717329983,2216.6589914566075,1190.2425086006424,326.7510780689306,4789.78791320159,4119.902034431748,1467.2113185820363,1048.9649293176021,0.3753525912761688,0.23190119871869683,0.003921667113900185,0.0986193957644221,7109.375,6339.35546875,1929.6875,1520.3207519558216,0.66943359375,0.54024658203125,0.07421875,0.17527648975833934,0
10.0,10.469751144741462,0.0,23.81814956665039,-4.826110402425638,-37.23011779785156,11.781246242079003,17.759849548339844,-6.115280507685848,-31.733074188232422,10.85965490627553,21.220291137695312,-5.223949731634067,-25.900188446044922,9.306415175179776,5.871925354003906,-13.484080590188693,-36.16984558105469,9.246190887347442,-113.59268188476562,-277.82248341618254,-434.4293212890625,84.37139964251202,142.7641143798828,55.8991920578594,-56.01054382324219,52.215202697745966,62.72686767578125,-7.9056901102439285,-73.14960479736328,30.623603689117857,75.0177001953125,-0.04645805717847599,-57.88884735107422,30.224224067921455,50.99481964111328,16.866677712327757,-51.01979446411133,18.052705918485678,27.55975341796875,-6.519762595240682,-42.65628433227539,13.764768848322294,14.364608764648438,-13.293586717531705,-48.05084228515625,13.587606910284533,13.42497444152832,-19.518446526588342,-59.820438385009766,17.282046706297958,17.133800506591797,-19.45054281060212,-54.977394104003906,15.316012589178627,3.0,500.0,131.94652236321335,50.155959209277306,103.40554983405785,0.117874376475811,0.033073328363265805,0.0017536419909447432,0.028389407421303615,202,0.0,0.0019052982097491622,0.04364972189068794,2748.1273683672284,1927.5426395566324,1101.4583586889325,412.40320604647735,4805.280349074277,2506.9486715014727,1060.453415547876,1215.5867204978313,0.3900804817676544,0.08786166382406038,0.0012750586029142141,0.10988087728053111,7109.375,4388.877795527156,1156.25,1992.752659816577,0.681640625,0.2674814047523962,0.0556640625,0.1944855652573501,0
2.1,7.058417576645895,0.0,7.2259111404418945,-1.807154286539916,-26.528697967529297,7.283559962120315,10.885730743408203,0.6743659602873253,-24.177663803100586,7.38229331259782,12.807252883911133,4.0262478626135625,-20.262107849121094,5.799344589902857,-1.083396553993225,-8.512582542318286,-19.98657989501953,3.9667190797194944,-175.76895141601562,-393.24550050677675,-452.7640380859375,68.39923622760831,141.05784606933594,8.440999388694763,-19.998567581176758,43.51072178608421,62.31298065185547,30.609609184843123,-15.351192474365234,13.342773956281642,2.8453280925750732,-10.043039492585443,-42.67872619628906,8.747657719683916,25.037174224853516,3.70844871708841,-44.929710388183594,12.796866132308654,28.37448501586914,-1.3020475008948282,-28.945682525634766,8.436660319496102,10.076647758483887,0.5193956458207333,-15.236875534057617,4.78919342606793,14.295677185058594,2.2540474208918484,-32.72320556640625,10.849305810629945,3.5574252605438232,-7.331248359246687,-45.122703552246094,10.913971962168501,3.0,432.61746777456693,103.99041123106886,51.78552906572917,72.14685625990136,0.082390695810318,0.009897578449454159,0.0015613909345120192,0.020046983953054424,203,0.0,0.0005027632578276098,0.02242238260805607,2591.814405369532,2217.8200923524673,1364.375353340846,247.32465040667884,4850.870135522035,4225.929578043368,992.4360980773682,1154.3492066290366,0.3268199563026428,0.23038054968470312,0.0019179529044777155,0.09282426076337312,7109.375,6425.071022727273,1117.1875,1580.9106974750046,0.68603515625,0.5681892163825758,0.0595703125,0.18563367632877226,0
2.85,5.192114439396841,0.0,14.32400131225586,0.6447732998265161,-22.101408004760742,6.204469218998003,23.714149475097656,3.5475051149725916,-9.548707008361816,5.621291768007014,23.284780502319336,5.644422939088609,-7.376473426818848,5.107622112905066,2.7124199867248535,-7.215578766663869,-17.16742706298828,3.620683108544585,-56.622230529785156,-380.2736601087782,-451.3219909667969,87.72756680986275,149.49644470214844,10.213330282602046,-16.872726440429688,43.370469847115274,41.01333236694336,22.410825316111247,-59.70087432861328,23.829387051969583,23.274538040161133,-11.882204785611894,-51.04219436645508,12.2802045991114,14.373817443847656,3.1418014761474398,-37.877777099609375,11.74454609681909,10.2627534866333,-1.7095920302801662,-33.33052062988281,8.88707801258614,16.410736083984375,0.7811095873514812,-15.577659606933594,4.895509627879886,15.234417915344238,3.517447431219949,-22.35091209411621,7.608122259149879,4.40745735168457,-6.564593795190254,-33.92021560668945,7.183499902136128,3.0,500.0,101.66199682644515,50.19564234229982,74.65434470772425,0.17834967374801636,0.014502911344687971,0.001571686239913106,0.0361296720851061,204,0.0,0.0015316733624786139,0.03913651406764984,2641.6135941028465,2194.745511056981,1048.5728395002454,311.5756853757337,4836.840283748336,4179.337481280616,1061.462195298348,1116.3854295711237,0.3629748225212097,0.2349839771295794,0.001734310295432806,0.09032599349942096,7140.625,6357.552083333333,1289.0625,1602.4417682924484,0.68896484375,0.5730251736111112,0.1025390625,0.16517100157489684,0
2.7,4.142959241812821,0.0,10.660713195800781,-0.4819928113151999,-28.725116729736328,7.7076230076636865,8.827630996704102,-1.7125047371667974,-21.781982421875,6.066691298416624,11.621699333190918,3.363750859569101,-17.98537826538086,4.786254693973696,3.328915596008301,-7.923420031631694,-39.717063903808594,7.975761458986788,-187.82350158691406,-387.33481517118565,-447.75274658203125,57.315430472816544,41.90690994262695,-5.976866823347176,-51.329833984375,13.741477696852595,47.2250862121582,17.574109882466935,-80.00047302246094,25.837744677435857,108.59191131591797,2.402550592141993,-15.99444580078125,29.282225398761902,25.181745529174805,10.141268275765812,-2.4893999099731445,5.674288992542193,8.062583923339844,-3.009318583458662,-34.807830810546875,8.232091971386149,26.694316864013672,3.1609892576056366,-8.772289276123047,6.447841098690287,13.46986198425293,4.786368705945857,-18.25366973876953,6.862794235536148,3.775254249572754,-4.8095438120996254,-28.4296817779541,6.3937675513179295,3.0,481.8960346731382,102.87422422073011,51.782889695132326,72.82856329750312,0.06789570301771164,0.007169428816996515,0.001721371547318995,0.014207195629456057,205,0.0,0.00025516172172501683,0.015973784029483795,2637.20060849426,2233.8887596411914,1377.9242725289791,264.06227817779956,4816.612845259857,4316.772224237461,1974.8993595036466,697.6502285584158,0.3759450316429138,0.25543692937011225,0.005186569411307573,0.09000339019805902,7125.0,6627.02205882353,3265.625,1006.6823155493887,0.681640625,0.5759018841911765,0.1689453125,0.13251089954916634,0
3.0,4.785466570046282,0.0,10.591897964477539,-0.22511568459424566,-23.415298461914062,6.108338235802416,11.247547149658203,1.4801699790231726,-17.244604110717773,4.906429621592088,20.655689239501953,4.081662011907456,-8.347518920898438,4.343806341602731,-0.24143177270889282,-8.69931575275482,-26.80095672607422,4.961219543058789,-115.9180908203125,-397.1989340274892,-441.42962646484375,65.8247387061753,119.61882781982422,1.5843166918196576,-16.425739288330078,30.15178086520657,42.421722412109375,27.89444629626071,-55.48472213745117,17.719954695853435,27.930999755859375,-8.058558357522843,-21.605878829956055,7.8000715137154355,37.229393005371094,7.563614361463709,-10.871687889099121,6.838673913099154,8.302605628967285,0.18518865475074409,-16.102876663208008,4.433944572250786,9.683504104614258,-0.30819031627888377,-34.128944396972656,7.75487451114857,14.649993896484375,2.463772506789958,-44.14408874511719,12.969666147838762,2.6871986389160156,-7.591652190431636,-48.6856689453125,11.287738494678248,3.0,357.6814909642935,95.06822795122999,50.486302905203736,60.41239132228085,0.09593342989683151,0.007629220624097642,0.0016816132701933384,0.018730148762295878,206,0.0,0.00041016816976480186,0.020252609625458717,2677.0567798526963,2253.7130207541322,1250.2783338430313,208.78431426242543,4851.396400150357,4381.3883860542255,1335.5162086699997,891.3392856296922,0.3884032368659973,0.2448673084715104,0.003691109362989664,0.07780542276329162,7132.8125,6688.081781914893,2289.0625,1079.2676256986495,0.693359375,0.6009079953457447,0.08837890625,0.14954562447302977,0
3.0,8.091015082793469,0.0,15.09570026397705,-2.38643900796454,-30.47985076904297,7.498043225702889,11.396539688110352,-0.4050873619444827,-26.539531707763672,7.3494859675697075,13.242411613464355,3.060965455434424,-24.683860778808594,6.720682476433046,1.233124017715454,-8.788861237941905,-31.782623291015625,5.657564780842919,-141.4210968017578,-389.9388255667179,-448.7830810546875,71.58865915367717,114.42881774902344,2.293123036623001,-16.57671356201172,29.42813870221625,40.359588623046875,24.297691215860084,-72.399658203125,22.631751190478994,76.82032775878906,-1.7095125228800672,-32.21105194091797,20.79910305367464,66.56219482421875,11.639635284530355,-1.0727322101593018,12.638163876869053,29.364776611328125,-1.8884245282474985,-36.752716064453125,9.380461369015064,9.841381072998047,-0.8949811308387112,-43.75609588623047,10.15319851144707,15.701019287109375,2.864705121263545,-49.410091400146484,13.599663755234511,6.1964592933654785,-7.291678083703873,-40.63154220581055,9.050946080115503,3.0,402.6754362812909,95.83135406018803,51.77259718658792,50.364029863127875,0.097284696996212,0.009739980611831267,0.0015835182275623083,0.021330307450219316,207,0.0,0.0005513659561984241,0.023481184616684914,2604.803117656019,2215.2021429808624,1145.9701924015917,255.93852081198668,4843.841809536397,4289.147247173497,1362.3123062504194,980.4566163795837,0.3306621313095093,0.2324984940957833,0.0029486266430467367,0.08863922865920076,7117.1875,6520.279255319149,1742.1875,1329.5143503254315,0.6875,0.575205701462766,0.1005859375,0.17545195743875036,0
3.3,2.4026753430387173,0.0,13.540647506713867,-0.9161512759299233,-33.343292236328125,7.220500761268528,10.204341888427734,0.5279394747832646,-21.96624183654785,6.9245915314155955,15.374210357666016,4.842358026366967,-15.37530517578125,4.464621023314295,6.270013809204102,-6.966492997339139,-23.42453384399414,5.110562340382983,-185.16192626953125,-399.8946229494535,-446.4450988769531,47.28095996350273,95.61848449707031,-8.364910100515072,-65.41983032226562,22.41862644758707,43.77416229248047,24.336342677474022,-45.365570068359375,18.513835877788026,44.979942321777344,-2.651766729469483,-15.800247192382812,13.38927890773722,40.17234802246094,7.1813775927114945,-11.060723304748535,8.468269104962806,29.235843658447266,-0.3296473854794525,-26.455108642578125,7.878969019753286,15.477739334106445,0.4390393919669665,-39.49488067626953,9.185199825213097,17.350540161132812,4.716763944866566,-27.532089233398438,8.916518022738908,14.063289642333984,-3.5485162671941977,-29.990718841552734,6.712967538937487,3.0,464.8760151730822,109.01365451708011,50.156084641246416,91.67334302516609,0.05317012593150139,0.005101049784570932,0.0015997157897800207,0.009630364813385235,208,0.0,0.00011980043927906081,0.0109453359618783,2640.358496194987,2226.045978953632,1567.523896946299,169.905255161227,4834.648973054051,4440.44089835113,1335.63281995718,698.6920271178565,0.34101587533950806,0.2496301712683187,0.0058660185895860195,0.0615856481187777,7101.5625,6755.108173076923,2281.25,830.7046696717498,0.697265625,0.6022761418269231,0.1044921875,0.11973245683674204,0
2.85,5.0646496123113325,0.0,14.79289436340332,-0.00901687890291214,-23.160537719726562,5.556789665470535,13.157320022583008,3.075958313875728,-3.190103769302368,3.6192952193730537,15.786983489990234,5.759049586455027,-0.9072109460830688,3.494253629418173,2.583467483520508,-7.160128398074044,-18.395610809326172,3.965228776627271,-117.53855895996094,-401.46077007717554,-454.3983154296875,61.33255254290537,147.06857299804688,0.8912742131286198,-20.97932243347168,35.016772420852305,48.447113037109375,27.089182824558684,-53.433204650878906,17.612810220551765,0.7670820951461792,-10.322100930743748,-50.817527770996094,9.761369850451764,33.6693229675293,7.030309902297126,-24.33036994934082,8.391673657972365,6.411746978759766,-0.7535004221730762,-29.858102798461914,6.68171407535536,7.583346366882324,0.8998284685942862,-9.585075378417969,3.6967162758389733,14.62266731262207,4.388417692316903,-23.268823623657227,6.696582884188161,7.16263484954834,-6.015346636871497,-47.107086181640625,10.0806086270083,3.0,500.0,113.03600157688493,50.485037189906464,92.83489316519133,0.12318547070026398,0.00877538193663996,0.001562697347253561,0.024552810229612195,209,0.0,0.0006870344514027238,0.026211341843008995,2746.5545766789974,2248.640187521386,1049.2966666392147,251.25813692602262,4940.427189045252,4436.282977082425,1132.7972458471945,838.1865837138233,0.34431055188179016,0.25258036704811576,0.0018892275402322412,0.06881999047191403,7117.1875,6709.288194444444,1359.375,1198.5666796485516,0.67919921875,0.6118055555555556,0.1005859375,0.12107858821941545,0
1.4829375,7.410385453358124,0.0,18.58368682861328,9.474779948909232,-4.513494968414307,5.3495288892461605,13.388925552368164,4.285064739115695,-25.47937774658203,8.848834975943527,18.324462890625,8.920913781257386,-12.501977920532227,5.836369882628432,22.54910659790039,4.483279378490245,-12.951374053955078,7.460207889707935,-250.6976776123047,-467.67148833579205,-560.4932250976562,91.83317303663995,174.53834533691406,80.14510960274555,6.556948661804199,36.77946602032574,44.135536193847656,13.009979927793463,-55.02162170410156,20.02106679302082,63.359458923339844,21.02754503615359,-36.643592834472656,19.042394680583385,30.599681854248047,9.05699560997334,-35.409873962402344,14.382308193711781,28.403339385986328,17.472485532151893,4.5482330322265625,6.542705316212938,21.161941528320312,8.268067775888646,-35.39335250854492,12.600309155787999,23.992366790771484,15.59198759337689,0.8687319159507751,4.762010765432305,18.190214157104492,2.8462422629620168,-30.466266632080078,11.430943796040282,3.0,412.8211388218171,86.79676214150354,56.47632244201104,71.63218798722852,0.03344463184475899,0.006424774480191,0.001348942401818931,0.008577313127159645,210,0.0,0.0001165246358141303,0.010794656351208687,2334.154216163708,1987.54490263189,1104.089029489919,371.8218963365709,2761.07709602352,1622.0526856312651,785.4440467938133,406.43050942619305,0.107339046895504,0.01888261889503833,0.0014096813974902034,0.020757245879787358,5148.4375,3931.682180851064,1101.5625,1232.7985195476326,0.20849609375,0.06439079122340426,0.017578125,0.04159841362537741,0
3.4553125,12.783754956275173,0.0,34.58725357055664,7.648458857503202,-16.672611236572266,10.344037923735952,12.4873685836792,-3.0958830504505723,-28.00156593322754,11.285968746409358,19.012609481811523,5.526477147031714,-19.32177734375,7.445797831221023,16.981231689453125,3.8861044937813722,-15.053983688354492,5.92159328068928,-194.7174835205078,-399.95025465223523,-556.11767578125,110.51273863354713,195.7383270263672,105.70950039227803,-6.7970428466796875,47.33222552609315,66.60778045654297,13.351253724760479,-39.304222106933594,20.727686605009797,74.24758911132812,20.732342759216273,-25.54852294921875,20.403408969032377,35.87711715698242,2.671579349924017,-58.69625473022461,21.42187729235072,43.68601608276367,14.591496803418353,-15.806802749633789,11.345679025845183,22.5458984375,4.120316202717799,-29.93663787841797,14.700027943604738,22.5030517578125,6.774231587571126,-17.005218505859375,10.221303634468988,17.026569366455078,-9.854077720255763,-51.760406494140625,19.193000708515253,3.0,500.0,110.58850255381992,50.0,83.77001665264824,0.06043238937854767,0.019529182986675383,0.0016351512167602777,0.017536212968838876,211,0.0,0.0006890785880386829,0.02625030279159546,2309.165479432913,1692.4989906961769,900.5460762005238,501.53848313364625,3513.2306957318515,1363.2726659108914,637.265411112633,552.2405440777105,0.15710636973381042,0.015177293671176475,0.0003293701447546482,0.029793523200809625,5273.4375,3053.168402777778,851.5625,1580.6331550664827,0.23486328125,0.05873842592592592,0.01513671875,0.038087691380430146,0
3.4985,13.172460615259535,0.0,33.9996337890625,9.248068006201224,-15.311851501464844,10.264758119890528,13.274015426635742,-3.079067300666462,-23.937969207763672,9.262605444769585,20.728403091430664,0.6685502672737295,-16.87201690673828,8.496864672824115,21.636154174804688,3.14301228008487,-10.083030700683594,6.242699455069268,-210.54345703125,-385.2584507335316,-548.5957641601562,106.9698526458931,186.9285888671875,106.32710681611842,-15.331331253051758,41.7511344358853,52.426673889160156,7.410394499247724,-49.365509033203125,21.19689231351139,101.85546112060547,31.25697433948517,-33.498992919921875,28.477402500938933,34.5405387878418,11.78248555904085,-21.414838790893555,10.271945712878129,29.695850372314453,10.42988986968994,-25.01746368408203,14.913556831130462,22.236007690429688,-0.261291441321373,-35.425270080566406,17.017976804902684,35.36042404174805,12.235023986209523,-19.007343292236328,11.453010909345267,14.100236892700195,-10.452139458331194,-41.33605194091797,15.644382549523202,3.0,500.0,110.19877032676645,50.0,69.67880465048597,0.060555871576070786,0.02106164934388785,0.001350262900814414,0.016152733050850507,212,0.0,0.0007088620914146304,0.026624461635947227,2368.0830913298673,1640.5583203239457,982.6887385112533,429.34178728659157,2978.769003056833,1276.4710641469849,681.0208403690278,438.2650151999613,0.06096669286489487,0.008095785732306963,0.0004747943312395364,0.011327642002958408,5242.1875,2914.7727272727275,992.1875,1281.124641115914,0.2548828125,0.05055042613636364,0.01416015625,0.03775572477949248,0
1.958,14.001926238415146,0.0,21.60784149169922,7.8726729635269415,-9.260900497436523,5.680808265296963,11.525589942932129,2.6713106103481783,-17.36031723022461,6.611113682585317,15.313209533691406,6.275392525619076,-22.442394256591797,7.2386398449034,18.88990020751953,5.66698683221494,-14.840383529663086,5.862254307718289,-259.9440002441406,-478.9745512931578,-565.8002319335938,85.37895732689903,162.662353515625,65.85395729926324,-10.385905265808105,37.81958287869718,40.62947082519531,18.208577202212425,-39.115638732910156,14.376057248357611,74.7757568359375,25.71421510269565,-13.112016677856445,13.363781018481392,46.01700210571289,15.871769883940297,-1.1953849792480469,7.983063489431234,40.41001510620117,20.79863085669856,-20.23940658569336,10.60876505549671,23.569244384765625,8.326505157255358,-22.543197631835938,12.712530917885678,36.94127655029297,17.57670836679397,-5.300881385803223,6.966300506881337,15.803525924682617,3.0380667606669087,-24.119369506835938,10.434722480878847,3.0,470.9969645099734,90.04573389601649,50.0,72.74859888299133,0.03743565455079079,0.006637661184574808,0.0013262933352962136,0.010064212462543297,213,0.0,0.00014730666589457542,0.012136978097259998,2486.199806521056,2089.0016958151323,1085.640340303691,367.15862644790997,4123.391277818711,1878.771778815494,661.7255457282986,778.2143720332608,0.24492286145687103,0.0345167622295013,0.0006751735927537084,0.05702228212667613,6460.9375,4420.236895161291,1085.9375,1253.4825299501622,0.4755859375,0.09041078629032258,0.01806640625,0.1095255222448767,0
2.1883125,9.41414656848969,0.0,26.397777557373047,8.763271328331768,-8.77462100982666,6.889967975625784,11.803403854370117,2.340396382238554,-26.268962860107422,9.002554715363974,16.816429138183594,6.794725151597589,-8.783539772033691,5.770004824267001,15.826620101928711,6.649144506108934,-9.335681915283203,4.607223690146061,-283.2393798828125,-494.99229320581406,-548.427001953125,68.88437195458802,122.52356719970703,65.51713495669158,34.698570251464844,13.962330657579527,72.67460632324219,20.32539695587711,-25.82134437561035,13.663168524936847,75.70260620117188,28.98233061251433,15.903382301330566,15.429531544196605,23.113067626953125,12.948982829201048,-25.903305053710938,8.981317540703815,32.85802459716797,18.74411402232405,-21.013713836669922,10.53131472690816,32.58834457397461,11.492113341023957,-31.698455810546875,10.86527949267547,22.877119064331055,14.738939586216988,-5.361349105834961,6.453766643617429,14.300480842590332,2.868868613588637,-47.1728515625,14.071178483533785,3.0,500.0,104.57443332052664,57.127921568173974,106.59560514503599,0.039953071624040604,0.00510816623294807,0.0014823686797171831,0.008833896717828688,214,0.0,0.00010513249435462058,0.010253381915390491,2355.2725320294126,2158.296839086291,1373.178775048788,215.80535522066697,2857.3340196764007,1770.9483011337904,859.370114334066,316.16091570299716,0.1579096019268036,0.022575630398089255,0.0014397295890375972,0.027474208162882888,5203.125,4535.665760869565,2101.5625,614.4669479112912,0.158203125,0.060150588768115944,0.02392578125,0.029146498903920216,0
3.4984375,13.030508590075002,0.0,31.581317901611328,3.9541796353730287,-23.48904037475586,10.495911851148849,28.345340728759766,-4.348080078038302,-33.33637619018555,13.417593134320082,23.04647445678711,7.174217408353632,-23.64722442626953,8.242098247567055,13.994281768798828,1.2087997921488502,-14.258063316345215,6.784884160258489,-222.72686767578125,-389.31392087069423,-572.1297607421875,107.88489420569041,195.82986450195312,102.85933694405989,-12.664836883544922,50.217820108771036,45.094215393066406,7.635288100892847,-32.09635543823242,18.475434995979427,89.20561218261719,23.16858547925949,-28.79061508178711,20.882456558058415,45.60590744018555,6.455333458564498,-33.669761657714844,16.11110056160088,48.95068359375,17.122783474759622,-12.39739990234375,12.343933656539507,30.49903106689453,5.540629097548398,-26.191604614257812,13.383799630865651,26.6485595703125,3.0013244528662075,-27.15337371826172,11.948732063418243,11.699758529663086,-13.872885642539371,-60.444419860839844,19.055159692080018,3.0,142.75896766046378,93.57162825246604,59.18155916673449,27.784213174731303,0.06147678941488266,0.021195939312350344,0.0009906634222716093,0.019008854286834513,215,0.0,0.0008156276890076697,0.028559193015098572,2391.241820011471,1680.8146084085129,903.3630451814429,520.2706547929794,3888.591968504414,1467.5893717153308,581.6807336141405,721.0896917447313,0.2273755520582199,0.02244012941188306,0.0001560645323479548,0.041377353288002794,5804.6875,3165.2698863636365,781.25,1691.3985199420636,0.40576171875,0.077587890625,0.0224609375,0.07069505447164165,0
1.71325,17.152685899272885,0.0,17.277095794677734,6.466635421470359,-10.980228424072266,7.492155851010932,13.033589363098145,0.6833913094467587,-23.280071258544922,9.900593797719832,14.990177154541016,6.286325438706963,-7.253597259521484,4.725496375329537,12.521479606628418,5.591338514177887,-5.608417510986328,4.12236967375616,-215.32968139648438,-480.80154899314596,-574.2134399414062,94.27604732317972,158.34405517578125,84.5139872233073,59.47998809814453,32.07406530675173,58.78382873535156,19.727973924742805,-46.644039154052734,20.840896985898333,71.1976318359375,24.331121731687475,-11.518192291259766,14.60724227249596,34.25489044189453,13.170375263249433,-30.549480438232422,11.879168583689768,31.875324249267578,17.823140031761593,-9.368091583251953,9.00276582810787,23.52972412109375,9.917111723511308,-32.702491760253906,13.233624681294957,21.457557678222656,13.32014227575726,-7.484653472900391,5.731066049383762,16.69298553466797,0.7615000848416928,-41.91632843017578,14.423904260873497,3.0,139.37733195004694,83.03243820428249,56.38824894543818,28.301566665662502,0.07190164923667908,0.011984486331197398,0.0013835818972438574,0.019267400331136334,216,0.0,0.0005193851538933814,0.02278999052941799,2323.2935759790553,1969.2969316432363,1096.137030179964,433.90834232945696,2003.310097385814,1474.7469083871774,666.1863262953425,417.7690673021228,0.0346677266061306,0.010313373160897754,0.0002613640681374818,0.008415830919834296,5132.8125,3735.2430555555557,835.9375,1456.4508145530324,0.0869140625,0.04609736689814815,0.01904296875,0.01639968189409727,0
2.015625,10.400643697978493,0.0,18.00490951538086,9.308115111456978,-13.091524124145508,5.8930718894670475,21.009986877441406,4.179970100522041,-28.690011978149414,8.470704834217605,16.11316680908203,7.296609932468051,-9.662527084350586,4.387319529369888,16.868419647216797,5.203297692631918,-7.95196008682251,4.225174264684173,-232.7594451904297,-487.03296964130703,-550.2283935546875,73.74167754089392,201.44146728515625,78.59480255369157,56.0181770324707,32.19826518029306,50.69678497314453,15.277125893131135,-51.97129440307617,16.37066322498805,43.89336013793945,17.386389714384837,-31.51055145263672,10.791349171483933,43.93926239013672,15.452055138254922,-3.503415107727051,7.755139209486796,38.83739471435547,22.67328525346423,-1.7206571102142334,6.649669249616494,21.202430725097656,8.383825743009174,-46.53134536743164,14.489787978275322,25.03656005859375,13.616752053064014,-20.3360538482666,8.196010323384357,17.900516510009766,4.431320654021369,-25.322246551513672,10.431942154894248,3.0,146.36461616047316,68.58788658945804,50.0,20.000913833249903,0.050308097153902054,0.006564369901926035,0.001680910587310791,0.011765615416891374,217,0.0,0.000181635346962139,0.013477197848260403,2376.692390865067,2085.7850498201674,897.3621553543835,366.4566201145281,2083.3857373656315,1655.0332630033486,616.5338631004254,333.4976624035575,0.0529802143573761,0.016439519485362642,0.0005087675526738167,0.011345718651157514,5281.25,4255.084325396825,984.375,1095.0434871433013,0.09326171875,0.05378069196428571,0.02685546875,0.016349549674234146,0
1.8284375,15.553364347901917,0.0,23.008255004882812,6.651516308044565,-13.757072448730469,8.660268772622475,13.213695526123047,3.559758595865348,-13.777811050415039,6.182730789383447,18.158756256103516,4.213061839855951,-20.502452850341797,9.647021449935362,16.513891220092773,5.916685131089441,-4.247873783111572,4.221899442570085,-234.6168975830078,-467.393449454472,-545.6533813476562,85.91609214227849,148.67234802246094,85.50350406252105,55.63561248779297,31.392916366215154,56.35356140136719,19.067426743178533,-48.991615295410156,19.394570543259825,62.309261322021484,24.80678836744407,-2.2150368690490723,12.44537169249534,31.80630111694336,13.715516411024948,-6.834259033203125,7.616070906037787,28.415639877319336,18.825078232535,-10.720785140991211,9.936613312817569,20.83770751953125,5.512458039768811,-34.968631744384766,15.405012047015987,29.395309448242188,14.74166624299411,-2.057753324508667,5.634414307310718,15.079073905944824,-0.8543006572230109,-32.219970703125,13.626299552064797,3.0,446.97660060850507,89.87084215401086,50.0,71.68870998843988,0.0450981967151165,0.01027920398788912,0.0014973081415519118,0.013468653682389345,218,0.0,0.0002914434589911252,0.017071712762117386,2333.8656007577206,1942.9558234861593,1199.0866728894184,433.73026480327457,2018.8046289467393,1497.0936463698436,590.5475890647197,462.2550493060757,0.045064665377140045,0.013259846265006264,0.00026123563293367624,0.01007136695828525,5156.25,3671.470905172414,429.6875,1582.7163483158404,0.0869140625,0.05038557381465517,0.02392578125,0.014817090166373451,0
4.0455625,12.764991461882248,0.0,29.866191864013672,5.501129961154592,-17.349407196044922,8.521214321129547,15.442679405212402,-1.3857958530347179,-31.277667999267578,11.12958747021717,35.69020462036133,6.8969102429123375,-13.01807689666748,7.808300431617802,15.797412872314453,2.6538452184575747,-20.57369613647461,7.4040379624812385,-218.49627685546875,-419.30517506036233,-545.4426879882812,110.74616158126794,212.2527618408203,97.21967115552407,6.597131252288818,45.6200518206955,72.56008911132812,14.046332813154056,-43.494686126708984,20.361301881287098,64.8707275390625,18.717918761602537,-45.2840461730957,17.436751610034005,58.50132751464844,8.538475861699562,-32.84831237792969,17.10832514861689,55.75123596191406,17.81399183080891,-35.07556915283203,13.55861015802922,24.42746353149414,3.391096240892185,-44.062767028808594,17.478126192096017,26.404050827026367,8.966089131794577,-26.283550262451172,10.873319625774695,12.593162536621094,-6.646577412687887,-54.23836135864258,16.840802317471656,3.0,500.0,91.81489777036221,51.4302150951939,47.21038619767579,0.06205908581614494,0.017012767962136077,0.0014794490998610854,0.01855006369017983,219,0.0,0.0006364547298289835,0.025228049606084824,2328.7447145982105,1808.9815183557741,749.8403175816786,504.182834422062,3313.7413351992036,1484.705421616959,524.2255411984261,573.3151770183715,0.2850257158279419,0.020005820804425905,0.0001834608119679615,0.039860807459902475,5906.25,3441.0679133858266,750.0,1614.531302182568,0.296875,0.06906680610236221,0.021484375,0.054194688308947726,0
2.2315625,7.937129890223794,0.0,17.710723876953125,10.618175957245485,-0.06496310234069824,3.8304242443982566,13.855294227600098,5.756202158757619,-9.284749984741211,4.646011841816185,21.649925231933594,8.972926759719849,1.9236116409301758,3.569543381094646,11.024896621704102,3.940030730196408,-11.609704971313477,4.737179984346056,-233.98712158203125,-479.0627716064453,-535.3837280273438,92.64193958943802,175.89010620117188,72.9705952848707,-17.34903335571289,36.287626559575834,48.17767333984375,11.76581530570984,-56.82551193237305,21.52137271365824,72.54364013671875,20.409235729490007,-26.747995376586914,17.991701305394294,24.803241729736328,9.422738641074725,-52.47886657714844,16.502398854536114,27.227642059326172,19.56617875780378,2.1006293296813965,5.756739804071329,21.460662841796875,12.288285374641418,-24.47169303894043,9.643130483018336,25.006797790527344,16.953248269217355,-6.119875907897949,5.1035707584553105,13.759761810302734,2.9415849992207117,-39.000160217285156,12.474042582038908,3.0,419.22378433084197,77.77580039953341,50.69961152613155,56.19529999175523,0.04018132761120796,0.005770887668976294,0.001423957641236484,0.009351442580442345,220,0.0,0.00012128268281230703,0.011012804694473743,2341.4303510190803,2062.810183685329,1108.5598006074943,363.6980865185735,2962.245834151726,1753.8950070356148,771.2084173000821,408.87499810103844,0.08773887157440186,0.021039289119653404,0.0015959655866026878,0.018410327494313712,5234.375,4272.879464285715,1078.125,1109.2282673243635,0.30615234375,0.07340262276785714,0.005859375,0.05867105214166949,0
3.8728125,11.13749779784355,0.0,25.323501586914062,8.155771368961842,-21.37610626220703,11.059533181156864,15.032976150512695,-1.481982096296842,-27.620304107666016,11.080267430222698,19.53797149658203,4.882979540062732,-13.88665771484375,6.90426765558406,15.218100547790527,3.2549372342277745,-14.483915328979492,6.321002508381059,-179.01162719726562,-400.60750092053024,-550.5447387695312,116.50990778420527,186.60818481445312,91.34254303916556,-20.059017181396484,52.18989768180398,60.56597900390625,12.521698488563787,-44.11827850341797,21.913237641392378,87.34280395507812,22.99682993038756,-30.360450744628906,20.102833867997827,61.054542541503906,13.131153097406763,-39.787498474121094,19.72383142576108,44.159820556640625,18.367488708163872,-8.659564018249512,11.721760432147855,22.126012802124023,0.38859580970201335,-35.064453125,16.97829766759837,28.33284568786621,10.280637811930454,-22.795791625976562,11.957885748594004,15.50151252746582,-7.0763064714484525,-52.96195602416992,18.131102525316667,3.0,500.0,87.70504845095329,50.0,47.839115616165586,0.05952158570289612,0.01811657412374606,0.001466514659114182,0.01898972478106733,221,0.0,0.0006944017368368804,0.026351498439908028,2383.2746273250445,1800.4153070965356,835.3417980529953,501.06562038194585,4184.224691310064,1650.8179411680908,585.7560265575028,883.7863332607714,0.28597673773765564,0.03229609594182264,0.00023186899488791823,0.05841073958391868,6437.5,3594.83862704918,921.875,1636.8000749992127,0.4970703125,0.0998655225409836,0.0146484375,0.1136641550527358,0
2.76425,9.112188155641237,0.0,16.88302230834961,9.078690000649157,-10.13675308227539,4.577258410466395,16.883792877197266,5.020698439115765,-31.34473419189453,7.670269284497455,20.88837432861328,7.142303862105841,-1.7164034843444824,3.722912991517113,22.511932373046875,5.391579907515953,-14.501842498779297,4.901626138594079,-237.14511108398438,-488.32531878591954,-556.322509765625,64.39589296785132,202.9048309326172,92.49197080765647,68.23616027832031,30.426656697005942,58.84632110595703,32.793941887630815,-10.745161056518555,12.656130280485302,47.40031433105469,27.797115500973558,-60.737648010253906,20.24652571330022,33.99317169189453,20.59978023616747,-39.47480392456055,15.6393271714787,47.690673828125,29.499009499604675,-15.675874710083008,8.939153369697994,26.943740844726562,14.355920346303918,-35.43928909301758,12.60160775584684,33.22255325317383,17.019267695388574,-5.821672439575195,6.992799185057987,18.650287628173828,7.7996184812194995,-19.13871192932129,7.180241765548264,3.0,138.41462868505874,69.47660867454779,56.33163637328903,19.960418612582927,0.061159536242485046,0.008381137445076615,0.0019034573342651129,0.011674291540104824,222,0.0,0.00020835780014749616,0.01443457417190075,2207.702249091797,1821.517811736464,852.0988214278507,291.7662765799792,1639.2601458618826,1099.1789804227692,681.0822036922541,220.96310097279152,0.018222671002149582,0.003962263257186538,0.0004592040495481342,0.0029879544933928337,4703.125,2862.787356321839,851.5625,950.4742360469263,0.05908203125,0.029835668103448277,0.00830078125,0.011352434232179654,0
1.8284375,8.17459245458267,0.0,16.919578552246094,7.118439257144928,-12.829599380493164,6.400397987702333,25.97403335571289,4.749797855985576,-34.69779586791992,10.675772361416145,21.831302642822266,8.515621669333557,-4.062664031982422,5.06108246222136,15.361786842346191,5.321454388699655,-14.535140991210938,5.511061581908308,-274.39520263671875,-482.8384157378098,-559.7256469726562,76.23886639595852,189.80825805664062,81.13898152318494,24.725122451782227,41.34672525256048,55.1240348815918,19.609153708507275,-30.225387573242188,13.209045586577469,51.87506866455078,17.00003699547258,-56.4879150390625,23.318698354195963,25.803142547607422,9.06651744760316,-53.85628890991211,17.185397647763622,46.88391876220703,21.010242243779118,-21.123470306396484,11.693496009022347,20.398794174194336,7.891227051101882,-27.345844268798828,13.068050957081766,28.639694213867188,15.014421070444174,-8.652901649475098,8.73282909628333,16.514080047607422,6.197555828711082,-16.828664779663086,7.954462650395653,3.0,489.49273309768984,99.68719543622639,55.92903292335232,99.35418051905509,0.046296827495098114,0.006717414227876298,0.001224912004545331,0.011098851814686518,223,0.0,0.00017089273023884743,0.013072583824396133,2349.126412922337,2027.1721799767158,966.7958954545517,401.4016265187073,2970.750502229933,1635.4849814147244,707.8880239839086,424.0913508185723,0.09956501424312592,0.016951911613056116,0.0006162210484035313,0.018050451037563277,5648.4375,4073.0064655172414,875.0,1232.1372801629082,0.13330078125,0.057920258620689655,0.03125,0.019196010745105133,0
2.8361875,14.013717565664527,0.0,30.87052345275879,5.551173293188716,-24.962196350097656,12.369779701412728,11.44996452331543,-5.834173444281803,-40.805545806884766,12.781539368088023,22.71051025390625,5.4949872406680935,-15.306318283081055,8.304878363927394,25.592906951904297,5.51896123738771,-13.26529312133789,7.078276471771454,-144.0088653564453,-429.74110806925916,-551.462890625,109.71431374893415,197.2482147216797,84.64428672629796,-18.728670120239258,49.46453266203499,63.552467346191406,18.69235861971137,-71.94529724121094,23.516404181943617,110.9522705078125,26.243846285209226,-32.09526062011719,23.562577851803958,52.730464935302734,8.967311052793868,-51.451446533203125,20.160535906404913,36.052391052246094,16.239157718219115,-33.126548767089844,13.75526552589067,21.377849578857422,5.011677822370208,-29.66088104248047,13.738869346593964,30.33760643005371,15.174259279551132,-2.502995014190674,6.7280873699293915,18.856056213378906,-3.109764588682839,-39.48677062988281,14.025670343089041,3.0,491.4697440853038,93.1237400091415,58.89204225291572,56.41453600035809,0.06007854640483856,0.015000853637819377,0.0010919143678620458,0.016670438740059742,224,0.0,0.0005050477338954806,0.02247326634824276,2527.197515094125,1870.2264416222813,925.0353543694225,493.12927192873497,3956.710223841533,1638.3503426254135,642.8470130313366,786.0076004799904,0.20151789486408234,0.024152525852361086,0.00034551156568340957,0.04287086385760835,6335.9375,3653.1776685393256,773.4375,1752.6798184210752,0.27294921875,0.07035090414325842,0.01416015625,0.05780996552672872,0
1.635,5.3681333094355566,0.0,20.0369873046875,14.539456436267265,-2.7822554111480713,4.219858270532356,-1.1673637628555298,-7.735475856524247,-18.993120193481445,2.6226395513773757,16.51609230041504,12.104882093576284,7.02100944519043,2.1574626559199546,9.299567222595215,1.6531778953682918,-2.3140218257904053,2.555006551049171,-39.55418395996094,-200.84587067824143,-240.2315673828125,48.43309885148378,149.49029541015625,72.78898978233337,-13.350332260131836,29.153456943975133,59.717010498046875,13.403574021962973,2.7666831016540527,13.104161491107847,60.77320861816406,19.19246277327721,0.9384142756462097,10.572924094642264,7.382694721221924,-3.702336009878379,-14.787151336669922,3.787716695382555,38.01502227783203,20.932117471328148,-16.479066848754883,10.50806276410564,20.22126007080078,7.224058951322849,-34.380157470703125,12.413217865697248,28.697898864746094,18.929322451353073,-0.5505857467651367,5.757407888912927,3.410613536834717,-1.7227259057645614,-20.237831115722656,4.947754729368138,3.0,106.15819018031094,64.10535838575836,59.2496895831848,12.393545442982452,0.2895469069480896,0.056193416293423906,0.0233025923371315,0.06709507080323471,225,0.0,0.007807679940015078,0.08832455426454544,2534.4349495492106,2066.6341603518235,1138.149185216545,212.14761689106558,4625.115133929479,2050.3514049157143,807.996540280099,794.0500035427198,0.14236652851104736,0.02059500232616511,0.00112986471503973,0.02952298456242752,6656.25,4680.739182692308,1679.6875,908.0446690839917,0.53662109375,0.1134502704326923,0.01220703125,0.111103150118121,0
5.025,8.622299360623835,0.0,31.310394287109375,8.997104655526861,-12.299488067626953,10.220855516677736,9.244681358337402,-10.053238638216936,-25.8472843170166,6.887304761195056,30.917091369628906,8.524543845578085,-9.37302017211914,7.1634815138218215,10.416902542114258,-1.6379296415591542,-21.148937225341797,6.404674135268184,-13.907075881958008,-148.67481710940976,-248.920166015625,58.947551069336576,187.13111877441406,104.66187433955035,2.8880581855773926,43.322508429430535,44.91201400756836,9.286788685223724,-32.221370697021484,15.49703730644513,77.69584655761719,28.476422151810006,-14.974679946899414,18.574197640151606,31.784500122070312,-2.355681579512886,-30.599605560302734,11.507956722455964,40.909400939941406,15.116767016015475,-16.508827209472656,11.637123847250766,17.01042938232422,-1.9096645030039776,-39.16728973388672,13.03850569849733,28.439945220947266,7.99962868362288,-22.139156341552734,11.405064356042162,9.000874519348145,-8.549195889619332,-32.160369873046875,9.414844570641563,3.0,116.35247720030132,81.45367115339397,55.05745737945647,20.339923567309597,0.4380898177623749,0.13795813360499054,0.02246338687837124,0.1052588160602093,226,0.0,0.03030080907046795,0.17402786016464233,2429.734510987476,1665.7003651844768,945.5520831800724,438.3580627738332,4070.906666572485,1499.672090779066,595.9225875586754,735.8536215482873,0.1512136310338974,0.01676822822398058,0.0003495473647490144,0.030217342794048432,6195.3125,3193.2852056962024,726.5625,1663.5517515409795,0.36767578125,0.08806677709651899,0.02490234375,0.07307704091910526,0
5.815,9.258572925168766,0.0,36.17040252685547,9.03408984872666,-15.80302619934082,10.586658072896675,6.108166694641113,-8.430389901438913,-24.891305923461914,6.279716169000184,21.905811309814453,8.743541577032634,-8.394067764282227,6.354106239387608,10.266831398010254,-3.5280341521969865,-22.380258560180664,5.592112324157621,-21.410364151000977,-148.20224645635585,-248.74668884277344,54.07135448835577,178.9550323486328,108.61000686032432,2.012392997741699,39.90684832579477,52.51380920410156,9.321324151214007,-33.943931579589844,14.056673531570661,72.53462982177734,29.179298119230584,3.557716131210327,15.502499098250349,22.715932846069336,-1.5915712948356355,-35.00675582885742,10.95061750894542,37.99269104003906,15.602381002198864,-15.58764934539795,12.627171561737462,20.884122848510742,0.04078514644732842,-32.710044860839844,12.423758972594241,29.819826126098633,5.3857317462072265,-30.899721145629883,12.470130305395873,20.58392333984375,-9.370286053189865,-40.31983184814453,12.612879843424627,3.0,130.11898174983932,87.22996053553373,50.0,23.49725601349826,0.5233030319213867,0.14818553153712016,0.022914491593837738,0.11633670254056053,227,0.0,0.03555397689342499,0.18851572275161743,2376.231564570028,1629.1995501467711,959.3909402743864,420.6640566576236,3910.0945033566195,1396.6727495293626,617.2494240896451,650.395732757474,0.15552255511283875,0.012548582818183874,0.0002470719919074327,0.023436542431623016,5914.0625,3019.359546703297,679.6875,1547.6079703805058,0.32373046875,0.07358559409340659,0.0166015625,0.05331185414972617,0
1.29,7.763037024749943,0.0,25.117252349853516,13.836847773412378,0.9365915060043335,4.990410265796981,-2.0914995670318604,-7.498083166959809,-17.429061889648438,3.102619883027983,27.965009689331055,11.929927488652671,2.668243408203125,4.138874677651159,7.267795562744141,-0.3115137197622439,-9.552017211914062,3.45133200525388,-22.984968185424805,-187.83768430570277,-249.6584014892578,61.05863502799156,188.5879669189453,94.21458909569716,53.8046760559082,37.75064737510575,23.672977447509766,2.1755100946600843,-23.689119338989258,8.22408439708837,19.248329162597656,11.508916071275385,-11.450088500976562,7.355380486001378,7.012109279632568,-4.809157149093907,-27.4837703704834,7.030528758350803,33.58409118652344,22.200348608377503,-10.840852737426758,11.498723992904942,15.546839714050293,5.173559716561946,-26.91301727294922,10.72773404814961,22.48012924194336,14.793367990633337,0.08157205581665039,5.0650996537506945,10.926061630249023,0.7229806224747402,-10.871976852416992,3.8284545699307317,3.0,109.7634887072189,68.64775725258158,59.98703340727024,16.66048414476182,0.435222864151001,0.08472336924112425,0.022724458947777748,0.11557568147919954,228,0.0,0.020901650190353394,0.14455023407936096,2196.4233854462104,1893.2841587111761,870.6757912466228,403.60714808392817,2557.3966057900707,1694.9201667405534,742.6834739256396,434.95068858222135,0.07315324246883392,0.01313626008085543,0.0009027380729094148,0.013182334224889992,5453.125,3998.856707317073,1000.0,1321.4328359577682,0.15576171875,0.07167016006097561,0.0185546875,0.03297510424647786,0
1.605,9.133729273089209,0.0,21.61802864074707,13.65426485678729,1.2289674282073975,4.291677452311499,-0.64266437292099,-8.553680278506933,-17.411056518554688,3.5892620999003944,16.432666778564453,10.66844645376299,-1.3980885744094849,3.635747630919489,9.597174644470215,0.24328683258271686,-11.52154541015625,4.453444179712862,-57.44602584838867,-196.88457107543945,-250.20681762695312,51.757797140396946,187.11337280273438,92.34130305869907,71.56184387207031,33.77540383107486,25.08953094482422,6.891792949508218,-16.25797462463379,7.828316663675454,40.24183654785156,16.52656859743829,-10.711881637573242,9.201744295761204,16.845661163330078,-4.801795954797782,-46.616233825683594,12.089379251096775,35.102294921875,22.871338593024834,-11.401580810546875,9.678901621615365,15.110366821289062,9.656509968579984,-10.938905715942383,5.6990695115130805,24.370758056640625,15.393097947625552,-2.509779691696167,5.952866041067543,4.993191719055176,-1.7386654662150962,-16.478824615478516,4.399964930998576,3.0,119.48044637044102,70.17742531842352,59.2578037474251,17.858995629954272,0.337923139333725,0.07311166191071856,0.022646384313702583,0.08463084422961133,229,0.0,0.012729120440781116,0.11279906332492828,2139.6757421176835,1906.2409644388297,876.7733657300663,370.96736261346047,2065.1928223319355,1650.3633667786914,666.9031180887505,409.23167812423577,0.05215853452682495,0.010234144415281823,0.0003891209198627621,0.008501497107226174,4796.875,3973.345588235294,921.875,1264.0298897156295,0.11083984375,0.06562117034313726,0.013671875,0.02624048283677526,0
5.21,11.866577426701042,0.0,33.60661315917969,23.876534742811707,9.003143310546875,5.946097406863359,5.6905364990234375,-0.7833522474107567,-9.024588584899902,3.526772408595046,14.498044967651367,3.97011859559574,-15.953865051269531,5.494719829347356,6.358666896820068,-9.23074375952314,-22.005447387695312,7.273071440453612,101.25819396972656,-100.59513140602346,-242.8146514892578,77.10162463012897,169.34194946289062,136.8147829675967,70.18641662597656,37.74118782209038,12.278398513793945,-13.188019390120829,-41.93280792236328,13.768875541571575,19.631772994995117,-3.2032038145270083,-20.52715301513672,11.922410235970268,5.654983043670654,-28.67332777838034,-49.057342529296875,15.648269756645043,32.04815673828125,16.79945488795181,2.653592824935913,6.003468809875205,29.289386749267578,20.726534366607666,7.6693291664123535,5.118205970721501,24.547622680664062,9.013445632589375,-6.80655574798584,6.838688229563703,6.458724021911621,-6.325495037381635,-16.156938552856445,5.621092290149552,3.0,123.36330125920686,88.19473480007152,59.89460978959556,16.287534987690403,0.7517759799957275,0.26361181020188185,0.022526148706674576,0.15400675572624153,230,0.0,0.0933220311999321,0.3054431080818176,2129.289447903431,1333.1872047034951,969.863768175967,451.4722153416978,1923.4043688511526,1198.122609507588,899.9068288831991,396.1118063130462,0.027276989072561264,0.003938191898875624,0.0005373207968659699,0.005061345341360724,4796.875,2198.044478527607,1210.9375,1446.0947129238646,0.11083984375,0.0714208684815951,0.03076171875,0.014590213457093366,0
1.62,6.7736387506433235,0.0,26.569721221923828,14.097973608503155,5.195435523986816,4.316900385003093,-2.435560703277588,-8.76891292777716,-24.963361740112305,4.2810462142511865,19.115863800048828,9.903095698531937,-10.214608192443848,5.1171668360540625,3.7863609790802,-0.24119438274818308,-12.073518753051758,3.47240111107837,-52.31163787841797,-204.08542348824295,-251.039306640625,49.143392963145416,176.6083984375,90.5132651235543,69.94499206542969,32.86087215458837,49.834537506103516,7.409066354527193,-14.227367401123047,11.164016125822984,36.76224899291992,16.75280559764189,-5.2286858558654785,6.670778268766347,8.215719223022461,-5.455857309640622,-54.4041748046875,12.676219172016026,32.88328170776367,21.444281554689596,-14.248903274536133,10.056707241774928,16.768539428710938,8.874578106637095,-14.839933395385742,6.990434120843976,23.10036849975586,14.276848189971027,-12.1929931640625,8.893596160699433,2.790243148803711,-2.206638477596582,-16.24199676513672,4.597851065241988,3.0,103.59740406780644,66.04524842840684,52.05683033546314,14.608275227811593,0.3463311791419983,0.06885974952841506,0.02033771015703678,0.08813755007593181,231,0.0,0.012618277221918106,0.11227148771286011,2145.6774389666216,1936.364298162451,944.3155294643582,377.31813020578613,1956.0434908156535,1692.0006662964859,616.5390180415004,395.674267828418,0.020906612277030945,0.009790244709709477,0.0004284792812541127,0.004228433222548391,4859.375,4095.8946078431372,703.125,1306.887654868013,0.11865234375,0.07572189031862746,0.0263671875,0.02113243730383597,0
1.6000625,3.287763158212955,0.0,22.11038589477539,14.186265646242628,-4.035224914550781,5.3086350228797325,-0.8200408816337585,-8.294823444357105,-16.49753189086914,2.9719791890179246,24.48603057861328,12.501573628070307,5.603499412536621,3.9481481162378755,4.701307773590088,0.6849598428782295,-4.285501956939697,2.057333283796114,0.22974836826324463,-199.20715248584747,-243.9082489013672,60.54883678913633,130.33969116210938,73.05178432838589,-18.826040267944336,24.450653808327605,12.333996772766113,4.611992888590869,-11.687066078186035,5.42305556258211,86.51588439941406,26.09827497893689,10.337821960449219,20.33519086516083,11.405229568481445,-5.634949270416708,-36.81679153442383,8.464597301389437,33.2479248046875,22.185026729808133,-17.477581024169922,9.881538435130231,16.246437072753906,7.185754629911161,-23.7871150970459,9.70769155796278,24.192489624023438,17.47531735195833,-5.195855140686035,6.458652573966672,7.199443817138672,-3.3742945842883167,-34.947837829589844,8.394718183519501,3.0,105.87997948232676,64.18926499635705,56.903116259677674,12.590719005962669,0.27426818013191223,0.05597090195207035,0.01991403102874756,0.06468080489376608,232,0.0,0.007471073418855667,0.08637459576129913,2141.8324732803067,2008.327142938511,1269.5235947097435,209.09895412501453,3524.6783235611447,1936.4674712020574,980.6151642103507,443.49565023091236,0.08325967937707901,0.01720611726426903,0.0024768784642219543,0.01903257595609526,5140.625,4541.207107843137,2304.6875,575.6918326377208,0.37744140625,0.1009976256127451,0.033203125,0.0750118353829474,0
4.25,6.046263197592113,0.0,25.972639083862305,5.736381091121444,-24.205400466918945,11.981023301378409,21.61126136779785,-8.219257705193714,-27.360733032226562,7.3179775784290015,29.970911026000977,10.59516023043403,-7.169586181640625,7.479406120759909,10.691837310791016,-5.456689196645765,-24.881488800048828,7.688289083865599,-1.5090503692626953,-137.8356287945482,-254.96429443359375,62.83251255355682,181.18167114257812,109.11807472544506,12.024528503417969,43.14942596959044,51.640419006347656,2.8886671196249196,-40.280853271484375,19.952516416612752,105.17552185058594,35.25510389240164,-4.149997234344482,26.284193314547657,35.643455505371094,-2.896775176202444,-50.242820739746094,17.048382565596032,32.60694122314453,9.370010827044796,-26.07215690612793,14.751986252419917,22.23678970336914,-1.5046268378881584,-35.08426284790039,14.427243683299835,32.57767868041992,10.12939618449462,-25.09082794189453,11.043718729548749,12.772550582885742,-7.962729926844289,-34.0549430847168,11.081090928225851,3.0,118.87644394717684,80.08087659702662,50.0,23.237367113148583,0.4099896550178528,0.1564638370690041,0.021207835525274277,0.10616347671657132,233,0.0,0.03580886125564575,0.1891850233078003,2342.371206511447,1570.3445017521376,947.6051791184839,426.724539768518,3548.191415223874,1415.2916068124798,670.4766027285466,653.4465555897317,0.1601722687482834,0.014295130928048752,0.0004386559303384274,0.02839478153411317,5875.0,3019.3843984962405,789.0625,1470.6464724613086,0.33251953125,0.08365028782894737,0.01708984375,0.06597105508934552,0
1.66,8.640053208035134,0.0,20.620359420776367,12.2718952527413,0.9440510272979736,5.165708193518917,0.32287779450416565,-9.851453049251667,-25.195388793945312,5.468720923664785,22.581226348876953,9.296825028382814,-6.797239780426025,6.682908278409497,5.348903179168701,-1.1756438228946466,-14.936797142028809,4.975582311705947,-114.87975311279297,-211.4697918525109,-249.30740356445312,29.06810057770493,121.22695922851562,81.45248589148888,70.71849822998047,12.220027866529918,44.540489196777344,11.027832363660519,-11.230598449707031,10.619343345905504,89.83426666259766,26.364187405659603,12.867632865905762,18.24493773157231,15.423717498779297,-3.0749596449045034,-15.564546585083008,5.905637313831461,34.70979309082031,22.491341297443096,7.983992576599121,5.970559478457475,21.45913314819336,12.192817126329128,0.5712176561355591,4.112884967007019,24.703224182128906,17.876160147098396,-4.813597679138184,6.667824168645541,3.6434526443481445,-2.896156111588845,-25.47269058227539,7.041546518762378,3.0,113.76474443644491,68.70940257325529,59.95218181440483,18.00480783438415,0.2466776967048645,0.05774538706128414,0.021788330748677254,0.05982601450627055,234,0.0,0.006947408430278301,0.0832955539226532,2152.447036370907,1993.855221094402,1351.812876348233,231.16828022235995,1995.0373643640553,1713.573360612697,676.0088196460034,359.77039337495046,0.04081149771809578,0.010771028307387426,0.0004512172017712146,0.0077274168277726915,4859.375,4232.271634615385,843.75,974.4533899768999,0.1181640625,0.06991811899038461,0.01513671875,0.02765885416036462,0
1.695,5.863421642256993,0.0,32.30059051513672,17.88068994486107,6.314813613891602,5.423343500734088,15.678716659545898,-4.014067517136628,-15.63630485534668,6.793569040034751,20.183067321777344,10.221124631053996,-9.73246955871582,6.237726631061006,6.937030792236328,-1.2425694949222061,-21.206470489501953,6.710653161463853,28.030467987060547,-187.7671196415739,-250.2801971435547,68.69653136725874,179.58657836914062,93.20846435258973,55.65254592895508,30.777168317744497,29.03087615966797,4.242873176088873,-39.97194290161133,13.819675243282925,22.099245071411133,13.280499838433176,-13.332603454589844,9.699713876765655,6.315098762512207,-8.541975295768594,-38.7870979309082,10.925298635998763,33.650794982910156,20.559767141657055,-11.370803833007812,9.098334995667988,18.90386199951172,10.809887919785842,-5.766222953796387,6.389153213232703,24.806922912597656,18.716497164852214,-1.6538476943969727,5.7949827356416055,12.12001895904541,0.11144139041315834,-18.88364028930664,5.976508221643215,3.0,313.3272565497087,71.84422589875092,57.70343766242361,37.51973482379966,0.4511803984642029,0.08352940817767719,0.021924467757344246,0.10724802993082912,235,0.0,0.018508369103074074,0.13601115345954895,2252.748414113399,1899.530662327896,987.6586891428957,361.82940706977536,2457.134564944876,1623.810853343829,842.2003649937575,330.4856152105163,0.048629868775606155,0.009865768851255471,0.0016552538145333529,0.0075507202253438915,5468.75,3924.6757075471696,1156.25,1194.51026146656,0.1435546875,0.06660893278301887,0.0166015625,0.028022254383925315,0
4.53,7.754389293997313,0.0,36.19517517089844,9.12634263093203,-17.178424835205078,9.450215473657444,7.582695960998535,-10.247056872911855,-35.30290985107422,7.839424265946427,30.824827194213867,10.384059307545844,-6.946221828460693,7.534423478000295,8.962617874145508,-2.021796100221994,-15.986213684082031,5.193154331611364,13.23440933227539,-140.33533361910935,-250.72796630859375,67.2652768919859,181.10763549804688,108.922636653336,2.160362720489502,45.2494655563115,44.39458465576172,4.915838558279293,-47.38669204711914,17.713507918798726,72.75271606445312,25.746219597651926,-11.760547637939453,18.542422913507266,20.5943603515625,-10.345134012296166,-54.41743469238281,16.852428238601554,35.33067321777344,15.456103177557528,-14.612192153930664,13.44361654972374,29.20861053466797,2.4985271650300898,-41.66963195800781,13.907629809489045,32.81493377685547,9.108895801742312,-30.56027603149414,12.42592865037092,17.222061157226562,-6.495075932375982,-36.35494613647461,10.019569106226474,3.0,148.12013156317136,84.11772192725472,53.05948014744414,22.912142128592603,0.46248582005500793,0.1542930170946138,0.02054634876549244,0.11912890787555099,236,0.0,0.03812020644545555,0.19520007073879242,2189.5074987666126,1602.9316865784886,899.4345573350008,440.4977536109347,3571.11140231677,1470.311023890571,617.0005233602294,693.0732688394121,0.14286798238754272,0.016066358676204838,0.0003668600111268461,0.028478575053381423,5773.4375,3058.59375,875.0,1627.539075869813,0.3271484375,0.08691062389964789,0.0185546875,0.06524261930785322,0
1.53,7.142919578544521,0.0,23.232025146484375,14.721749763935804,-2.38047456741333,5.470085056377478,0.8030558228492737,-7.742129163195689,-17.665355682373047,3.634512845578885,29.617843627929688,11.861073099076748,-1.1440436840057373,5.296718665655998,10.6556978225708,0.6112272000561157,-8.668834686279297,3.44667846443993,-11.763758659362793,-184.53534215688705,-254.5516357421875,59.61552550300717,189.15121459960938,89.09368975957234,3.305722236633301,42.182141476688216,23.981266021728516,8.431173856680592,-11.811883926391602,7.397481994918473,43.40673065185547,17.587006481985252,-2.3751683235168457,8.535386132132183,9.029144287109375,-5.248971690734227,-37.4273681640625,9.543426203911139,32.31645584106445,21.010984152555466,-14.035627365112305,11.121130672210237,18.36484146118164,7.621167127043009,-15.450963973999023,9.386897301460742,24.86237335205078,15.393923277656237,-8.192275047302246,8.52506198802398,5.6381330490112305,-1.786803603793184,-37.03015899658203,9.115344483532914,3.0,117.43808702336999,69.8784293101085,59.72873518219216,18.51256505860398,0.4168505072593689,0.08461438193141173,0.02639572136104107,0.10731321018387492,237,0.0,0.018772976472973824,0.13698898255825043,2231.5619188142164,1899.5707342233784,851.3515415082326,393.8414994397845,3622.9901748792927,1758.12378095861,655.8763537437865,648.1930580431983,0.15199202299118042,0.019788355961888254,0.0005365383694879711,0.03384503229613027,5898.4375,4037.109375,882.8125,1372.5142696266498,0.33349609375,0.08878580729166667,0.01708984375,0.06801791209655933,0
1.625,12.821924936554195,0.0,18.99294662475586,10.631791632549435,-18.623516082763672,10.079672003058572,-3.5794403553009033,-8.309876619600782,-17.548429489135742,3.9758980718192767,15.377492904663086,10.163626970029345,-4.06746768951416,3.682393275445414,4.206613540649414,-0.9837675304973826,-11.578880310058594,3.424906835269566,-63.65513610839844,-199.76631523581113,-244.98660278320312,42.73168305758026,157.13011169433594,89.9693219053979,73.60066223144531,23.080915140930898,51.5650749206543,12.30535108201644,-0.32182204723358154,9.535535061501978,77.0430908203125,25.478371564079733,15.27623176574707,16.32115979655962,17.255573272705078,-1.8070451652302462,-28.672157287597656,7.288125082809293,35.49393844604492,21.788079439425,-13.255041122436523,10.807470389683859,18.20891571044922,10.102553147895664,-14.89472770690918,7.164529212643525,25.91042709350586,14.918741112246233,-7.223139762878418,8.038751866820082,4.581515312194824,-3.44262846661549,-31.88707160949707,10.437444885520241,3.0,134.99811463541454,69.96046865595955,59.9758614850005,18.86923220647089,0.45841214060783386,0.09186207598038748,0.024268899112939835,0.12448638184937605,238,0.0,0.02405615895986557,0.1550707072019577,2128.8579922743015,1913.7098568218657,1015.5871994044653,341.57941625849776,1871.1556168411541,1583.3477326552522,532.480150117771,416.67417405068755,0.0187572930008173,0.008283467289955155,0.0002462438715156168,0.004190899884875366,4742.1875,3941.329656862745,554.6875,1228.8667866626165,0.107421875,0.06563074448529412,0.0263671875,0.020306261228366658,0
1.56,10.018635831852034,0.0,19.08033561706543,9.280595178506813,-11.908297538757324,9.399768248367463,0.9243464469909668,-7.3275302672872735,-21.976806640625,4.243367359269476,24.99127960205078,12.70765923237314,-2.0430526733398438,4.168981300557011,4.8444976806640625,-1.5225781019853086,-15.562261581420898,4.897251767410181,-85.68949127197266,-194.15717985192123,-243.00436401367188,43.35586187594747,146.27334594726562,88.71670298673669,70.6891860961914,20.522831054641692,33.32660675048828,8.33927915899121,-1.6904507875442505,6.081093029229782,80.28996276855469,28.65039837117098,13.816505432128906,20.337648654164955,26.34018325805664,-1.0589212300826092,-13.86464786529541,7.16799834541134,31.439964294433594,18.54752036503383,-18.677291870117188,12.87525585717322,16.45676040649414,6.362082843877832,-37.969478607177734,12.833398462346556,24.641342163085938,14.64708209281065,-7.475953102111816,7.160055521567379,5.424414157867432,-3.965075043999419,-33.48500061035156,9.578325660634432,3.0,105.72118004959322,70.06167904312181,59.9790203921592,16.99893183745474,0.3502333164215088,0.08177793113400741,0.02399137243628502,0.09285189001162304,239,0.0,0.015409935265779495,0.12410850822925568,2139.2614452250123,1908.1349535382044,1100.1033188506628,326.1877291806393,1920.172343601007,1628.2929000342485,672.9777781859832,386.0053942121375,0.021551981568336487,0.008779536127302872,0.00042707048123702407,0.0049441172312286695,4820.3125,4027.1045918367345,1179.6875,1066.7414007627922,0.10888671875,0.06045719068877551,0.01904296875,0.022403386408888885,0
9.3,10.829770405503638,0.0,28.588722229003906,-1.0150272844173653,-38.44934844970703,12.383492433618132,21.830829620361328,-6.471797947621427,-38.219749450683594,12.775991023263066,30.585304260253906,1.8504386194997637,-22.88943862915039,10.033539334400778,15.937304496765137,-2.582056761914512,-22.025012969970703,7.533484458048637,54.104793548583984,-216.35877892077994,-428.6642150878906,142.60132437875805,131.41485595703125,47.51690201814642,-43.79974365234375,44.7184267609114,69.84779357910156,-18.170800796949987,-90.57921600341797,39.06010852687099,79.41743469238281,14.75749968601666,-46.082733154296875,24.435798022281194,69.85688018798828,9.360442651301316,-50.145206451416016,25.062409262421475,32.9759521484375,-4.848137891169676,-45.73870849609375,13.36481564442391,31.799381256103516,-4.858517815797394,-42.76078796386719,13.10748873023132,23.122522354125977,-12.566190553489829,-62.60765838623047,21.353137022480524,11.672819137573242,-17.195400032800496,-48.06098937988281,11.637241446146955,3.0,500.0,189.07854475913817,50.0,96.98255573932526,0.3735894560813904,0.10593472573869378,0.0019392227986827493,0.10181354186801907,240,0.0,0.0216494332998991,0.1471279114484787,2879.600625463888,1824.8322551187784,1118.3701456186652,460.6780303258831,4809.087113683884,2467.1936488040055,674.2591978520489,1186.200473534083,0.3074171841144562,0.0724196730258485,0.00010882884089369327,0.10458188240598768,7109.375,4369.362113402062,742.1875,1775.9830383079566,0.6708984375,0.24336709353522337,0.0,0.20335321452942123,1
7.8,11.078659562399206,0.0,19.853862762451172,-6.933957972792817,-41.450538635253906,12.22071992230279,21.661170959472656,-9.052705585452744,-47.29780578613281,16.137753673453496,26.274967193603516,-2.2886465668800424,-38.54158020019531,13.557439065091536,23.4720458984375,-2.0124683416769154,-28.691335678100586,10.867550284849218,3.2735824584960938,-252.75042961146988,-430.18975830078125,130.16812972575164,134.4698486328125,47.94303525275871,-17.862361907958984,45.57630438055374,76.58325958251953,-9.803156261561346,-66.71127319335938,36.99807900810516,91.76821899414062,21.128851454582858,-24.447847366333008,28.98361446671605,64.96539306640625,14.56942884184298,-53.00719451904297,29.81303249809429,17.893964767456055,-12.006618416639137,-44.84256362915039,14.656060148427224,23.48316192626953,-3.21446168084522,-38.57347869873047,11.36835682314387,15.221796989440918,-13.084156255741588,-59.620216369628906,20.858311807349995,2.9911739826202393,-23.982133153032084,-75.93315124511719,17.794958488546726,3.0,500.0,200.0041824173008,50.2352103444164,119.18571463360804,0.3153079152107239,0.08179968182850614,0.0018880846910178661,0.0762031205250465,241,0.0,0.012510946951806545,0.11185098439455032,2773.4500617111034,1806.4271756557819,1210.4543011476821,437.6397845943979,4856.82504308024,2601.3361391719673,989.6285785987859,1410.0902151128637,0.29508447647094727,0.08283328205408132,0.0005543893203139305,0.11250186335275411,7125.0,4382.8765368852455,1945.3125,1926.7852492444877,0.68212890625,0.27840836321721313,0.03173828125,0.23699536147437666,1
8.1,11.821053690267155,0.0,22.626523971557617,-2.624476003577918,-34.997886657714844,11.855136256428784,19.811664581298828,-4.203206278589063,-34.38302230834961,10.734693772335973,30.558433532714844,1.589224333603551,-21.209625244140625,8.996195575186748,18.126728057861328,-5.8999770423324085,-29.524688720703125,8.44894877271884,16.850364685058594,-220.0122258503606,-453.332275390625,155.64833327341094,140.93234252929688,42.50253818407068,-20.558502197265625,42.342118910912895,54.01826095581055,-17.786481405337025,-85.4841079711914,41.55695092291662,65.33039093017578,17.1324709828679,-29.321754455566406,20.231128157735775,59.887516021728516,14.518743136971016,-35.26570129394531,17.83081721536057,33.61048889160156,-2.6825680611288454,-38.13678741455078,10.258836690524308,14.120872497558594,-11.229139987877973,-41.55564498901367,12.855028362737576,16.553607940673828,-13.627328895091072,-62.33252716064453,19.172077895172976,6.12070369720459,-14.149513209429314,-54.31244659423828,11.922632568817889,3.0,500.0,170.1047584353394,50.0,102.82267539063373,0.33811110258102417,0.11164733445259016,0.0015430788043886423,0.10374653768432442,242,0.0,0.023308778181672096,0.15266205370426178,2735.841531731748,1808.7162818006254,1119.9963825338552,440.94792690617203,4819.922354718009,2690.5674387943823,1111.871656464631,1352.418727141468,0.35024985671043396,0.0917656166356618,0.0005239604506641626,0.11729607663385357,7132.8125,4468.75,1726.5625,1890.6200431460368,0.66943359375,0.29069458968996065,0.0361328125,0.2330694873477008,1
6.15,7.871815043783743,0.0,30.744850158691406,5.056633845357697,-13.66555118560791,7.95321485515213,11.064237594604492,-3.5503583842299764,-30.055896759033203,8.420714889649576,12.43175220489502,-5.772442520205221,-31.003145217895508,9.8363757243632,7.241277694702148,-11.71109534746007,-31.099645614624023,6.411555781157114,-202.49293518066406,-376.22474006297057,-429.4933776855469,49.815613193217324,114.9831771850586,18.505319928567026,-51.90831756591797,37.33672862388402,81.10610961914062,37.7759846331542,-13.663288116455078,16.15723427186368,55.10498046875,5.875058032224833,-43.30644226074219,15.75216390062293,35.5660514831543,12.122233226818125,-31.782672882080078,14.011762015573925,28.40597915649414,-0.6619891798017556,-32.806148529052734,10.46416650926203,24.512596130371094,0.08912415980057395,-40.81538772583008,10.604431632880663,28.3265380859375,7.512030570077773,-27.102161407470703,9.022201500710759,32.55295181274414,4.371383298864019,-23.22922134399414,10.935680644655625,3.0,500.0,125.68372868068671,51.75913084674328,57.52891612626146,0.03037196584045887,0.007667010528194703,0.0021564315538853407,0.006685435097014418,243,0.0,0.00010510587162571028,0.010233712382614613,2853.732345646567,2424.307773979133,1574.577441865118,274.4441761509717,4892.428529522405,3627.983854943615,1389.9310553260298,1033.7019761998197,0.30190005898475647,0.13501408759750658,0.003026549471542239,0.10426950804424163,7101.5625,6478.262629533679,2703.125,895.3105537613599,0.6728515625,0.37897202882124353,0.02685546875,0.22189022713599438,1
10.0,12.936160367273422,0.0,23.970077514648438,-5.731935514000277,-36.81413269042969,10.769938922485668,19.668292999267578,-12.97855138264525,-47.847076416015625,14.007495181209318,15.417831420898438,-3.7705411627269783,-28.743131637573242,9.572781520668801,17.359725952148438,-5.467514152772511,-30.72034454345703,9.428510931226624,32.90275955200195,-235.5733610026943,-426.7105407714844,119.86965482550849,135.15391540527344,46.92428010921128,-21.457183837890625,41.62524510573304,76.90058898925781,-16.269234658525395,-107.90617370605469,40.35589331679304,85.02432250976562,22.405542814503082,-63.349693298339844,27.228166216278055,63.46302032470703,22.878086582445107,-30.908119201660156,18.659260321475546,23.821903228759766,-7.405624609738112,-45.01479721069336,13.85816873801688,38.35624313354492,-7.494370384004931,-51.14182662963867,13.758939152555513,16.810359954833984,-11.894199333394678,-64.49665069580078,16.321404641434217,8.724861145019531,-17.15856098090879,-51.115089416503906,12.475639150244053,3.0,500.0,190.75038518391872,50.38380872222551,96.94864861628454,0.38392776250839233,0.09413977537546664,0.0018743943655863404,0.09285784387633779,244,0.0,0.01751353219151497,0.13233371078968048,2722.243967814875,1821.5752370870923,1115.8569310574946,445.33675657491773,4798.070625322098,2391.9383228756174,1073.812549791848,1153.9321064052579,0.35531648993492126,0.06932899870124226,0.00035678138374350965,0.10711384317800779,7085.9375,4234.949081469648,1453.125,1810.6051275350142,0.66357421875,0.23927965255591055,0.0283203125,0.2047372024467773,1
3.0,16.17522554875632,0.0,17.36666488647461,-1.2639034312773259,-18.105316162109375,5.884588746599271,8.564630508422852,-4.852816639666227,-35.568115234375,8.724819320012848,11.080123901367188,-0.4278688926963096,-13.666069030761719,4.36586557827121,17.717975616455078,-6.229397772474492,-17.253826141357422,7.777514435297445,-52.766700744628906,-349.30694584136313,-432.6134033203125,115.25905967721518,82.26009368896484,2.730360166665087,-19.933841705322266,21.415584726621503,55.601661682128906,10.28186607107203,-96.3743896484375,33.42091533578137,75.69215393066406,8.979641251583049,-18.17699432373047,21.085058451955497,51.00087356567383,17.653180254266616,6.255960464477539,9.725705869372637,19.225696563720703,-1.8440682704144336,-25.035606384277344,8.885524042418162,12.417539596557617,-1.9166836881653426,-33.43425369262695,10.504960312237616,18.787723541259766,1.8518309028858835,-26.991130828857422,9.938936709631657,9.051416397094727,-6.51311253613614,-22.09844970703125,6.7556791772716105,3.0,337.3346531934931,105.85191461903574,50.51234601424643,58.235306700905156,0.3179878890514374,0.04130303981079859,0.0016667055897414684,0.08827955180387985,245,0.0,0.009524602442979813,0.0975879654288292,2773.8673757883603,2182.279957616526,1344.8333988809875,325.34158035568976,4761.689528244904,3900.7355385961955,1391.5603172368074,1096.849637457212,0.3683093786239624,0.21344086092753098,0.0013761655427515507,0.11632059300714345,7101.5625,6200.714760638298,2437.5,1476.076074205402,0.66552734375,0.4950808261303192,0.037109375,0.2012913282327519,1
2.85,7.926968164226601,0.0,21.852975845336914,-2.9570204979843564,-31.4554386138916,9.236593876053131,15.425487518310547,-2.256099201242129,-29.159236907958984,8.507443690097729,29.49383544921875,1.628536861969365,-18.436277389526367,9.190289084230718,10.066194534301758,-7.29567572010888,-18.19392204284668,6.394455821327928,-100.05528259277344,-356.73409084743923,-454.9149169921875,102.18517295605524,149.11859130859375,21.69365397757954,-18.684444427490234,52.07391818964862,63.555728912353516,16.562853525744544,-66.06927490234375,33.36472508609718,26.42633819580078,-1.9958831157949235,-36.77705383300781,9.146837412384258,57.84034729003906,11.715152829223209,-26.447118759155273,14.11601303627994,31.226577758789062,-6.341034436060323,-37.202003479003906,12.932998206020523,21.021156311035156,-0.24628997047742207,-21.956239700317383,8.264724307816321,15.847320556640625,-0.822350451681349,-44.421791076660156,16.413659843288755,0.9211851954460144,-13.358483146296606,-58.52154541015625,15.64155711466395,3.0,500.0,137.068058416178,50.479442007874816,99.90832361342817,0.1633778065443039,0.025780790565638905,0.0015914354007691145,0.044466671720652405,246,0.0,0.0026697739958763123,0.051669854670763016,2677.0840047896418,2117.396473691882,1068.3127602886543,394.04804635645246,4835.288526262155,3720.931981492215,1061.4787015071774,1416.2805456379492,0.309598445892334,0.18163516614133388,0.00066855747718364,0.11403565949053203,7070.3125,5895.920138888889,1781.25,1877.3527006601669,0.6650390625,0.4760199652777778,0.03515625,0.23830527867905366,1
4.05,12.55095801062676,0.0,34.07421112060547,0.9270754347401341,-27.490478515625,10.262315648384623,13.906639099121094,-1.5923023650965353,-29.70596694946289,7.84953690763066,11.274065017700195,-0.4467527269143758,-15.064719200134277,4.693515183852755,5.824898719787598,-7.820265690642079,-17.92626953125,5.312858618060263,-158.7610321044922,-373.1468521478608,-453.0226135253906,76.8109491847402,64.55979919433594,-1.4610100015411227,-20.770557403564453,19.081648169617008,41.63583755493164,10.694566392523097,-71.46453094482422,33.10469940821705,86.15188598632812,5.259590134552614,-24.402976989746094,22.984753253341236,49.08208465576172,18.514073959485753,-5.228239059448242,11.584318069632983,23.17657470703125,-1.4038348641451888,-36.51018524169922,9.81746255414006,11.753437042236328,-3.199386854340711,-34.540706634521484,9.71120591530961,16.366161346435547,1.2425122188301536,-36.371620178222656,12.816594881673115,16.073246002197266,-4.786545789382589,-36.971622467041016,9.774484164587548,3.0,500.0,165.0848582346931,51.763607248545526,124.79726337826165,0.13687118887901306,0.013821736833366646,0.0015949177322909236,0.031299236233492,247,0.0,0.0011747622629627585,0.034274809062480927,2460.3208560604535,2202.0345402928456,1425.4478026776949,250.23851115929978,4845.153354685426,4048.2447311930537,1611.1082953265989,990.176331764239,0.3582935631275177,0.21095237066221284,0.0020387149415910244,0.0922503671157271,7101.5625,6392.531988188976,2656.25,1277.1051299605635,0.685546875,0.5154481422244095,0.05126953125,0.18313818368846568,1
8.85,16.040182099218118,0.0,18.40013313293457,-4.174172427303525,-34.06462097167969,9.581593116315538,13.057804107666016,-7.012172274533592,-46.480369567871094,11.126733298498392,24.498737335205078,-5.502792282440172,-36.24528884887695,11.107075822102999,13.855735778808594,-7.966713151454065,-28.10342788696289,7.571410382684615,47.501808166503906,-268.3528651691946,-429.1213684082031,136.707427544435,142.0201416015625,35.318645244040646,-22.810894012451172,41.13906285062408,70.16273498535156,-6.992368730343206,-77.18073272705078,39.73597227812145,62.83966827392578,17.817682970947306,-26.391571044921875,20.28507562349832,66.58281707763672,23.01815960187774,-36.75470733642578,19.151339643576918,27.55971336364746,-3.4612319930742363,-38.0408935546875,10.072058338471264,16.826396942138672,-5.518930047535294,-36.99169158935547,11.240216391395979,14.351751327514648,-6.604719905969469,-48.87623977661133,14.746636857759233,5.662101745605469,-16.054647984057127,-62.15898132324219,13.285903957568483,3.0,500.0,156.21174271185518,50.49188104853519,82.37349230732386,0.3663162589073181,0.08562615264496272,0.0017838281346485019,0.09238136736514538,248,0.0,0.015891272574663162,0.12605534493923187,2744.0552392190534,1891.9873417512176,1213.0223698276855,412.75469189099215,4843.421036595613,2814.4331101692155,1156.8191658452997,1465.4089463593946,0.3257257044315338,0.10425724306047998,0.0002920401166193187,0.12578907748057552,7125.0,4625.564079422383,1906.25,2009.6724178115585,0.68359375,0.2994010181633574,0.021484375,0.26455913644415124,1
4.05,14.258495577525661,0.0,11.29078483581543,-1.1635333926189604,-33.174278259277344,8.707074668073464,13.137693405151367,-2.6913793083485658,-36.04808807373047,11.119895731490796,15.85046100616455,-0.6035078025943651,-23.472867965698242,7.423308815766472,23.471590042114258,-6.854801029670895,-20.280540466308594,9.930743686939955,-53.87964630126953,-359.6962892126849,-443.0048828125,108.26347466360717,167.55795288085938,11.930956079499929,-15.044694900512695,40.587886354343865,61.697872161865234,21.21180999513686,-52.45552444458008,26.464243761948378,82.20260620117188,2.7849776549191456,-57.34508514404297,26.26366993835083,57.19916534423828,13.247181184648529,-2.805450439453125,10.05121225848671,23.447044372558594,-1.2761621188929702,-12.248672485351562,6.915777587843203,21.984474182128906,-2.1582620111037425,-35.311927795410156,8.661083286399993,16.406776428222656,2.126308899695479,-37.38163757324219,11.513362749634174,7.933343410491943,-8.393607497215271,-37.551700592041016,8.303284882087913,3.0,373.79016256362587,124.3079021945407,51.775574765835,77.84119344256042,0.2973054051399231,0.038601527729357675,0.0016874740831553936,0.0826395383336312,249,0.0,0.008348164148628712,0.09136804193258286,2763.127565312713,2161.6970094039566,1060.7324002554822,339.2070737386658,4790.598681559533,3929.52724741093,983.4934706768097,1290.51842519543,0.29565685987472534,0.20243550896485094,0.0007745677139610052,0.10713464877156781,7093.75,6076.156496062992,1414.0625,1790.645485943092,0.68212890625,0.5049020361712598,0.04833984375,0.22517364490935027,1
9.9,13.024854359343031,0.0,15.083884239196777,-7.264160402383535,-41.77672576904297,11.562110345297071,12.818570137023926,-8.494509237980651,-43.242225646972656,11.30433475271171,20.347347259521484,-4.072697651193988,-36.45098114013672,9.531627635428821,26.64044189453125,-5.8443723834330035,-26.469100952148438,10.07050225101854,36.027305603027344,-249.02424118980284,-446.8481750488281,153.0407270357212,147.5767364501953,41.465458812252166,-34.91059112548828,48.19141204337279,68.24809265136719,-8.411477499623452,-72.72563171386719,38.90354652464803,81.22938537597656,14.35825756009548,-29.188308715820312,20.4179666531895,61.5020751953125,17.237674942276172,-53.51323699951172,21.178627678218568,22.261587142944336,-4.936544581478642,-46.679988861083984,11.507674490139065,27.255945205688477,-4.408115030656899,-32.34885787963867,11.592968412666488,18.20004653930664,-6.271660619877999,-57.5052604675293,14.464294754219598,8.553709030151367,-19.53032355077805,-66.10031127929688,16.714056887034424,3.0,500.0,164.83261434101652,50.445956041931176,103.21640318846057,0.35731300711631775,0.10645163352751444,0.001576990936882794,0.11114150514856617,250,0.0,0.023732241243124008,0.15404173731803894,2796.802613587727,1870.1427545032727,1119.4368680797872,451.2783251403079,4834.639621228667,2833.087151516267,1048.5427017973605,1466.1337023941448,0.34896567463874817,0.10990254676829453,0.0004482939839363098,0.12651234796288624,7156.25,4659.022177419355,1773.4375,2058.128374613256,0.67138671875,0.3111438382056452,0.02392578125,0.25864030294913365,1
10.0,14.732872942476954,0.0,22.549774169921875,-2.7421696110369678,-34.65166473388672,10.100568883511093,12.676279067993164,-6.26473099659807,-40.06385803222656,10.481079519303787,23.79411506652832,-3.3642376039546136,-34.44767379760742,9.63130636509795,21.784366607666016,-6.087697485860544,-26.566022872924805,7.899640487814715,25.359344482421875,-280.6434661538456,-442.1181640625,135.5095877585397,123.06217193603516,28.803326418034185,-65.45814514160156,38.56717500676078,66.96702575683594,-5.159084803189713,-80.59322357177734,38.727859174815954,70.63365173339844,13.717051673716249,-42.72108840942383,22.441067376812377,71.27943420410156,18.369855399234606,-44.21528244018555,21.811492360515945,23.200923919677734,-3.0766123203328624,-42.341102600097656,10.15601422703451,19.05585479736328,-5.515340564397578,-40.45704650878906,9.859575708287908,20.743511199951172,-5.572242442982646,-58.35098648071289,15.183602187282322,11.993317604064941,-13.349959591088204,-54.49346160888672,13.177114969122087,3.0,500.0,163.78819399656768,50.502189320402934,89.20935794316948,0.3786686360836029,0.0698088630591296,0.0015888443449512124,0.09638458916936535,251,0.0,0.014185938984155655,0.11910098046064377,2831.973859949724,1997.692965853248,1164.4338568228075,434.5041189019568,4866.281272459231,3038.0598664328913,1146.7098883625883,1321.6820099702732,0.35909727215766907,0.12573676105769435,0.0007439866894856095,0.12676382357036298,7140.625,5084.889177316294,1921.875,1900.8800307187419,0.67529296875,0.34164087460063897,0.021484375,0.23886079964327153,1
7.5,16.96567382358776,0.0,29.95996856689453,-3.6406094329788328,-34.49298858642578,11.29325981797895,15.497133255004883,-3.633866956322751,-32.633079528808594,9.25031185490291,20.980838775634766,-4.125774158632502,-31.22079849243164,10.303168377434499,15.36829948425293,-8.634289074578184,-29.352989196777344,8.711227375479561,6.187983989715576,-263.8082666052149,-423.054931640625,136.9155320772353,106.85179138183594,31.783063529146478,-16.263179779052734,35.365304113386394,75.094970703125,-4.646358493033876,-88.24130249023438,42.56529879248444,74.74132537841797,20.53659125574409,-27.35781478881836,22.472721760087353,77.13703918457031,20.614957389932997,-38.29027557373047,19.49722774167677,22.253562927246094,-0.2448290933953955,-32.33998107910156,9.157940962778103,24.419240951538086,-7.097127599427675,-41.96432876586914,12.25819562800302,15.585494995117188,-2.379895005581227,-40.420310974121094,13.525425099478868,4.704606056213379,-12.239961081553012,-50.89776611328125,10.27979414503843,3.0,414.71749923020764,152.23448365421294,50.47826532693381,64.56481011620573,0.3294564187526703,0.09213365403974944,0.001841335091739893,0.10068012274636184,252,0.0,0.018676256760954857,0.13665242493152618,2802.2644248839515,1963.7911017931544,1206.903722010125,443.597571806294,4790.502266131316,2774.6968972489917,1020.7143829648307,1335.8178669712236,0.325987309217453,0.09599401377503106,0.00028299298719502985,0.1216327325677525,7109.375,4839.561170212766,1929.6875,1847.763901472984,0.67041015625,0.2834649268617021,0.0185546875,0.24153630991556194,1
3.3,15.870793434024554,0.0,19.94295883178711,0.8031460015246501,-18.552242279052734,5.972305179760868,13.288411140441895,-0.6685313453467993,-28.691932678222656,9.356981004745498,12.08619499206543,1.0400525320034761,-14.740717887878418,4.65467548586681,20.467357635498047,-7.734616180452017,-20.586837768554688,8.313906680585122,-92.25678253173828,-356.1266127366286,-444.614990234375,98.85803220421872,110.85267639160156,7.9719012677669525,-17.584217071533203,30.062797500558897,38.507720947265625,6.517583449872641,-78.46969604492188,36.42167471990665,67.04795837402344,0.823565861926629,-47.900367736816406,19.192810520507315,41.1026496887207,14.840684870114693,-7.97614049911499,10.570628512016413,15.220047950744629,-2.1903500949175885,-24.442955017089844,7.421952618740614,27.407684326171875,-1.151880612453589,-17.663318634033203,7.848941080022853,17.674030303955078,1.0657074858362858,-33.73577117919922,11.90155486219821,6.998160362243652,-6.8608017066636915,-23.307411193847656,6.482524680884359,3.0,500.0,140.37915924355704,50.64845750689063,102.72015955396016,0.19237589836120605,0.0243385593113579,0.0017121502896770835,0.05340873329381113,253,0.0,0.0034741275012493134,0.058941662311553955,2610.377488571867,2178.961064895032,1249.9673897501073,342.20438539573416,4779.84747339883,3897.41613524989,1220.186658366897,1096.1133663957078,0.3295600116252899,0.21214696601740657,0.0016125960974022746,0.10015976951009666,7101.5625,6195.838341346154,1929.6875,1528.655106225684,0.65869140625,0.4943988506610577,0.06884765625,0.18960619505459175,1
4.35,11.317423882007853,0.0,16.794424057006836,0.6776076165740105,-32.479671478271484,9.100124927311507,11.436817169189453,-2.8728730146608807,-27.486927032470703,8.122736171373203,12.6264066696167,-1.200604190940366,-15.662971496582031,5.422142766207349,12.17452621459961,-8.667511887410107,-23.325313568115234,5.864916142425858,-51.34281921386719,-371.0676773856668,-439.6777648925781,81.42860532831395,96.2020492553711,3.2226136326789856,-23.369747161865234,22.939544125808982,56.16532897949219,13.300868940484875,-72.07569885253906,28.75673835473487,67.23008728027344,-0.22745294274543137,-46.470252990722656,16.736191748577195,44.6639289855957,15.23128665107138,-4.750064849853516,9.46997054659968,23.367055892944336,0.5051332499612781,-14.578413009643555,6.272826821574044,20.26666259765625,-3.6079156436026096,-24.628124237060547,7.961273186839882,21.432193756103516,-0.22792104675489314,-39.25185012817383,12.58845569835571,11.206592559814453,-4.523865028558409,-31.38296890258789,6.930482473121392,3.0,500.0,152.74866020582388,50.613151915259955,122.4392866250756,0.3234997093677521,0.018432984143146314,0.0015877170953899622,0.05755931894657824,254,0.0,0.0036545656621456146,0.060452964156866074,2786.1521375667257,2263.4502550880384,1360.1594932134813,251.68932558732087,4796.271615821691,4044.4171379568706,1320.984767496402,917.5905593760348,0.3642399311065674,0.2256780314423582,0.001999656902626157,0.0879928306795659,7117.1875,6496.09375,2296.875,1150.6947791830614,0.67041015625,0.5148674460018382,0.04296875,0.16925928456614778,1
1.95,14.591345194546241,0.0,18.850461959838867,2.6207079701736324,-23.78184700012207,11.234143372756819,13.36578369140625,-3.8638665715201954,-22.529613494873047,7.486504031527981,22.529129028320312,1.9208040103072026,-13.117677688598633,7.774685621879567,5.823596000671387,-6.797827109938762,-20.707197189331055,5.856676191610515,-39.04490280151367,-300.2844817364802,-395.5552978515625,108.2729674908188,118.86717224121094,40.82021464089878,-5.4878950119018555,38.2804646980671,76.89656829833984,10.01053391323715,-57.49925231933594,30.665998844485767,37.97466278076172,4.11698132167097,-23.36667251586914,13.870375151583966,53.49419403076172,14.071340026425533,-43.785316467285156,19.40049324179023,20.42244529724121,-3.6737857969080814,-44.3800048828125,15.955508136632355,25.421390533447266,-5.745159178972244,-40.508602142333984,14.209865551699925,5.476465225219727,-5.688584950126585,-34.89910125732422,10.91010748094821,15.367366790771484,-7.101816928777539,-34.982364654541016,11.358820605737554,3.0,500.0,184.1742647631818,50.0,116.38933913015362,0.2635486125946045,0.061822080087741135,0.0023544691503047943,0.07964265689246165,255,0.0,0.010368836112320423,0.10091744363307953,2810.3661173484734,2171.4886116829766,1222.525895615006,490.3152306472046,4482.246721608299,2714.6327080009687,685.5936842015442,1266.2976242856032,0.34363919496536255,0.11825949366390037,6.696191121591255e-05,0.1330850076509108,7007.8125,5087.730532786885,984.375,2102.603921378765,0.611328125,0.25077644723360654,0.0,0.21962784128627572,1
2.25,11.676409118655108,0.0,22.540735244750977,8.905617567015366,-8.41558837890625,6.411560751113721,9.638059616088867,-2.6772293074869773,-22.957855224609375,7.896320337794533,13.604913711547852,2.2334807666254717,-8.550618171691895,5.767459876262536,16.833152770996094,-2.334332382175284,-14.84657096862793,7.615684053138323,0.8210564851760864,-289.6209863222821,-421.8022766113281,126.27052734799575,105.84991455078125,27.6051991443399,-2.997842311859131,28.362574199805945,33.571807861328125,-6.970254166865013,-60.895301818847656,28.910271949929584,36.571441650390625,-2.7306991444087365,-33.79701232910156,18.31271614459143,44.113990783691406,11.75689779242999,-21.431079864501953,13.017591428634653,9.929014205932617,-3.4266447265383224,-45.150123596191406,9.764440994001262,15.72118854522705,-9.662755985495071,-59.84497833251953,20.279961187803917,18.261363983154297,-4.513673770595604,-47.68862533569336,11.453412371433355,13.29278564453125,-1.523651620451833,-16.404338836669922,6.9586853017578845,3.0,455.89929558603126,121.18585708696251,55.94734544568411,73.56741502253948,0.3487201929092407,0.05354484498113866,0.0018617446767166257,0.10242369567367587,256,0.0,0.013488367199897766,0.11613065004348755,2624.3708901262908,2201.698451002571,1226.3991887612951,402.47745879121317,4324.023009836355,3283.508760327814,1431.2789685897471,946.361896751424,0.3715696334838867,0.20407037562887434,0.004243522882461548,0.12982086858652234,6953.125,5813.930457746479,2156.25,1564.5290027323072,0.58447265625,0.3709768375880282,0.11376953125,0.14704232485395152,1
2.55,12.643592235194962,0.0,22.680866241455078,2.3083224534988402,-31.56182861328125,11.657169108716912,8.722307205200195,-6.526756559126079,-23.838598251342773,7.661169266082914,19.189069747924805,-1.281575446948409,-19.280498504638672,8.242275521317639,15.54055118560791,-4.586265230923891,-23.75582504272461,7.819024749564766,51.7786865234375,-254.78589897155763,-404.44744873046875,139.6049687811911,88.75764465332031,31.27387877032161,-13.696900367736816,25.970617487962876,36.8775749206543,-13.479160903394222,-64.20674133300781,33.552073127252726,58.952308654785156,11.389936650916933,-30.719816207885742,20.896759639714794,64.63688659667969,23.31121906340122,-8.577668190002441,19.920931194248492,20.152725219726562,-4.78429270721972,-32.666778564453125,14.101600149756344,13.132301330566406,-14.498828949034214,-50.2138786315918,17.66940864729585,14.16286849975586,-3.8026010245084763,-28.697101593017578,9.221838511569736,28.913169860839844,-0.16930856183171272,-22.7620906829834,9.14889210158686,3.0,500.0,138.52095892741528,52.3085919513222,68.42919745093874,0.39482030272483826,0.0844444525660947,0.00198456272482872,0.12554303914500525,257,0.0,0.022981779649853706,0.15159563720226288,2681.457295418844,2076.6022102703837,1209.8039551224326,441.8731783747819,4439.163291714695,2918.0995975698156,1496.4388372641379,929.0319449577879,0.33353766798973083,0.11686247874458786,0.0009012637892737985,0.10342529743981274,6968.75,5234.765625,2226.5625,1650.3339487309786,0.60546875,0.2784912109375,0.06591796875,0.13828988129138645,1
1.95,18.63861104901343,0.0,15.49896240234375,1.2419022800492459,-22.557655334472656,10.565468224884821,2.4095826148986816,-6.1852267553083236,-19.444612503051758,4.75702504958171,8.40345287322998,-0.9609606290449861,-15.400491714477539,5.527169571911062,8.476460456848145,-5.287451706704546,-20.32480812072754,6.644071693838521,-137.19110107421875,-308.1139738989658,-395.314208984375,86.99842018087165,114.24467468261719,31.036717269264283,0.5390855669975281,30.29173012916717,39.96830749511719,-6.793608219897161,-69.68643188476562,34.953877253376334,71.49824523925781,6.457355937019724,-49.46363067626953,30.503680138872852,52.72492218017578,20.70949616783955,-2.8574962615966797,13.67445675846632,12.820358276367188,-8.985462696093027,-51.709197998046875,17.950218607141515,11.544588088989258,-5.461132161929959,-47.55723571777344,12.009171336664139,12.092994689941406,-0.9204848237702103,-26.97171401977539,6.94241660101011,11.82614517211914,-6.707644468448201,-29.20126724243164,11.221143817580783,3.0,500.0,131.8221995352701,53.74034856107723,70.06278715563685,0.1694098263978958,0.03539884018665943,0.002588291186839342,0.05137264471105258,258,0.0,0.0038963910192251205,0.06242106482386589,2681.2884171828036,2131.063615974406,1214.5650276479296,436.61231487835363,4439.399194491498,3125.993628190047,1250.437264783534,1112.8538347469591,0.3456934094429016,0.16478256465099966,0.0009069126099348068,0.1261350892741894,6968.75,5394.082991803279,2039.0625,1853.1689530740211,0.59130859375,0.33184714395491804,0.04443359375,0.1860896607973333,1
2.1,19.36240115595964,0.0,21.115882873535156,1.3473615817951434,-20.712860107421875,10.590703877280635,6.231372833251953,-6.452846811576323,-33.56208801269531,9.974531583007058,12.569087028503418,0.6074881071055477,-12.074884414672852,6.356703813067964,14.067789077758789,-1.1917958354408091,-13.608394622802734,6.316869671131881,-59.81241226196289,-306.4368336417458,-401.05755615234375,97.16834053114869,128.44674682617188,27.53933450353868,-27.896753311157227,40.7745455518158,34.88595962524414,2.9521632235158575,-62.878875732421875,27.72454396167185,64.95823669433594,7.336581070766305,-43.492835998535156,27.17026510039686,48.87629699707031,16.688363068031542,-4.348473072052002,11.254554050299483,25.090299606323242,3.7565777401129403,-31.122512817382812,12.223851096976512,19.770294189453125,-5.662461645675428,-26.15903091430664,11.257060630613822,18.343191146850586,-7.203678815315167,-52.162498474121094,17.23000677724572,12.015317916870117,-7.033357539411747,-31.652421951293945,10.270074348395093,3.0,392.86170707289375,123.98683600244159,52.966931296556176,64.17985940627278,0.2582743167877197,0.057459193518187734,0.001955397892743349,0.08935516820745242,259,0.0,0.01135049108415842,0.10653868317604065,2636.9733751510826,2103.072639704817,1087.3039872471925,425.28019556688577,4448.424449165197,3153.23021016135,1021.9323454984728,1230.339002953098,0.36699333786964417,0.18831336521367176,0.0005669696838594973,0.13863268689520433,7007.8125,5379.971590909091,1507.8125,1965.856533046238,0.60693359375,0.34697561553030304,0.037109375,0.2046794832216345,1
2.4,16.67570266060673,0.0,14.320347785949707,1.883506566286087,-18.192243576049805,8.021134794378634,9.788315773010254,-2.582842090216122,-22.054569244384766,6.259736063845554,21.530895233154297,1.3386946359747334,-18.718538284301758,7.950021389861871,12.059186935424805,-4.928135044480625,-17.95745086669922,6.195983451496506,-53.701786041259766,-311.14282884095843,-435.9506530761719,122.31522198689673,116.23422241210938,27.30096614792159,-1.627589225769043,31.02028570485562,40.63269805908203,5.2017184354757005,-76.20208740234375,35.4943174946596,40.99619674682617,4.396596014499664,-15.955419540405273,12.543958858854607,58.249515533447266,15.171237619299637,-48.74609375,20.192114599779213,14.243905067443848,-0.26404922377122075,-31.397750854492188,10.083727979948291,10.632226943969727,-5.497058365690081,-42.14545440673828,10.26055558009445,8.96346664428711,-4.336967679622926,-30.43674087524414,7.890252225869278,9.53766918182373,-8.801272329923354,-37.64476776123047,10.732351056929367,3.0,374.9016893644268,115.88496529449577,55.778522712879585,55.64332458613857,0.2509783208370209,0.050977634256828185,0.0016641183756291866,0.08609539689256011,260,0.0,0.010144666768610477,0.10071879625320435,2742.769202955608,2201.860197505535,1217.2361991651453,475.15045192749585,4387.456155533181,3401.7793422636155,1232.4667480483854,1135.6773442904962,0.3541368246078491,0.1920765561034817,0.0009462443995289505,0.13017885802469753,7007.8125,5758.018092105263,1953.125,1799.808984485533,0.59912109375,0.3820736533717105,0.0810546875,0.18037364716996052,1
1.95,14.773031631396682,0.0,16.55425262451172,3.700821014701343,-13.437681198120117,7.072087830412681,9.124696731567383,-4.658542381935432,-27.490402221679688,7.6035928960802535,9.75096607208252,0.05998769695641565,-9.037423133850098,4.889584400379095,5.593526840209961,-3.893764747947943,-15.728514671325684,5.332400817005734,-21.308279037475586,-295.6811680402912,-408.9339599609375,125.7896839727103,109.31968688964844,27.61004323744383,-2.0177688598632812,31.23255815412158,38.17006301879883,-2.366088661014057,-68.00234985351562,34.25573075662076,48.432350158691406,3.9707597793675347,-21.542856216430664,18.53215847304419,54.37103271484375,20.81648123850588,0.453963041305542,11.957085561447927,17.65432357788086,-0.4466674034712744,-29.46536636352539,10.440337995483699,7.0979437828063965,-12.323403562678665,-46.042205810546875,17.646918349310205,6.48686408996582,-4.627149691347216,-28.57525062561035,8.60529694688148,24.17721939086914,-2.0683057460872853,-14.432136535644531,6.544883127741411,3.0,421.1463865485411,122.66365395762288,55.97045454081328,66.94198713299718,0.3002995252609253,0.060806883518110776,0.002145071281120181,0.09972359346954893,261,0.0,0.013656397350132465,0.11686021089553833,2552.236475233484,2159.0694299110905,1187.5099770194604,461.02288715410856,4468.008338519508,3305.3752486216104,1278.7387708828862,1115.8582263922867,0.3683890700340271,0.18864374299587103,0.0013748765923082829,0.13229752759662683,7000.0,5563.524590163935,1835.9375,1892.0488745831349,0.5810546875,0.3684362192622951,0.07080078125,0.16689621049060552,1
2.4,14.04825364220809,0.0,19.879863739013672,2.2660572481782815,-35.177242279052734,11.484237596562862,8.179032325744629,-4.615611328498313,-31.34666633605957,6.767761558071412,31.756065368652344,1.9317689518395222,-13.885841369628906,9.395361215645648,13.446405410766602,-5.074367125567637,-22.537025451660156,7.4424264015806445,-1.5653740167617798,-314.8048037682709,-409.73419189453125,112.212710952828,125.63174438476562,29.627571739256382,-0.32448866963386536,35.02453188387098,47.02031707763672,2.701610869482944,-66.83177185058594,33.097934740475374,20.495832443237305,-5.2671559241257215,-26.031919479370117,9.478576204919243,59.48426818847656,11.555036623226968,-37.93715286254883,19.534198517001737,19.976043701171875,2.4229351471325287,-26.760746002197266,7.667320703962701,24.5430965423584,-1.6300701800929873,-31.290246963500977,11.975179828976023,14.933582305908203,-4.6524401326712805,-28.535240173339844,10.328157808591943,9.995586395263672,-7.129193321262536,-33.197662353515625,9.756674436302996,3.0,500.0,160.96867896797744,56.13118985664974,118.17003304850218,0.3324333131313324,0.052932993914797215,0.00190439831931144,0.10164137948485973,262,0.0,0.01330803707242012,0.11536040902137756,2720.7625070094077,2217.8742574932958,1166.9869866490342,439.77503130248266,4417.759492490697,3374.381465362185,1182.1878471454393,1127.037791793407,0.39474210143089294,0.2025132266070087,0.00043181420187465847,0.1306777605010106,6984.375,5831.106085526316,1773.4375,1726.9396724554533,0.57275390625,0.38520250822368424,0.05078125,0.18067285862305343,1
2.25,13.045314636224818,0.0,21.874971389770508,6.4371809854473865,-10.642829895019531,7.348875819486205,13.177900314331055,-3.2438499327276795,-28.08368682861328,6.128210026598261,22.949325561523438,-0.8407430812506609,-14.379575729370117,8.249798500386927,6.697999954223633,-5.145946202563568,-16.208444595336914,4.734890457467019,-27.70450210571289,-308.4940776019029,-418.5088195800781,118.35666884002484,106.57684326171875,22.446027911464935,-33.58114242553711,33.379084492183196,35.01980209350586,-1.6644835744945097,-66.79647827148438,31.063420892874234,46.042930603027344,1.641040498941717,-27.68117332458496,14.133998931220532,46.01170349121094,10.840897512268013,-36.55181884765625,16.73302138957286,11.985977172851562,-0.6552270485061995,-31.40848159790039,7.908526739697069,11.061976432800293,-4.776000237905643,-36.480430603027344,10.581132018805219,9.691681861877441,-5.41820533174864,-38.22283172607422,8.957255525407788,12.862711906433105,-4.42640100902235,-30.01205062866211,10.341884630850227,3.0,399.2093842541483,113.79952118395204,54.41342230852153,54.0307420164867,0.29296720027923584,0.04732111990648571,0.0019553133752197027,0.09154445707841095,263,0.0,0.010723583400249481,0.10355179011821747,2628.099739925162,2168.803257851297,1294.4752221845513,402.75736794074214,4500.176487129423,3432.3166495805417,1361.13189843372,1083.2237611552193,0.3521648347377777,0.2044100845232606,0.002767064142972231,0.11853762968097918,7007.8125,5829.115316901409,2109.375,1655.986273171697,0.625,0.39022612235915494,0.0751953125,0.181586936259296,1
2.85,12.316492084128386,0.0,18.775123596191406,-0.7858510578672091,-31.219358444213867,14.393691388199564,6.999421119689941,-8.861600445376503,-33.76348876953125,8.865441983614565,12.16335678100586,-0.2092591769165463,-15.570930480957031,6.77716213459492,7.02501106262207,-6.2720787081453535,-21.248332977294922,5.537955084568214,-22.249961853027344,-313.13365705278187,-428.0271301269531,102.75749318629005,79.71412658691406,10.6593378411399,-39.42168426513672,21.037666831830798,47.2550163269043,-0.11892802053027683,-61.972957611083984,29.060259244861435,87.41854858398438,17.37405480477545,-14.110891342163086,28.33718599767751,48.56790542602539,18.39342728058497,-5.337635040283203,9.06682070008597,14.849560737609863,-0.11576652808321847,-28.67017936706543,8.989074771321826,13.685089111328125,-10.335026250945198,-45.424163818359375,13.580100797051113,7.748668193817139,-4.68059307684501,-30.15625,6.59246999393568,21.272476196289062,2.866974761750963,-12.341629981994629,6.503693794795434,3.0,450.4035901992406,129.30942206179648,55.35020311531727,66.50998753897895,0.3405093848705292,0.04413295455225226,0.0017851272132247686,0.09368299986045295,264,0.0,0.010837152600288391,0.1041007712483406,2746.2783159276014,2198.2393752298326,1410.8841732150195,402.8518985139695,4369.127048618737,3474.677048132504,1421.8000111384774,866.1279984799116,0.32472726702690125,0.18679843489210018,0.0008234883425757289,0.10666211059614772,6968.75,5917.447916666667,2281.25,1411.6053746056125,0.56787109375,0.3670789930555556,0.0751953125,0.13440750434272203,1
2.55,15.196473306696346,0.0,20.169116973876953,3.1991726331412793,-15.828311920166016,10.166183386589745,6.642767906188965,-5.835525464639067,-29.154054641723633,7.4193976134681705,11.879150390625,0.12938003037124873,-10.453989028930664,5.464454866635512,8.546141624450684,-3.495701991021633,-18.817710876464844,6.036916664347643,-43.20457458496094,-283.0943941116333,-408.38238525390625,108.7419224515261,155.44369506835938,28.762816557846964,-27.11275863647461,40.232159982269934,42.441741943359375,-16.293721413612367,-94.39177703857422,34.39201457310607,60.96675491333008,7.920821799337864,-44.930511474609375,28.383695459635952,54.58722686767578,24.68897587656975,-13.379730224609375,14.223627545592766,19.83544158935547,-0.770975024998188,-45.35874557495117,15.847426698676312,12.127811431884766,-12.867497063428164,-52.53926467895508,14.568976654599046,3.1997628211975098,-10.675074450299144,-57.40385437011719,13.309141833626862,16.462963104248047,-3.8909404285252096,-35.127220153808594,11.652404420496739,3.0,421.6232635890225,151.66059572275992,55.980868773492354,97.2134871904488,0.3009134829044342,0.05942142415442504,0.0020172460936009884,0.08768029994266512,265,0.0,0.011262819170951843,0.1061263158917427,2622.752748730599,2025.2770085155248,1195.4468904458881,497.49770144393614,4300.728795459122,2982.1785639786094,973.7901506823348,1101.3266906328215,0.35932254791259766,0.14730970108139446,0.0009562463383190334,0.13046130710109674,6968.75,5040.13671875,1539.0625,2015.8936290494019,0.5625,0.30775146484375,0.0439453125,0.16284399257020338,1
2.25,15.64989405059365,0.0,15.04145622253418,-2.19680772553867,-23.034236907958984,9.075028367599616,11.495012283325195,-3.12300597613966,-20.253944396972656,7.300660542933333,17.021514892578125,2.688237928168874,-13.954575538635254,7.170710088281571,7.1578369140625,-1.964670545198548,-18.812847137451172,5.074658956467442,-8.733234405517578,-311.86221132144124,-407.31707763671875,112.84911851197162,91.80268859863281,13.940410099818672,-7.088153839111328,18.708885325010627,45.224700927734375,0.336780116591655,-65.6189956665039,30.43917418599678,45.35066223144531,11.968192016994449,-8.751468658447266,15.658181657397584,52.83045959472656,20.71578058726351,6.403448581695557,10.07484222309834,12.118330001831055,-0.4004911415173974,-18.015106201171875,5.634891635214119,7.88035774230957,-10.633500107577149,-41.824893951416016,14.438288448612584,16.415550231933594,-0.846771659355768,-34.77534484863281,9.687585282667213,12.804986000061035,-1.5309067364309874,-18.894123077392578,6.421047165248833,3.0,500.0,128.01436438945427,54.41392775701623,77.02830434112661,0.34103891253471375,0.04752163037421628,0.0021979527082294226,0.10132816883037642,266,0.0,0.01264826487749815,0.11246366798877716,2706.547595164957,2245.4874103917296,1330.5631304302103,339.0987785818095,4503.949367821919,3473.2062323642,1576.4526683034092,831.5470459823657,0.37789180874824524,0.20923390232918548,0.002221338450908661,0.11598879951513723,7039.0625,6082.526408450704,2695.3125,1254.5792088903986,0.61376953125,0.3812169894366197,0.06787109375,0.1452558601531128,1
9.15,13.14727854148261,0.0,23.97268295288086,-1.1503962054327652,-31.447710037231445,11.812070009447604,23.919374465942383,-7.70935573767532,-38.36834716796875,11.405803744057897,21.02952003479004,-0.21906648670043144,-31.439231872558594,10.680455829766226,14.04067611694336,-4.058726262796175,-29.769027709960938,8.306170263814854,26.649337768554688,-213.21815492918753,-410.2080993652344,129.70728967214933,136.50860595703125,48.591940639371224,-38.12474822998047,37.09494294513147,73.67463684082031,-21.33488615659567,-113.81977844238281,36.2549575795136,71.03703308105469,15.358773497460813,-46.320762634277344,21.51052547499252,68.76164245605469,14.306310960879692,-52.68540954589844,22.197948030703706,19.002321243286133,-8.997932704178604,-56.760169982910156,15.816124104454415,17.895496368408203,-15.129030695119939,-56.66887664794922,15.309324770453955,33.683998107910156,-11.668929617200698,-53.21615219116211,15.52602640301715,32.1932373046875,-10.425912131379535,-49.626163482666016,13.429052341601716,3.0,500.0,194.67277351388373,53.71709565739597,118.41215800382729,0.43104106187820435,0.11682972745966635,0.002230902435258031,0.1223207983387128,267,0.0,0.02861791104078293,0.16916605830192566,2733.744834808816,1867.0186128986322,1141.0788371646204,490.97751989740044,4480.942170705157,2436.0056876601775,1060.2710595364292,1034.2260033089974,0.33204901218414307,0.07726202364192813,0.0006700347876176238,0.10041411260722727,6984.375,4385.680725524476,1953.125,1808.8113805049456,0.5595703125,0.22326574792395104,0.044921875,0.15099626318718032,1
1.8,12.585492432838869,0.0,27.564250946044922,10.133955229008407,-2.512702465057373,8.081072970816995,15.385217666625977,-3.5426658658604873,-18.859317779541016,7.054296245163026,7.142763614654541,-5.7528869331928725,-20.424236297607422,7.785225152788554,8.684415817260742,-5.473974468938091,-20.926738739013672,6.364020949534501,-7.812963008880615,-308.0130387774685,-412.20941162109375,123.19960470373852,95.6924057006836,29.596977886400726,3.1135172843933105,28.027414758786776,47.23503494262695,7.080727581392255,-53.399253845214844,30.036566709254984,42.24039077758789,1.950190990640406,-26.980112075805664,12.71261170590496,37.33513641357422,16.464910737255163,-17.313121795654297,13.168086570906528,19.355594635009766,4.127362399770503,-14.105178833007812,6.695989936987426,7.380201816558838,-8.562825608933181,-49.88409423828125,12.585456195681953,6.544634819030762,-6.2485075263600605,-35.20953369140625,10.348245333281769,14.36920166015625,0.26095365536840337,-14.270769119262695,6.323517998366272,3.0,391.4423294845748,115.99385224433225,60.12843824421851,51.978604676262336,0.28812775015830994,0.04471163275210481,0.001867552287876606,0.08506339758474371,268,0.0,0.009358138777315617,0.0967315062880516,2591.146220217462,2279.865990017237,1385.073391367355,392.0796031233805,4406.320420721041,3311.7447389715744,1445.9704631072484,1023.6480531964672,0.32364949584007263,0.16975750822345154,0.004948542919009924,0.11467075404112215,7015.625,5937.088815789473,2523.4375,1481.505060482821,0.5859375,0.34160841557017546,0.06005859375,0.17193375587066176,1
3.15,12.709678421769283,0.0,20.795995712280273,2.463716408520034,-23.93488311767578,8.009624669046893,7.374066352844238,-4.571732063034569,-21.597797393798828,6.1203669809738965,35.115631103515625,4.690764514635307,-14.640218734741211,8.905944614991565,11.446725845336914,-2.20003560019864,-19.705833435058594,6.4690280019651,-21.156055450439453,-293.4065549253213,-392.9985046386719,109.35253951879423,116.04338073730469,27.61492697157041,-22.818340301513672,36.54337803217025,63.396629333496094,4.425059025636827,-59.742801666259766,28.509722996771874,63.331573486328125,10.046330825849013,-19.492578506469727,15.609229872666212,53.04656219482422,9.67704307310509,-46.644378662109375,20.774702497996167,23.09503173828125,-1.3766271511111596,-45.839202880859375,14.474247007174853,15.185885429382324,-7.4182342945626285,-54.08769607543945,15.956133801562007,16.1090087890625,-4.870761320898027,-32.417198181152344,9.488113816105445,15.455560684204102,-2.6912593438167765,-24.320602416992188,7.651449612994799,3.0,445.0016672476539,164.69507069845451,54.48643255895158,93.97155405795831,0.3220052421092987,0.04924447580494664,0.0026961255352944136,0.09569269313178336,269,0.0,0.011648448184132576,0.10792764276266098,2747.7209428180527,2199.8870783292728,1268.5607367897294,429.61391541908574,4444.884502498018,3182.9921310537397,1128.6870084184593,983.3266546940246,0.3314671516418457,0.15847885987904825,0.00111170404125005,0.10556938948100232,7000.0,5731.928661616162,2015.625,1573.4941676651688,0.55224609375,0.3264382102272727,0.06787109375,0.1408800626594753,1
10.0,8.61692302853577,0.0,18.351078033447266,2.206834151317327,-20.285995483398438,6.367855512943722,16.228191375732422,-3.96002131443435,-27.596858978271484,6.676975700290317,22.910755157470703,-1.281079626954592,-26.302635192871094,7.218840597117342,9.03186321258545,-6.346015077524672,-33.656532287597656,7.321809688945425,84.60287475585938,-268.6614008254517,-408.559814453125,145.58518610741336,124.8731689453125,35.26061024795325,-3.2450523376464844,32.26972121159326,59.20907211303711,-10.013029795675612,-112.58501434326172,38.28201961415735,27.026905059814453,-11.540137250273943,-46.245330810546875,10.235405593797019,27.607837677001953,-3.1533102520262473,-53.4959716796875,19.79375740034166,14.279524803161621,-3.3663956843816436,-43.98884963989258,11.39641465240029,25.29238510131836,1.9346021033894902,-37.32514953613281,9.101907459366773,33.73482131958008,5.556531912602556,-22.6317138671875,11.371242909197662,25.602760314941406,-2.1206077650522652,-20.444110870361328,7.561210100203801,3.0,500.0,167.8737451392259,50.0,124.64402514736675,0.4703674614429474,0.07048037208575077,0.0023639192804694176,0.1270610320170021,270,0.0,0.021440038457512856,0.14642348885536194,2883.768912585942,2150.193344322781,1241.0115830923703,446.42123544005915,4561.409028067803,3142.6261670004765,866.5808074765735,1045.8985202976605,0.3694838881492615,0.16770757067349396,0.00034364699968136847,0.11469873678541559,7039.0625,5570.287539936102,1687.5,1640.0644317507858,0.6123046875,0.3429419179313099,0.0,0.1740339997170655,1
4.2,-0.21535585126852264,0.0,15.563234329223633,0.1969181051985784,-9.655802726745605,4.878818588016991,6.998985767364502,-5.47898805513978,-19.133121490478516,4.338068444741246,16.635068893432617,2.320261419440309,-7.832558631896973,3.8301944683604328,11.55545711517334,-2.2644725998468473,-13.462118148803711,4.423898871793447,-200.6643829345703,-381.0690865950151,-425.6348571777344,43.23794063698498,61.36765670776367,9.770979604768483,-6.427934646606445,13.666968662345054,42.84859848022461,23.313764862941973,-70.21134948730469,20.905642851922206,8.0133056640625,-11.3285061220328,-44.95729064941406,9.814974725811814,16.84645652770996,3.4130384012153656,-30.481752395629883,8.492976867945362,12.650312423706055,1.2050563826818357,-21.83868408203125,7.050357538227807,22.115970611572266,5.569046649517435,-7.50970458984375,4.902756194081737,15.551980972290039,5.97827181016857,-10.114620208740234,4.997666405699601,4.630867004394531,-2.6132353273305027,-15.565740585327148,3.8604497109397324,3.0,487.5665431498919,113.11958876809847,52.113948746996726,92.97438033149531,0.015938756987452507,0.003311421602230632,0.0019374631810933352,0.002480550121404452,271,0.0,1.7247406503884122e-05,0.004152998328208923,2617.211612647489,2394.0458026412,1634.0656992086042,147.17719014598515,4627.465438417671,4186.018123374042,2416.6098290818113,528.0476564421849,0.35679933428764343,0.2747818163850091,0.08489632606506348,0.048899008687503936,7070.3125,6777.462121212121,4101.5625,532.1904666124441,0.62939453125,0.5492202296401515,0.265625,0.08616428432033915,1
8.7,8.672447399925385,0.0,30.61117935180664,-0.3091331197168021,-34.13172912597656,13.670171141451185,9.54908561706543,-11.572029461673296,-53.993995666503906,12.383539626013329,14.564754486083984,-4.082748281331185,-32.06459045410156,8.691745736090512,14.069160461425781,-5.242865187882939,-35.75000762939453,8.649773693252072,88.26329803466797,-239.23795382215587,-413.0376281738281,140.41962675343498,130.90078735351562,49.728897063088986,-3.32766056060791,34.239680473523265,44.491641998291016,-15.846818157855202,-98.55130004882812,34.256240897403956,69.14032745361328,-3.0101667179123446,-70.11750030517578,27.052797797060453,69.44392395019531,9.22982625104487,-40.35633850097656,21.976456601416256,12.397866249084473,-7.811964786118445,-42.85785675048828,12.470666074574934,43.581764221191406,-8.357665994588066,-51.17815399169922,19.383232460412135,38.33331298828125,1.503543724251144,-25.64107894897461,13.743086712835515,26.627222061157227,-2.6936466682647517,-37.201385498046875,10.793956851469034,3.0,500.0,200.03295352531214,50.16551021625969,125.62070706916882,0.41789326071739197,0.08610129920399391,0.0020760095212608576,0.11906106113113747,272,0.0,0.021599676460027695,0.14696800708770752,2717.183181357287,1987.533782412816,1147.7824116299312,464.7583075154452,4643.621100215294,2715.911366680725,1133.7568389401679,1117.0937543686787,0.3518820106983185,0.12532674379048436,0.0008299960754811764,0.12056517331475708,7070.3125,4815.630744485294,1726.5625,1919.0388047085517,0.63330078125,0.2943510167738971,0.04248046875,0.18565181025505922,1
7.65,8.273422349301962,0.0,17.7962589263916,-4.884601745878657,-38.92747116088867,10.009709029659536,12.87147045135498,-9.555775279427568,-52.331321716308594,12.954811531877072,20.127546310424805,-0.737404593701164,-23.462491989135742,8.030436776189442,13.537971496582031,-7.484046679890404,-28.15627670288086,8.400990525139802,15.592792510986328,-260.6774754226208,-431.52130126953125,117.14361114135234,141.281982421875,56.672647829167545,-20.895021438598633,47.85386802004594,72.8243408203125,-2.1789740215676527,-92.91285705566406,31.414195585343364,52.23743438720703,-4.97999714538455,-54.836463928222656,19.260076696426026,53.49249267578125,0.7113616469005744,-62.981510162353516,26.640420944853783,17.382564544677734,-15.80006856955588,-53.2506217956543,18.417007830255095,15.799625396728516,-8.930374605953693,-60.43815612792969,16.142420878309487,41.192405700683594,7.399927487038076,-30.658374786376953,14.955860321925913,19.377487182617188,-2.3685289535671474,-22.31869125366211,7.87031052508451,3.0,500.0,174.582745800663,50.50094084510157,124.20156973871384,0.4325171411037445,0.07177719219228797,0.0017645253101363778,0.10640614239725876,273,0.0,0.01653890125453472,0.1286022812128067,2763.2686953239395,1994.866444844037,1095.709212233183,499.4816822255258,4615.00263170004,2665.165681087156,1040.9433488960417,1228.99690072077,0.39161354303359985,0.13379092821730107,0.0009451163350604475,0.13144763101453477,7085.9375,4775.944010416667,1195.3125,2089.7770807994875,0.626953125,0.30205891927083334,0.04296875,0.18229918164702955,1
2.4,18.328229767012466,0.0,21.207447052001953,1.0392104336305668,-31.20425033569336,10.933763053114273,12.137361526489258,-6.655091628040138,-30.515872955322266,7.303902395257797,18.365070343017578,1.7544772213226871,-16.766193389892578,8.630186759069186,15.653207778930664,-3.7178734960524658,-24.926151275634766,7.273672148274919,6.0521039962768555,-218.28870318281022,-433.03167724609375,150.19483073408665,148.3194580078125,61.532057151982656,-3.8214564323425293,42.17344748652155,39.84043884277344,-8.689721059446272,-54.6075439453125,31.939250617904882,19.425880432128906,-9.157214589024845,-44.34510040283203,17.705363688296607,24.383411407470703,-7.091759465242687,-30.437450408935547,15.843999812573495,13.026529312133789,-9.79916059186584,-32.65107727050781,12.581528001208424,21.234085083007812,-7.8155977463251665,-40.212379455566406,15.231676072644857,26.072830200195312,4.591986718930696,-8.972370147705078,6.834752122280628,27.564815521240234,1.7723816378336203,-22.688791275024414,9.600921251582552,3.0,484.5777909271888,165.38351131868754,50.0,91.16698045982052,0.4174392521381378,0.1535492060862261,0.0017453458858653903,0.17803783683909744,274,0.0,0.056012433022260666,0.2366115003824234,2561.305510317104,1921.7996874635216,1147.9578737393574,504.31296499951355,4604.507432164212,2478.864733735294,833.1157731023587,1247.9163174823796,0.29716959595680237,0.10231282500286684,0.000596591446083039,0.11346033233660054,7023.4375,4524.5682565789475,898.4375,2097.6980586512163,0.6416015625,0.23998380962171054,0.0517578125,0.19485183990479077,1
1.5,12.282230019610957,0.0,13.346120834350586,-3.560175007962166,-30.986892700195312,9.358462537504318,12.145780563354492,-4.431623468373684,-37.82099914550781,10.485067462476096,24.97073745727539,2.330757719405154,-14.066434860229492,8.23569339086575,16.265241622924805,-3.4504643983029304,-20.76755714416504,7.019828171329716,-35.83624267578125,-295.37742200810857,-411.0529479980469,115.82522090462449,155.4135284423828,55.042524769585185,-4.060657501220703,58.6353806594486,56.166465759277344,14.770813605569778,-63.92755126953125,28.209046303287963,9.103031158447266,-9.320279373767528,-40.696693420410156,10.606588044319574,12.8995361328125,-8.92924200600766,-35.413082122802734,16.00053295445036,9.433637619018555,-14.060418992600543,-54.34528350830078,20.382775417993898,27.761672973632812,-1.1174586174335885,-42.220985412597656,15.808538910414073,20.3323917388916,4.476397667793518,-24.32300567626953,11.649673579800297,17.278898239135742,-7.697918478478777,-24.25752830505371,8.489289271538183,3.0,446.05792772016036,125.34210455386936,54.42016071130532,67.30541960592795,0.26159751415252686,0.06166376755077471,0.002275948878377676,0.08965399016457172,275,0.0,0.011873356066644192,0.10896492004394531,2634.2318337129022,2022.4322418425318,1034.4311624081834,534.0874015870943,4619.102509416251,2940.906019008678,855.5267012794756,1476.043467449941,0.35230857133865356,0.15717236450662778,0.0004346742352936417,0.13083861294127583,7000.0,4986.037234042553,835.9375,2344.0087047879338,0.5986328125,0.3508664394946808,0.046875,0.22225887628668953,1
2.3138125,16.400911364083715,0.0,36.76938247680664,5.957482312435973,-24.914581298828125,9.457536299929785,14.563822746276855,-2.262838738421871,-44.566986083984375,11.922816531481732,17.295639038085938,2.9263148869145406,-12.217817306518555,6.24741951417569,12.252227783203125,3.1452192306926805,-11.308565139770508,5.475218163765551,-171.1785125732422,-471.47516328994544,-577.4212036132812,117.48669887954027,195.53607177734375,74.76688050570553,22.174182891845703,47.26378277983063,61.96399688720703,12.77597717634619,-59.75379943847656,25.58180291385159,72.5286865234375,13.576432215024347,-31.562227249145508,18.510131833073675,42.72900390625,13.349808381028371,-17.27783203125,9.990110800962983,26.991836547851562,6.813854993206181,-39.25897216796875,13.970726784271351,16.16936492919922,-0.27804207475218057,-48.98243713378906,16.160465045433863,15.094017028808594,-2.24509684108708,-50.415157318115234,17.175227639213567,13.156543731689453,0.553183815250658,-32.50874710083008,10.732147390013022,3.0,500.0,190.6876967660155,50.0,163.81175974380488,0.18910250067710876,0.02378129699245121,0.0004061902582179755,0.051011632664884704,276,0.0,0.0031981163192540407,0.056551892310380936,2663.947791605388,2000.2360800601705,703.2158025570525,620.446107354825,3225.6815328158555,1799.7922962433977,462.1403481464226,718.7530491828423,0.17815828323364258,0.04401100278233596,0.00011570697097340599,0.04885683167386872,6500.0,4232.127568493151,546.875,1871.3718283528624,0.216796875,0.09143568065068493,0.03173828125,0.04861300989510548,1
5.5175,21.8940211327422,0.0,24.35455894470215,0.8894248456624202,-37.419124603271484,12.278453803358772,19.24563217163086,-1.4882373213768005,-41.138755798339844,10.974172638863354,25.226451873779297,0.3931409895118606,-29.96327781677246,10.82417355726896,19.556747436523438,0.03529619421228508,-24.28520965576172,8.682946354955893,-192.48297119140625,-374.6564624764327,-530.3705444335938,108.21250921654558,180.9098358154297,89.32719704181473,10.779417037963867,53.015155876703545,89.35336303710938,-0.2793712271431278,-56.15203094482422,24.993495744822912,79.68708801269531,14.211897171990719,-20.860618591308594,17.983900896053584,43.50273513793945,11.545795128696916,-22.945648193359375,12.810457320287089,21.11186981201172,-1.5367925149856965,-39.04204559326172,14.594416194186085,16.751741409301758,-8.77570683556485,-52.608665466308594,17.07988600429869,10.501596450805664,-8.608804299652231,-39.42704772949219,14.88218137327257,13.24758529663086,-14.909108814476543,-58.39382553100586,19.507708333977064,3.0,500.0,156.6192126395606,50.0,100.2535051900749,0.2714169919490814,0.06333169212828611,0.000381020043278113,0.06672299078626732,277,0.0,0.00849123764783144,0.09214790910482407,2606.5328136949393,1550.6272994061035,670.761224161124,669.8463846806683,3320.112405104581,1376.5619965909793,383.3957070820224,797.3863449117056,0.29158657789230347,0.03400545090219414,4.7986439312808216e-05,0.060820974523466124,6218.75,2963.376083815029,320.3125,2142.2528349359877,0.361328125,0.08336626174132948,0.017578125,0.06949813488055484,1
1.957875,17.448955817808347,0.0,15.10443115234375,1.6918955209755129,-18.60140609741211,7.144202681154464,19.718116760253906,0.35059637215829664,-11.736244201660156,6.029854760414974,25.440147399902344,5.885468586798637,-10.018112182617188,8.479280090655019,9.641214370727539,-0.840535307122815,-12.167537689208984,5.7500194817139025,-278.3775329589844,-485.77371708039317,-610.0122680664062,106.95920681090023,221.11178588867188,88.78791073829898,16.16937828063965,48.277672611805116,80.4501724243164,6.327531426183639,-51.77408981323242,28.808629025757188,48.060020446777344,12.117598760512568,-10.836687088012695,14.974813792887465,36.35186767578125,15.062602040267759,-12.307597160339355,11.059789366031792,31.48552894592285,8.425142228603363,-20.51997184753418,11.878801456632926,20.74431037902832,3.51434414449238,-34.40559387207031,10.972375284647034,17.435749053955078,2.569780590072755,-46.62232208251953,13.148263320539417,9.02323055267334,-5.994234361475514,-49.412208557128906,13.511689937200707,3.0,500.0,146.21448405560184,50.0,121.88426751480065,0.09944257885217667,0.01489407685726145,0.0003750456962734461,0.02841182512356268,278,0.0,0.001042799325659871,0.03229239955544472,2585.995532856654,1880.9932003837462,653.4764000991921,603.2337839455553,3001.2183750169324,1792.757268987255,409.9115340031227,812.5373644859899,0.22623224556446075,0.0611339091261001,4.7936668124748394e-05,0.06088908069531529,6171.875,3886.970766129032,335.9375,2033.5859696004406,0.3037109375,0.10938287550403226,0.0146484375,0.07439958814497032,1
2.1866875,15.200350758273894,0.0,22.07684326171875,0.22685161837633105,-32.61220169067383,10.684370768712922,8.472811698913574,-3.629656173828719,-36.02177810668945,11.070039161423603,13.961784362792969,0.7421387306590012,-25.50980567932129,8.477839957065143,20.697141647338867,3.7339350723701976,-14.572552680969238,6.8536332411306065,-170.2394256591797,-465.8031620633775,-599.898193359375,135.5948538827423,201.39532470703125,70.08175434236941,-31.130672454833984,51.264922520030346,33.467872619628906,11.667741633195808,-28.15531349182129,18.747727414764732,66.18866729736328,18.475100850281507,-9.770740509033203,16.216831378636762,56.171058654785156,15.346498516158782,-16.639751434326172,15.411467901220833,31.437841415405273,9.484243669371674,-27.69595718383789,11.828394647703528,23.005233764648438,2.963134252074836,-47.27172088623047,15.542029663169462,16.445003509521484,0.291851238064144,-38.071502685546875,11.866154437072243,11.542340278625488,0.046216227762077164,-21.325702667236328,7.804156328277292,3.0,500.0,145.28710151276817,50.0,115.06182667542838,0.1404031217098236,0.02373920221230103,0.0002423552650725469,0.043478302533345656,279,0.0,0.0024778551887720823,0.049778055399656296,2567.513145672294,1993.3791172493686,704.375209316961,543.2798293881922,3726.144306479181,1896.804733698192,450.1606641564182,813.089636544812,0.2708626389503479,0.05341235246400491,9.635624883230776e-05,0.06135724847411523,6132.8125,4363.451086956522,562.5,1760.6876188513268,0.443359375,0.11169610507246377,0.02099609375,0.10817936635141558,1
2.4409375,22.394557390464637,0.0,18.672954559326172,1.7375478612912165,-24.068824768066406,7.962317006996828,11.74525260925293,0.9479036965927521,-25.69971466064453,7.092204291412156,14.355608940124512,2.678669119036043,-22.669979095458984,7.785562347844078,12.416746139526367,4.174259692043453,-14.815404891967773,5.477999566737588,-274.4196472167969,-525.6089001940443,-606.4093017578125,104.20535117314141,205.46865844726562,83.85406999464159,52.189754486083984,37.342844576396544,59.38829803466797,18.02757080615341,-16.2161865234375,15.233534413842552,65.34241485595703,15.056764914230866,-11.055656433105469,16.220062875828596,45.68915557861328,20.73936022721328,5.941317558288574,10.850375832247105,31.811214447021484,10.460736943529797,-22.143301010131836,8.915461336635527,21.847408294677734,4.280799523576514,-29.915266036987305,13.608537715880932,27.376911163330078,8.456661822346899,-29.509960174560547,9.997965887255738,19.939979553222656,2.540998058272647,-29.15631103515625,10.543250993071352,3.0,500.0,166.64587096903057,50.0,159.0041149257079,0.09360355883836746,0.015951827000267198,0.00041729272925294936,0.028583613087408352,280,0.0,0.001081610913388431,0.03288784995675087,2612.4313153178,2095.956590652328,800.6251220512138,585.3697971498035,2478.0260276897934,1688.4566089440093,545.5614225503957,625.7034418849269,0.07749541103839874,0.02446766733050168,0.00010337473213439807,0.01966406559295927,6273.4375,4379.5657467532465,421.875,1866.160657207232,0.1396484375,0.0615234375,0.0166015625,0.031209845568372474,1
2.0595,17.965366299796305,0.0,20.67259979248047,5.635649758118849,-38.450660705566406,13.842550923556793,14.933095932006836,-4.799198652230777,-31.509693145751953,10.043432070758335,17.021224975585938,2.5667498606901904,-15.613554000854492,8.423007412316887,16.97624969482422,-0.35707162893735445,-14.457686424255371,7.237463773631148,-189.57113647460938,-435.1368002084585,-579.1929321289062,120.10488997560108,194.8109588623047,68.8063138815073,-19.840293884277344,55.05019258913535,43.778221130371094,8.564690886495205,-32.10042190551758,20.228370292041827,63.01909255981445,14.56200131464463,-5.064822673797607,15.252459544637828,30.929237365722656,13.847032930300786,-5.37735652923584,9.207572500812958,26.537113189697266,9.295017985197214,-21.17752456665039,9.415004089316941,19.68536376953125,-0.8980375065253331,-31.978511810302734,12.776415373559757,23.0248966217041,3.395675143828759,-34.74324035644531,11.604002921531198,23.13910675048828,2.9788432790682866,-15.09703254699707,7.960505482993952,3.0,500.0,149.05439383467868,50.0,132.7628398544115,0.16437119245529175,0.024161305815393393,0.00034273878554813564,0.044633663824159425,281,0.0,0.0026015788316726685,0.05100567266345024,2687.6805760474017,1968.40926893009,793.4411886755673,598.1119616236269,4113.153124771308,2165.553656381893,495.6684451105522,1101.3125427817656,0.39222487807273865,0.08979569815620869,0.00011718976020347327,0.11039263005139148,6539.0625,4384.495192307692,500.0,1978.5676931211992,0.5400390625,0.1575646033653846,0.01904296875,0.13286959904181547,1
2.364625,14.9054197416134,0.0,32.16958236694336,9.305864574135962,-6.0271148681640625,9.773781637844964,11.330240249633789,1.3166299792560372,-15.280803680419922,7.291776760461176,14.381423950195312,-0.5600915603541039,-40.24903106689453,13.151116430194282,18.33845329284668,3.381943068391568,-9.996877670288086,5.885182311605627,-161.62974548339844,-470.5562274004962,-609.1436767578125,144.14803503453672,195.18905639648438,88.82058241560652,5.267352104187012,44.68835973937842,44.791107177734375,4.989744917766468,-45.75203323364258,20.49033409209337,43.33319854736328,8.693972715654889,-14.143695831298828,9.34761192242333,39.48749542236328,9.085462452994811,-22.49635887145996,12.739383558676629,25.25800132751465,6.769583367012642,-26.39381217956543,12.277164366601706,23.051185607910156,0.5439257889583304,-38.606685638427734,15.531445907857064,20.488523483276367,4.223293867868346,-34.164512634277344,12.633232010335504,18.14720344543457,-0.09126445087226662,-22.55123519897461,10.758305934147499,3.0,500.0,167.28949459996548,50.0,153.51398129346526,0.10038238763809204,0.01632428215501981,0.0005420667584985495,0.029520541553596052,282,0.0,0.0011395754991099238,0.03375760093331337,2526.3718184088075,2004.4999883694018,905.7262138782106,570.1073311630099,3832.59769680528,1913.6234642410031,571.9860770597194,780.0972592317439,0.33156725764274597,0.05869488429232513,0.0003858335257973522,0.08549367866394562,6101.5625,4374.26097972973,765.625,1830.5363554843154,0.5166015625,0.11456133868243243,0.0146484375,0.11629858832144659,1
2.5935,19.157753060958036,0.0,22.92447280883789,2.242497146129608,-34.874210357666016,10.071050447830372,17.344837188720703,2.0831338883173176,-19.089618682861328,6.213761772249128,30.69695281982422,7.584977361850623,-11.81137466430664,7.549607778504917,23.368793487548828,4.865387168190464,-15.553786277770996,6.868755048124417,-213.1289825439453,-476.6380220738853,-580.3146362304688,123.67218184848369,209.7474365234375,87.36846453969072,30.709957122802734,62.67628052963196,32.94252014160156,19.512898161371307,-26.84003257751465,12.903580096651735,32.04251480102539,8.397569214425436,-44.71279525756836,12.079336553999077,34.47010803222656,1.069695432011674,-52.065948486328125,20.831865530413427,41.63152313232422,4.5609080936850575,-58.80583953857422,19.97866020986326,15.868278503417969,0.887839163221964,-64.19924926757812,17.44739954407074,21.261775970458984,5.45357347770435,-37.07789611816406,11.447247682219908,12.18930435180664,-3.0916716718092196,-38.30517578125,15.421055154809904,3.0,500.0,146.6596477456476,50.0,144.07230132128947,0.1693440079689026,0.03384811117451513,0.0003497482684906572,0.05495085052081329,283,0.0,0.004214277025312185,0.06491746008396149,2670.4336714959277,1952.8810137985806,578.8224495006141,789.7503122937921,2837.1919323246575,1733.891891566376,539.2790210299228,752.1116939445013,0.13341951370239258,0.03033345414030741,2.038429374806583e-05,0.026814422191241763,6250.0,4209.032012195122,546.875,2222.9781539902165,0.1484375,0.08153701410060976,0.0361328125,0.02798990340888911,1
6.56,20.021203403105552,0.0,34.956459045410156,7.157175235305596,-25.387636184692383,10.180388430521,21.860671997070312,-4.499561683645526,-41.764923095703125,11.272812921311635,15.966503143310547,-2.81401768095285,-36.331668853759766,11.573585241645059,26.822566986083984,0.6347152712275681,-27.28451919555664,9.277906056690224,-149.41049194335938,-396.8651807470229,-560.4757690429688,123.88787838435456,168.49887084960938,81.17478301455674,-14.389646530151367,47.91047584277623,73.62112426757812,2.809488633303966,-57.84294509887695,24.646258244617343,76.05912017822266,21.74573813653687,-18.473464965820312,20.348208592073277,56.38850402832031,14.023407651382742,-34.29427719116211,15.670896406920903,48.359535217285156,3.043239939415339,-47.68669128417969,17.619839375746796,29.752897262573242,-2.513482640090498,-42.635711669921875,13.830209190861437,24.3771915435791,-4.732010695396117,-55.17742156982422,16.446701749528767,10.810401916503906,-11.534506990926937,-65.9782485961914,17.814135931875462,3.0,500.0,158.7888810046587,50.0,118.2917343697092,0.22179605066776276,0.042761431142599636,0.0003165861126035452,0.055689051548696966,284,0.0,0.004953858908265829,0.07038365304470062,2555.5164559593964,1712.9405940949555,834.6180581394569,583.7609067200144,4276.4637624432,1613.2882741405301,438.3689415125751,895.1639904173835,0.30907416343688965,0.046330665473928515,7.135129999369383e-05,0.07394053779343329,6507.8125,3422.6714199029125,390.625,1961.9493358296322,0.57080078125,0.11137790124393204,0.015625,0.10930409485845086,1
2.885,8.599537239750903,0.0,11.782281875610352,3.9178891537281184,-22.85100746154785,5.47894473626944,12.81285285949707,5.114467834869584,-9.82568359375,4.961142762010949,11.968425750732422,5.7453686611337975,-3.7629904747009277,2.581924501465495,8.682320594787598,1.1714505422246324,-27.46546745300293,6.3162198796669236,64.86569213867188,-320.77182525592843,-385.3172607421875,115.06452284901104,152.61346435546875,59.34063584463937,6.2701873779296875,18.535173558635638,49.32403564453125,28.281736033303396,-37.38159942626953,18.608950809565126,59.190574645996094,23.363486667255778,12.79738712310791,8.296190529671083,40.735206604003906,13.612411003846388,-9.687848091125488,6.525817001960345,28.916217803955078,13.300149434870416,-23.89453887939453,7.709619663581629,28.55064582824707,10.892417271058639,-23.896581649780273,11.000757202533613,26.749710083007812,11.868399231643467,-15.159784317016602,5.460045161847777,14.61824893951416,2.775097506550642,-33.57217788696289,9.64600374659181,3.0,476.83753870201315,99.7157424822952,50.0,103.77116445093455,0.8065670728683472,0.05789551235592136,0.0033157821744680405,0.16325712052108465,285,0.0,0.03028583526611328,0.1740119904279709,2477.3430204299243,1839.6911654831422,1160.6857665168761,222.77143236554423,3341.727991936674,1429.6318655058146,574.4965053590348,572.4553728455818,0.1957060694694519,0.016298260548085506,0.000401477562263608,0.03397312490137263,6125.0,3388.9938186813188,859.375,992.2402375252653,0.34814453125,0.06358924278846154,0.01611328125,0.06564756080180473,1
3.01,10.831146530513282,0.0,12.946157455444336,4.515107056498527,-19.977523803710938,6.208234377141852,13.274358749389648,4.692554764371169,-22.501453399658203,6.353227543162239,36.87950897216797,8.239954812589444,-3.6149964332580566,7.149400950827696,8.332954406738281,1.8190386787841195,-13.552421569824219,4.373151829620429,4.782021999359131,-331.5514100576702,-415.276123046875,117.74167025463917,159.0049591064453,81.63121869940507,16.589311599731445,24.640809620274183,52.47283172607422,21.796179122673838,-10.90422534942627,12.093161723921597,56.30596160888672,14.930812542062057,-40.19960021972656,15.411603303306789,23.450096130371094,5.900861832970067,-52.21530532836914,14.373360199514753,34.894737243652344,9.48731264495536,-9.617810249328613,8.77552643693931,23.859251022338867,5.56235510361822,-68.11833190917969,21.430524275362888,40.87654495239258,14.273896618893271,-7.280453681945801,6.8157885563521585,21.485126495361328,2.467190364787453,-35.78605651855469,10.176027915209199,3.0,421.95297711362343,93.11013249828613,50.0,74.19718419395006,0.47482508420944214,0.05292446172894224,0.0034859187435358763,0.11957426053336417,286,0.0,0.017269721254706383,0.131365105509758,2546.3073297097826,1875.8036393223008,1153.3944025610247,231.1289278304116,3605.2457637786356,1531.2851801386787,675.7175523735061,597.8398867318928,0.23856203258037567,0.023552751783771735,0.0006940292660146952,0.05048145174287984,6515.625,3603.8651315789475,882.8125,1111.113279594731,0.4033203125,0.06881681743421053,0.015625,0.07982756912569108,1
2.78,5.568812173495067,0.0,16.154170989990234,6.57066689757095,-18.676158905029297,5.235771195885936,30.827577590942383,3.563364871617021,-21.156848907470703,7.212879742058928,23.688411712646484,5.603300246013992,-11.632631301879883,4.928797985418033,10.236076354980469,1.1044801390547863,-29.13854217529297,8.235495809984888,25.81875228881836,-349.94187770492726,-414.53753662109375,124.46798726643513,212.08741760253906,96.95505028209467,40.284664154052734,26.811571028833747,64.07477569580078,24.32880533700702,-41.88520050048828,16.172476935107813,65.41986083984375,21.305375778812103,-16.683988571166992,14.878611808508257,49.51971435546875,11.470318820969812,-8.336219787597656,8.550190347182737,37.29541778564453,13.210895223179083,-22.566627502441406,9.342045504507322,26.81475830078125,9.582539684471042,-66.10205078125,21.390215966372683,18.53953742980957,8.013373246823233,-13.364431381225586,6.3192494691522025,18.285865783691406,3.2437138190899772,-19.56074333190918,5.863396143613193,3.0,203.18900979076733,78.59262660031224,50.0,43.74175121502518,0.47000259160995483,0.066871237437958,0.004018596839159727,0.12663280066343496,287,0.0,0.02053753472864628,0.1432371884584427,2302.895867461243,1723.133944116018,553.4846159503252,347.2041994342544,2715.8374421877734,1207.2962243209686,221.11980928401317,372.8649603297697,0.12246497720479965,0.006425042415904845,2.1531363017857075e-05,0.013471392446916966,5539.0625,2967.492816091954,218.75,1038.36303100686,0.18505859375,0.04102123742816092,0.01171875,0.030587417325754634,1
2.925,9.860448767393985,0.0,21.28079605102539,5.954122869864754,-20.063880920410156,8.821499415204922,12.17245864868164,1.8836620453259219,-25.0792236328125,8.52158012903677,18.530405044555664,6.87717440497616,0.2550922930240631,3.4740483015892965,14.420957565307617,3.5830321720112925,-13.937685012817383,5.236161086683286,-59.29008102416992,-362.2141267113064,-425.3798828125,104.20507203525355,186.4488067626953,91.84468203005584,39.547080993652344,22.284189836548077,37.3777961730957,17.2025638676208,-58.36408233642578,16.831549241930702,75.1212158203125,21.318150095317673,5.1290483474731445,13.115668056390163,47.392295837402344,13.023504873980647,-4.090085029602051,8.470119770833634,26.554515838623047,11.894051728041276,-23.656940460205078,9.280953442754164,23.845542907714844,6.635706870452218,-67.9508285522461,23.436605335527638,21.066150665283203,7.263274623324042,-27.053878784179688,9.029701092086295,14.746912002563477,1.6995869066728198,-25.32663345336914,8.175862546732127,3.0,378.3383932994402,80.77855474965237,51.13896828378203,63.366007169268116,0.3424518406391144,0.03740199305795376,0.003606796497479081,0.07999313436016042,288,0.0,0.00784870982170105,0.08849389106035233,2419.9239796172637,1780.406974343422,799.6922789392984,264.40173384625206,2614.215041953107,1298.9402551917215,500.94924888753155,301.09120024843384,0.11512281000614166,0.007600936338902735,0.00015599536709487438,0.016233644705887396,5507.8125,3193.868885869565,585.9375,783.0523785824178,0.19189453125,0.044821034307065216,0.01318359375,0.03291106794901253,1
3.795,10.959474820705866,0.0,26.529399871826172,12.723427904253246,-8.940778732299805,6.187021366758924,10.152706146240234,-0.24631583640555374,-31.832752227783203,7.849249847824131,50.280670166015625,8.718818561369632,-0.12709665298461914,8.631434415015622,16.77798843383789,4.666635411126273,-15.229293823242188,6.014591258098041,-56.926368713378906,-346.22448438756606,-420.2274475097656,101.29049962137104,192.94650268554688,99.75857975102272,19.929576873779297,28.61328146307192,59.956138610839844,14.660053018010965,-35.09787368774414,15.630876471063429,36.26216506958008,15.125708384674136,-57.96849822998047,16.193973945410256,30.31112289428711,10.692664032222844,-32.952335357666016,9.335969870744783,29.85165786743164,12.420496838683842,-32.047760009765625,10.910060778300027,24.114540100097656,7.562560132571629,-33.3810920715332,13.775221603476478,22.976516723632812,11.016156632359289,-4.667247772216797,4.785077976553653,27.831527709960938,7.843613893044095,-17.645111083984375,8.200900057586129,3.0,500.0,80.70628287252904,50.0,72.72848111669326,0.41708165407180786,0.04104675702210672,0.0030887986067682505,0.08225533499619972,289,0.0,0.008479898795485497,0.09199465811252594,2430.5192325946864,1699.1621133150284,776.8280790537584,327.4910667014845,3456.605398600883,1246.2798173523558,435.09018041896974,519.0051367979211,0.21604949235916138,0.010945364640523805,7.533769530709833e-05,0.027116674745036724,6359.375,2888.4585084033615,359.375,1245.313531461497,0.30712890625,0.05260717568277311,0.01171875,0.05199635039676673,1
3.395,12.178457655684964,0.0,25.093881607055664,8.320179947068759,-3.987250804901123,4.702176889282195,14.207014083862305,4.87733423737722,-17.693111419677734,6.196895674504317,16.272245407104492,6.603479888394614,-8.440101623535156,3.7115325134558037,19.23596954345703,5.1440533959419925,-10.025888442993164,5.036802963770927,5.670252323150635,-327.4653630473903,-412.43365478515625,105.12504065833274,135.39663696289062,75.92033764135057,21.453758239746094,20.8577291446637,63.41844940185547,21.09205775227502,-40.65635681152344,21.12801574826747,49.35435485839844,19.035680378708886,-20.423542022705078,12.453848936236632,40.296939849853516,11.83420549486285,-25.31378936767578,14.167431529839046,30.557708740234375,9.6137963739511,-47.73963928222656,15.149857032201737,24.124359130859375,2.7376980542022493,-58.47208023071289,21.733719860753162,41.6679573059082,13.737254742149995,-1.8696516752243042,6.651457448250429,18.370853424072266,5.2615627986248406,-25.675537109375,7.79720073644159,3.0,296.1347434743485,78.27933143069308,50.0,44.67446698868421,0.6171639561653137,0.05010447985814693,0.0028046523220837116,0.12382895165276639,290,0.0,0.017996586859226227,0.13409551978111267,2347.0225478843104,1758.421351680755,944.2601865163252,254.68054814120984,3073.115651944898,1398.8282964669456,379.3509158904278,534.8687803560028,0.1223696693778038,0.01387195180362813,0.00017302698688581586,0.023321804268260745,5796.875,3134.4188084112147,312.5,1117.783318464148,0.2470703125,0.0645489558995327,0.01123046875,0.05688888090708794,1
10.0,10.891680843581629,0.0,34.80667495727539,-0.31442750271516867,-49.49763488769531,14.11483868609406,16.042896270751953,-6.298063225353869,-38.26632308959961,11.34039341960674,37.146236419677734,5.94528151405886,-19.233158111572266,10.367781846023556,19.06278419494629,-4.633521404795753,-37.81304168701172,11.959035464825524,-53.6721305847168,-266.0192382008123,-412.75775146484375,96.99403279732479,174.52685546875,103.03498473487342,21.944969177246094,32.96984281007274,86.33145904541016,27.55623189785991,-35.43419647216797,23.091463742402773,101.4234390258789,13.727768093442764,-59.10618209838867,27.725982373108693,49.98491668701172,1.2413272683422405,-56.288734436035156,21.2010032333476,47.986873626708984,14.40534218098409,-24.204627990722656,11.034973152826964,32.91206359863281,-10.5647110700036,-66.46263885498047,22.44301461808122,39.521514892578125,10.377414473234275,-26.55939483642578,10.506205608737313,17.5673828125,-4.905031258650957,-44.271732330322266,15.147599163240665,3.0,500.0,125.32509271330495,50.0,83.16600041878738,0.49161985516548157,0.07631452137027114,0.005076787434518337,0.08657184019104106,291,0.0,0.013381405733525753,0.11560342460870743,2637.5192059419282,1701.9754996264633,739.1456294731911,383.1756803945196,3182.377411807238,1390.9123014882566,247.92938781203577,651.9417669854688,0.14038223028182983,0.012870246757424125,4.5811197196599096e-05,0.024825164599137146,6257.8125,3040.2855431309904,171.875,1582.6073268701127,0.3740234375,0.07774591902955272,0.00927734375,0.06988034185694249,1
3.23,4.892306825790099,0.0,34.10836410522461,15.03810181830189,0.36859405040740967,5.185096953553542,8.150588989257812,-3.686731530888246,-52.67794418334961,12.450908538210394,16.593101501464844,6.7955184620205715,-12.510335922241211,5.23784748151786,23.502269744873047,3.135676605202774,-10.38531494140625,5.685229968915788,-88.03050994873047,-373.65182147639814,-434.9188232421875,86.17916197191722,215.61181640625,103.28279791728104,9.455183029174805,32.84631991102594,75.30258178710938,14.502263069447904,-44.97819900512695,15.907745373620001,72.81084442138672,19.404232837186,-23.085811614990234,14.119813084644282,33.34939193725586,4.375658549294613,-33.27935791015625,9.790927913059283,30.425506591796875,17.08810442213965,-15.22613525390625,7.285039839559604,20.32293701171875,8.973187214372182,-35.35422897338867,12.257784473282223,21.50790023803711,11.275347348487022,-23.983016967773438,8.546029071002662,11.482836723327637,-1.8254540431322437,-42.429386138916016,9.329947709442502,3.0,225.24559948278045,69.2832791370624,50.385204957333684,28.343668796159797,0.21050019562244415,0.023888135485646157,0.004014997743070126,0.04694047522803626,292,0.0,0.0027762718964368105,0.05252984166145325,2762.1430308783233,1752.7813384904393,757.0751362468231,327.1655228859312,4706.708309861802,1314.3449401847356,660.8463581488224,553.8103927075118,0.09596692025661469,0.006655761076478601,0.00021999140153639019,0.012387266888340274,6765.625,3108.0600247524753,890.625,942.2252701828266,0.09716796875,0.037302753712871284,0.013671875,0.014946603063954735,1
3.38,7.400363726958533,0.0,25.053688049316406,9.991501861023453,-19.152969360351562,8.573285273384991,14.340890884399414,-4.221448055696937,-37.19923782348633,13.373352425711897,20.18044662475586,10.021178124085912,0.07547271251678467,4.411559298717087,14.0329008102417,-0.6071801856160164,-32.081459045410156,9.174522602591637,-151.97622680664062,-360.1180843137345,-422.0176696777344,80.56750943370886,140.84063720703125,84.75100716105047,2.28943133354187,26.976894722785662,76.88543701171875,23.116392234024012,0.20409345626831055,15.200351808149682,91.2191390991211,34.15155036494417,17.375118255615234,17.600713112663332,35.949188232421875,7.206928490467791,-16.690902709960938,9.134186774051967,35.78887176513672,16.081417069752824,-5.943001747131348,7.3109323090310205,29.460208892822266,2.9256287295863315,-43.58473205566406,18.333958435297617,28.532466888427734,13.841644452427918,-7.994114875793457,6.185223878801101,24.697696685791016,1.2834650963052827,-23.613109588623047,7.035354893517009,3.0,482.43327790141194,91.05550982283415,50.0,79.78523843318364,0.16026994585990906,0.025542505175525428,0.003596299095079303,0.036517096305405373,293,0.0,0.0019932379946112633,0.04446318373084068,2382.983699801104,1823.7402074486647,715.4082619621689,277.88883302967196,3742.8043088156805,1451.42449601455,220.00668739607832,673.4130157943553,0.1487194001674652,0.014607181605379941,3.0565392080461606e-05,0.029934203032375907,5867.1875,3408.829599056604,164.0625,1218.7895540126276,0.46728515625,0.07154241597877359,0.0107421875,0.09315433999672988,1
2.82,4.514987653409756,0.0,24.69886589050293,10.993724259767639,-12.646095275878906,7.255514933573263,11.878666877746582,-2.1322039995300637,-57.0753173828125,13.000772859256486,32.31121826171875,8.965656490808122,-3.53005313873291,5.807873253811703,10.588693618774414,0.3109480497542392,-28.698326110839844,8.171793848186184,-101.83573150634766,-364.93240587898856,-429.89019775390625,83.41439946302775,195.35357666015625,99.2796235673883,36.458518981933594,26.872037986777478,86.91488647460938,22.99942890579781,-29.839942932128906,19.470817718005012,78.82437896728516,27.464521231276265,5.865720748901367,16.630131020518107,44.37145233154297,5.42930811844515,-50.56892776489258,15.079217568037372,39.918373107910156,17.187297459398764,-16.028152465820312,8.338736656644867,32.18768310546875,9.714784902803014,-27.479127883911133,11.715597113163938,24.848472595214844,11.236772232176213,-18.215904235839844,8.92783922073515,17.83987045288086,2.9197275203265503,-20.185768127441406,6.921295568853195,3.0,468.76078370100834,79.15248998224199,50.0,68.48192693759448,0.20389175415039062,0.03404691141475452,0.0036990270018577576,0.05489903338768291,294,0.0,0.004214787855744362,0.06480652093887329,2274.3899791927693,1717.8891080204592,475.53482615145697,361.1970299763345,2831.2515908527494,1237.7498233741724,187.4250729676165,466.4763436785378,0.12062163650989532,0.008715569411986998,1.050539140123874e-05,0.018349619183225592,5242.1875,2961.9030898876404,171.875,1218.9192592064783,0.189453125,0.044779231039325844,0.0087890625,0.03026743756300909,1
2.82,10.278064826014742,0.0,21.63960075378418,9.096127580390887,-20.408329010009766,6.371449356440691,14.569655418395996,-1.3404957312211563,-34.84046173095703,10.752721558450217,21.350387573242188,7.972519569852379,-13.572900772094727,7.1737201829744475,16.348012924194336,2.256554716758514,-20.918560028076172,7.1050480570867105,-123.89923858642578,-346.5859914201029,-430.8415222167969,87.38948911558084,185.130615234375,100.92186625619952,56.86985778808594,25.09030226960595,54.72114562988281,20.086168866478996,-15.99418830871582,14.193809742541966,73.76349639892578,26.40263221504983,-23.442607879638672,17.41635710955924,30.446929931640625,5.781107371777631,-34.76508331298828,11.617768163896182,34.79894256591797,10.23183978340599,-42.90675354003906,11.989223877407836,25.593292236328125,-0.6621319872609684,-61.94563293457031,22.231537452475436,25.109722137451172,9.831796395644712,-28.387874603271484,9.28665681074275,21.767276763916016,2.0195117803771843,-23.870512008666992,9.01783191645901,3.0,483.1046300329489,121.02019658437949,50.0,125.44389097172103,0.28165051341056824,0.03570224110068481,0.003615085268393159,0.05997832116586099,295,0.0,0.004920624662190676,0.0700298622250557,2378.9918392882764,1701.988718253829,894.5869981359946,338.0439936070812,2389.4188533891956,1241.1733607741378,303.3564903141454,404.4190884551014,0.07751919329166412,0.009688009174895117,7.009144610492513e-05,0.015086503006169476,5187.5,2964.0976123595506,179.6875,1145.8903543804734,0.17138671875,0.04852089185393258,0.01025390625,0.0337939698524328,1
2.41,9.80238833125314,0.0,24.393173217773438,13.132012155495191,-1.6761475801467896,4.6412668735299984,11.509410858154297,-1.3182673568984395,-37.836456298828125,10.531472297392881,26.031532287597656,9.024302937482533,-8.636159896850586,5.426403005274632,11.828899383544922,1.4194065941203582,-19.710338592529297,5.310462386438053,-108.35507202148438,-366.6443865926642,-416.7738037109375,84.68288271910437,155.92343139648438,98.50667933413857,71.35800170898438,16.044573224255,55.687042236328125,19.59479467453141,-9.44125747680664,9.623409219989306,64.0785140991211,22.432350823753758,-11.010746002197266,10.843227121261316,40.669189453125,6.887823700904846,-36.81262969970703,10.988960344671073,35.1805534362793,17.290483932746085,-5.1386895179748535,6.497301043230938,26.841434478759766,6.627713821436229,-47.329200744628906,16.37853118796947,30.932445526123047,12.765771323128751,-12.863968849182129,7.0576166838976695,18.1644287109375,0.8373936653921479,-22.204811096191406,7.364941101355418,3.0,152.29561673088438,70.0639790559798,50.0,27.939221152299556,0.1848573386669159,0.025837983764511973,0.003322768956422806,0.04202464100394051,296,0.0,0.0024561891332268715,0.049408622086048126,2407.4669399120435,1785.6344935875106,1084.9733866385757,260.76395587256377,2439.122866320772,1255.883546099314,464.34835668193364,353.55654631357993,0.06142212823033333,0.007257024967800949,0.0002682420308701694,0.009829202883533705,5781.25,3095.8059210526317,593.75,1055.0577813250388,0.1318359375,0.04479337993421053,0.015625,0.025556431411032296,1
10.0,13.68171108337046,0.0,48.59944534301758,3.0479649298678573,-25.113527297973633,10.854171879975938,20.696792602539062,-8.445329715030642,-36.71042251586914,12.599474056036122,29.816810607910156,5.039616685705825,-13.664247512817383,8.188657095867518,22.952247619628906,-1.4319078125440465,-37.41613006591797,9.660538668949991,-31.512521743774414,-276.97217742018046,-412.3255920410156,91.85622517483415,205.82843017578125,94.11723192659811,3.04329776763916,31.06223260160973,86.97650146484375,34.26086750959817,-34.22211456298828,23.414836329235577,98.86871337890625,27.375707559596997,-35.857826232910156,21.655268766111526,40.31870651245117,9.35028784629255,-53.9813346862793,16.983374095608877,48.37083435058594,9.690758166031335,-14.836797714233398,10.861491683394101,22.263286590576172,-12.995913662659094,-81.88755798339844,25.28753470434123,33.95758819580078,3.702066687825389,-34.46622848510742,11.158349942478386,30.581283569335938,-8.774802708206847,-62.0701789855957,17.003934427093963,3.0,500.0,138.6879224219934,50.0,89.07076732065826,0.38452330231666565,0.07400133388381773,0.003575481241568923,0.07744928483980143,297,0.0,0.01149309054017067,0.10712654888629913,2706.0171339259628,1728.7767836334067,617.9462726506003,365.53100002105475,3868.691328449444,1382.6541547253282,330.42959851299486,685.2364004972878,0.1879870593547821,0.013845941746078718,3.6373727198224515e-05,0.02880377143577599,6734.375,3010.9325079872206,429.6875,1614.3011372893145,0.3896484375,0.07373358875798722,0.0146484375,0.07125409266935917,1
3.06,9.685256362831293,0.0,14.510154724121094,7.561161430242161,-2.741445541381836,3.69826859738348,22.93612289428711,5.205700946350892,-25.70572280883789,8.665752665192006,15.695181846618652,3.481391109060496,-32.0537109375,6.472037623345381,9.099884986877441,2.2391822999343276,-15.286161422729492,4.091511171149025,-31.872465133666992,-353.7055847843488,-404.828857421875,90.38450021557307,143.2596435546875,86.0637818177541,53.09083557128906,13.842180173194135,58.926761627197266,27.957552166034777,-18.89803695678711,14.811468638819726,47.80743408203125,20.361030156413715,6.652444362640381,6.870154251042239,34.49968719482422,12.738147063801685,-14.295708656311035,7.27120506023652,28.9702205657959,13.45339381446441,-8.47307014465332,6.564116816967234,25.596630096435547,10.313045286883911,-63.27513885498047,20.108141150544117,23.522926330566406,10.987924632926783,-16.518310546875,5.424910419110979,22.082252502441406,4.062550600618124,-22.928590774536133,6.960398498919824,3.0,403.2380821043637,78.95993412044254,50.0,58.250607680334134,0.47208547592163086,0.03763412129774224,0.005547479260712862,0.09242720136210691,298,0.0,0.010143584571778774,0.1006445363163948,2491.9146266616194,1783.3622138759704,987.380074371869,213.99127874044768,2398.0812047726035,1253.6100864691223,344.04861820160875,359.8556826519356,0.059917643666267395,0.008069936661968313,0.00011795371392508969,0.01156045064613855,5750.0,3087.2395833333335,234.375,917.2617974444364,0.107421875,0.039408365885416664,0.00439453125,0.01957505928927543,1
2.595,7.482847039046446,0.0,30.518856048583984,11.625792999093125,-3.5632190704345703,5.404057181698781,10.600818634033203,2.087002818904272,-31.219390869140625,8.052004697712407,25.17258071899414,5.7794362092163505,-7.091827869415283,5.187123518729629,14.618364334106445,-0.35245782609392956,-17.712068557739258,6.892144373226771,15.779019355773926,-326.02046090364456,-427.1338195800781,133.83338094617545,152.79762268066406,92.53265311078327,33.4215087890625,23.12179796893459,37.29047393798828,13.62494021290686,-40.768638610839844,21.01947750962259,32.114784240722656,14.4854753148265,-44.3643798828125,15.903568041111134,33.86781692504883,10.381148651605699,-28.254249572753906,11.777724825395783,55.17726135253906,20.670328964547412,-10.88886833190918,11.465720399687209,30.486400604248047,6.103937532843613,-46.007896423339844,23.315938848827493,25.93640899658203,10.036558683325605,-14.323627471923828,6.425829148364685,27.22977066040039,3.273961131165667,-36.529296875,10.642424251658893,3.0,484.8319805175735,122.1530118462483,50.9277907141695,127.71576649240517,0.43558624386787415,0.054999190036252865,0.004550842102617025,0.1131201404144879,299,0.0,0.01599830575287342,0.12642258405685425,2269.5442728336707,1743.250544318449,912.9097027711241,252.8050254163903,3100.6180434961343,1348.855905977556,299.4671611948221,590.0635097662259,0.14269591867923737,0.017331718958924217,8.052085468079895e-05,0.03338695013642862,5781.25,3052.0198170731705,148.4375,1166.0023197116655,0.3623046875,0.06491163300304878,0.01123046875,0.07709736692328654,1
7.765,8.467973848699305,0.0,33.22669219970703,8.456058852711823,-23.832069396972656,11.501353314004001,13.578573226928711,-11.130568768445848,-59.55948257446289,12.778089867619734,18.671512603759766,-0.9656150624953179,-22.82754135131836,9.55183930771563,15.888505935668945,-2.3764178297279304,-22.153034210205078,7.513718015653452,46.451454162597656,-198.01696490848997,-317.632080078125,100.55994325615673,164.24078369140625,104.73342727535547,37.68904113769531,27.820268475619862,50.617591857910156,2.3910030052985674,-43.744415283203125,20.468571269553173,100.88264465332031,31.058242013179715,-7.595806121826172,20.803820144601087,45.18000793457031,3.981794672983664,-41.55546188354492,16.79633993709127,40.703487396240234,8.407387212225439,-34.4781494140625,16.963239511968638,22.497676849365234,3.731056154571443,-18.50046157836914,7.691667322290202,29.136005401611328,0.7606038754736936,-43.68968963623047,14.30071451644264,16.575241088867188,-17.96123444945111,-64.3902587890625,17.25976726332028,3.0,484.39456629994703,109.9205711008533,50.13792896227149,75.46951551101782,0.45517727732658386,0.11143180224737881,0.008600898087024689,0.10897988109480536,300,0.0,0.0243284460157156,0.15593044459819794,2262.7339620761586,1660.3159141496046,1064.7454140450893,338.7063420708988,2907.255331004336,1444.4388252987121,591.9608619992526,455.73564911495436,0.1853894591331482,0.016449118873439566,0.0001175114230136387,0.02122186339880738,5656.25,3246.1741255144034,742.1875,1083.5979286239376,0.21826171875,0.0723681037808642,0.02734375,0.029549177366610918,1
7.11,9.989918518215802,0.0,43.047035217285156,5.178526672680817,-24.379776000976562,11.68440362536392,19.217437744140625,-7.914415129163874,-42.008304595947266,13.324512849536003,17.925037384033203,1.5912454485091394,-25.1982421875,10.931104372926653,19.329978942871094,-3.8129997584851867,-29.509471893310547,8.643187723344978,52.45283126831055,-171.41922515637404,-318.6383056640625,105.6873651984191,159.99288940429688,91.91573959829562,16.134212493896484,26.586810042032393,37.3656005859375,-3.588244384714306,-54.261234283447266,21.627603206047755,99.50537109375,31.06955753534097,-21.926433563232422,26.00149552096112,51.90022277832031,1.0813495383802552,-50.02631759643555,19.71269052266822,48.27576446533203,7.285606214584524,-54.20964431762695,18.264020553266462,25.27628517150879,1.4375003671165005,-43.92639923095703,13.584025378153637,31.086624145507812,6.651748331672942,-16.380084991455078,9.110178109534248,6.127820014953613,-15.984742028028975,-49.581085205078125,14.933112520394063,3.0,500.0,108.86774498575612,50.0,74.31062979432629,0.5267550945281982,0.14100396549203872,0.008894127793610096,0.1382462153644922,301,0.0,0.03913721814751625,0.19780288636684418,2500.696653271452,1733.7553584729642,1116.1558314988174,293.94342517817677,3384.6466806005,1653.598875103549,822.1512749792352,447.7253433838281,0.14832116663455963,0.022457406414472268,0.0006144173094071448,0.02666378627839088,6421.875,3552.9358183856502,1195.3125,1026.9471192580936,0.33544921875,0.09943201723654709,0.03271484375,0.04961425285810052,1
5.335,6.535808465544523,0.0,30.596736907958984,14.259574418564043,0.04420261085033417,5.411327138060463,7.447299957275391,-4.403647170541529,-20.286582946777344,6.512546885608425,22.57107162475586,7.488685603136431,-8.815991401672363,5.485202639093233,20.766429901123047,-1.7574626300149334,-31.91041374206543,9.666373659193361,-97.86551666259766,-273.566649659665,-324.1588134765625,53.552513312523736,183.1622772216797,93.64295282763635,-5.395305633544922,27.89786238069134,46.34894561767578,11.939707778171151,-37.313907623291016,12.887012362109886,33.16286087036133,10.509613762001791,-39.122901916503906,13.743569214733045,18.97747230529785,-9.544751671616902,-69.91729736328125,15.066490534118339,50.62525939941406,21.082764806504734,-22.848949432373047,12.181898307604142,16.896835327148438,-0.4990946036612916,-48.34510803222656,13.3839368491888,42.84638214111328,14.958427284292119,-17.287776947021484,11.483623875704408,32.1339225769043,-3.8875313402114515,-32.19956588745117,11.36448347151676,3.0,500.0,88.8175597415362,56.53868657051957,67.70832967843855,0.17341405153274536,0.025343601335353124,0.0060639213770627975,0.03077742107195481,302,0.0,0.0015929072396829724,0.03969781473278999,2325.859593641935,1920.3161004794567,876.1939552577404,301.22858058084176,3782.871708079577,1779.5325106465737,866.9718367107137,499.42435050279977,0.08188164234161377,0.021078154399034616,0.0008518854738213122,0.014318730881424506,5578.125,4101.702844311377,1078.125,1086.3604608385156,0.34912109375,0.10856509636976049,0.044921875,0.07008272032316687,1
7.085,7.549876291585246,0.0,37.27692413330078,12.508931610364098,-9.180112838745117,9.638308764320392,16.072032928466797,-8.366435336368578,-40.029441833496094,9.987246606775166,25.28917694091797,5.362192304150478,-19.301395416259766,10.072570264895619,23.23076057434082,-1.5728705544192512,-24.840192794799805,7.3813965313710685,124.40989685058594,-136.2464741328815,-313.52728271484375,129.56582103781372,148.58712768554688,76.60923661949398,-28.30756950378418,34.38725578917401,57.28950500488281,-3.198684176883182,-45.795799255371094,21.75622081596484,66.62188720703125,14.721581469684303,-26.70381736755371,15.238626814483576,30.060667037963867,-11.250775139879536,-54.140724182128906,17.997630308591354,47.18784713745117,11.289285645291612,-40.37919235229492,16.059132327942258,24.353843688964844,-0.5710543890794119,-44.56947326660156,15.132745569471574,22.323490142822266,0.2085183970294557,-28.581003189086914,11.874697023944089,13.442688941955566,-5.764610581838332,-31.977907180786133,9.971699671821751,3.0,473.1293103211088,140.5696293783791,50.0,112.75978708443066,0.7656731605529785,0.17795210805729972,0.009828330017626286,0.2143945613731406,303,0.0,0.07927149534225464,0.28150248527526855,2616.315751890691,1850.8522916472818,1215.5013474168904,284.69944886666,4121.521708396418,2009.0128486241144,977.0503005020868,649.8286495463906,0.22611577808856964,0.044138058611015614,0.0019766755867749453,0.04812727690171287,6554.6875,4158.959740990991,1625.0,1106.9911048020087,0.45556640625,0.14274748381193694,0.0361328125,0.09045748183552557,1
2.935,10.553945038868074,0.0,23.22758674621582,4.821887574442055,-28.598079681396484,11.191928873848692,5.740650653839111,-10.588886993896702,-37.71061706542969,12.362997150857195,22.642120361328125,3.165737455305846,-31.16732406616211,11.948151194228894,12.735982894897461,-4.632681131362915,-24.798324584960938,8.329187305706219,49.23930740356445,-174.34759150898975,-308.2144775390625,112.7082637680218,158.33670043945312,71.23181842202726,4.767902851104736,37.65098516434252,37.210914611816406,9.749286303701608,-33.19866943359375,14.670016996530682,63.4863395690918,21.404714094555896,-14.834421157836914,14.729854333462393,30.400039672851562,3.5638354440098223,-39.75697326660156,12.87905706119291,36.86305236816406,12.34941991256631,-10.060941696166992,9.83655498337378,25.51534080505371,3.922661316621563,-17.3006591796875,9.002959020468758,29.968597412109375,9.4720502058449,-10.357973098754883,7.7882341072575665,12.04940414428711,-9.408956063506396,-43.09676742553711,14.377083899447289,3.0,453.44880010748943,105.3421705277495,56.40240579671097,80.35431251552579,0.7397385835647583,0.15337701962815356,0.010251492261886597,0.2324432348806019,304,0.0,0.0777936652302742,0.2789117395877838,2588.6936345380977,1969.9578634434824,1190.6809546902223,339.5317092747049,4157.648112785442,2094.9341382693347,786.7644242617815,866.0603235953317,0.24826496839523315,0.060870329441335656,0.0008177647832781076,0.0704898581244877,6679.6875,4345.788043478261,1015.625,1524.245913906115,0.41064453125,0.15046492866847827,0.0283203125,0.11380924864341063,1
2.55,17.884832175740076,0.0,17.846576690673828,7.394218081235886,-7.761994361877441,6.281839010508544,8.178457260131836,-7.982384307682514,-40.20240020751953,13.026065868511662,21.883159637451172,3.3548544086515903,-28.288803100585938,10.516657264926272,9.272063255310059,-2.9339255899190904,-15.219697952270508,5.283061694452571,28.93939781188965,-212.29356124848127,-345.95416259765625,113.85638868506467,121.61143493652344,73.70476710796356,13.687278747558594,22.545766675689148,64.15119934082031,10.661290067434312,-35.094268798828125,25.003763062281052,66.68553924560547,28.305582404136658,-15.066783905029297,17.460848707124217,35.91270446777344,4.501191385090351,-17.477624893188477,11.601179943155001,38.91529083251953,11.904795572906732,-28.492454528808594,13.406118147458008,17.246442794799805,2.8603734366595743,-20.757619857788086,9.305491948089,32.34279251098633,9.908941020816565,-21.39238739013672,11.398134893110738,6.3643598556518555,-6.74881604090333,-30.109970092773438,10.361767020126976,3.0,423.3931308983332,106.05344334861846,59.1231654832716,91.57194861728307,0.6123373508453369,0.1333092764893081,0.007390093524008989,0.19829205370982697,305,0.0,0.05731617659330368,0.23940551280975342,2403.5875328780176,1941.4909499713146,1434.0918955915695,188.4686232943936,3157.966452220522,1822.6622999224048,773.5588724933107,494.10993326493895,0.1900903731584549,0.032609442077955464,0.0003483524778857827,0.03946265669348477,5625.0,4114.84375,875.0,1005.4314168477008,0.2919921875,0.0994873046875,0.0234375,0.06495799376240133,1
1.29,6.049236275576088,0.0,19.276695251464844,8.404733563341745,-2.3260715007781982,5.2314154510961615,9.216976165771484,-1.9990496271994056,-18.649246215820312,7.325920449179023,24.025558471679688,8.561721196988733,-12.731572151184082,7.328027713178424,9.803784370422363,-2.3873003561322284,-15.444043159484863,5.50152946656059,102.29148864746094,-209.11589720191026,-343.2970275878906,141.8115905237785,141.29055786132812,87.32738541393745,43.2817268371582,19.929194678964084,63.76763153076172,3.940422095903536,-43.669639587402344,23.163019948404195,55.87126922607422,16.353060515915477,-12.575027465820312,17.56777666813444,20.175325393676758,-8.178231572232596,-51.135231018066406,19.7684551089456,32.0653076171875,13.411704735421553,-17.204919815063477,11.645024456949322,23.15822982788086,10.958726193392422,-0.6780211925506592,5.077478180268167,22.03322982788086,10.334737199108774,-2.5520758628845215,4.6454406739200556,9.44133186340332,-1.5976968349480047,-23.529775619506836,8.645283770392076,3.0,389.7006248002668,111.3589833793765,51.89939584208807,104.38106221022417,0.7470206618309021,0.135692715656194,0.006356849800795317,0.22210901488157855,306,0.0,0.06890159100294113,0.2624368667602539,2164.8373237796914,1842.8992064244483,1259.6112868777834,257.30544346291975,2543.8590854004387,1665.7979380746656,635.5305505695592,330.4566752378015,0.07233312726020813,0.022353755139813917,0.0009837886318564415,0.015430593955943313,5328.125,3772.8658536585367,726.5625,865.8851085783887,0.1484375,0.09199933307926829,0.046875,0.018878421186184373,1
2.615,7.30353188660571,0.0,45.65432357788086,13.205464334022707,2.8905935287475586,7.81678061318931,14.942541122436523,0.4306048222976487,-12.99893569946289,3.965328375753533,20.689899444580078,8.883415628497193,-12.235176086425781,6.791436027231209,4.17005729675293,-3.3133456772420464,-18.5798282623291,4.403218628299479,82.06832885742188,-254.89330622045006,-335.0220031738281,93.33745340956311,121.34862518310547,75.0364194730433,47.16572189331055,13.80794813945282,20.216995239257812,4.670128402186603,-51.01345443725586,15.293239850163866,34.581886291503906,20.448137946245147,-9.175056457519531,7.91947081738299,29.74724578857422,-3.9920115977889155,-36.00274658203125,13.099064657126437,31.593772888183594,18.644426825569898,-10.977259635925293,8.636397806492658,17.975936889648438,6.293465402068161,-16.70399284362793,8.328282403044048,18.74551773071289,7.837475267852225,-23.31574249267578,7.932478114310681,9.581502914428711,-2.7421243904930788,-35.530033111572266,9.355936670076028,3.0,427.539622663952,92.49766387124149,50.0,92.37562129571775,0.5613089799880981,0.05030586582426799,0.007172655779868364,0.12075018934268834,307,0.0,0.017171427607536316,0.13102474808692932,2395.6854371940785,2000.6901587579512,1379.2561002856012,201.63728082628248,2445.8209869140014,1942.494701604848,1366.1537682813387,255.17122157844597,0.06807069480419159,0.03161263391489118,0.007392604369670153,0.01440272590747352,5984.375,4429.306402439024,2625.0,634.6774856010144,0.18359375,0.1124952362804878,0.0400390625,0.03257552435101098,1
10.0,11.868371304611665,0.0,24.018421173095703,3.837745884641672,-20.15325164794922,8.382552866469856,15.680498123168945,-13.851349487019995,-53.23870086669922,14.94704865509414,27.90000343322754,4.752944444981627,-29.93044662475586,11.134884485970884,5.614119529724121,-7.622925136178827,-30.28989028930664,7.5863854364957914,77.61817169189453,-161.77770636901974,-328.3464050292969,104.01472487235262,154.0989990234375,49.65982555162412,-44.273193359375,33.630860724246645,59.398895263671875,8.370340192375092,-46.50810241699219,18.78351787321438,86.50729370117188,33.69603718507785,-5.472389221191406,16.090284686681837,53.44327926635742,-0.3824951412578741,-36.532501220703125,17.097083663670023,42.378665924072266,11.363737789681926,-33.60273742675781,17.384734990918304,29.599605560302734,5.454340796881971,-26.304046630859375,10.657614508713268,44.86060333251953,9.16435313562806,-17.042919158935547,9.187461022927243,12.093755722045898,-11.711865452912669,-48.37023162841797,14.05606609761658,3.0,458.79029755323916,115.74898900739431,50.14716966276311,93.44608259746414,0.7763667702674866,0.17064076545871437,0.007011399604380131,0.22709624459865776,308,0.0,0.08082032203674316,0.2842872738838196,2498.7627102762203,1956.1819786138597,984.5102812907774,234.929885356654,4374.813831799504,2356.6050282456317,470.4450245932765,827.5914512621019,0.2168763279914856,0.06374397433248345,0.00016551348380744457,0.05865683445259531,6546.875,4628.768969648562,398.4375,1208.3137827406335,0.548828125,0.18867156299920126,0.0263671875,0.1310544428042879,1
10.0,17.205757115008076,0.0,21.464088439941406,-0.6986291894135764,-24.093345642089844,8.71315579852533,9.05251693725586,-15.627967535211637,-53.09766387939453,11.499868308541584,23.6937198638916,0.7568524673152656,-20.8698787689209,10.307801498728859,6.7807159423828125,-8.66071185707665,-28.90791130065918,7.543052686262052,85.20868682861328,-129.58761791399303,-328.6191101074219,98.88988642735613,186.6670379638672,71.29295690371967,-39.62809753417969,39.05512380787295,68.40973663330078,-0.2446556463599586,-52.13817596435547,24.359056980362844,69.01583099365234,30.683850126715896,0.3815385699272156,14.451471273767417,42.98241424560547,-0.4879560030211275,-49.697662353515625,13.609064555974683,42.509300231933594,14.281166916838089,-35.88655090332031,15.8176038891245,24.87287139892578,1.2014401367487617,-30.07630157470703,12.697614428456685,37.57772445678711,6.752781567148888,-18.75715446472168,8.976886128439936,13.194612503051758,-11.115714797071709,-49.19459533691406,10.782052513440638,3.0,414.4777566534555,121.30848201110692,50.0,74.11582315271983,0.8530742526054382,0.30228767258088335,0.007394973188638687,0.2886455525306154,309,0.0,0.17497384548187256,0.4182921051979065,2417.821840244384,1731.7939846790453,941.6174127679633,332.03520857419534,4128.037217178064,1823.6297064072244,523.1396329268224,867.2739963895364,0.2243133783340454,0.040017216593568654,0.00012547906953841448,0.056780096404910385,6296.875,3617.0127795527155,460.9375,1515.3450639790728,0.521484375,0.12920577076677317,0.02587890625,0.12368752715549831,1
2.125,9.127545791798727,0.0,18.25985336303711,6.497535160673198,-3.4044885635375977,4.279950986349062,8.096616744995117,-8.001546409370293,-51.46141815185547,15.743476100024123,17.966089248657227,5.686132703699283,-11.368408203125,5.454050809718802,6.581869125366211,-4.723667044136951,-30.51041603088379,9.238711873035076,49.6838493347168,-243.90804423325096,-330.4175720214844,108.76131332288924,83.61428833007812,63.86880003516354,6.353326797485352,21.984625289161748,44.03694534301758,11.144209622002359,-33.63323974609375,15.494933377699812,67.31089782714844,19.350753730802392,1.2651844024658203,14.711239123031948,29.98185157775879,4.0971470214982535,-19.331775665283203,9.016058968100948,37.28974914550781,12.790302177863335,-19.289043426513672,11.807686707246328,16.81075668334961,10.495229804693762,-2.480048418045044,4.530183916777125,14.545537948608398,7.879881300143341,-6.9768452644348145,3.926479544657536,9.221050262451172,-1.865268799573628,-32.727073669433594,10.469898334012164,3.0,296.4173354097206,92.92680119394197,55.98540817923581,62.65939402212753,0.7078664302825928,0.07353126781005691,0.007201512809842825,0.16549720900433165,310,0.0,0.03309039771556854,0.18188929557800293,2594.291366741545,2076.6582536789047,1751.0559835255744,130.5803695236636,3601.7800791535274,2103.630501872572,1581.3262972951877,558.6688221496431,0.26190948486328125,0.05010388296014115,0.007185281720012426,0.064785290034074,6453.125,4718.866604477612,3234.375,738.7119039517748,0.40673828125,0.12488339552238806,0.03271484375,0.0876588956430633,1
2.94,4.390132289731447,0.0,20.771385192871094,4.595883586808391,-20.975738525390625,9.212512993330012,8.46966552734375,-9.965357376181561,-29.693115234375,8.896566131483981,18.843013763427734,6.670690992604131,-19.116735458374023,8.120681667587144,12.870333671569824,-2.1243443158657653,-20.954151153564453,6.773682032299775,85.046142578125,-145.5247897240131,-312.33880615234375,125.500982367855,148.62588500976562,48.6504741596139,-41.43488311767578,39.41238824897081,31.73663330078125,-5.275327935166981,-32.59862518310547,16.880758956304295,73.07818603515625,28.175781636134438,-23.121318817138672,21.5177344331155,28.135868072509766,-4.0955084853846095,-28.446151733398438,11.340240260978048,34.231895446777344,10.535849935334662,-16.890674591064453,12.298356702126117,21.26201057434082,-0.9895566630622615,-32.53173065185547,14.403312947191788,25.40408706665039,9.945189366522042,-11.391532897949219,7.128329686149026,11.655380249023438,-7.735654028213543,-32.600242614746094,10.409552399831316,3.0,445.72338492964906,147.57970869412847,52.79326298292097,134.52097501516195,0.7968521118164062,0.14725151969848768,0.00866000261157751,0.23544900310728767,311,0.0,0.07722922414541245,0.2779010832309723,2262.8872329396313,1887.3682062641512,1246.3995686451638,222.4467282124832,4061.1198986959544,2440.173908240996,950.7976049713092,775.157838604981,0.2300628274679184,0.07662073840417535,0.0026911976747214794,0.06226194386821752,6171.875,4564.538043478261,1601.5625,1021.5155456559085,0.5009765625,0.21090034816576086,0.05419921875,0.1277739405605072,1
2.775,12.871713824679196,0.0,17.50287437438965,-1.192246607665358,-31.11597442626953,12.776591327230571,9.821511268615723,-13.398901654385972,-47.023094177246094,16.1309019195499,25.833393096923828,3.918208430553305,-15.25739574432373,10.211713451824409,10.113285064697266,-0.8468430884953203,-18.94013214111328,6.7447375408579076,44.8690071105957,-181.26009953022003,-320.37188720703125,128.02069187535415,153.508544921875,67.92611875616271,-38.664405822753906,46.20488687343383,46.433876037597656,4.341690737625648,-34.923179626464844,21.631391953101687,78.66517639160156,26.182361812427125,-14.218982696533203,21.86852829975082,19.332489013671875,0.061278293615785136,-29.23332405090332,10.588582249248082,31.360647201538086,11.741288549256051,-21.440162658691406,10.871600074671392,27.610366821289062,9.801077118122029,-18.57404327392578,11.755190377478035,17.656526565551758,6.651954146637314,-7.327541351318359,4.771564699085946,8.957256317138672,-7.750464744266423,-37.556427001953125,12.407860889966088,3.0,500.0,119.8454769389065,51.90426131304813,111.7606962291875,0.8796563744544983,0.22322245031038576,0.008169658482074738,0.2844451720982263,312,0.0,0.13116255402565002,0.362155944108963,2172.045923798699,1779.7549346914955,1157.846052471051,272.2786383697312,3594.061478035692,1868.4284714059265,616.8424913658001,759.2144332001811,0.08770845085382462,0.02771310555804173,0.00023497360234614462,0.025793450292454827,5437.5,3680.4956896551726,867.1875,1384.8776173610531,0.42138671875,0.12354076867816093,0.0263671875,0.11173809879572888,1
2.515,14.975998803795582,0.0,19.605819702148438,3.6666144562672964,-22.006431579589844,10.308754980195076,16.325897216796875,-4.986827679827243,-35.505332946777344,12.94922679907396,20.610458374023438,5.626767381459852,-16.298511505126953,7.912872325335011,6.6844892501831055,-1.8366668318645865,-16.074378967285156,5.2053332315756755,72.59505462646484,-175.7413638747191,-308.06005859375,119.26093685000839,122.42738342285156,68.7707224857958,11.241889953613281,21.54254604607049,27.089092254638672,-2.5399733462099787,-53.844730377197266,15.73616479211382,77.66875457763672,25.81489387720446,-9.624155044555664,19.687797845418594,50.893402099609375,7.447601810286317,-26.474475860595703,14.076492821572039,30.50971794128418,11.948335479331922,-23.763771057128906,12.216506642464168,32.778846740722656,4.831203329412243,-33.820518493652344,14.895660756923354,14.840472221374512,3.3884369927116587,-17.4860897064209,6.87429300157122,10.671728134155273,-8.31985000304029,-34.84576416015625,10.980349805272256,3.0,422.8301992966725,106.94420451642301,58.85289223328842,93.1583515292844,0.7343878149986267,0.17084302667740592,0.006249869242310524,0.24374695603936852,313,0.0,0.08905932307243347,0.29841041564941406,2228.4957054713564,1929.0595862033767,1401.8003551428778,185.59886630025454,2951.8654572539435,1951.2973571762304,977.3036418939967,420.6619668876764,0.13532155752182007,0.03553457724304775,0.0008507322636432946,0.0339501717658803,5617.1875,4146.360759493671,1570.3125,890.4330142813708,0.29638671875,0.11407857001582279,0.02880859375,0.06349639385317603,1
10.0,17.441706905760167,0.0,22.860698699951172,-0.45155098748664124,-26.057701110839844,8.929628445170032,12.84841251373291,-14.839136855480389,-44.6746826171875,14.11201812910005,25.342689514160156,-0.7668103075351197,-29.849308013916016,10.402517478211697,9.512941360473633,-10.29737751596509,-34.391563415527344,7.79785820771965,99.84011840820312,-118.89740834449427,-315.6642150878906,117.89319550990787,176.5072021484375,74.43141148951106,-11.312007904052734,32.102915166221756,61.81715393066406,4.840828358508147,-37.27227783203125,19.652851340376923,74.45114135742188,30.28988754397002,-0.736194372177124,15.996857695019626,45.44952392578125,7.746256468347467,-31.790122985839844,15.344934180994189,39.546058654785156,8.537177965806697,-32.258148193359375,13.69019543353187,27.534574508666992,-2.0091865127935957,-35.029296875,13.729411228732504,38.99920654296875,5.453685784397034,-19.192935943603516,9.07815787255332,8.158126831054688,-15.241995203228424,-44.958045959472656,11.933169118015373,3.0,364.31781528987693,124.96384680234154,50.0,62.7764724759403,0.8706679940223694,0.3398390712793738,0.009445928037166595,0.29186285327901523,314,0.0,0.20103420317173004,0.4483238160610199,2721.7061605605477,1833.6343135594561,867.6244579372303,313.91920435615367,4619.032222431909,1707.695484068232,598.8725084026258,638.7304111503082,0.24920538067817688,0.023471735394550504,0.0002149350184481591,0.0388603181869482,6750.0,3690.8446485623003,820.3125,1316.3027307371212,0.591796875,0.09489816293929712,0.01513671875,0.08273401770571095,1
5.655,17.63387587544682,0.0,28.890880584716797,7.107780088307494,-15.602587699890137,6.66660233971534,16.316699981689453,0.1974024249840591,-47.1876220703125,11.913354326800222,22.19332504272461,3.6278976328292134,-26.65407943725586,7.144309935628159,8.42758560180664,-1.9888907965630462,-23.26421356201172,6.357977242332735,-109.1454086303711,-448.6656189395883,-510.4828796386719,98.05292777063327,145.78297424316406,61.86455460456805,-24.576507568359375,23.788861423000995,44.7315673828125,18.908533198685294,-24.69548988342285,11.674505964004739,75.23297119140625,26.351606525270277,6.145407676696777,14.974174593312965,43.867713928222656,12.044298610444796,-16.241403579711914,8.17299970301539,38.39000701904297,11.809065952812885,-38.03114318847656,12.35560844564105,17.015426635742188,4.38303819686006,-27.765987396240234,9.708956645156023,31.495914459228516,9.524374912519239,-10.542032241821289,6.649107926683079,11.861963272094727,-0.03883852784411382,-30.817157745361328,9.81101242110106,3.0,483.1400517855776,134.20769810067623,50.758458688240744,69.67526902841384,0.2305886447429657,0.018365142206624573,0.0014213041868060827,0.04056162403322802,315,0.0,0.0019860335160046816,0.0443761833012104,2296.188942446711,2024.4232139681271,1048.4811624074387,233.47434636837352,3913.1310996164293,1647.669958095158,552.5957059518242,495.0728822099889,0.14153757691383362,0.0087733080187723,0.00017790593847166747,0.022006714139321586,6234.375,4166.137005649717,585.9375,984.3810462045162,0.39208984375,0.022237486758474576,0.0,0.05360477413365153,1
2.75,20.92312927325205,0.0,28.904449462890625,6.226515881543936,-38.465538024902344,13.60706329350012,22.796756744384766,-6.278653179143751,-44.85916519165039,18.431751688849,24.275400161743164,-2.2610179982906162,-29.125568389892578,10.222208584625925,16.17870330810547,-1.3705399958200233,-29.893064498901367,9.901468613988195,-143.53720092773438,-370.74694877447087,-502.5079345703125,118.78267226500135,143.97964477539062,74.59998030440752,5.782601833343506,37.007166257648514,46.66493225097656,5.6280728578567505,-77.01336669921875,24.88926182575707,66.0433349609375,23.257772315380183,-8.870158195495605,16.94963461026314,51.18681716918945,11.47383031595585,-20.3531494140625,13.373179253534026,46.663047790527344,8.750062786562498,-28.528968811035156,15.14161685376719,23.03132438659668,2.9904525820599046,-37.780540466308594,15.443092101985687,26.859230041503906,3.6736497310704963,-13.8949556350708,8.96732353870519,11.408092498779297,-12.8312933545473,-67.77571105957031,19.93248403899174,3.0,464.7395633331771,151.98112593397997,59.542800917984096,102.83477623007386,0.23910635709762573,0.056332757125938916,0.0008949058246798813,0.07406506526303351,316,0.0,0.008665572851896286,0.09299584478139877,2239.839296207148,1761.273561476582,1037.8894031115926,349.93749704555984,2786.7048067189994,1540.2434759099858,604.1034522096669,585.7644250212381,0.15903538465499878,0.010328426853997963,6.66742489556782e-05,0.02415354574806975,5281.25,3270.1671511627906,664.0625,1446.1295935901771,0.134765625,0.031198900799418606,0.0,0.026798531272806996,1
5.68,16.911112433591157,0.0,33.271358489990234,2.995797141047006,-19.726444244384766,11.25152085731676,9.301063537597656,-18.21671573298701,-61.02415466308594,20.61003377809668,22.642852783203125,3.5482894465996977,-26.35747528076172,9.72473826403105,26.04392433166504,2.0543177487810005,-20.117725372314453,8.326130503462084,-142.6181640625,-360.45465070745917,-510.1328125,111.7789501918565,173.8914794921875,79.45392744058974,1.5670788288116455,36.63054313203441,60.32012939453125,6.893264712577455,-52.38447570800781,23.326461806326062,86.63533782958984,40.52029100696692,3.8494410514831543,20.86526078911816,59.43273162841797,13.436531586174885,-32.947998046875,16.95715859513133,22.20534324645996,-5.500852296359084,-52.83735656738281,19.823323881489166,18.09189224243164,-8.517497663082702,-49.87422561645508,16.012197872986516,21.9223690032959,1.1668199587069201,-26.928794860839844,11.346924929824203,12.817744255065918,-13.369802945115593,-51.990867614746094,15.854749133590104,3.0,500.0,185.30431862723478,51.70649612780333,133.67737844014323,0.16461911797523499,0.04147182883148008,0.0006769573083147407,0.04564220587225744,317,0.0,0.003813896095380187,0.061623942106962204,2296.691490273184,1731.264266371692,822.8640307253684,401.66437752747794,3489.579274452868,1548.6009382819861,505.8939158304943,612.2521279009624,0.14539441466331482,0.009644010152350235,5.299667827785015e-05,0.022174011211605688,5812.5,3375.9655898876404,578.125,1342.4478744945127,0.20361328125,0.04737699701544944,0.0,0.039476220130944574,1
2.16,19.67093631074734,0.0,49.11158752441406,4.398882432895548,-25.611309051513672,15.065961040120547,8.266603469848633,-10.327294338275404,-49.1361083984375,13.8276802139658,16.397659301757812,1.7288371149231405,-12.116353988647461,7.1551387712060475,15.097772598266602,3.0669341946349427,-10.495647430419922,5.288588540180071,-95.13617706298828,-363.0194387996898,-505.7066345214844,130.76417928880053,136.14352416992188,61.93455469958923,-20.796737670898438,35.27004943751382,45.095550537109375,8.787061652716469,-65.03219604492188,27.424852789841847,73.74819946289062,30.900921134387744,9.905475616455078,17.06405983868294,52.2663459777832,10.882754616001073,-21.93924331665039,14.917911705813065,23.9022216796875,-3.2050084953798965,-47.939971923828125,19.46942345213202,26.083776473999023,-4.400497503140393,-38.09385681152344,17.160363725892346,30.020998001098633,10.440084547023563,-22.649173736572266,10.748619701307536,15.195901870727539,-6.327489972114563,-36.88264846801758,15.300236285732383,3.0,457.03529755712015,142.00163543322594,58.86258875258607,93.98029781796524,0.22272631525993347,0.043900994886130584,0.0008245552890002728,0.05843454280358685,318,0.0,0.005381607450544834,0.07325056195259094,2570.8300328494524,1873.0919391340728,1085.482253558224,386.4912962334567,4373.405496125222,1844.970935857902,594.1286326430692,842.4122822641417,0.2108025997877121,0.02001107104072563,0.00010918935004156083,0.03822651541641584,6632.8125,3867.532169117647,742.1875,1508.1966671334253,0.3056640625,0.07218663832720588,0.0,0.08421765494596355,1
2.51,16.04880338051332,0.0,44.73295593261719,9.63158288145367,-18.03209114074707,14.363620777306554,16.567298889160156,-6.554353886767279,-41.168800354003906,14.804712191170681,19.567468643188477,3.199606070412865,-11.49532699584961,6.597653658418227,21.182720184326172,3.013810728924184,-13.71929931640625,7.638057958264356,-88.71421813964844,-367.9161225330981,-532.7545166015625,131.37765007385465,162.12896728515625,70.84820412834988,1.8974088430404663,33.552842383570535,49.63312911987305,-5.705858358099491,-69.49122619628906,29.163769991337414,85.79512023925781,32.19737092754509,12.52076530456543,18.361332433059,56.808387756347656,4.922665905348862,-46.56684875488281,22.04368031402048,43.80341339111328,1.4854620348049115,-65.93389129638672,22.825682751756887,23.543498992919922,2.6496593816370906,-28.935466766357422,13.498773526414134,23.032550811767578,0.8721217708308485,-27.482473373413086,11.813616378568907,11.088281631469727,-6.756940923159635,-42.2938232421875,13.673382469640037,3.0,500.0,152.32478788064185,60.109071339569546,117.9369915920564,0.21225225925445557,0.041945958456991214,0.0014038702938705683,0.06491185648373379,319,0.0,0.006016007158905268,0.07746972143650055,2277.4333325629273,1782.3262440585693,1080.0460298087453,363.6120742464782,3080.807060673874,1768.8313570720838,574.8864252883164,551.1146893535924,0.10738015174865723,0.016407294133110737,0.0002035803918261081,0.023914927446156784,5546.875,3843.6511075949365,648.4375,1088.0598296510523,0.212890625,0.05970628955696203,0.0,0.04614173188792261,1
7.67,19.673878127801096,0.0,44.67668533325195,5.209620019514114,-36.67015838623047,13.76729962085634,15.77834701538086,-10.518005494773387,-48.948997497558594,16.91276438429725,15.860627174377441,-1.157782757592698,-25.822078704833984,8.583461170785712,29.055814743041992,2.296178766960899,-19.475107192993164,8.351032376072416,-116.21316528320312,-346.9157661120097,-503.22247314453125,108.84649518872345,165.01510620117188,80.90498572786649,-22.9498348236084,40.650362864799504,68.1976318359375,5.999370073030392,-76.00421142578125,32.12211480696683,87.09001159667969,35.819676427791514,-8.793661117553711,19.779590439293152,51.200347900390625,12.53480741220216,-32.98521041870117,17.22051202865909,35.44123840332031,-0.17245293830831845,-47.384483337402344,19.050378180995676,26.35301399230957,-3.2742491430602967,-45.155029296875,16.178303605030898,31.297473907470703,-0.25182144766052567,-32.9325065612793,12.26567998763073,11.363018035888672,-11.450066186115146,-53.83220291137695,14.032417457808194,3.0,500.0,160.19689762249953,51.45006422952843,112.31094344539609,0.20072583854198456,0.04650257760513341,0.0014671939425170422,0.0530997806508237,320,0.0,0.004988653119653463,0.07051518559455872,2529.1122343984043,1659.6682676770733,982.0330820437637,417.44760696033524,4614.26682060846,1524.7708684854565,462.79188789070514,742.9156473853023,0.2257116287946701,0.01205046341860907,3.90803579648491e-05,0.026918641556838634,6804.6875,3196.09375,320.3125,1517.8719115834374,0.4189453125,0.049810791015625,0.0,0.05183465363868081,1
3.205,12.17608543452186,0.0,29.848485946655273,9.406868732801758,-25.06673240661621,9.624942622617107,15.128493309020996,-4.913618317334959,-46.754730224609375,13.213714225010971,30.535558700561523,7.709593973980091,-8.664848327636719,9.21671503807379,13.753634452819824,-0.03331852047750265,-10.56231689453125,6.14731118395225,-138.87509155273438,-389.31519763304453,-529.1795043945312,106.53814420665157,159.363037109375,77.02166905143473,-6.044016361236572,37.61764935028299,63.315406799316406,20.58527828502183,-38.547088623046875,20.42561340144593,79.02447509765625,41.817750524766375,3.4876866340637207,14.31024968352312,54.774497985839844,16.599156505990738,-20.26653289794922,15.319440930824578,53.35890197753906,19.65078982091186,-23.219112396240234,15.20708415596447,25.794933319091797,6.921021433454929,-20.054649353027344,12.031476040968325,32.26192855834961,10.948659769969412,-26.193584442138672,14.102313112463754,13.223091125488281,-4.198076527159993,-60.03673553466797,17.04606777107396,3.0,490.09026641285715,113.85759284934538,50.39248146169538,62.55902118418599,0.15712876617908478,0.022669002918600297,0.0016345069743692875,0.038288374586568856,321,0.0,0.001996777020394802,0.04451170191168785,2443.964623539244,1807.746117732171,1148.4499708384117,292.6471834498279,3864.4564128206594,1534.56238457142,727.7908479689183,785.8799694834507,0.1564081609249115,0.018383263612896814,0.0004028044349979609,0.03607886035547484,5859.375,3454.2852722772277,1140.625,1297.1756975271078,0.462890625,0.07175800587871287,0.01611328125,0.0917907268114629,1
1.79,17.77146645300457,0.0,18.596202850341797,3.3353793768744384,-18.057926177978516,7.778305294670416,12.650272369384766,-2.1687567686395988,-40.807373046875,13.061743782654862,23.00714874267578,7.788513787090778,-9.924612998962402,7.90189558018866,15.287480354309082,5.151443265910659,-13.661195755004883,6.068563498298615,-110.5999984741211,-356.60690416608537,-488.5692443847656,127.28855443224208,160.0054931640625,82.68628857816968,14.700051307678223,36.51746503264301,42.88275909423828,10.308242645380753,-55.795509338378906,31.33003930148023,72.61563873291016,26.74572169887168,-12.256338119506836,18.34945600159086,52.24387741088867,11.55533289563443,-34.766876220703125,22.913897419032775,29.28656005859375,6.715995609760284,-32.80265426635742,19.748287764214393,34.709747314453125,10.917151677821364,-27.15493392944336,18.338456015585297,27.11764907836914,0.553172689463411,-44.07135009765625,19.379282237821986,20.78162956237793,0.7073769282017436,-30.80083465576172,13.069757557469606,3.0,500.0,111.15957440745761,51.29764621911488,80.80502417541967,0.2893230617046356,0.05178075536969118,0.0034027358051389456,0.08507202398662488,322,0.0,0.009930150583386421,0.09959261119365692,2530.5473518771914,1768.2099772484087,990.4684207911866,389.20646638050295,3552.8952898558955,1472.5332492857403,705.6644151044222,599.1055841975009,0.18357396125793457,0.016112813237019248,0.0002546168107073754,0.03511567658316452,6500.0,3538.3649553571427,1507.8125,1145.6051808706218,0.32373046875,0.06073869977678571,0.0,0.0656795118676927,1
7.695,19.85989476265231,0.0,58.24219512939453,4.58769598875303,-28.476337432861328,13.343479665256767,15.713865280151367,-10.412459311272594,-42.98552703857422,15.028416297143075,31.731403350830078,1.6439536369687788,-17.17229652404785,7.713806206052678,22.75100326538086,0.5426522808079898,-20.612577438354492,7.1813667558637455,-80.41580963134766,-359.2502602225023,-507.53948974609375,105.57624321038521,165.2220458984375,81.12007090585361,-15.094341278076172,38.89146274301426,51.741065979003906,6.69352990475433,-66.1829833984375,24.61573413516658,105.375732421875,40.33675881342275,-8.747013092041016,21.619110572625132,47.91391372680664,12.91417482384013,-35.423431396484375,16.08736190902495,39.05174255371094,1.2181365975947795,-54.6299934387207,19.86532904485983,33.085716247558594,0.18686752126424638,-34.35794448852539,15.90686672261542,22.19818115234375,0.0033297264229707204,-36.08153533935547,12.67973751262239,17.416034698486328,-11.883743460247626,-63.02738952636719,17.72463581216229,3.0,500.0,161.36363894819496,50.0,112.58831058672119,0.2099362015724182,0.040334021680335286,0.002647231798619032,0.04482936406814118,323,0.0,0.0036445828154683113,0.060234393924474716,2502.8274285044363,1670.4584984414694,936.6484702474388,416.4361024486012,3588.037475394412,1470.8011957813558,499.70855928857816,676.6341679667634,0.17009921371936798,0.012068688965150632,6.155121809570119e-05,0.029756978263621385,6304.6875,3239.75622406639,429.6875,1464.5364399077234,0.40478515625,0.054002690612033194,0.0,0.06090134578742195,1
3.045,19.135326655993186,0.0,20.71550178527832,4.255832943289231,-15.282125473022461,7.249381633109393,11.589277267456055,-9.742884798596302,-49.98896026611328,15.337187383732681,16.724079132080078,4.187678177879813,-5.377450942993164,4.486391103006887,9.520580291748047,-0.3808969060579936,-9.615423202514648,4.15360962589446,-132.13333129882812,-403.4809120496114,-519.2930297851562,99.87933699540788,128.48989868164062,62.284147491057716,-28.646072387695312,35.06208578052316,46.46968078613281,16.3991895498087,-29.081993103027344,15.138102140202179,100.11228942871094,36.23049988349279,9.379295349121094,18.39637017313681,44.71825408935547,15.694338615983725,-12.36672592163086,12.126885653828785,23.24059295654297,2.5808126690487065,-41.227256774902344,15.499619723345909,15.64590835571289,-3.7466040595124164,-28.025020599365234,9.378013977319437,25.383739471435547,10.542347583298882,-6.939782619476318,6.962671495343913,9.502032279968262,-7.240516972107192,-53.43836975097656,13.565821524063887,3.0,487.7495989951778,175.27716958393253,59.53061131870274,122.4041868044088,0.16601091623306274,0.02091133940120926,0.0011028292356058955,0.03499079953431224,324,0.0,0.001676433370448649,0.0407550223171711,2549.3206700265982,1967.8910563073052,1176.9532610113677,323.9652748707629,4635.113474997228,1898.249002674301,603.1555938007731,878.382569893552,0.1688828021287918,0.020603958441976527,0.00018060430011246353,0.0383999405122113,6843.75,4142.740885416667,718.75,1501.6290419476775,0.58154296875,0.0707855224609375,0.0,0.12260242611748971,1
1.845,10.414038085273457,0.0,37.39884567260742,15.180148262402106,-1.3613862991333008,9.722328302559514,18.766523361206055,-4.793678924955171,-43.68924331665039,17.42818644884582,33.51885223388672,3.68537064423335,-23.814777374267578,11.8719770796883,18.511043548583984,3.181867014231353,-7.125494956970215,6.145856302170854,-91.64189147949219,-398.4464962400239,-503.25750732421875,136.33281019282794,132.34347534179688,68.40300652076458,32.894508361816406,26.954851423708035,24.49639320373535,-9.73244727891067,-103.11465454101562,34.00419958144672,47.561134338378906,24.800011831624754,-5.886186599731445,13.332786844399303,16.512046813964844,-2.4004208574007295,-40.77957534790039,15.75833461693085,20.382003784179688,5.0598555063379225,-26.081039428710938,10.535279171593645,22.022294998168945,-0.9125876971359911,-50.44598388671875,16.203530957788185,25.216468811035156,10.684429313602118,-18.77511978149414,7.693661810721813,12.033661842346191,-2.604294269249357,-17.91798210144043,6.888853715124539,3.0,500.0,228.08823900061023,56.73227351827513,175.6797253127353,0.14746972918510437,0.023766067250358777,0.0016937516629695892,0.04142580802187167,325,0.0,0.002294739941135049,0.04778146371245384,2278.1638649919905,1874.6804688020134,1057.4179863352572,364.72993344912527,2446.8501433025517,1779.0006621860268,1088.229400012288,292.8063608809922,0.05304025486111641,0.011139601326531506,0.0013899044133722782,0.01365455297254139,5148.4375,4094.6928879310344,2156.25,820.8576257104677,0.12109375,0.039862271012931036,0.0,0.03891993303041357,1
2.715,17.155012604762227,0.0,19.253582000732422,6.588210629014408,-13.639448165893555,6.064501399898794,18.218597412109375,0.14294535517692566,-43.9456787109375,13.934723104010347,24.673965454101562,3.9436470387613074,-7.701761245727539,6.439637670104038,16.63301658630371,2.4910150549867573,-8.312041282653809,4.891966053351177,-89.27812957763672,-408.0246064129998,-487.5685119628906,116.04127227425819,159.98789978027344,56.111260944254255,-5.8645477294921875,38.390779531591086,38.43584442138672,8.64756974402596,-45.43634033203125,21.879412300909113,57.732177734375,17.962320573540296,-14.198246955871582,15.401152102208627,58.87560272216797,11.665252669418559,-20.435392379760742,14.030231460355163,24.935760498046875,4.296332872615141,-40.59449768066406,14.485217268428274,35.058082580566406,7.374956707393422,-41.660057067871094,13.525594259273346,21.739686965942383,0.6797897633384256,-36.04755401611328,13.559093399941274,10.838216781616211,-3.9216571962132174,-48.95420837402344,14.664352553678052,3.0,500.0,168.31754199658394,50.0,132.8391129223386,0.34131985902786255,0.0355382268111605,0.0013323379680514336,0.08075459454843323,326,0.0,0.007798728533089161,0.08822561055421829,2381.776186958116,1955.6564824442303,1016.9465477381034,324.51399864517776,3274.7300597561725,1824.5293362105372,819.3703213814732,541.0082751800903,0.12449450045824051,0.01325488350189784,0.0002999780117534101,0.023767180606240397,6218.75,4211.764705882353,1757.8125,1051.6224004068254,0.16357421875,0.031169577205882353,0.0,0.03904877164686976,1
2.67,14.598928811819324,0.0,17.429405212402344,7.347371869143986,-11.693387985229492,6.0629671689383375,14.096946716308594,-4.0915580201184465,-36.15373229980469,13.109474107065727,29.576242446899414,4.541182654954138,-20.904613494873047,9.921186432794523,14.623876571655273,0.38875481415362584,-22.312211990356445,7.003196152347513,-98.6473159790039,-430.78719148181733,-533.2301635742188,111.07632706169085,171.44595336914062,80.28739525022961,32.58739471435547,39.63578185759608,58.04585266113281,12.786580020118327,-69.51675415039062,28.03055368328353,95.91575622558594,28.306447999817983,1.8108367919921875,15.300998809053931,14.18447494506836,-1.9692611864634924,-47.24903106689453,14.975322878069019,31.408126831054688,5.481863593416555,-65.32359313964844,23.40072959873525,30.556320190429688,5.861182760624659,-28.351417541503906,11.628532537546409,24.92818832397461,9.244564372159186,-18.92534637451172,10.795177665898871,21.646854400634766,-1.4737041773540633,-27.878337860107422,10.3428300912777,3.0,500.0,107.03645746703197,52.8268460522997,74.36767715689477,0.14661097526550293,0.019436596070937368,0.001384230563417077,0.03219680395478257,327,0.0,0.001424123183824122,0.03754187747836113,2308.139219098927,1871.4042536976094,971.0850904225745,436.54173457607584,2304.1338971228543,1593.2150329942576,644.0367237695305,456.77675776417453,0.06103772297501564,0.006667279322885277,0.00020954781211912632,0.00971074696563066,5117.1875,3763.5788690476193,843.75,1415.855770968632,0.1005859375,0.0257568359375,0.0,0.03039525101787202,1
10.0,22.076038542439434,0.0,25.375370025634766,3.204966016637441,-24.851802825927734,8.765692308740725,22.30242156982422,-9.515961195904607,-62.173095703125,19.01052665680344,16.975011825561523,-0.8086496377096009,-28.366737365722656,6.81507845117573,19.15864372253418,2.311109823588365,-20.141996383666992,7.567871816318722,-105.48281860351562,-379.67600664620204,-500.63690185546875,104.65167956437483,174.91592407226562,67.25147286352639,-22.957366943359375,35.10045868899811,66.29623413085938,14.192936044912368,-52.55891799926758,21.176386291548383,96.32156372070312,34.109103115983665,-8.579795837402344,20.522982344158667,68.09895324707031,18.604955007949957,-27.535980224609375,17.98907822531793,26.68494415283203,2.354570906383161,-54.78574752807617,14.833783991683845,30.494720458984375,-0.43285562293217206,-44.14225769042969,16.806315781267337,32.93224334716797,5.081982247174357,-20.582260131835938,9.593395458096357,13.357933044433594,-9.176007984497677,-61.19076919555664,15.9971787851694,3.0,489.6006179905502,154.8207438500127,54.591523263489925,101.17552852524003,0.3024829924106598,0.0406289699319274,0.0010894500883296132,0.05529376661812741,328,0.0,0.0047187479212880135,0.06857161968946457,2504.5857913719415,1811.9334287841405,926.9189000368025,370.9479129920427,4012.861864039504,1567.3981123964477,431.7950497587394,647.223635048965,0.17138300836086273,0.009817501590211546,5.7147160987369716e-05,0.024332752760767205,6625.0,3489.1673322683705,406.25,1482.3940971247853,0.3203125,0.03877389926118211,0.0,0.05275191963437437,1
7.365,18.700949740890554,0.0,46.54547882080078,8.797012315813081,-26.18585205078125,14.893918745892408,18.02875518798828,-8.90898321452853,-52.10148239135742,15.466587361951976,33.7224235534668,-0.5288998884556098,-25.499176025390625,11.51152958763665,34.0882568359375,2.7947675741209097,-29.25649070739746,9.656206501850328,-56.273494720458984,-350.0118188238763,-514.400146484375,131.7510729308858,155.3563995361328,87.33793988578763,22.421951293945312,36.90227826721713,61.780723571777344,-6.033769172249419,-97.69094848632812,35.374891884139764,94.51612854003906,26.08647917707761,-4.389636039733887,17.223446059416936,55.58323669433594,13.154988422022237,-30.676464080810547,16.45004932265223,40.592227935791016,-0.4014032922233596,-60.7246208190918,23.67072839373769,35.56791687011719,-3.1111918035652733,-38.379608154296875,14.199114442876791,16.95334243774414,-4.630252747050611,-50.75636672973633,13.469533333390268,15.11298942565918,-8.679783963150792,-46.47880172729492,16.77484233027534,3.0,500.0,171.70773220385706,57.15176143334449,129.4525094675563,0.2581234574317932,0.0521066312870168,0.000799125584308058,0.056030769998623615,329,0.0,0.005876029375940561,0.07654694467782974,2711.7807274663655,1613.084684412033,941.1116118502121,446.01717326436454,2967.0634473986847,1433.9391001357626,478.74808950664584,552.2510227225064,0.14536143839359283,0.005294472957253572,6.067862341296859e-05,0.013193917390584628,6429.6875,3077.9220779220777,421.875,1415.4754139772203,0.173828125,0.04133480451839827,0.0,0.041752775329136634,1
